Group,Source,Translation,Adj,Verb
Message,"Shall I pick character's race, role, gender and alignment for you? [ynaq]",キャラクターの種族、役割、性別、属性を選んであげましょうか？ [ynaq],,
Message,"    After the Creation, the cruel god Moloch rebelled",    天地創造の後、残酷な神モロクは,,
Message,    against the authority of Marduk the Creator.,    創造主マルドゥクの権威に反逆した。,,
Message,    Moloch stole from Marduk the most powerful of all,    モロクはマルドゥクから,,
Message,"    the artifacts of the gods, the Amulet of Yendor,",    神々の最も強力な遺物であるイェンドールの護符を盗み、,,
Message,"    and he hid it in the dark cavities of Gehennom, the",    それをゲヘナの暗い空洞に隠した。,,
Message,"    Under World, where he now lurks, and bides his time.",    そして今、彼はそこに潜み、時を待っている,,
Message,"Beware, there will be no return!  Still climb?",注意！もう戻れないぞ！まだ登るのか？,,
Message,Do you want your possessions identified?,所持品を確認したいか？,,
Message,Do you want to see your attributes?,自分の能力を見たいか？,,
Message,Do you want an account of creatures vanquished?,倒したクリーチャーの記録を見たいか？,,
Message,Do you want to see your conduct?,自分の行動を見たいか？,,
Message,Do you want to see the dungeon overview?,ダンジョンの概要を見たいか？,,
Message,Entering the tutorial.,チュートリアルに入ります。,,
Message,Something is engraved here on the floor.,床に何かが刻まれています。,,
Message,Move around with 4 2 8 6,8 2 4 6 で上下左右に移動,,
Message,Move diagonally with 1 9 3 7,7 9 1 3 で斜め移動,,
Message,Some actions may require multiple tries before succeeding,一部のアクションは、成功するまでに複数回試す必要がある場合があります,,
Message,Open the door by moving into it,ドアの中に入り込んで開ける,,
Message,Close the door with 'c','c' でドアを閉める,,
Message,"Note: Outside the tutorial, Ctrl-key combinations are shown prefixed with a caret, like '^D'",注：チュートリアル以外では、Space(オリジナルではCtrlキー)の組み合わせは '^D' のようにキャレットで始まります,,
Message,This door is locked. Kick it with 'k',このドアは施錠されています。「k」 でキックしましょう,,
Message,(Tip: use 'm' prefix to step in if you really want to.),(ヒント: どうしても入りたい場合は、先頭に 'm' を付けてステップインしてください。),,
Message,"Look around the map with ';', press ESC when you're done",マップを ';' で調べて、終わったら ESC を押してください,,
Message,Use 's' to search for secret doors,'s' を使って秘密の扉を探してください,,
Message,Behind this door is a dark corridor,この扉の向こうには暗い廊下があります,,
Message,There are four traps next to you! Search for them.,あなたのすぐそばに4つの罠があります！探してください。,,
Message,Some traps can be disabled with 'u',一部の罠は「u」で解除できます,,
Message,"Pick up items with ','","「,」でアイテムを拾います",,
Message,Wear armor with 'W',「W」で鎧を着ます,,
Message,Wield weapons with 'w',「w」で武器を振り回します,,
Message,Hit monsters by walking into them.,モンスターにぶつかって攻撃します,,
Message,Now you know the very basics. You can leave the tutorial via the magic portal.,これで基本は分かりました。魔法のポータルからチュートリアルを終了できます。,,
Message,Step into this portal to leave the tutorial,チュートリアルを終了するには、このポータルに入りましょう,,
Message,Push boulders by moving into them,岩に向かって移動することで岩を押します,,
Message,Take off armor with 'T',「T」で鎧を脱ぎます,,
Message,"Some items have shuffled descriptions, different each game",一部のアイテムの説明はシャッフルされており、ゲームごとに異なります,,
Message,"Pick up this scroll, read it with 'r', and try to remove the armor again",この巻物を拾い、'r'で読み、もう一度鎧を脱いでみてください,,
Message,"Avoid being burdened, it slows you down",重荷を背負うことは避けましょう。重荷は動きを遅くします,,
Message,Drop items with 'd',「d」でアイテムを落とします,,
Message,You can drop partial stacks by prefixing the item slot letter with a number,アイテムスロットの文字の前に数字を付けることで、スタックの一部を落とします,,
Message,Throw items with 't',「t」でアイテムを投げます,,
Message,"Missiles, such as rocks, work better when fired from appropriate launcher",岩などのミサイルは、ランチャー等の適切な場所から発射するとより効果的です,,
Message,Wield the sling,スリングを使う,,
Message,Use 'f' to fire missiles with the wielded launcher,装備したランチャーでミサイルを発射するには「f」キーを使用します,,
Message,You can wait a turn with '.',「.」で1ターン待つことができます,,
Message,Firing launches items from your quiver; Use 'Q' to put items in it,発射すると矢筒からアイテムが発射されます。矢筒にアイテムを入れるには「Q」キーを使用します,,
Message,You loot containers with 'l',コンテナからアイテムを拾うには「l」キーを使用します,,
Message,Containers can also be emptied with 'Alt-T',コンテナは「Alt-T」キーで空にすることもできます,,
Message,Magic wands are used with 'z',魔法の杖は「z」キーで使用します,,
Message,"Another magic portal, a way to leave this tutorial",もう一つの魔法のポータル、このチュートリアルから抜け出す方法,,
Message,Resuming regular play.,通常のプレイを再開します。,,
Message,It's a wall.,壁だ。,,
Message,The door opens.,ドアが開く。,,
Message,This door is locked.,このドアは鍵がかかっている。,,
Message,In what direction?,どの方向？ ,,
Message,"As you kick the door, it crashes open!",ドアを蹴ると、ガチャンと開いた！,,
Message,There is a broken door here.,ここに壊れたドアがある。,,
Message,You find a hidden door.,隠し扉を見つけた。,,
Message,The door resists!,ドアが抵抗する！,,
Message,It's solid stone.,硬い石だ。,,
Message,What a strange direction!,なんて変な方向なんだ！,,
Message,Thwack!!,バタン！！,,
Message,Whammm!!,ドスン！！,,
Message,Clonk!,ガチャン！,,
Message,Really step onto that squeaky board?,本当にあのキーキー鳴る板の上に乗るの？,,
Message,Really step into that magic portal?,本当にあの魔法のポータルに入るの？,,
Message,You activated a magic portal!,魔法のポータルを起動した！,,
Message,Resetting time to move #1.,Resetting time to move #1.,,
Message,There is a staircase up out of the dungeon here.,ここにダンジョンから上へ上がる階段がある。,,
Message,There is a staircase down here.,ここに階段があります。,,
Message,You descend the stairs.,階段を降ります。,,
Message,You climb up the stairs.,階段を上ります. ,,
Message,A cloud of gas puts you to sleep!,ガスの雲が眠りに包んだ！,,
Message,You wake up.,あなたは目覚めた。,,
Message,You stumble into a spider web!,あなたは蜘蛛の巣につまずきました！,,
Message,You disentangle yourself.,あなたは自分自身を解き放ちました。,,
Message,With great effort you move the boulder.,あなたは大変な努力をして岩を動かしました。,,
Message,"You try to move the boulder, but in vain.",あなたは岩を動かそうとしましたが、無駄でした。,,
Message,"However, you can squeeze yourself into a small opening.",しかし、あなたは小さな隙間に身を潜めることができます。,,
Message,You see here a boulder.,あなたはここに岩が見えます。,,
Message,You cannot pass through the bars.,あなたは格子を通り抜けることはできません。,,
Message,It's a tree.,それは木です。,,
Message,You don't have that object.,あなたはその物を持っていません。,,
Message,Never mind.,気にしないでください。,,
Message,You fall into the pool of water!,水たまりに落ちた！,,
Message,You sink like a rock.,石のように沈んだ。,,
Message,You try to crawl out of the water.,水から這い出そうとした。,,
Message,Pheew!  That was close.,ふぅ！危なかった。,,
Message,You plunge into the wall of water!,水の壁に飛び込んだ,,
Message,Really step onto that sleeping gas trap?,本当にあの睡眠ガストラップに足を踏み入れるの？,,
Message,You are stuck to the web.,あなたはクモの巣に張り付いている。,,
Message,Really step into that web?,本当にそのクモの巣に足を踏み入れるのか？,,
Message,You escape a web.,あなたはクモの巣から逃れた。,,
Message,Things that are here:,ここに何かがある：,,
Message,Ouch!  That hurts!,痛い！ 痛すぎる！,,
Message,Your right leg is in no shape for kicking.,右足がキックできる状態ではありません。,,
Message,Your leg feels better.,足の調子が良くなった。,,
Message,Some text has been burned into the floor here.,ここには床に何かの文字が焼き付けられている。,,
Message,You don't have anything to eat.,食べるものが何もありません。,,
Message,"Autopickup: ON, for all objects.",自動拾い：ON（全オブジェクト）,,
Message,Core dumped.,コアダンプしました。,,
Message,Something is engraved here on the ground.,地面に何かが刻まれている。,,
Message,You can run by prefixing a movement key with '5',移動キーの前に「5」を付けることで走ることができます,,
Message,Travel across the level with '_',「_」でレベル内を移動（トラベル）します,,
Message,Where do you want to travel to?,どこへ移動（トラベル）したいですか？,,
Message,(For instructions type a '?'),(説明を表示するには '?' を入力してください),,
Message,Move cursor to the desired destination:,カーソルを目的地に移動してください：,,
Message,floor of a room,部屋の床,,
Message,wall (no travel path),壁（移動経路なし）,,
Message,closed door,閉じたドア,,
Message,unexplored area (no travel path),未探索エリア（移動経路なし）,,
Message,There is nothing here to pick up.,ここには拾うものが何もありません。,,
Message,You are already bare handed.,あなたは既に素手です。,,
Message,Your hands are empty.,あなたの手には何もありません。,,
Message,Your left hand is empty.,あなたの左手には何もありません。,,
Message,You are bare handed.,あなたは素手です。,,
Message,You have no secondary weapon readied.,予備の武器が準備されていません。,,
Message,You begin two-weapon combat.,二刀流での戦闘を開始します。,,
Message,Autopickup: OFF.,自動拾い：OFF,,
Message,"Which ring-finger, Right or Left?",どちらの薬指ですか？ 右(R) それとも 左(L)？,,
Message,You start to float in the air!,あなたは宙に浮き始めた！,,
Message,There is molten lava here.,ここに溶岩がある。,,
Message,You are back over solid ground.,堅い地面の上に戻った。,,
Message,You float gently to the floor.,あなたは静かに床に降り立った。,,
Message,Not wearing any accessories or armor.,アクセサリーも鎧も身に着けていません。,,
Message,You don't have anything to drink.,飲むものが何もありません。,,
Message,UNDER CONSTRUCTION,建設中（実装中）,,
Message,Spellcasting,呪文詠唱,,
Message,Unfortunately you don't have enough energy to cast spells.,残念ながら、呪文を唱えるためのエネルギーが足りません。,,
Message,"Pick up the spellbook with ','","「,」で魔導書を拾いましょう",,
Message,Can't get through?  You're carrying too much.,通り抜けられない？ 荷物が重すぎます。,,
Message,A trap door opens up under you!,足元の落とし戸が開いた！,,
Message,There is a staircase up here.,ここに上り階段がある。,,
Message,No count allowed with this command.,このコマンドでは回数指定はできません。,,
Message,There appears to be no shopkeeper here to receive your payment.,支払いを受け取る店主がここにはいないようです。,,
Message,Use '>' to go down the stairs,「>」で階段を下ります,,
Message,You reveal a secret door!,隠し扉を見つけた！,,
Message,You begin to memorize the runes.,あなたはルーン文字を暗記し始めた。,,
Message,You don't have enough energy to cast that spell yet.,まだその呪文を唱えるためのエネルギーが足りません。,,
Message,"Hmmm, the chest turns out to be locked.",ふーむ、チェストには鍵がかかっているようだ。,,
Message,You hear the footsteps of a guard on patrol.,パトロール中の衛兵の足音が聞こえる。,,
Message,moat,堀,,
Message,You kick at empty space.,あなたは虚空を蹴った。,,
Message,You hear someone counting gold coins.,誰かが金貨を数えている音が聞こえる。,,
Message,"Double run prefix, canceled.",二重の走行プレフィックス、キャンセルされました。,,
Message,Something is written here in the dust.,埃の中に何かが書かれている。,,
Message,You don't know any spells right now.,あなたは今、呪文を一つも知りません。,,
Message,You hear someone cursing shoplifters.,店引き（万引き犯）を罵る声が聞こえる。,,
Message,You hear a door open.,ドアが開く音が聞こえた。,,
Message,That door is closed.,そのドアは閉じている。,,
Message,You learn more about your items by comparing them.,アイテムを比較することで、それらについてより詳しく知ることができます。,,
Message,Really save?,本当に保存しますか？,,
Message,Saving...,保存中...,,
Message,Restoring save file...,セーブファイルを復元中...,,
Message,You fall into the molten lava!,溶岩の中に落ちた！,,
Message,You fall into the wall of lava!,溶岩の壁に落ちてしまう！,,
Message,You burn to a crisp...,あなたは焼き尽くされた...,,
Message,The '5' prefix should be followed by a movement command.,「5」プレフィックスの後には移動コマンドを続けてください。,,
Message,Program in disorder!  (Saving and reloading may fix this problem.),プログラムが混乱しています！（保存してリロードすると直るかもしれません）,,
Message,Please report these messages to devteam@nethack.org.,これらのメッセージを devteam@nethack.org に報告してください。,,
Message,"Alternatively, contact local support: NetHack Wasm Port",あるいは、ローカルサポートに連絡してください：NetHack Wasm Port,,
Message,You detect the presence of objects.,アイテムの存在を感知した。,,
Message,Move cursor to object:,カーソルを対象に移動してください：,,
Message,"Hmmm, the large box turns out to be locked.",ふーむ、大きな箱には鍵がかかっているようだ。,,
Message,You hear the splashing of a naiad.,ナイアデスが水しぶきを上げる音が聞こえる。,,
Message,You get zapped!,あなたは攻撃された！,,
Message,You hear a monster behind the boulder.,岩の向こう側にモンスターの気配がする。,,
Message,Perhaps that's why you cannot move it.,おそらくそれが、岩を動かせない理由だろう。,,
Message,You hear distant howling.,遠吠えが聞こえる。,,
Message,You are enveloped in a cloud of gas!,あなたはガスの雲に包まれた！,,
Message,That is a silly thing to put on.,それを身につけるのは愚かなことだ。,,
Message,Really step into that hole?,本当にその穴に足を踏み入れるのか？,,
Message,You escape a hole.,あなたは穴から脱出した。,,
Message,There is a fountain here.,ここに噴水がある。,,
Message,Unlock it with your lock pick?,ロックピックで鍵を開けますか？,,
Message,You succeed in picking the lock.,鍵開けに成功した。,,
Message,You hear crashing rock.,岩が砕ける音が聞こえる。,,
Message,You die...,あなたは死んだ...,,
Message,Dumb move!  You strain a muscle.,愚かな動きだ！ 筋肉を違えた。,,
Message,There is a sink here.,ここにシンク（流し台）がある。,,
Message,You hear a chugging sound.,ゴクゴクという音が聞こえる。,,
Message,There's some graffiti on the floor here.,ここの床に落書きがある。,,
Message,You can't go down here.,ここを下りることはできません。,,
Message,The wand hits you!,杖の魔法があなたに当たった！,,
Message,You materialize in a different location!,あなたは別の場所に実体化した！,,
Message,You hear some noises in the distance.,遠くで何かの物音が聞こえる。,,
Message,You are momentarily blinded by a flash of light!,一瞬、閃光で目がくらんだ！,,
Message,You hear a deafening roar!,耳をつんざくような咆哮が聞こえた！,,
Message,Wait!  There's something there you can't see!,待て！ そこに目に見えない何かがいる！,,
Message,You hear bubbling water.,水が沸き立つ音が聞こえる。,,
Message,You are suddenly very hot!,突然、体がとても熱くなった！,,
Message,You hear some noises.,何かの物音が聞こえる。,,
Message,There is a doorway here.,ここに戸口がある。,,
Message,You can see again.,再び見えるようになった。,,
Message,Really step onto that magic trap?,本当にその魔法の罠に足を踏み入れるのか？,,
Message,You can hear again.,再び聞こえるようになった。,,
Message,It misses!,外れた！,,
Message,It bites!,噛み付いた！,,
Message,You kill it!,あなたはそれを倒した！,,
Message,You faint from lack of food.,あなたは空腹で失神した。,,
Message,You regain consciousness.,意識が戻った。,,
Message,You can move again.,再び動けるようになった。,,
Message,You don't have enough leverage to push the boulder.,巨石を押すための力が足りない。,,
Message,You cannot reach the floor.,床に手が届かない。,,
Message,That is a silly thing to read.,それは読むものではありません。,,
Message,You can't reach the floor.,床に手が倒かない。,,
Message,You are not wearing any armor.,あなたは鎧を身に着けていません。,,
Message,Really float into that magic portal?,本当にその魔法のポータルに浮かんで入るの？,,
Message,Your movements are slowed slightly because of your load.,荷物が重いため、動きが少し遅くなっています。,,
Message,Your movements are now unencumbered.,身軽になり、動きがスムーズになった。,,
Message,"As you read the scroll, it disappears.",巻物を読むと、それは消え去った。,,
Message,lamp is now on.,ランプがついた。,,
Message,You rebalance your load.  Movement is difficult.,荷物のバランスを整えた。移動が困難だ。,,
Message,You find a hidden passage.,隠し通路を見つけた。,,
Message,You fall down the stairs.,階段から転げ落ちた！,,
Message,You are beginning to feel hungry.,空腹を感じ始めた。,,
Message,You finish your dressing maneuver.,着替えを終えた。,,
Message,You hear water falling on coins.,金貨の上に水が落ちる音が聞こえる。,,
Message,You are hit by a crude dagger.,粗末な短剣が当たった。,,
Message,You are beginning to feel weak.,体が弱ってきたと感じる。,,
Message,You lash the orc zombie.,オークのゾンビを攻撃した。,,
Message,This food really hits the spot!,この食べ物は最高だ！,,
Message,You stop eating the food ration.,食べるのをやめた。,,
Message,A trap door in the ceiling opens and a rock falls on your head!,天井の落とし戸が開き、岩が頭に落ちてきた！,,
Message,Really step onto that falling rock trap?,本当にその落石トラップに足を踏み入れるの？,,
Message,Something is engraved here on the headstone.,墓石に何かが刻まれている。,,
Message,Could you please take a breath mint?,ブレスケアをしてくれませんか？,,
Message,"Pick a monster, object or location.",モンスター、アイテム、または場所を選択してください。,,
Message,"Move cursor to a monster, object or location:",モンスター、アイテム、または場所にカーソルを移動してください：,,
Message,wall,壁,,
Message,unexplored area,未探索エリア,,
Message,dark part of a room,部屋の暗い部分,,
Message,engraving,彫り物,,
Message,You avoid harm.,被害を免れた。,,
Message,"As you kick the door, it shatters to pieces!",ドアを蹴ると、粉々に砕け散った！,,
Message,You can't.  It is cursed.,ダメです。呪われています。,,
Message,You don't have anything else to wear.,他に身に着けるものがありません。,,
Message,You have no ammunition readied.,準備された弾薬がありません。,,
Message,Blecch!  Rotten food!,げっ！ 腐った食べ物だ！,,
Message,stone (no travel path),岩（移動経路なし）,,
Message,corridor,廊下,,
Message,doorway,戸口,,
Message,broken door,壊れたドア,,
Message,an effervescent,泡立つ何か,,
Message,stone,岩,,
Message,lit corridor,照らされた廊下,,
Message,You feel threatened.,脅威を感じる。,,
Message,You produce a strange whistling sound.,奇妙な口笛の音を出した。,,
Message,You fall down a deep shaft!,深い穴に落ちた！,,
Message,A shiver runs up and down your spine!,背筋が凍るような感覚が走った！,,
Message,You already found a monster.  Use 'm' prefix to force another search.,すでにモンスターを見つけています。「m」プレフィックスを使えば再探索できます。,,
Message,You feel stealthy!,忍び寄る手がかりを感じた！,,
Message,purse feels lighter.,財布が軽くなった気がする。,,
Message,You hear the chime of a cash register.,レジのチャイムが聞こえる。,,
Message,You hear a gurgling noise.,ゴボゴボという音が聞こえる。,,
Message,"ANOINT, v.t.  To grease a king or other great functionary",「塗油する(v.t.)：王やその他の高官に油を塗ること」,,
Message,already sufficiently slippery.,「すでに十分に滑りやすい」,,
Message,"        [ The Devil's Dictionary, by Ambrose Bierce ]","        [ 悪魔の辞典, アンブローズ・ビアス ]",,
Message,You are hit by an arrow.,矢が当たった。,,
Message,You feet are frozen to the floor!,足が床に凍り付いた！,,
Message,Really quit?,本当に終了しますか？,,
Message,You are not wearing an amulet.,魔除けを身に着けていません。,,
Message,That is a silly thing to drink.,それは飲むものではありません。,,
Message,Don't forget to stop and smell the roses,立ち止まってバラの香りを嗅ぐのを忘れないでください,,
Message,You feel strong!,力が溢れてくる！,,
Message,You must have been exercising diligently.,熱心に訓練したに違いありません。,,
Message,You feel tough!,体が丈夫になった！,,
Message,You must have been leading a healthy life-style.,健康的な生活を送っていたに違いありません。,,
Message,You are still weak.,あなたはまだ弱っています。,,
Message,You stagger...,あなたはよろめいた...,,
Message,You feel a bit steadier now.,少し足元がしっかりしてきた。,,
Message,You have nothing to ready for firing.,発射の準備ができるものが何もありません。,,
Message,open door,開いたドア,,
Message,"Is this a dagger which I see before me,",「これは、私の目の前に見える短剣か。柄を私の手の方へ向けているではないか。」,,
Message,"The handle toward my hand? Come, let me clutch thee.",「さあ、掴ませてくれ。一掴みはしないが、それでもおまえは見える。」,,
Message,"I have thee not, and yet I see thee still.",「おお、不吉の幻よ、おまえは視覚には感じられても、」,,
Message,"Art thou not, fatal vision, sensible",「触覚には感じられぬというのか。それとも、おまえはただの」,,
Message,To feeling as to sight? or art thou but,「心の短剣、熱に浮かされた脳髄が生み出した」,,
Message,"A dagger of the mind, a false creation,",「虚妄の産物にすぎぬというのか。」,,
Message,Proceeding from the heat-oppressed brain?,「それでもおまえは見える。今、私が引き抜いた」,,
Message,"I see thee yet, in form as palpable",「この短剣と同じように、ありありとした形で。」,,
Message,As this which now I draw.,        [ マクベス、ウィリアム・シェイクスピア ],,
Message,"        [ Macbeth, by William Shakespeare ]",,,
Message,You smite the yellow mold.,あなたはイエロー・モールドを強打した。,,
Message,That ammunition is already readied!,その弾薬はすでに準備されています！,,
Message,Confess my sins to god?  Which one?,神に罪を告白する？ どの神に？,,
Message,You feel better.,気分が良くなった。,,
Message,Really step into that pit?,本当にそのピット（穴）に足を踏み入れるのか？,,
Message,You fall into a pit!,あなたはピットに落ちた！,,
Message,There is a grave here.,ここに墓がある。,,
Message,You stagger under your heavy load.  Movement is very hard.,重い荷物によろけている。移動が非常に困難だ。,,
Message,You don't have enough stamina to move.,動くためのスタミナが足りません。,,
Message,You hear scratching noises.,カサカサという物音が聞こえる。,,
Message,You don't have anything else to put on.,他に身に着けるものがありません。,,
Message,Ouch!  You bump into a door.,痛っ！ ドアにぶつかった。,,
Message,Refresh your memory anyway?,それでも記憶をリフレッシュしますか？,,
Message,Loot in what direction?,どの方向に略奪（ルート）しますか？,,
Message,You don't find anything there to loot.,そこには略奪できるようなものは何も見つからない。,,
Message,A map coalesces in your mind!,頭の中に地図が浮かんできた！,,
Message,"When the gods want to punish you, they answer your prayers.",神々があなたを罰したいとき、彼らはあなたの祈りに答える。,,
Message,fountain,噴水,,
Message,grave,墓,,
Message,You feel feverish.,熱っぽい感じがする。,,
Message,You are already wearing some armor.,あなたはすでに鎧を身に着けています。,,
Message,"Orcs, bipeds with a humanoid appearance, are related to the",オーク、つまり人間のような姿をした二足歩行の生物は、ゴブリンの親戚だが、,,
Message,"goblins, but much bigger and more dangerous.  The average",それよりもずっと大きく、危険である。平均的な個体は、知能はそこそこだが、,,
Message,"is only moderately intelligent, has broad, muscled shoulders,",広く筋肉質な肩、短い首、傾斜した額、および厚く暗い毛皮を持っている。,,
Message,"a short neck, a sloping forehead and a thick, dark fur.",下の眼歯はイノシシのように前を向いている。,,
Message,"Their lower eye-teeth are pointing forward, like a boar's.",雌のオークはより細身で、胸をはだけている。衣服を必要としないが、,,
Message,Female orcs are more lightly built and bare-chested.  Not,色とりどりの服を着るのを好む。本質的に疑い深く、オークは部族や,,
Message,"needing any clothing, they do like to dress in variegated",群れで生活する。彼らは地上と同じように地下にも住む傾向がある,,
Message,"apparels.  Suspicious by nature, orcs live in tribes or",（ただし日光は嫌う）。オークは人間が使うすべての武器、,,
Message,hordes.  They tend to live underground as well as above,道具、鎧を使うことができる。彼ら自身にそれらを作る,,
Message,"ground (but they dislike sunlight).  Orcs can use all weapons,",才能はないため、常にそれらを狩り求めている。オークの群れが使えない,,
Message,tools and armours that are used by men.  Since they don't have,ものなど、何一つ存在しないのである。,,
Message,"the talent to fashion these themselves, they are constantly",,,
Message,hunting for them.  There is nothing a horde of orcs cannot,,,
Message,use.,,,
Message,        [ het Boek van de Regels; Het Oog des Meesters ],        [ ガゼット；師匠の目 ],,
Message,You finish taking off your mail.,メールを脱ぎ終えた。,,
Message,The door closes.,ドアが閉まる。,,
Message,"If you start from scratch, cooking tripe is a long-drawn-out",何もないところから始めるなら、ハチノス（牛の胃袋）を料理するのは,,
Message,affair.  Fresh whole tripe calls for a minimum of 12 hours of,気の遠くなるような仕事だ。新鮮なハチノスを丸ごと料理するには、,,
Message,"cooking, some time-honored recipes demanding as much as 24.",最低でも12時間の調理が必要で、伝統的なレシピの中には24時間もかけるものもある。,,
Message,"To prepare fresh tripe, trim if necessary.  Wash it thoroughly,",新鮮なハチノスを準備するには、必要に応じて脂肪を取り除く。,,
Message,"soaking overnight, and blanch, for 1/2 hour in salted water.",それを徹底的に洗い、一晩水に浸し、塩水で30分間下茹でする。,,
Message,"Wash well again, drain and cut for cooking.  When cooked, the",再びよく洗い、水気を切ってから調理用に切る。,,
Message,texture of tripe should be like that of soft gristle.  More,調理後のハチノスの食感は、柔らかい軟骨のようなものであるべきだ。,,
Message,"often, alas, because the heat has not been kept low enough,",悲しいかな、火力が十分に低く保てなかったために、,,
Message,it has the consistency of wet shoe leather.,濡れた靴の革のような硬さになってしまうことがあまりにも多いのだが。,,
Message,"        [ Joy of Cooking, by I Rombauer and M Becker ]",        [ 料理の喜び（Joy of Cooking）、I・ロンバウアー、M・ベッカー ],,
Message,"A metal of characteristic yellow colour, the most precious",特徴的な黄色の金属で、一般的な商用交換媒体として使用される最も希少な金属。,,
Message,"metal used as a common commercial medium of exchange.  Symbol,",元素記号 Au、原子番号 79、原子量 197.2。,,
Message,Au; at. no. 79; at. wt. 197.2.  It is the most malleable,すべての金属の中で最も展性と延性に富み、非常に重い（比重 19.3）。,,
Message,"and ductile of all metals, and very heavy (sp. gr., 19.3).",熱、湿気、およびほとんどの腐食剤によって,,
Message,"It is quite unalterable by heat, moisture, and most",変化せず、それゆえ硬貨や宝飾品としての使用に非常に適している。,,
Message,"corrosive agents, and therefore well suited for its use in",,,
Message,coin and jewelry.,,,
Message,     [ Webster's New International Dictionary,     [ ウェブスター新国際英語辞典 第2版 ],,
Message,"          of the English Language, Second Edition ]",,,
Message,The little girl stood on tip-toe and picked one of the nicest,少女は爪先立ちして、一番素敵で大きなランチボックスを一つ手に取ると、,,
Message,"and biggest lunch-boxes, and then she sat down upon the ground",地面に座り込んで、期待に胸を膨らませてそれを開けました。,,
Message,"and eagerly opened it.  Inside she found, nicely wrapped in",中には、白い紙できれいに包まれたハムサンドイッチ、一切れのスポンジケーキ、,,
Message,"white papers, a ham sandwich, a piece of sponge-cake, a pickle,",ピクルス、一切れの新物チーズ、およびリンゴが入っていました。,,
Message,a slice of new cheese and an apple.  Each thing had a separate,一つひとつに独立した茎がついていたので、,,
Message,"stem, and so had to be picked off the side of the box; but",箱の側面から摘み取らなければなりませんでしたが、,,
Message,"Dorothy found them all to be delicious, and she ate every bit",ドロシーはどれも美味しいと思い、食べ終わるまでに,,
Message,of luncheon in the box before she had finished.,箱の中のランチを一口残らず食べてしまいました。,,
Message,"        [ Ozma of Oz, by L. Frank Baum ]",        [ オズマの国（Ozma of Oz）、L・フランク・ボーム ],,
Message,But I asked why not keep it and let the hen sit on it till it,「でも、どうして取っておいて、雛がかえるまで雌鶏に抱かせておかないの？,,
Message,"hatched, and then we could see what would come out of it.",そうすれば、中から何が出てくるか見れるのにって僕は聞いたんだ。」,,
Message,"""Nothing good, I'm certain of that,"" Mom said.  ""It would",「ろくなものじゃないわ、それは確かよ」とお母さんは言った。「たぶん,,
Message,"probably be something horrible.  But just remember, if it's a",何か恐ろしいものよ。でも覚えておいて、もしワニとかドラゴンとか、,,
Message,"crocodile or a dragon or something like that, I won't have it",そういうものだったとしても、一分たりとも家の中に置くことは許しませんからね」,,
Message,"in my house for one minute.""",,,
Message,"        [ The Enormous Egg, by Oliver Butterworth ]",        [ 巨大な卵（The Enormous Egg）、オリヴァー・バターワース ],,
Message,"""You know salmon, Sarge,"" said Nobby.",「サーモンは知ってるよな、軍曹」とノビーが言った。,,
Message,"""It is a fish of which I am aware, yes.""",「私が知っている魚だ、そうだな。」,,
Message,"""You know they sell kind of slices of it in tins...""",「缶詰の中に切り身が入って売ってるのも知ってるよな...」,,
Message,"""So I am given to understand, yes.""",「そう聞いている、そうだな。」,,
Message,"""Weell...how come all the tins are the same size?  Salmon",「うーん...どうして缶詰は全部同じ大きさなんだ？ サーモンは,,
Message,"gets thinner at both ends.""",両端にいくほど細くなってるっていうのに。」,,
Message,"""Interesting point, Nobby.  I think-""",「興味深い指摘だ、ノビー。私は思うにー」,,
Message,"        [ Soul Music, by Terry Pratchett ]",        [ ソウル・ミュージック（Soul Music）、テリー・プラチェット ],,
Message,"And I was gazing on the surges prone,",私は打ち寄せる荒波をじっと見つめていた、,,
Message,"With many a scalding tear and many a groan,",多くの熱い涙を流し、多くの呻き声を上げながら、,,
Message,"When at my feet emerg'd an old man's hand,",その時、不意に足元から一人の老人の手が現れた、,,
Message,"Grasping this scroll, and this same slender wand.",この巻物と、この同じ細い杖をしっかりと握りしめて。,,
Message,I knelt with pain--reached out my hand--had grasp'd,私は苦痛に耐え膝をつき、手を伸ばしたーそれらの宝を,,
Message,Those treasures--touch'd the knuckles--they unclasp'd--,掴もうとしたのだーその指関節に触れた時、力は緩められたー,,
Message,I caught a finger: but the downward weight,私は一本の指を捕らえた。しかし、下へと引き込む重みに,,
Message,O'erpowered me--it sank. Then 'gan abate,私は抗えなかったーそれは没した。それから、嵐は凪ぎ始め、,,
Message,"The storm, and through chill aguish gloom outburst",冷ややかな、熱に浮かされたような暗闇を突き抜けて打ち出したのは、,,
Message,The comfortable sun. I was athirst,心地よい太陽の光だった。私は渇望していた、,,
Message,"To search the book, and in the warming air",その書の中を確かめることを、そして温かな空気の中で,,
Message,Parted its dripping leaves with eager care.,はやる心で滴る葉をめくった。,,
Message,"Strange matters did it treat of, and drew on",そこには不思議な事柄が記されており、私の魂は,,
Message,"My soul page after page, till well-nigh won",ページからページへと引き込まれていった、危うく,,
Message,"Into forgetfulness; when, stupefied,",忘却の中に飲み込まれそうになるまで。そして、茫然自失となって,,
Message,"I read these words, and read again, and tried",私はこれらの言葉を読み直し、また読み直し、そして,,
Message,"My eyes against the heavens, and read again.",天に目を向けては、また読み返した。,,
Message,"        [ Endymion, by John Keats ]",        [ エンディミオン（Endymion）、ジョン・キーツ ],,
Message,mail turns to dust and falls to the stairs!,手紙は塵となって階段へ落ちた！,,
Message,Closed for inventory,棚卸しのため閉店,,
Message,"""How dare you break my door?""",「よくも私のドアを壊したな！」,,
Message,Do you want to see what you had when you died?,死んだときの所持品を見たいですか？,,
Message,There is an open door here.,ここに開いたドアがある。,,
Message,Faustus: Come on Mephistopheles.  What shall we do?,フォースタス： おいで、メフィストフェレス。何をしようか？,,
Message,"Mephistopheles: Nay, I know not.  We shall be cursed with bell,",メフィストフェレス： さぁ、分かりませぬ。ベルと本、,,
Message,"book, and candle.",         それに蝋燭で呪われることになりましょう。,,
Message,"Faustus: How?  Bell, book, and candle, candle, book, and bell,",フォースタス： 何？ ベル、本、蝋燭、蝋燭、本、ベル、,,
Message,"Forward and backward, to curse Faustus to hell.",         順に逆にと、フォースタスを地獄へ呪い落とせと。,,
Message,"Anon you shall hear a hog grunt, a calf bleat, and an ass bray,",         まもなく、豚の唸り声、子牛の鳴き声、ロバの嘶きが聞こえるでしょう、,,
Message,Because it is Saint Peter's holy day.,         今日は聖ペテロの聖なる日ですから。,,
Message,(Enter all the Friars to sing the dirge),        （挽歌を歌うために修道士たちが全員登場する）,,
Message,"        [ Doctor Faustus and Other Plays, by Christopher Marlowe ]","        [ フォースタス博士とその他の戯曲, クリストファー・マーロウ ]",,
Message,You don't find anything here to loot.,そこには略奪（ルート）できるようなものは何も見つからない。,,
Message,"In World War II, Britain's air ministry spread the word that",第二次世界大戦中、イギリス空軍省は、これらの野菜を食べる食事が、,,
Message,a diet of these vegetables helped pilots see Nazi bombers,夜間に攻撃してくるナチスの爆撃機を発見する助けになったという噂を広めた。,,
Message,attacking at night.  That was a lie intended to cover the real,それは、王立空軍の成功を支えていた本当の理由を隠すための嘘だった。,,
Message,matter of what was underpinning the Royal Air Force's successes:,その理由とは、AI（Airborne Interception Radar）として知られる,,
Message,"Airborne Interception Radar, also known as AI. ... British",空中迎撃レーダーである。...,,
Message,Intelligence didn't want the Germans to find out about the,イギリス軍当局は、国家を守る助けとなっている優れた新技術を,,
Message,"superior new technology helping protect the nation, so they",ドイツ軍に知られたくなかったのだ。,,
Message,created a rumor to afford a somewhat plausible-sounding,そのため、爆撃機の撃墜数が急増したことに対して、いかにももっともらしい説明,,
Message,explanation for the sudden increase in bombers being shot down.,をするために噂を作り上げたのである。,,
Message,... The disinformation was so persuasive that the English public,... この偽情報は非常に説得力があったため、イギリス国民は、,,
Message,took to eating carrots to help them find their way during the,灯火管制の間でも歩くことができるようにニンジンを熱心に食べるようになった。,,
Message,blackouts.,,,
Message,        [ Urban Legends Reference Pages ],        [ 都市伝説リファレンスページ ],,
Message,"NEWTONIAN, adj.  Pertaining to a philosophy of the universe",ニュートン式の（NEWTONIAN）、形容詞。,,
Message,"invented by Newton, who discovered that an apple will fall",ニュートンによって発明された宇宙の哲学に関する語。,,
Message,"to the ground, but was unable to say why.  His successors",ニュートンはリンゴが地面に落ちることを発見したが、,,
Message,and disciples have advanced so far as to be able to say,なぜかと説明することはできなかった。,,
Message,when.,彼の後継者や弟子たちは、いつ落ちるかを言えるようになるまで進歩した。,,
Message,That is a silly thing to zap.,それを攻撃するのは愚かなことだ。,,
Message,"POTABLE, n.  Suitable for drinking.  Water is said to be",飲用に適した（POTABLE）、形容詞。飲むのに適していること。,,
Message,"potable; indeed, some declare it our natural beverage,",水は飲用可能だと言われている。実際、水こそが我々の,,
Message,although even they find it palatable only when suffering,自然な飲料であると断言する者もいるが、そのような者であっても、,,
Message,"from the recurrent disorder known as thirst, for which it",それが口に合うのは、渇きとして知られる再発性の障害に苦しんでいる時だけであり、,,
Message,is a medicine.  Upon nothing has so great and diligent,その時、水は薬としての役割を果たす。水の代用品を発明することほど、,,
Message,ingenuity been brought to bear in all ages and in all,"古今東西、最も未開な国々を除いて、あらゆる時代や国において偉大かつ勤勉な,",,
Message,"countries, except the most uncivilized, as upon the",創意工夫が凝らされてきたものはない。この液体（水）に対する一般的な忌避が、,,
Message,invention of substitutes for water.  To hold that this,人種の自己防衛本能に基づかないと保持することは、非科学的である一,,
Message,general aversion to that liquid has no basis in the,そして科学がなければ、我々は蛇やガマガエルと同じである。,,
Message,preservative instinct of the race is to be unscientific --,,,
Message,and without science we are as the snakes and toads.,,,
Message,"Jack Burton:  What's in the flask, Egg?  Magic potion?",ジャック・バートン： そのフラスコには何が入ってるんだ、エグ？ 魔法の秘薬か？,,
Message,   Egg Shen:  Yeah.,   エグ・シェン： ああ。,,
Message,"       Jack:  I thought so, good.  What do we do?  Drink it?",       ジャック： そうだろうと思った、いいぞ。どうするんだ？ 飲むのか？,,
Message,        Egg:  Yeah.,        エグ： ああ。,,
Message,"       Jack:  Good, I thought so.",       ジャック： いいぞ、そうだろうと思った。,,
Message,     [later],     [その後],,
Message,"       Jack:  This does what again, exactly?",       ジャック： これ、もう一回聞くけど、一体何に効くんだ？,,
Message,        Egg:  Huge buzz!  [drinks]  Oh good!  See things no,        エグ： 凄い興奮だぞ！ [飲み干す]  おお、いいぞ！,,
Message,"              one else can see, do things no one else can do.",              他の誰にも見えないものが見え、できないことができるようになる。,,
Message,"        [ Big Trouble in Little China, directed by",        [ ゴーストハンターズ（Big Trouble in Little China）、,,
Message,"          John Carpenter, written by Gary Goldman &",          ジョン・カーペンター監督、 W・D・リヒター脚色,,
Message,"David Z. Weinstein, adaptation by W.D. Richter ]",          ゲイリー・ゴールドマン＆デヴィッド・Z・ワインスタイン脚本 ],,
Message,The pen is mightier than the sword.,ペンは剣よりも強し。,,
Message,"        [ Richelieu, by Edward Bulwer-Lytton ]",        [ エドワード・ブルワー＝リットン『リシュリュー』 ],,
Message,"'Saruman!' he cried, and his voice grew in power and authority.",「サルマン！」彼は叫んだ。その声は力強さと権威を増していった。,,
Message,"'Behold, I am not Gandalf the Grey, whom you betrayed.  I am",「見よ、私はお前が裏切った灰色のガンダルフではない。私は,,
Message,"Gandalf the White, who has returned from death.  You have no",死から帰還した白のガンダルフだ。お前にはもう色はない。,,
Message,"colour now, and I cast you from the order and from the Council.'",私はお前を賢者会議と魔法使いの結社から追放する。」,,
Message,"He raised his hand, and spoke slowly in a clear cold voice.",彼は手を上げ、澄んだ冷たい声でゆっくりと言った。,,
Message,"'Saruman, your staff is broken.'  There was a crack, and the",「サルマン、お前の杖は折れた。」パキッという音がして、,,
Message,"staff split asunder in Saruman's hand, and the head of it",サルマンの手の中で杖が真っ二つに裂け、その先端が,,
Message,fell down at Gandalf's feet.  'Go!' said Gandalf.  With a cry,ガンダルフの足元に落ちた。「去れ！」ガンダルフは言った。,,
Message,Saruman fell back and crawled away.,サルマンは叫び声を上げて後ずさりし、這うようにして立ち去った。,,
Message,"        [ The Two Towers, by J.R.R. Tolkien ]",        [ Ｊ・Ｒ・Ｒ・トールキン『二つの塔』 ],,
Message,"""When time came for the shepherds to hold their customary",「羊使いたちが王に家畜の状態を報告するために定例の集まりを,,
Message,assembly in order to prepare their monthly report to the king,開く時期が来たとき、彼もまたその指輪をはめてそこへやって来た。,,
Message,"about the state of the flocks, he came too, wearing this ring.",彼が他の者たちと並んで座っていたとき、たまたま指輪の玉を,,
Message,"While he was sitting with the others, it chanced that he moved",自分の方、つまり手輪の内側に向けて回した。そうすると、彼は,,
Message,the collet of the ring around toward himself into the inside of,そばに座っていた者たちの目から消えてしまい、彼らはあたかも,,
Message,"his hand; having done this, he disappeared from the sight of",彼が席を外したかのように彼のうわさをし始めた。,,
Message,"those who were sitting beside him, and they discussed of him as",彼は不思議に思い、探るように再び指輪の玉を外側に回したところ、,,
Message,of someone who had left.  And he wondered and once again feeling,再び姿が現れた。これに気づいた彼は、本当にそのような力が,,
Message,"for the ring, he turned the collet outwards and, by turning it,",あるのかどうかを確かめるために指輪を試してみた。そして、,,
Message,"reappeared.  Reflecting upon this, he put the ring to the test",玉を内側に回せば姿が消え、外側に回せば姿が現れるという,,
Message,"to see if it indeed had such power, and he came to this",結論に達した。このことを知るやいなや、彼はすぐさま王への,,
Message,"conclusion that, by turning the collet inwards, he became",使節の一人に選ばれるよう手はずを整えた。到着すると、,,
Message,"invisible, outwards, visible.  Having perceived this, he at",彼は王妃を誘惑し、彼女の助けを借りて王を襲い、彼を殺害して,,
Message,once managed for himself to become one of the envoys to the,王権を手に入れたのである。」,,
Message,"king; upon arrival, having seduced his wife, with her help,",,,
Message,"he laid a hand on the king, murdered him and took hold of the",,,
Message,"leadership.""",,,
Message,"        [ The Republic, by Plato, translated by James Adam ]",        [ プラトン『国家』、ジェームズ・アダム訳より ],,
Message,"Three Rings for the Elven-kings under the sky,",三つの指輪は、空の下のエルフルドらに、,,
Message,"Seven for the Dwarf-lords in their halls of stone,",七つの指輪は、岩の館のドワーフの君らに、,,
Message,"Nine for Mortal Men doomed to die,",九つの指輪は、死すべき運命の人間たちに、,,
Message,"One for the Dark Lord on his dark throne,",一つは、暗き御座の冥王のために、,,
Message,In the Land of Mordor where the Shadows lie.,影の横たわるモルドールの国にて。,,
Message,"One Ring to rule them all, One Ring to find them,",すべてを統べる一つの指輪、すべてを見つけ出す一つの指輪、,,
Message,One Ring to bring them all and in the darkness bind them,すべてを捕らえて暗闇の中に繋ぎとめる一つの指輪。,,
Message,"        [ The Fellowship of the Ring, by J.R.R. Tolkien ]",        [ Ｊ・Ｒ・Ｒ・トールキン『旅の仲間』 ],,
Message,The Book of Three lay closed on the table.  Taran had never,テーブルの上には『三つの書』が閉じられたまま置かれていた。,,
Message,been allowed to read the volume for himself; now he was sure,タランは自らその書を読むことを許されたことはなかった。今、彼は,,
Message,it held more than Dallben chose to tell him.  In the sun-,ダルベンが語った以上のことがそこに記されているに違いないと確信していた。,,
Message,"filled room, with Dallben still meditating and showing no",ダルベンがまだ瞑想に耽り、やめる気配もない日差しに満ちた部屋で、,,
Message,"sign of stopping, Taran rose and moved through the shimmering",タランは立ち上がり、きらめく光の中を移動した。森からは,,
Message,beams.  From the forest came the monotonous tick of a beetle.,甲虫の規則的な音が聞こえてくる。彼は手を伸ばし、表紙に触れた。,,
Message,His hands reached for the cover.  Taran gasped in pain and,タランは痛みで息を飲み、さっと手を引いた。まるで指一本一本を,,
Message,snatched them away.  They smarted as if each of his fingers,スズメバチに刺されたかのようにヒリヒリした。彼は飛び退き、,,
Message,"had been stung by hornets.  He jumped back, stumbled against",ベンチにつまずいて床に倒れ込んだ。そして、痛む指を,,
Message,"the bench, and dropped to the floor, where he put his fingers",悲しげに口に含んだ。ダルベンがまばたきをして目を開けた。,,
Message,woefully into his mouth.,彼はタランをじっと見つめ、ゆっくりとあくびをした。,,
Message,Dallben's eyes blinked open.  He peered at Taran and yawned,「その手には、コールに薬を塗ってもらった方がいいな」彼は助言した。,,
Message,"slowly.  ""You had better see Coll about a lotion for those",「さもないと、水ぶくれになっても私は驚かんぞ。」,,
Message,"hands,"" he advised.  ""Otherwise, I shouldn't be surprised if",,,
Message,"they blistered.""",,,
Message,"        [ The Book of Three, by Lloyd Alexander ]",        [ ロイド・アリグザンダー『三つの書（プリデイン物語）』 ],,
Message,Cloaks are the universal outer garb of everyone who is not a,クロークは、バーバリアンでない限り、誰もが着用する普遍的な外出着である。,,
Message,Barbarian.  It is hard to see why.  They are open in front,なぜかは理解しがたい。前が開いているため、たいてい片手で閉じていなければ,,
Message,and require you at most times to use one hand to hold them,ならないからだ。馬に乗っていれば、シャツの袖の腕や胴体の大部分が,,
Message,shut.  On horseback they leave the shirt-sleeved arms and,風雨にさらされることになる。クロークに関する OMT,,
Message,most of the torso exposed to wind and Weather.  The OMTs,（公的な管理用語）は、その不便さをよく表している。,,
Message,[ Official Management Terms ] for Cloaks well express their,雨の日には常に『渦を巻き、雫が垂れ』、『水を含んで重く』なり、,,
Message,difficulties.  They are constantly _swirling and dripping_,『木や剣に絡まり』、あるいは『震える体に密着させる』必要がある。,,
Message,"and becoming _heavy with water_ in rainy Weather, _entangling",これは、困難な旅をする者にとって、,,
Message,"with trees_ or _swords_, or needing to be _pulled close",クロークがいかに実用的でないかを示唆しているようだ。,,
Message,around her/his shivering body_.  This seems to suggest they,,,
Message,are less than practical for anyone on an arduous Tour.,  [ ダイアナ・ウィン・ジョーンズ,,
Message,"  [ The Tough Guide to Fantasyland, by Diana Wynne Jones ]", 『ファンタジー・ライターのための「魔法の国」ガイド』 ],,
Message,"So they stood, each in his place, neither moving a finger's",こうして、彼らはそれぞれ自分の場所に立ち、一歩も引くことなく、,,
Message,"breadth back, for one good hour, and many blows were given",たっぷり一時間、その間に多くの打撃を与え、また受けた。,,
Message,"and received by each in that time, till here and there were",あちこちに打ち身やたんこぶができたが、どちらも『降参』を口にしようとはせず、,,
Message,"sore bones and bumps, yet neither thought of crying ""Enough,""",橋から落ちそうにもなかった。時折、彼らは休むために立ち止まったが、,,
Message,or seemed likely to fall from off the bridge.  Now and then,二人ともこれほど棒術に長けた者には、これまでの人生で,,
Message,"they stopped to rest, and each thought that he never had seen",一度も会ったことがないと考えていた。ついに、ロビンが見知らぬ男の,,
Message,in all his life before such a hand at quarterstaff.  At last,脇腹に一撃を食らわせると、男のジャケットから、日の当たる湿った,,
Message,Robin gave the stranger a blow upon the ribs that made his,麦わら屋根のように煙が上がった。その一撃はあまりに鋭く,,
Message,jacket smoke like a damp straw thatch in the sun.  So shrewd,男は橋から落ちる寸前までいったが、彼はすぐに立て直し、巧みな一撃で,,
Message,was the stroke that the stranger came within a hair's breadth,ロビンの脳天を直撃し、血を流させた。ロビンは怒りに燃え、,,
Message,of falling off the bridge; but he regained himself right,渾身の力で相手を打ち据えた。しかし男はそれをかわし、,,
Message,"quickly, and, by a dexterous blow, gave Robin a crack on the",再びロビンを強打した。今度は見事に決まり、ロビンは,,
Message,crown that caused the blood to flow.  Then Robin grew mad,ボウリングのピンが倒れるかのように、真っ逆さまに水の中に,,
Message,"with anger, and smote with all his might at the other; but",落ちていった。,,
Message,"the stranger warded the blow, and once again thwacked Robin,",,,
Message,and this time so fairly that he fell heels over head into the,,,
Message,"water, as the queen pin falls in a game of bowls.",,,
Message,"        [ The Merry Adventures of Robin Hood, by Howard Pyle ]",        [ ハワード・パイル『ロビン・フッドの愉快な冒険』 ],,
Message,"With this the wind increased, and the mill sails began to turn",これに伴い風が強まり、風車の翼が回り始めた。ドン・キホーテは,,
Message,"about; which Don Quixote espying, said, 'Although thou movest",それを見て言った。『たとえお前が巨人のブリアレオスよりも多くの腕を,,
Message,more arms than the giant Briareus thou shalt stoop to me.',動かしたとしても、私には屈服するだろう』,,
Message,"And, after saying this, and commending himself most devoutly",そう言って、わがレディ・ドゥルシネアにひたすら祈りを捧げ、,,
Message,"to his Lady Dulcinea, desiring her to succor him in that trance,",この危難において助けを求めると、バックラーで身を固め、,,
Message,"covering himself well with his buckler, and setting his lance",槍を構えてロシナンテに拍車を当てた。そして目の前の最初の,,
Message,"on his rest, he spurred on Rozinante, and encountered with the",風車に突進し、その翼に槍を突き立てたが、風が猛烈な勢いで,,
Message,"first mill that was before him, and, striking his lance into",それを振り回したため、槍は粉々に砕け、,,
Message,"the sail, the wind swung it about with such fury, that it broke",彼と馬を巻き込んでついには野原のはるか彼方へと、,,
Message,"his lance into shivers, carrying him and his horse after it,",無残な姿で叩きつけられた。,,
Message,and finally tumbled him a good way off from it on the field in,,,
Message,evil plight.,,,
Message,"[ Don Quixote of La Mancha, by Miguel de Cervantes Saavedra ]", [ ミゲル・デ・セルバンテス・サアベドラ著『ラ・マンチャのドン・キホーテ』 ],,
Message,You feel a wrenching sensation.,ねじ切られるような感覚を覚えた。,,
Message,"But as Snow White grew, she became more and more beautiful,",しかし白雪姫が成長するにつれ、彼女はますます美しくなり、,,
Message,and by the time she was seven years old she was as beautiful,七歳になる頃には日の光のように美しく、,,
Message,as the day and more beautiful than the queen herself.  One,王妃自身よりも美しくなりました。,,
Message,day when the queen said to her mirror:,ある日、王妃が鏡に向かって言いました：,,
Message,"        ""Mirror, Mirror, here I stand.",        「鏡よ、鏡、ここに立つわ。,,
Message,"        Who is the fairest in the land?"" -",        この国で一番美しいのはだれ？」 -,,
Message,the mirror replied:,すると鏡は答えました：,,
Message,"        ""You, O Queen, are the fairest here,",        「王妃様、あなたはここでは一番美しい。,,
Message,"        But Snow White is a thousand times more fair.""",        けれど白雪姫は、その千倍も美しいのです」,,
Message,"        [ Snow White, by Jakob and Wilhelm Grimm ]",        [ グリム兄弟『白雪姫』 ],,
Message,"""God save thee, ancient Mariner!",「神よ救いたまえ、老いたる水夫よ！,,
Message,"From the fiends, that plague thee thus! -",汝を苦しめる悪霊どもから！ --,,
Message,"Why look'st thou so?"" - With my cross-bow",なぜそんな目つきをするのか？」 -- 私は石弓で,,
Message,I shot the Albatross.,アホウドリを撃ち落としたのだ。,,
Message,"  [ The Rime of the Ancient Mariner, by Samuel Taylor Coleridge ]",  [ サミュエル・テーラー・コールリッジ『老水夫の歌』 ],,
Message,Call me if you need my phone number!,電話番号が必要なら呼んでください！,,
Message,Oh wow!  Everything looks so cosmic!,おおっ！ すべてが宇宙的に見える！,,
Message,You perceive yourself...,自分自身を認識する...,,
Message,awareness re-normalizes.,意識が正常に戻る。,,
Message,You feel much better.,気分がずっと良くなった。,,
Message,Everything looks SO boring now.,今はすべてが、ひどく退屈に見える。,,
Message,You only feel hungry now.,今はただ空腹を感じるだけだ。,,
Message,Do you want to see your conduct and achievements?,行いと業績を見たいですか？,,
Message,I can't go to Hell.  They're afraid I'm gonna take over!,地獄には行けない。私が乗っ取るのを彼らが恐れているからな！,,
Message,"When he came to himself he told his mother what had passed,",彼は意識を取り戻すと、母に何が起きたかを話し、,,
Message,and showed her the lamp and the fruits he had gathered in the,庭で集めたランプと果物を見せたが、,,
Message,"garden, which were in reality precious stones.  He then asked",それらは実際には宝石であった。,,
Message,for some food.,それから、彼は食べ物を求めた。,,
Message,"""Alas! child,"" she said, ""I have nothing in the house, but I",「ああ！ 坊や」と彼女は言った。「家には何もないけれど、,,
Message,"have spun a little cotton and will go and sell it.""",少し綿を紡いだから、それを売ってきましょう」,,
Message,"Aladdin bade her keep her cotton, for he would sell the lamp",アラジンは母に、綿は持っていなさいと言った。代わりにランプを,,
Message,"instead.  As it was very dirty she began to rub it, that it",売ればいいのだ。それはとても汚れていたので、母はより高く,,
Message,might fetch a higher price.  Instantly a hideous genie,売れるようにと、それを磨き始めた。瞬間に恐ろしい魔神が,,
Message,"appeared, and asked what she would have.  She fainted away,",現れ、望みは何かと尋ねた。母は気を失ってしまったが、,,
Message,"but Aladdin, snatching the lamp, said boldly:",アラジンはランプをひったくると、大胆に言った：,,
Message,"""Fetch me something to eat!""",「食べる物を持ってこい！」,,
Message,"        [ Aladdin, from The Arabian Nights, by Andrew Lang ]",        [ アンドリュー・ラング編『アラジン（アラビアン・ナイト）』 ],,
Message,"- they come together with great random, and a spear is brast,",ー 彼らは激しくぶつかり合い、槍は砕け散る。,,
Message,"and one party brake his shield and the other one goes down,",一方は盾を壊され、もう一方は馬もろとも倒れ、,,
Message,"horse and man, over his horse-tail and brake his neck, and",馬の尻を越えて真っ逆さまに落ちて首を折った。そして,,
Message,"then the next candidate comes randoming in, and brast his",次の志願者がいきり立って飛び込んできて、また槍を砕き、,,
Message,"spear, and the other man brast his shield, and down he goes,",相手は盾を壊され、および倒れていく。馬もろとも、馬の尻を越えて、,,
Message,"horse and man, over his horse-tail, and brake his neck, and",首を折る。また別の者が選ばれ、また次、次、また次と,,
Message,"then there's another elected, and another and another and",さらに別の者が、材料が尽きるまで続く。結果を計算して,,
Message,"still another, till the material is all used up; and when you",みたところで、どの戦いも区別がつかず、誰が勝ったかも分からない。,,
Message,"come to figure up results, you can't tell one fight from",生き生きとした、荒れ狂うような、咆哮をあげる戦いの描写としては、,,
Message,"another, nor who whipped; and as a picture of living, raging,",ああ！ まるで青白く物音一つしない ー,,
Message,"roaring battle, sho! why it's pale and noiseless -",霧の中での幽霊の取っ組み合いだ。困ったものだ、この貧弱な,,
Message,"ghosts scuffling in a fog.  Dear me, what would this barren",語彙でこの壮大な光景から何が引き出せるというのだ？ ー 例えば、,,
Message,vocabulary get out of the mightiest spectacle? - the burning,ネロの時代のローマの大火などは？ それは単に「街が焼けた。,,
Message,"of Rome in Nero's time, for instance?  Why, it would merely",保険なし。少年が窓を壊し、消防士が首を折った！」と言うだけだろう。,,
Message,"say 'Town burned down; no insurance; boy brast a window,",そんなものは、描写（ピクチャー）ですらない！,,
Message,"fireman brake his neck!'  Why, that ain't a picture!",,,
Message,"        [ A Connecticut Yankee in King Arthur's Court,",,,
Message,            by Mark Twain ],        [ マーク・トウェイン『アーサー王宮廷のコネチカット・ヤンキー』 ],,
Message,"""Good,"" he said and, unbelievably, smiled at me, a smirk like",「よろしい」と彼は言い、信じられないことに、私に微笑みかけた。,,
Message,"a round of rotted cheese.  ""What did your keeper use on you?",それは腐ったチーズのようなニヤケ顔だった。「お前の飼い主は,,
Message,"A bullwhip?""",何を使ったんだ？ 牛追い鞭か？」,,
Message,"        [ Melusine, by Sarah Monette ]",        [ サラ・モネット『メリュジーヌ』 ],,
Message,"Some hats can only be worn if you're willing to be jaunty, to set",粋に着こなし、斜めにかぶり、ダンスの一段手前といったような,,
Message,them at an angle and to walk beneath them with a spring in your,軽やかな足取りで歩く覚悟がなければ、被れない帽子というものがある。,,
Message,stride as if you're only a step away from dancing.  They demand a,それらは、あなたに多くを要求するのだ。,,
Message,lot of you.,,,
Message,"        [ Anansi Boys, by Neil Gaiman ]",        [ ニール・ゲイマン『アナンシの血脈』 ],,
Message,The mine is full of holes;,鉱山は穴だらけだ；,,
Message,With the wound of pickaxes.,つるはしの傷跡で。,,
Message,But look at the goldsmith's store.,だが金細工師の店を見てごらん。,,
Message,"There, there is gold everywhere.",そこには、いたるところに金がある。,,
Message,"        [ Divan-i Kebir Meter 2, by Mevlana Celaleddin Rumi ]",  [ メヴラーナ・ジェラールッディーン・ルーミー『大評議会詩集 第二章』 ],,
Message,"""Now, this third handkerchief,"" Mein Herr proceeded, ""has also",「さて、この三枚目のハンカチですが」とマイン・ヘルは続けた。,,
Message,"four edges, which you can trace continuously round and round:",「これも四つの端があり、ぐるぐると連続して辿ることができます。,,
Message,all you need do is to join its four edges to the four edges of,あとは、その四つの端を、開口部の四つの端に繋ぎ合わせるだけです。,,
Message,"the opening.  The Purse is then complete, and its outer",これで財布は完成し、その外面はー」,,
Message,"surface--""",「分かりました！」とレディ・ミュリエルは熱心に遮った。「その外面は,,
Message,"""I see!"" Lady Muriel eagerly interrupted.  ""Its outer surface",内面と繋がっているのですね！ でも、時間がかかりそうですわ。,,
Message,will be continuous with its inner surface!  But it will take,"お茶の後に縫うことにします」彼女はバッグを脇に置き,",,
Message,"time. I'll sew it up after tea.""  She laid aside the bag, and",またお茶を飲み始めた。「でもマイン・ヘル、どうしてそれを,,
Message,"resumed her cup of tea.  ""But why do you call it Fortunatus's",フォルトゥナトゥスの財布と呼ぶのですか？」,,
Message,"Purse, Mein Herr?""",親切な老人は、いつにも増して教授そっくりな、楽しげな微笑みを,,
Message,"The dear old man beamed upon her, with a jolly smile, looking",浮かべて彼女を見た。「分からないかい、お嬢さんーいや、,,
Message,"more exactly like the Professor than ever.  ""Don't you see,",ミレディ。その財布の中にあるものは何であれ、その外にある。,,
Message,"my child--I should say Miladi?  Whatever is inside that Purse,",そして外にあるものは何であれ、中にあるのだ。つまり、,,
Message,"is outside it; and whatever is outside it, is inside it.  So",この小さな財布の中に、世界のすべての富があるということだよ！」,,
Message,"you have all the wealth of the world in that leetle Purse!""",,,
Message,"        [ Sylvie and Bruno Concluded, by Lewis Carroll ]",        [ ルイス・キャロル『シルヴィ・アンド・ブルーノ・コンクルーデッド』 ],,
Message,"""Gold is tried by a touchstone, men by gold.""",「金は試金石で試され、人は金で試される。」,,
Message,        [ Chilon (c. 560 BC) ],        [ キロン (紀元前560年頃) ],,
Message,A scalpel is a very sharp knife used for surgery ... Merely,メスとは、手術に用いられる非常に鋭利なナイフである。...,,
Message,touching a medical scalpel with bare hands to test it will,単にテストのために素手で医療用メスに触れるだけで、皮膚は切れてしまう。,,
Message,cut through the skin. ... Medical scalpel blades are gradually,...医療用のメスの刃は、組織を切り裂く際の精度を高めるために、,,
Message,curved for greater precision when cutting through tissue.,緩やかに湾曲している。,,
Message,"        [ Wikipedia, the free encyclopedia ]",        [ ウィキペディア（フリー百科事典） ],,
Message,"Sleep is a death; oh, make me try",眠りは死なり。おお、我に試させたまえ,,
Message,"By sleeping, what it is to die,",眠りによって、死とは何たるかを。,,
Message,And as gently lay my head,そして優しく頭を伏せよ,,
Message,"On my grave, as now my bed.",今この寝床のように、我が墓の上に。,,
Message,"        [ Religio Medici, by Sir Thomas Browne ]",        [ サー・トーマス・ブラウン『医師の宗教』 ],,
Message,You flip a gold piece.,金貨を投げた。,,
Message,It comes up heads.,表が出た。,,
Message,It comes up tails.,裏が出た。,,
Message,"Please move the cursor to a monster, object or location.",カーソルをモンスター、アイテム、または場所に移動してください。,,
Message,"""Stand to it, my hearts of gold,"" said the old bowman as he",「しっかり頼むぞ、わが黄金の心（勇士）たちよ」,,
Message,"passed from knot to knot.  ""By my hilt! we are in luck this",老練な弓兵は、兵の集まりから集まりへと歩きながら言った。,,
Message,"journey.  Bear in mind the old saying of the Company.""",「剣の柄にかけて！ 今回の旅は運がいい。軍団の古い格言を忘れるなよ」,,
Message,"""What is that, Aylward?"" cried several, leaning on their bows",「そいつは何だい、エイルワード？」,,
Message,and laughing at him.,数人が弓に寄りかかり、彼を笑いながら叫んだ。,,
Message,"""'Tis the master-bowyer's rede: 'Every bow well bent.  Every",「それは弓作りの師匠の教えだ。,,
Message,shaft well sent.  Every stave well nocked.  Every string well,『すべての弓は正しくしなり、すべての矢は正しく放たれ、,,
Message,"locked.'  There, with that jingle in his head, a bracer on",すべての弓材は正しく切り欠かれ、すべての弦は正しく固定される。』。,,
Message,"his left hand, a shooting glove on his right, and a",あぁ、その呪文を頭に叩き込み、左手に小手、右手にゆがけをはめ、,,
Message,"farthing's-worth of wax in his girdle, what more doth a",腰帯に一ファージング分のワックスを蓄えれば、,,
Message,"bowman need?""",弓兵にこれ以上何が必要だろうか？」,,
Message,"""It would not be amiss,"" said Hordle John, ""if under his",「悪くはないが」ホードルのジョンが言った。,,
Message,"girdle he had four farthings'-worth of wine.""",「もし腰帯の下に、四ファージング分のワインがあれば、なおのこと良いだろうな」,,
Message,"        [ The White Company, by Sir Arthur Conan Doyle ]",       [ 白い軍団、アーサー・コナン・ドイル ],,
Message,"I shot an arrow into the air,",私は空に向かって一本の矢を放った。,,
Message,"It fell to earth, I knew not where;",それは地上に落ちたが、どこかはわからなかった。,,
Message,"For, so swiftly it flew, the sight",あまりに速く飛んだので、その行方を,,
Message,Could not follow it in its flight.,目で追うことはできなかった。,,
Message,"I breathed a song into the air,",私は空に向かって一編の歌を捧げた。,,
Message,For who has sight so keen and strong,歌の飛行を追いかけられるほど,,
Message,That it can follow the flight of song?,鋭く強い目を持つ者がいるだろうか？,,
Message,"Long, long afterward, in an oak",長い、長い時が過ぎて、樫の木の中に,,
Message,I found the arrow still unbroke;,私は折れずに残っていたその矢を見つけた。,,
Message,"And the song, from beginning to end,",そしてその歌を、最初から最後まで,,
Message,I found again in the heart of a friend.,一人の友人の心の中に再び見出したのだ,,
Message,"  [ The Arrow and the Song, by Henry Wadsworth Longfellow ]",  [ 矢と歌、ヘンリー・ワズワース・ロングフェロー ],,
Message,"What was the fruit like?  Unfortunately, no one can describe",その果物はどんな味がしたかって？ あいにく、味を言葉で説明できる者はいない。,,
Message,"a taste.  All I can say is that, compared with those fruits,",ただ言えるのは、これまで食べた中で一番新鮮なグレープフルーツも、,,
Message,"the freshest grapefruit you've ever eaten was dull, and the",あの果物に比べれば味気なく、一番瑞々しいオレンジもパサついて感じられ、,,
Message,"juiciest orange was dry, and the most melting pear was hard",一番とろけるような梨も硬くて木質のようで、,,
Message,"and woody, and the sweetest wild strawberry was sour.  And",一番甘い野生のイチゴも酸っぱく感じられるだろうということだ。,,
Message,"there were no seeds or stones, and no wasps.  If you had once",種も核もなく、スズメバチもいない。,,
Message,"eaten that fruit, all the nicest things in this world would",一度あの果物を口にすれば、この世の最高に美味しいものも、,,
Message,taste like medicines after it.  But I can't describe it.  You,その後では薬のような味に感じられるだろう。,,
Message,can't find out what it is like unless you can get to that,しかし、私には描写できない。その国へ行き、自分自身で味わってみない限り、,,
Message,country and taste it for yourself.,それがどのようなものかを知ることはできないのだ,,
Message,"        [ The Last Battle, by C.S. Lewis ]",        [ さいごの戦い、C.S. ルイス ],,
Message,"Can you give me mouth to mouth, you just took my breath away.",人工呼吸してくれない？　君に息が止まりそうになったんだ。,,
Message,Yecch!  This stuff tastes like poison.,うわっ！これ、毒みたいな味だ。,,
Message,(But in fact it was biologically contaminated slime mold juice.),（しかし実際には、それは生物学的に汚染された粘菌の液だった。）,,
Message,"Fortunately, you have been immunized.",幸いなことに、あなたは免疫を持っています。,,
Message,A lit field surrounds you!,燃え盛る野原があなたを取り囲んでいる！,,
Message,This tastes like slime mold juice.,これは粘菌のジュースみたいな味がする。,,
Message,You hear nothing special.,特に何も聞こえない。,,
Message,You fail to cast the spell correctly.,呪文を正しく唱えることに失敗した。,,
Message,The magical energy is released!,魔力が解き放たれる！,,
Message,"Sorry, I don't know how to use that.",すみません、その使い方を知りません。,,
Message,You hands begin to glow red.,あなたの手が赤く輝き始める。,,
Message,You hands no longer glow so brightly red.,あなたの手はもう、それほど鮮やかな赤に輝いていない。,,
Message,You feel like someone is helping you.,誰かが助けてくれているように感じる。,,
Message,This is an identify scroll.,これは識別スクロールです。,,
Message,neutral altar,中立の祭壇,,
Message,You hands stop glowing red.,あなたの手は赤く輝かなくなった。,,
Message,Type letter (or punctuation) or name used for a class of monsters or 'none'.,モンスターの種類を示す文字（または句読点）または名前を入力してください。'none' と入力すると無効になります。,,
Message,No creatures have been genocided yet.,まだどの生物も絶滅させられていない。,,
Message,Do you want a list of species genocided?,絶滅させた種の一覧が欲しいですか？,,
Message,He always lied while on the earth and now he's lying in it,彼は地上にいる間はずっと嘘をつき、今やその中に横たわっている,,
Message,You feel that monsters no longer have difficulty pinpointing your location.,モンスターがあなたの居場所を特定するのに、もはや困難を感じない。,,
Message,Your judgement is impaired.,あなたの判断力は鈍っている。,,
Message,"If you want to know what cram is, I can only say that I don't",クラムが何なのか知りたいなら、レシピは知らないが,,
Message,"know the recipe; but it is biscuitish, keeps good indefinitely,",ビスケットに似ていて、いつまでも保存が効き,,
Message,"is supposed to be sustaining, and is certainly not entertaining,",栄養価が高いと言われていて、確かに面白くはない,,
Message,being in fact very uninteresting except as a chewing,噛む運動以外には全く興味を引かないものだ,,
Message,exercise.  It was made by the Lake-men for long journeys.,湖の民が長旅用に作ったものだ。,,
Message,"        [ The Hobbit, by J.R.R. Tolkien ]",        [ ホビットの冒険　J.R.R.トールキン著 ],,
Message,The difference between false memories and true ones is the,偽りの記憶と真実の記憶の違いは、宝石の場合と同じだ。,,
Message,same as for jewels:  it is always the false ones that look the,いつも偽りの記憶こそが最も現実的で、最も輝いて見える。,,
Message,"most real, the most brilliant.",,,
Message,        [ Salvador Dali ],        [ サルバドール・ダリ ],,
Message,Enter not into the path of the wicked,悪しき者の道に入ってはならない,,
Message,You are carrying too much to get through.,あなたは抱え込みすぎて、乗り越えられない。,,
Message,You see a door open.,ドアが開くのが見える。,,
Message,"Ya really had me going baby, but now I'm gone.",本当に俺を騙したなベイビー、でももう俺は去ったんだ。,,
Message,"You hear a jackal howling at the moon.,",月に向かってジャッカルが遠吠えする声が聞こえる。,,
Message,You can't go up here.,ここには上がれません。,,
Message,You finish taking off your suit.,あなたはスーツの脱ぎ終えた。,,
Message,You feel that monsters have difficulty pinpointing your location.,モンスターがあなたの位置を特定しづらいと感じる。,,
Message,Magical energies course through your body.,魔力が体中を駆け巡る。,,
Message,You begin bashing monsters with your gloved hands.,あなたは手袋をはめた手でモンスターを叩き始める。,,
Message,There are several objects here.,ここにはいくつかの物体があります。,,
Message,Unlock it with your credit card?,クレジットカードで解錠しますか？,,
Message,"Less than thirty Cat tribes now survived, roaming the cargo",生き残った猫族は三十にも満たず、貨物甲板を後脚で歩き回り,,
Message,decks on their hind legs in a desperate search for food.,食料を必死に探していた。,,
Message,But the food had gone.,だが食料は尽きていた。,,
Message,The supplies were finished.,物資は枯渇していた。,,
Message,"Weak and ailing, they prayed at the supply hold's silver",衰弱し病み衰えた彼らは、物資庫の銀の山々に向かって祈った。,,
Message,"mountains: huge towering acres of metal rocks which, in their",巨大な金属の岩がそびえ立つ広大な土地は、異教的な信仰を持つ,,
Message,"pagan way, the mutant Cats believed watched over them.",変異した猫族にとって、自分たちを見守る存在だと信じられていた。,,
Message,Amid the wailing and the screeching one Cat stood up and held,泣き叫びと金切り声の中、一匹の猫が立ち上がり、,,
Message,aloft the sacred icon.  The icon which had been passed down,聖なる象徴を高く掲げた。聖なるものとして受け継がれ,,
Message,"as holy, and one day would make its use known.",いつの日かその用途が明らかになるであろう象徴だ。,,
Message,It was a piece of V-shaped metal with a revolving handle on,それは頭部に回転式ハンドルが付いたV字型の金属片であった。,,
Message,its head.,彼は銀の山から銀の岩を一つ取り下ろした。,,
Message,"He took down a silver rock from the silver mountain, while",他の猫たちはその冒涜に身を縮め、悲鳴を上げた。,,
Message,the other Cats cowered and screamed at the blasphemy.,彼は岩の縁に聖像を置き、,,
Message,"He placed the icon on the rim of the rock, and turned the",取っ手を回した。,,
Message,handle.,取っ手は回った。,,
Message,And the handle turned.,岩は開いた。,,
Message,And the rock opened.,岩の中にはトマトソースのアルファベットスパゲッティが入っていた。,,
Message,And inside the rock was Alphabetti spaghetti in tomato sauce.,,,
Message,"        [ Red Dwarf, by Rob Grant and Doug Naylor ]",        [『レッド・ドワーフ』ロブ・グラント＆ダグ・ネイラー著] ,,
Message,"Darts are missile weapons, designed to fly such that a sharp,",ダーツは投射武器であり、鋭く、,,
Message,often weighted point will strike first.  They can be,しばしば重り付きの先端が最初に命中するよう設計されている。,,
Message,"distinguished from javelins by fletching (i.e., feathers on",ジャベリンとは羽根飾り（尾部の羽根）と、,,
Message,"the tail) and a shaft that is shorter and/or more flexible,",より短く／より柔軟なシャフトによって区別され、,,
Message,and from arrows by the fact that they are not of the right,矢とは通常の弓で使用するのに適切な長さではない点で異なる。,,
Message,length to use with a normal bow.,,,
Message,Against my foe I hurled a murderous dart.,敵に向かって私は殺意に満ちたダーツを投げつけた。,,
Message,He caught it in his hand -- I heard him laugh --,彼はそれを手で受け止めた ー笑い声が聞こえたー,,
Message,I saw the thing that should have pierced his heart,彼の心臓を貫くはずだったその物体が,,
Message,Turn to a golden staff.,黄金の杖へと変わるのを見た。,,
Message,"        [ Gifts, by Mary Coleridge ]",        [『贈り物』メアリー・コールリッジ作],,
Message,"'One of the things he can't do, he can't ride a horse,' he",「彼にできないことの一つは、馬に乗れないことだ」と彼は言った。,,
Message,said.  Then he stiffened as if sandbagged by a sudden,すると突然思い出したかのように硬直し、恐怖の小さな悲鳴を上げて,,
Message,"recollection, gave a small yelp of terror and dashed into",暗がりへ駆け込んだ。戻ってきたとき、その存在は,,
Message,"the gloom.  When he returned, the being",トゥーフラワーという名の生き物が,,
Message,Twoflower was,だらりと肩からぶら下がっていた。,,
Message,"hanging limply over his shoulder.  It was small and skinny,",小柄で痩せこけ、,,
Message,and dressed very oddly in a pair of knee-length britches and,膝丈のズボンと,,
Message,a shirt in such a violent and vivid conflict of colours that,鮮烈な色彩の衝突が激しいシャツという奇妙な服装で、,,
Message,the Weasel's fastidious eye was offended even in the half-light.,薄暗い中でもイタチの気難しい目を不快にさせた。,,
Message,"        [ The Colour of Magic, by Terry Pratchett ]",        [ 『魔法の色』テリー・プラチェット著 ],,
Message,"Only once a year, on his birthday, did Charlie Bucket ever",チャーリー・バケットがチョコレートを口にできたのは,,
Message,get to taste a bit of chocolate.  The whole family saved up,年に一度、彼の誕生日のみだった。,,
Message,"their money for that special occasion, and when the great",家族全員が特別な日のために小銭を貯め、その大いなる日が訪れると、,,
Message,"day arrived, Charlie was always presented with one small",チャーリーはいつも小さなチョコレートバーを一つだけ、,,
Message,chocolate bar to eat all by himself.  And each time he,自分だけで食べるために贈られた。 ,,
Message,"received it, on those marvelous birthday mornings, he would",そしてその素晴らしい誕生日の朝、毎回受け取るたびに、,,
Message,"place it carefully in a small wooden box that he owned, and",彼はそれを大切に自分の小さな木箱にしまい、,,
Message,treasure it as though it were a bar of solid gold; and for,まるで純金の塊のように大切に保管した。,,
Message,"the next few days, he would allow himself only to look at it,",その後数日間、彼はそれを見るだけにし、決して触れることは許さなかった。,,
Message,"but never to touch it.  Then at last, when he could stand it", そしてついに我慢の限界に達すると、,,
Message,"no longer, he would peel back a tiny bit of the paper",包装紙の端をほんの少し剥がしてチョコレートをほんの少しだけ露出させ、,,
Message,"wrapping at one corner to expose a tiny bit of chocolate, and",それからごく小さなひと口を噛みしめるー,,
Message,then he would take a tiny nibble - just enough to allow the,甘美な味がゆっくりと舌全体に広がるのに,,
Message,lovely sweet taste to spread out slowly over his tongue.  The,ちょうどいい量だけ。次の日もまた小さなひと口を噛みしめ、,,
Message,"next day, he would take another tiny nibble, and so on, and",そうして繰り返し続けた。 ,,
Message,"so on.  And in this way, Charlie would make his ten-cent bar",こうしてチャーリーは、誕生日に貰った10セントのチョコレートバーを,,
Message,of birthday chocolate last him for more than a month.,一ヶ月以上も持たせたのだ。,,
Message,"        [ Charlie and the Chocolate Factory, by Roald Dahl ]",        [『チャーリーとチョコレート工場』ロアルド・ダール著],,
Message,There was a time when Rincewind had quite liked the iconoscope.,かつてリンスウィンドはアイコノスコープをかなり気に入っていた時期があった。,,
Message,"He believed, against all experience, that the world was",彼は経験に反して、世界は根本的に理解可能だと信じていた。,,
Message,"fundamentally understandable, and that if he could only equip",適切な思考ツールを身につければ、,,
Message,himself with the right mental toolbox he could take the back off,その裏蓋を外して仕組みを覗き見られるはずだと。,,
Message,"and see how it worked.  He was, of course, dead wrong.  The",もちろん、彼は完全に間違っていた。,,
Message,iconoscope didn't take pictures by letting light fall onto,彼が推測したように、アイコノスコープは光を特殊処理された紙に当てることで,,
Message,"specially treated paper, as he had surmised, but by the far",写真を撮るのではなく、はるかに単純な方法で写真を撮っていた。,,
Message,simpler method of imprisoning a small demon with a good eye for,それは、色彩感覚に優れ、筆さばきが素早い小さな悪魔を閉じ込めるという方法だった。,,
Message,colour and a speedy hand with a paintbrush.  He had been very,彼はそれを知って非常に動揺した。,,
Message,upset to find that out.,,,
Message,"        [ The Light Fantastic, by Terry Pratchett ]",        [ 『光の幻想』 テリー・プラチェット 著 ],,
Message,You are caught in a bear trap.,トラバサミにかかってしまった。,,
Message,You finally wriggle free.,ようやく脱出した。,,
Message,"Robes are the only garments, apart from Shirts, ever to have",ローブは、シャツ以外では唯一袖を持つ衣装である。,,
Message,sleeves.  They have three uses:,ローブには3つの用途がある。,,
Message,"1.  As the official uniform of Priests, Priestesses, Monks,",1.  パリース、女パリース、モンク、修道女（修道院を参照）、,,
Message,"Nuns (see Nunnery), and Wizards.  The OMT [ Official Management",　　そしてウィザードの公式制服として。,,
Message,Term ] prescribed for the Robes of Priests and Nuns is that,　　パリースと修道女のローブには「重い折り目」が、,,
Message,they _fall in severe folds_; of Priestesses that they _float_;,　　女パリースには「浮遊」が、,,
Message,and of Wizards that they _swirl_.  You can thus see who you,　　ウィザードには「渦巻き」が指定されている。,,
Message,are dealing with.,　　このため、相手の身分を判別できる。,,
Message,2.  For Kings.  The OMT here is _falling in stately folds_.,2.  王のために。ここでは「威厳ある折り目」が指定されている。,,
Message,3.  As the garb of Desert Nomads.  [...],3.  砂漠の遊牧民の服装として。[...],,
Message,"    [ The Tough Guide to Fantasyland, by Diana Wynne Jones ]",    [ ファンタジーランドのタフガイド、ダイアナ・ウィン・ジョーンズ著 ],,
Message,staircase up,上り階段,,
Message,staircase down,下り階段,,
Message,You begin striking monsters with your gloved hands.,あなたは手袋をはめた手でモンスターを殴り始める。,,
Message,Boom!,ドカン！,,
Message,You hear the rumble of distant thunder...,遠くで雷鳴が聞こえる...,,
Message,It is fatal.,致命的だ。,,
Message,You feel wise!,あなたは賢くなった気がする！,,
Message,You must have been very observant.,あなたはきっととても観察力があったに違いない。,,
Message,It is hit.,それは当たった。,,
Message,You smell charred flesh.,焦げた肉の匂いがする。,,
Message,You hear a low hum.,低いハムノイズが聞こえる。,,
Message,"Gee!  All of a sudden, you can see right through yourself.",おや！  突然、自分を見透かされてしまう。,,
Message,Only gold coins may be moved into the '$' slot.,金貨のみ '$' スロットに移動させることができます。,,
Message,This is a charging scroll.,これは充填の巻物です。,,
Message,The Hitchhiker's Guide to the Galaxy has a few things to say,銀河ヒッチハイク・ガイド』には、タオルの重要性についていくつかの記述がある。,,
Message,on the subject of towels.,タオルは、星間ヒッチハイカーが持ち運べるものの中で、,,
Message,"A towel, it says, is about the most massively useful thing",最も多目的に使える便利なものである、と。,,
Message,an interstellar hitchhiker can have.  Partly it has great,一つには、実用的な価値が非常に高い。,,
Message,practical value.  You can wrap it around you for warmth as,ジャグラン・ベータの極寒の月々を旅する際には、,,
Message,you bound across the cold moons of Jaglan Beta; you can lie,体を暖めるために巻きつけることができる。,,
Message,on it on the brilliant marble-sanded beaches of Santraginus,サントラギヌス第5星の輝く大理石の砂浜では、,,
Message,"V, inhaling the heady sea vapors; you can sleep under it",その上に寝そべって香ぐわしい海の飛沫を吸い込むことができる。,,
Message,beneath the stars which shine so redly on the desert world,カクラフーンの砂漠の惑星で、赤く輝く星々の下で眠る時の敷布にすることもできる。,,
Message,of Kakrafoon; use it to sail a miniraft down the slow heavy,また、ゆっくりと重く流れるモス川をミニいかだで下る時の帆としても使えるし、,,
Message,River Moth; wet it for use in hand-to-hand combat; wrap it,白兵戦の際には濡らして武器にすることも、,,
Message,round your head to ward off noxious fumes or avoid the gaze,有毒な煙を避けるために頭に巻きつけることもできる。,,
Message,of the Ravenous Bugblatter Beast of Traal (a mind-bogglingly,さらに、トラールの貪欲なバグブラッター・ビースト,,
Message,"stupid animal, it assumes that if you can't see it, it can't",（信じられないほど愚かな動物で、もし自分が相手を見なければ、,,
Message,"see you - daft as a brush, but very very ravenous); you can",相手も自分を見ることができないと思い込んでいる。,,
Message,"wave your towel in emergencies as a distress signal, and of",頭はひどく悪いが、非常に、非常に貪欲だ）の視線を避けるために使うことも可能だ。,,
Message,course dry yourself off with it if it still seems to be clean,緊急時には救難信号として振り回すこともできるし、,,
Message,enough.,もちろん、まだ十分に清潔であるなら、体を拭くのにも使える。,,
Message,"  [ The Hitchhiker's Guide to the Galaxy, by Douglas Adams ]",  [ 『銀河ヒッチハイク・ガイド』 ダグラス・アダムス ],,
Message,An emerald is as green as grass;,エメラルドは草のように緑色；,,
Message,A ruby red as blood;,ルビーは血のように赤色；,,
Message,A sapphire shines as blue as heaven;,サファイアは天のように青く輝く；,,
Message,A flint lies in the mud.,火打石は泥の中に横たわっている。,,
Message,"A diamond is a brilliant stone,",ダイヤモンドは燦然たる宝石で、,,
Message,To catch the world's desire;,世界の欲望をひきつける；,,
Message,An opal holds a fiery spark;,オパールは燃える火の粉を宿している；,,
Message,But a flint holds fire.,しかし火打石こそが火を宿している。,,
Message,"        [ Precious Stones, by Christina Giorgina Rossetti ]",        [ 宝石（Precious Stones）、クリスティーナ・ジョルジナ・ロセッティ ],,
Message,"And it came to pass, when the Philistine arose, and came and",ペリシテの人が立ち上がり、ダビデに近づいてきたので、,,
Message,"drew nigh to meet David, that David hasted, and ran toward",ダビデは急いで戦列を通り、,,
Message,the army to meet the Philistine.,ペリシテの人のところへ走った。,,
Message,"And David put his hand in his bag, and took thence a stone,",ダビデは袋に手を入れ、そこから一粒の石を取り出すと、,,
Message,"and slang it, and smote the Philistine in his forehead, that",石投げでそれを投げ、ペリシテの人の額を撃った。,,
Message,the stone sunk into his forehead; and he fell upon his face,石は額に深く入り込み、,,
Message,to the earth.,彼はうつ伏せに地上に倒れた。,,
Message,So David prevailed over the Philistine with a sling and with,こうしてダビデは石投げと一粒の石で、かのペリシテの人に勝ち、,,
Message,"a stone, and smote the Philistine, and slew him; but there",ペリシテの人を撃って殺した。,,
Message,was no sword in the hand of David.,ダビデの手には一振りの剣もなかった。,,
Message,        [ 1 Samuel 17:48-50 ],        [ サムエル記上 17章 48-50節 ],,
Message,"A trap door in the ceiling opens, but nothing falls out!",天井の落とし戸が開いたが、何も落ちてこなかった！,,
Message,There were legends both on the front and on the back of the,笛の前面と背面にはそれぞれ伝説が刻まれていた。,,
Message,whistle. The one read thus:,一方にはこう記されていた：FLA FUR BIS FLE,,
Message,FLA FUR BIS FLE The other: QUIS EST ISTE QUI VENIT,もう一方には：QUIS EST ISTE QUI VENIT,,
Message,"'I ought to be able to make it out,' he thought;",「解読できるはずだ」と彼は考えた；,,
Message,'but I suppose I am a little rusty in my Latin.,「だがラテン語が少し錆びついているらしい。,,
Message,"When I come to think of it, I don't believe I even",よく考えてみると、笛を表す単語すら,,
Message,know the word for a whistle. The long one does seem,知らないかもしれない」 長い方は,,
Message,"simple enough. It ought to mean, ""Who is this who is coming?""",単純そうだな。「誰だ、近づいてくるのは？」という意味だろう。,,
Message,"Well, the best way to find out is evidently to whistle",さて、確かめる最善の方法は明らかに,,
Message,for him.',彼を呼ぶために笛を吹くことだ」,,
Message,"        [Ghost Stories of an Antiquary, by Montague Rhodes James",        [『骨董商の怪談集』モンタギュー・ローズ・ジェームズ著,,
Message,"         'Oh, Whistle, and I'll Come to You My Lad']",         『さあ、笛を吹け、お前のところへ行くぞ、若者よ』],,
Message,_Mithril_!  All folk desired it.  It could be beaten like,ミスリル！あらゆる民がそれを欲した。,,
Message,"copper, and polished like glass; and the Dwarves could make",それは銅のように打ち延ばせ、ガラスのように磨けた。,,
Message,"of it a metal, light and yet harder than tempered steel.",ドワーフたちはこれを用いて、軽くて焼入れ鋼よりも硬い金属を作り出した。,,
Message,"Its beauty was like to that of common silver, but the beauty",その美しさは普通の銀に似ていたが、,,
Message,of _mithril_ did not tarnish or grow dim.,ミスリルの輝きは曇らず、色あせることもなかった。,,
Message,You are still in a pit.,あなたはまだ穴の中にいる。,,
Message,You crawl to the edge of the pit.,あなたは穴の縁まで這う。,,
Message,No relevant items selected.,関連するアイテムは選択されていません。,,
Message,Everything suddenly goes dark.,突然、すべてが暗くなる。,,
Message,"""The complete Amulet can keep off all the things that make",「完全な護符は、人々を不幸にするあらゆるものー,,
Message,"people unhappy -- jealousy, bad temper, pride, disagreeableness,",嫉妬、短気、傲慢、不愉快さ、貪欲、利己心、怠惰ー,,
Message,"greediness, selfishness, laziness.  Evil spirits, people called",を遠ざけることができます。,,
Message,them when the Amulet was made.  Don't you think it would be nice,護符が作られた時、人々はそれらを悪霊と呼んでいました。,,
Message,"to have it?""",持っていたら素敵だと思わない？」,,
Message,"""Very,"" said the children, quite without enthusiasm.",「ええ」と子供たちは、まったく熱意なく答えた。,,
Message,"""And it can give you strength and courage.""",「それに力と勇気も与えてくれる」,,
Message,"""That's better,"" said Cyril.",「それはいい」とシリルが言った。,,
Message,"""And virtue.""",「そして美徳も」,,
Message,"""I suppose it's nice to have that,"" said Jane, but not with much",「まあ、それはいいかもね」とあまり興味なさそうに,,
Message,interest.,ジェーンは言った,,
Message,"""And it can give you your heart's desire.""",「それに、心の望みも叶えてくれるんだ」,,
Message,"""Now you're talking,"" said Robert.",「それなら話は別だ」とロバートは言った。,,
Message,"        [ The Story of the Amulet, by Edith Nesbit ]",       [『お守り物語』エディス・ネスビット著 ],,
Message,"""For ev'ry silver ringing blow,",「銀の響き渡る一撃ごとに、,,
Message,"Cities and palaces shall grow!""",都と宮殿は聳え立つ！」,,
Message,"""Bite deep and wide, O Axe, the tree,",「斧よ、木を深く広く噛み砕け、,,
Message,"Tell wider prophecies to me.""",より広き予言を我に告げよ。」 ,,
Message,"""When rust hath gnaw'd me deep and red,",「錆が深く赤く私を蝕む時、,,
Message,A nation strong shall lift his head.,強き国家が頭をもたげるだろう。」,,
Message,"""His crown the very Heav'ns shall smite,",「その冠は天そのものが打ち砕き、,,
Message,"Aeons shall build him in his might.""",永遠が彼に力を築き上げる。」 ,,
Message,"""Bite deep and wide, O Axe, the tree;",「斧よ、木を深く広く噛み切れ、,,
Message,"Bright Seer, help on thy prophecy!""",輝く予言者よ、汝の予言を助けよ！」,,
Message,"        [ Malcolm's Katie, by Isabella Valancey Crawford ]",        [『マルコムのケイティ』イザベラ・ヴァランスィー・クロフォード作],,
Message,lawful altar,秩序の祭壇,,
Message,chaotic altar,混沌の祭壇,,
Message,Bilbo saw that the moment had come when he must do something.,ビルボは今こそ行動を起こす時だと悟った。,,
Message,He could not get up at the brutes and he had nothing to shoot,あの野獣たちに立ち向かうこともできず、,,
Message,with; but looking about he saw that in this place there were,撃つものも持っていなかったが、,,
Message,many stones lying in what appeared to be a now dry little,見回すと、この場所には乾いた小さな水路の跡に,,
Message,"watercourse.  Bilbo was a pretty fair shot with a stone, and",無数の石が転がっているのが見えた。 ビルボは石投げがなかなか上手で、,,
Message,it did not take him long to find a nice smooth egg-shaped one,手にぴったり収まる滑らかな卵形の石を,,
Message,that fitted his hand cosily.  As a boy he used to practise,すぐに見つけた。少年時代、彼はよく,,
Message,"throwing stones at things, until rabbits and squirrels, and",物に石を投げる練習をし、ウサギやリス、,,
Message,"even birds, got out of his way as quick as lightning if they",鳥さえも、彼がかがむのを見ると,,
Message,saw him stoop; and even grownup he had still spent a deal of,稲妻のように逃げるほどになった。大人になっても彼はクォーツやダーツ投げ、,,
Message,"his time at quoits, dart-throwing, shooting at the wand,",棒当て射撃、ボウルス、九柱（きゅうしゅつ）など,,
Message,"bowls, ninepins and other quiet games of the aiming and",狙いを定めて投げる静かな遊びに多くの時間を費やした。,,
Message,"throwing sort - indeed he could do lots of things, besides",実際、煙の輪を吹くことや謎かけ、料理以外にも,,
Message,"blowing smoke-rings, asking riddles and cooking, that I",彼が得意なことはたくさんあったが、,,
Message,haven't time to tell you about.  There is no time now.  While,それらは今ここで語る時間がない。今は時間がないのだ。 石を拾っている間に、蜘蛛はボンバーに迫り、,,
Message,"he was picking up stones, the spider had reached Bombur, and",まもなく命を落としていただろう。その時、ビルボが投げた。,,
Message,soon he would have been dead.  At that moment Bilbo threw.,石は蜘蛛の頭にどすんと命中し、,,
Message,"The stone struck the spider plunk on the head, and it dropped",蜘蛛は意識を失って木から落ち、,,
Message,"senseless off the tree, flop to the ground, with all its legs",すべての足を丸めたまま、,,
Message,curled up.,どさっと地面に倒れた。,,
Message,"""What is it, Umbopa, son of a fool?"" I shouted in Zulu.",「何だ、愚か者の息子、ウンボパ？」私はズールー語で叫んだ。,,
Message,"""It is food and water, Macumazahn,"" and again he waved the",「食料と水だ、マクマザーン」彼は再び緑の物を振りかざした。,,
Message,green thing.,すると私は彼が手にした物を見た。それはメロンだった。,,
Message,Then I saw what he had got.  It was a melon.  We had hit upon,私たちは野生のメロンの群生地に遭遇したのだ。,,
Message,"a patch of wild melons, thousands of them, and dead ripe.",何千個も実り、完熟していた。,,
Message,"""Melons!"" I yelled to Good, who was next me; and in another",「メロンだ！」隣にいたグッドに叫ぶと、次の瞬間には彼は入れ歯を一つに食い込ませていた。,,
Message,second he had his false teeth fixed in one.,結局一人当たり六個ほど食べたと思う。粗末な果物ではあったが、,,
Message,"I think we ate about six each before we had done, and, poor",これほど美味しいと思ったことはなかっただろう。,,
Message,"fruit as they were, I doubt if I ever thought anything nicer.",,,
Message,"        [ King Solomon's Mines, by H. Rider Haggard ]",        [ H・ライダー・ハガード著『ソロモン王の鉱山』 ],,
Message,"Originally a club armed with iron, and used in war; now a staff",元来は鉄で武装した棍棒であり、戦争で使用された。,,
Message,"of office pertaining to certain dignitaries, as the Speaker of",現在は特定の要職、例えば下院議長、ロンドン市長、,,
Message,"the House of Commons, Lord Mayors, Mayors etc.  Both sword and",市長などに属する職権の杖である。剣も棍棒も威厳,,
Message,"mace are symbols of dignity, suited to the times when men went",の象徴であり、人々が鎧を身にまとい、君主が自ら,,
Message,"about in armour, and sovereigns needed champions to vindicate",の権利を擁護する守護者を必要とした時代にふさわしい。,,
Message,their rights.,,,
Message,        [ Brewer's Concise Dictionary of Phrase and Fable ],        [ ブリュワー 『慣用句と寓話の簡明辞典』 ],,
Message,"1 November - All day long we have travelled, and at a good",11月1日 - 一日中、我々はかなりの速さで旅を続けた。,,
Message,speed.  The horses seem to know that they are being kindly,馬たちは親切に扱われていることを知っているようで、,,
Message,"treated, for they go willingly their full stage at best",最速で一区間を喜んで走った。,,
Message,speed.  We have now had so many changes and find the same,これまでに何度も乗り換えを経験し、,,
Message,thing so constantly that we are encouraged to think that the,同じことが繰り返されるのを見て、,,
Message,"journey will be an easy one.  Dr. Van Helsing is laconic, he",この旅は楽なものになるだろうと,,
Message,"tells the farmers that he is hurrying to Bistritz, and pays",我々は勇気づけられている。 ヴァン・ヘルシング博士は簡潔だ。,,
Message,"them well to make the exchange of horses.  We get hot soup,",農夫たちにビストリッツへ急ぐと告げ、,,
Message,"or coffee, or tea, and off we go.  It is a lovely country.",馬の交換に十分な報酬を支払う。,,
Message,"Full of beauties of all imaginable kinds, and the people are",熱いスープかコーヒーか紅茶を飲み、,,
Message,"brave, and strong, and simple, and seem full of nice",また出発する。,,
Message,"qualities.  They are very, very superstitious.  In the first",この国は実に美しい。,,
Message,"house where we stopped, when the woman who served us saw the",想像しうるあらゆる種類の美に満ち、人々は勇敢で力強く、素朴で、善良な性質に溢れているようだ。,,
Message,"scar on my forehead, she crossed herself and put out two",ただ非常に、非常に迷信深い。最初に立ち寄った家で、給仕の女が私の額の傷痕を見ると、十字を切り、,,
Message,"fingers towards me, to keep off the evil eye.  I believe they",悪意の目を避けるため二本の指を私に向けて差し出した。 彼らはわざわざ,,
Message,went to the trouble of putting an extra amount of garlic into,私たちの料理に大量のニンニクを混ぜたようで、,,
Message,"our food, and I can't abide garlic.  Ever since then I have",私はニンニクが苦手だ。それ以来、帽子やベールを,,
Message,"taken care not to take off my hat or veil, and so have",外さないよう気をつけ、彼らの疑念を,,
Message,escaped their suspicions.,逃れてきた。,,
Message,"        [ Dracula, by Bram Stoker ]",        [ ブラム・ストーカー著『ドラキュラ』 ],,
Message,"1.  Any of various, usually poisonous perennial herbs of the",1.  アコニウム属に属する様々な、通常有毒の多年生草本。,,
Message,"genus Aconitum, having tuberous roots, palmately lobed leaves,",塊根を持ち、掌状に裂けた葉、青または白の花（上部の萼片が大きな兜状）、,,
Message,"blue or white flowers with large hoodlike upper sepals, and an",および集合果（小蒴果の集合体）を有する。,,
Message,aggregate of follicles.  2.  The dried leaves and roots of,,,
Message,"some of these plants, which yield a poisonous alkaloid that",2.  これらの植物の一部から得られる乾燥葉と根。有毒なアルカロイドを含み、,,
Message,was formerly used medicinally.  In both senses also called,かつて薬用として用いられた。両方の意味で「モンクフッド」とも呼ばれる。,,
Message,monkshood.,,,
Message,        [ The American Heritage Dictionary of,,,
Message,"            the English Language, Fourth Edition. ]",        [ アメリカン・ヘリテッジ英語辞典、第4版。 ],,
Message,Your muscles won't obey you.,筋肉が言うことを聞かない。,,
Message,A cloud of darkness falls upon you.,闇の雲があなたを包む。,,
Message,"Being blind, you cannot read the mystic runes.",盲目のため、神秘的なルーン文字を読むことはできない。,,
Message,"You have a sad feeling for a moment, then it passes.",一瞬悲しい気持ちになるが、すぐに過ぎ去っていく。,,
Message,"We weren't sure who this was, but we buried him here anyway",これが誰なのかわからなかったが、とにかくここに埋葬した,,
Message,This doorway has no door.,この出入り口には扉がない。,,
Message,This door is already closed.,この扉はすでに閉まっています。,,
Message,You see no door there.,そこにはドアが見えない。,,
Message,"The samurai is highly trained with a special type of bow,",侍は特別な弓、弓（ゆみ）の高度な訓練を受けている。,,
Message,"the yumi.  Like the ya, the yumi is made of bamboo.  With",矢（や）と同様に、弓も竹でできている。,,
Message,"the yumi-ya, the bow and arrow, the samurai is an extremely",弓矢（ゆみや）を用いる侍は、極めて正確で致命的な戦士である。,,
Message,accurate and deadly warrior.,,,
Message,"The katana is a long, single-edged samurai sword with a",刀は、やや湾曲した刃を持つ長い片刃の武士刀である。,,
Message,slightly curved blade.  Its long handle is designed to allow,その長い柄は、片手でも両手でも振るえるように設計されている。,,
Message,it to be wielded with either one or two hands.,,,
Message,A wakizashi was used as a samurai's weapon when the katana,脇差は、刀が使用できない場合に武士の武器として用いられた。,,
Message,"was unavailable.  When entering a building, a samurai would",建物に入る際、武士は刀を入口近くの掛け台に置いていった。,,
Message,"leave his katana on a rack near the entrance.  However, the",しかし脇差は常に身に着けていたため、,,
Message,"wakizashi would be worn at all times, and therefore, it made",武士の副武器（兵士が拳銃を使うのと同様）となった。,,
Message,a sidearm for the samurai (similar to a soldier's use of a,武士は起床時から就寝時までこれを身に着けていた。,,
Message,pistol).  The samurai would have worn it from the time they,より古い時代、特に内乱時には、脇差の代わりに短刀が,,
Message,"awoke to the time they went to sleep.  In earlier periods,",着用された。,,
Message,"and especially during times of civil wars, a tanto was worn",,,
Message,in place of a wakizashi.,,,
Message,"The arrow of choice of the samurai, ya are made of very",侍が選ぶ矢は、真っ直ぐな竹で作られ、,,
Message,"straight bamboo, and are tipped with hardened steel.",先端には硬化した鋼が嵌め込まれている。,,
Message,The Elves next unwrapped and gave to each of the Company the,次にエルフたちは包みを解き、一行の者たち一人ひとりに持参した衣服を授けた。,,
Message,clothes they had brought.  For each they had provided a hood,それぞれにフード付きのマントを用意しており、,,
Message,"and cloak, made according to his size, of the light but warm",ガラドリムが織り上げた軽やかで温かな絹地で、,,
Message,silken stuff that the Galadrim wove.  It was hard to say of,各人の体格に合わせて仕立てられていた。 その衣の色を言い当てるのは難しかった。,,
Message,what colour they were: grey with the hue of twilight under,木々の下では薄明かりを帯びた灰色に見え、,,
Message,"the trees they seemed to be; and yet if they were moved, or",しかし動かせば、あるいは別の光に当てれば、,,
Message,"set in another light, they were green as shadowed leaves, or",影を落とした葉のように緑に、,,
Message,"brown as fallow fields by night, dusk-silver as water under",夜のとばりの下にある休耕畑のように茶色に、,,
Message,the stars.,星の下の水のように薄暗い銀色に見えたのである。,,
Message,In Fantasyland these are remarkable in that they seldom or,ファンタジーランドでは、これらはほとんど、あるいは全く摩耗せず、,,
Message,never wear out and are suitable for riding or walking in,靴下を履かずに乗馬や歩行に適している点で特筆に値する。,,
Message,"without the need of Socks.  Boots never pinch, rub, or get",ブーツは決して締め付けず、擦れず、小石が入ることもない。,,
Message,stones in them; nor do nails stick upwards into the feet from,また、靴底から釘が足に突き刺さることもない。,,
Message,"the soles.  They are customarily mid-calf length or knee-high,",通常はふくらはぎの中間か膝丈で、簡単に脱ぎ履きでき、,,
Message,"slip on and off easily and never smell of feet.  Unfortunately,",足の臭いがすることもない。,,
Message,the formula for making this splendid footwear is a closely,残念ながら、,,
Message,"guarded secret, possibly derived from nonhumans (see Dwarfs,",この素晴らしい履物の製造法は厳重に守られた秘伝であり、,,
Message,"Elves, and Gnomes).",おそらく非人間種族（ドワーフ、エルフ、ノーム参照）に由来する。,,
Message,"In the morning, as they were beginning to pack their slender",朝、彼らがわずかな荷物をまとめ始めた頃、,,
Message,"goods, Elves that could speak their tongue came to them and",彼らの言葉を話すエルフたちが訪れ、,,
Message,brought them many gifts of food and clothing for their,旅の糧となる食料や衣服を数多く贈った。,,
Message,"journey.  The food was mostly in the form of very thin cakes,",食料は主に薄いケーキ状のもので、,,
Message,"made of a meal that was baked a light brown on the outside,",外側は薄茶色に焼き上がり、,,
Message,and inside was the colour of cream.  Gimli took up one of the,中はクリーム色をしていた。,,
Message,cakes and looked at it with a doubtful eye.,ギムリは一枚の薄焼きパンを手に取り、疑わしげに見つめた。,,
Message,"'Cram,' he said under his breath, as he broke off a crisp",「クラムか」と彼は小声で呟き、パリッとした角をちぎってかじった。,,
Message,"corner and nibbled at it.  His expression quickly changed,",すると表情が一変し、残りを美味しそうに平らげた。,,
Message,and he ate all the rest of the cake with relish.,「もう十分だ、もう十分だ！」とエルフたちは笑いながら叫んだ。,,
Message,"'No more, no more!' cried the Elves laughing.  'You have",「長い行軍に耐えるには十分すぎる量を食べたぞ」,,
Message,eaten enough already for a long day's march.',「ただのクラムかと思った。荒野の旅にダレメン族が作るような」,,
Message,"'I thought it was only a kind of cram, such as the Dalemen",と小人は言った。,,
Message,"make for journeys in the wild,' said the Dwarf.",「その通りだ」と彼らは答えた。,,
Message,"'So it is,' they answered.  'But we call it lembas or",「だが我々はこれをレンバス、すなわち道中の糧と呼ぶ。,,
Message,"waybread, and it is more strengthening than any foods made by",これは人間が作るどんな食物よりも力を与え、,,
Message,"Men, and it is more pleasant than cram, by all accounts.'",あらゆる点でクラムよりずっと美味しいのだ」,,
Message,"    Gregor stared at the pastry tray, and sighed.  ""I suppose",    グレゴールはペイストリートレイをじっと見つめ、ため息をついた。,,
Message,it would disturb the guards if I tried to shove a cream torte up,「クリームトルテを君の鼻に押し込もうとしたら、,,
Message,"your nose.""",警備兵が騒ぎ立てるだろうな」,,
Message,"    ""Deeply.  You should have done it when we were eight and",   「大騒ぎだよ。八歳と十二歳の時にやっておけば、,,
Message,"twelve, you could have gotten away with it then.  The cream pie",その時は逃げ切れたのに。正義のクリームパイは,,
Message,"of justice flies one way,"" Miles snickered.",一方通行なんだぜ」とマイルズはくすくす笑った。,,
Message,"        [ The Vor Game, by Lois McMaster Bujold ]",        [『ヴォア・ゲーム』ロイス・マクマスター・ブジョルド著],,
Message,This fortune cookie is terrible!,このフォーチュンクッキー最悪！,,
Message,This cookie has a scrap of paper inside.,中に紙切れが入ってる。,,
Message,It reads:,そこにはこう書いてある：,,
Message,"The more you use the E word, the better.",「E」という言葉を使うほど、良い結果が待っている。,,
Message,Money to invest?  Take it to the local branch of the Magic Memory Vault!,投資資金がある？ 地元の「マジック・メモリー・ボールト」支店へ持って行け！,,
Message,Suddenly one of the Vault's guards enters!,突然、金庫室の警備員が飛び込んできた！,,
Message,"""I don't know you.""",「お前、見覚えがないな」,,
Message,"""Most likely all your gold was stolen from this vault.""",「おそらく、お前の金は全部この金庫室から盗まれたんだろう」,,
Message,"""Please drop that gold and follow me.""",「その金を置いて、俺について来い」,,
Message,"I repeat, follow me!",「繰り返す、ついて来い！」,,
Message,"Suddenly, the guard disappears.",突然、警備員が消えた。,,
Message,The corridor disappears.,通路が消えた。,,
Message,They say that an opulent throne room is rarely a place to wish you'd be in.,豪華な玉座の間は、決して居たい場所ではないと言う。,,
Message,Better leave the dungeon; otherwise you might get hurt badly.,地下牢から出た方がいい。さもないとひどい目に遭うかもしれない。,,
Message,They say the Wizard's castle is booby-trapped!,魔法使いの城には罠が仕掛けられていると言う！,,
Message,They say that a polymorph trap is magic and magic protection prevents it.,変身魔法の罠は魔法であり、魔法防御で防げるという。,,
Message,You're having a hard time getting all of it down.,全部飲み込むのに苦労している。,,
Message,You're finally finished.,ようやく飲み込んだ。,,
Message,He took another step and she cocked her right wrist in,彼はまた一歩踏み出した。彼女は右の手首を,,
Message,viciously.  She heard the spring click.  Weight slapped into,鋭くひねった。バネがカチッと鳴る音がした。,,
Message,her hand.,重みが手に叩きつけられた。,,
Message,"""Here!"" she shrieked hysterically, and brought her arm up in",「ほら！」彼女はヒステリックに叫び、腕を,,
Message,"a hard sweep, meaning to gut him, leaving him to blunder",力強く振り上げた。腹を裂いて、腸を蒸気の立つ,,
Message,around the room with his intestines hanging out in steaming,輪になって垂れ下がらせたまま、部屋をよろめき歩かせるつもりだった。 ,,
Message,"loops.  Instead he roared laughter, hands on his hips,",ところが彼は腰に手を当て、顔を仰け反らせて,,
Message,"flaming face cocked back, squeezing and contorting with great",大笑いした。,,
Message,good humor.,「おお、お嬢ちゃん！」と叫ぶと、またもや,,
Message,"""Oh, my dear!"" he cried, and went off into another gale of",爆笑の嵐に包まれた。,,
Message,laughter.,彼女は呆然と自分の手を見た。,,
Message,She looked stupidly down at her hand.  It held a firm yellow,そこには青と白のチキータのシールが貼られた,,
Message,banana with a blue and white Chiquita sticker on it.  She,固い黄色いバナナが握られていた。 彼女は,,
Message,"dropped it, horrified, to the carpet, where it became a",恐怖でそれを絨毯に落とした。そこではそれは,,
Message,"sickly yellow grin, miming Flagg's own.",フラッグ自身のものと同じ、病的な黄色の笑みに変貌していた。,,
Message,"""You'll tell,"" he whispered.  ""Oh yes indeed you will.""",「お前は話すだろう」と彼は囁いた。「ああ、確かに話すだろう」,,
Message,And Dayna knew he was right.,そしてデイナは彼が正しいと悟った。,,
Message,"        [ The Stand, by Stephen King ]",       [ スティーヴン・キング著 『スタンド』 ],,
Message,You could drink the water...,水を飲むこともできる...,,
Message,The blindfolding was performed by binding a piece of the,   目隠しは、アマハガー族のうち特に何かを身に着けることを承知した者たちが,,
Message,yellowish linen whereof those of the Amahagger who condescended,衣服として用いる黄色がかった亜麻布を、目元をきつく縛ることで施された。,,
Message,to wear anything in particular made their dresses tightly round,この亜麻布は後に私が発見したところでは、,,
Message,the eyes.  This linen I afterwards discovered was taken from the,墓から採取されたものであって、,,
Message,"tombs, and was not, as I had first supposed, of native",当初私が推測したように現地で製造されたものではなかった。,,
Message,manufacture.  The bandage was then knotted at the back of the, 包帯はその後、後頭部で結び目を作り、最後に再び下ろして端を顎の下で縛り、,,
Message,"head, and finally brought down again and the ends bound under",ずり落ちないようにした。,,
Message,"the chin to prevent its slipping.  Ustane was, by the way, also",ちなみにウスタネも目隠しをされていたが、理由はわからない。,,
Message,"blindfolded, I do not know why, unless it was from fear that she",おそらく彼女がルートに関する秘密を,,
Message,should impart the secrets of the route to us.,我々に漏らすのを恐れたからだろう。,,
Message,"        [ She, by H. Rider Haggard ]",        [『彼女』H・ライダー・ハガード著],,
Message,Nothing interesting happens.,何も面白いことは起こらない。,,
Message,Nothing interesting seems to happen.,特に面白いことは起こらないようだ。,,
Message,Is this ok? [ynq],これでよろしいですか？ [ynq],,
Message,Yes; start game,はい；ゲーム開始,,
Message,No; choose role again,いいえ；役職を再選択,,
Message,Quit,終了,,
Message,Pick a role or profession,役職または職業を選択,,
Message,<role> <race> <gender> <alignment>,<役職> <種族> <性別> <陣営>,,
Message,Pick race first,種族を先に選択,,
Message,Pick gender first,性別を先に選択,,
Message,Pick alignment first,陣営を先に選択,,
Message,Set role/race/&c filtering,役職/種族/等フィルタ設定,,
Message,Pick a race or species,種族または種を選択,,
Message,Pick another role first,別の役割を先に選択,,
Message,Do you want a tutorial?,チュートリアルを行いますか？,,
Message,"Yes, do a tutorial",はい、チュートリアルを実行,,
Message,"No, just start play",いいえ、すぐにプレイ開始,,
Message,"Put ""OPTIONS=!tutorial"" in .nethackrc to skip this query.",この確認をスキップするには .nethackrc に 「OPTIONS=!tutorial」 を記述してください。,,
Message,Pick a gender or sex,性別または性を選択,,
Message,Pick another race first,まず別の人種を選択,,
Message,Pick an alignment or creed,陣営または信条を選択,,
Message,Pick another gender first,まず別の性別を選択,,
Message,Pick all that apply,該当するものをすべて選択,,
Message,Unacceptable roles,使用不可の役割,,
Message,Unacceptable races,使用不可の人種,,
Message,Unacceptable genders,使用不可の性別,,
Message,Unacceptable alignments,使用不可の陣営,,
Message,Reset role/race/&c filtering,役割/人種/その他フィルタをリセット,,
Message,Pick role first,まず役割を選択,,
Message,Pick another alignment first,別の陣営を先に選択,,
Message,weapon in hands,武器：手に持っている,,
Message, (weapon in right hand),（武器：左手）,,
Message, (weapon in left hand),（武器：右手）,,
Message,alternate weapon; not wielded,別の武器；装備していない,,
Message,alternate weapons; not wielded,別の武器；装備していない,,
Message, (being worn),（装着中）,,
Message, (at the ready), (準備完了）,,
Message, (wielded in left hand),（左手持ち）,,
Message, (wielded in right hand), (右手持ち）,,
Message,Drop this item,このアイテムを落とす,,
Message,Engrave on the stairs with this item,このアイテムで階段に刻む,,
Message,Adjust inventory by assigning new letter,新しい文字を割り当ててインベントリを調整する,,
Message,Adjust inventory by splitting this stack,このスタックを分割して在庫を調整する,,
Message,Quiver this item for easy throwing with 'f'ire,このアイテムを矢筒に収納し『f』ireで簡単に投げる,,
Message,Quiver this stack for easy throwing with 'f'ire,これらのアイテムを矢筒に収納し『f』ireで簡単に投げる,,
Message,Throw this item,このアイテムを投げる,,
Message,Swap this with your alternate weapon,これを代替武器と交換する,,
Message,Wield this item as your weapon,このアイテムを武器として装備する,,
Message,Swap this with your main weapon,これをメイン武器と交換する,,
Message,Take off this armor,この防具を脱ぐ,,
Message,Eat this,これを食べる,,
Message,Wield this item in your hands,このアイテムを手で装備する,,
Message,Look up information about this,これに関する情報を調べる,,
Message,Tip: Farlooking or selecting a map location,ヒント：遠景表示またはマップ位置の選択,,
Message,"You are now in a ""farlook"" mode - the movement keys move the cursor,",現在「遠景表示」モードです - 移動キーはカーソルを移動させ、,,
Message,not your character.  Game time does not advance.  This mode is used,キャラクターは移動しません。ゲーム時間は進行しません。このモードは,,
Message,"to look around the map, or to select a location on it.",マップの周囲を見渡す、またはマップ上の位置を選択するために使用されます。,,
Message,"When in this mode, you can press ESC to return to normal game mode,",このモード中はESCで通常ゲームモードに戻れ、,,
Message,and pressing ? will show the key help.,?を押すとキー操作ヘルプが表示される。,,
Message,cmdassist: Invalid direction key!,cmdassist: 無効な方向キーです！,,
Message,Valid direction keys are:,有効な方向キーは次の通りです：,,
Message,          7  8  9,          7  8  9,,
Message,           \ | / ,           \ | / ,,
Message,          4- . -6,          4- . -6,,
Message,           / | \ ,           / | \ ,,
Message,          1  2  3,         1  2  3,,
Message,          <  up,          <  上,,
Message,          >  down,          >  下,,
Message,          s  direct at yourself,          s  自分方向,,
Message,(Suppress this message with !cmdassist in config file.),(設定ファイルで !cmdassist を指定するとこのメッセージを非表示にできます。),,
Message,Wield '-' to un-wield this weapon,この武器を装備解除するには「-」を使用してください,,
Message,Wield '-' to un-wield these weapons,この武器を装備解除するには「-」を使用してください,,
Message,Write on the stairs with this item,このアイテムで階段に書き込む,,
Message,Write on the stairs with one of these items,これらのアイテムのいずれかで階段に書き込む,,
Message,"Use '4', '2', '8', '6' to move the cursor to a monster, object or location.",カーソルをモンスター、オブジェクト、または位置に移動するには「4286」を使用。,,
Message,"Use 'M-4', 'M-2', 'M-8', 'M-6' to fast-move the cursor, 8 units at a time.",カーソルを高速移動（8単位ずつ）するには「M-4 M-2 M-8 M-6」を使用してください。,,
Message,(or prefix normal move with '5' or 'g' to fast-move),（または通常の移動の前に「5」または「g」を付けて高速移動）,,
Message,Or enter a background symbol (ex. '<').,または背景記号（例：『<』）を入力。,,
Message,Use '@' to move the cursor on yourself.,『@』でカーソルを自身に移動。,,
Message,Use 'm'/'M' to move the cursor to next/previous monster.,『m』/『M』でカーソルを次の/前のモンスターに移動。,,
Message,Use 'o'/'O' to move the cursor to next/previous object.,『o』/『O』でカーソルを次の/前のオブジェクトに移動。,,
Message,Use 'd'/'D' to move the cursor to next/previous door or doorway.,『d』/『D』でカーソルを次の/前のドアまたは出入り口に移動。,,
Message,Use 'x'/'X' to move the cursor next to an unexplored location.,『x』/『X』で未探索位置の隣に移動。,,
Message,Use 'a'/'A' to move the cursor to anything interesting.,『a』/『A』で興味深い対象に移動。,,
Message,Use '*' to change fast-move mode to skipping same glyphs.,『*』で高速移動モードを同一記号スキップに切り替え。,,
Message,Use '!' to toggle menu listing for possible targets.,『!』で対象候補メニュー表示を切り替え。,,
Message,"Use '""' to change the mode of limiting possible targets.",『』で対象候補制限モードを切り替え。,,
Message,Use '#' to toggle automatic description.,『#』で自動説明表示を切り替え。,,
Message,"Type a '.' or ',' or ';' or ':' when you are at the right place.","適切な場所にいるときに「.」または「,」または「;」または「:」を入力してください。",,
Message,"  ':' describe current spot, show 'more info', move to another spot.",  「:」現在の場所の説明を表示、詳細情報を表示、別の場所へ移動。,,
Message,"  '.' describe current spot, move to another spot;",  「.」現在の場所の説明を表示、別の場所へ移動。,,
Message,"  ',' describe current spot, move to another spot;","  「,」現在の場所の説明を表示、別の場所へ移動。",,
Message,"  ';' describe current spot, stop looking at things;",  「;」現在の場所の説明を表示、探索を終了。,,
Message,Flip a coin,コインを投げる,,
Message,Drop this stack,全て落とす,,
Message,Throw them,投げつける,,
Message,Wield this stack in your hands,まとめて手に握りしめる,,
Message,Look up information about these,これらについて情報を調べる,,
Message,Engrave on the floor with this item,このアイテムで床に刻む,,
Message,Engrave on the floor with one of these items,これらのアイテムのいずれかで床に刻む,,
Message,Toggle two-weapon combat on,二刀流戦闘をオンにする,,
Message,Toggle two-weapon combat off,二刀流戦闘をオフにする,,
Message,Use this tool to pick a lock,この道具を使って錠を開ける,,
Message,Study this spellbook,この魔法書を読み込む,,
Message,Put this ring on,この指輪をはめる,,
Message,Remove this ring,この指輪を外す,,
Message,You finish engraving.,あなたは彫刻を終える。,,
Message,Dip something into this potion,これに何かを浸す,,
Message,Quaff (drink) this potion,この薬をぐいっと飲み干す,,
Message, (wielded),（構えている）,,
Message, (at the ready),（準備完了）,,
Message,Throw one of these,これを一つ投げる,,
Message,Wield this stack as your weapon,この束を武器として振るう,,
Message,Open this container,このコンテナを開く,,
Message,Rename or un-name this specific sack,この特定の袋の名前を変更するか、名前を解除する,,
Message,The mixture looks smoky.,混合物は煙が立っているように見える。,,
Message,"That is a potion bottle, not a Klein bottle!",それはポーションの瓶であって、クラインの瓶ではない！,,
Message,Choose which spell to cast,どの呪文を唱えるか選べ,,
Message,sickness?,病気,,
Message,Miscellaneous,その他,,
Message,Interesting...,興味深い...,,
Message,You can't fit your hand into the mouth of the bottle!,瓶の口に手が入らないぞ！,,
Message,They say that some fire ants will make you a hot meal.,火蟻の中には、あなたを温かい食事にしてしまうものもいると言われている。,,
Message,Write on the floor with this item,このアイテムで床に書く,,
Message,Show something its reflection,何かをその反射に映し出す,,
Message,Read this scroll to activate its magic,巻物を読んで魔法を活性化させる,,
Message,What would you like to identify first?,まず何を確認したいですか？,,
Message,Pick up what?,何を拾う？,,
Message,The combat suddenly awakens you.,戦闘が突然あなたを目覚めさせる。,,
Message,What do you want to zap?,何を攻撃したい？,,
Message,You are suddenly very cold!,突然、とても寒くなった！,,
Message,What do you want to read?,何を読みたい？,,
Message,take something out,何かを取り出す,,
Message,put something in,何かを入れる,,
Message,"take out, then put in",取り出して、それから入れる,,
Message,"both; take out, then put in",両方：取り出し、その後入れる,,
Message,"both reversed; put in, then take out",逆順：入れ、その後取り出す,,
Message,Take out what type of objects?,どの種類の物体を取り出す？,,
Message,All types,全種類,,
Message,Take out what?,何を出す？,,
Message,Nothing happens.,何も起こらない。,,
Message,Wear this armor,この鎧を装備する,,
Message,do nothing,何もしない,,
Message,What do you want to stash?,何を収納したいですか？,,
Message,Auto-select every relevant item,関連するアイテムを自動選択,,
Message,    (ignored unless some other choices are also picked),    （他の選択肢も選ばれていない限り無視）,,
Message,Items known to be Uncursed,呪われていないと判明しているアイテム,,
Message,Items of unknown Bless/Curse status,祝福/呪いの状態が不明なアイテム,,
Message,Coins,コイン,,
Message,Weapons,武器,,
Message,Armor,防具,,
Message,Potions,ポーション,,
Message,Comestibles,食料品,,
Message,Scrolls,巻物,,
Message,Spellbooks,魔法書,,
Message,Rings,指輪,,
Message,Wands,杖,,
Message,Tools,道具,,
Message,Gems/Stones,宝石/石,,
Message,Put in what type of objects?,どの種類の物を入れるのですか？,,
Message,Items known to be Blessed,祝福されていると判明しているアイテム,,
Message,Dip something into one of these potions,何かをこのポーションに浸す,,
Message,Quaff (drink) one of these potions,これを飲む,,
Message,This burns like acid!,酸のように焼ける！,,
Message,Ring the bell,ベルを鳴らす,,
Message,Write on something with this marker,このマーカーで何かを書く,,
Message,Scribble graffiti on the floor,床に落書きを走り書きする,,
Message,Eat one of these,これを一つ食べる,,
Message,You try to feel what is lying here on the floor.,床に横たわるものを感じ取ろうとする。,,
Message,"put in, then take out",入れて、それから取り出す,,
Message,You enter an opulent throne room!,あなたは豪華絢爛な玉座の間へ入る！,,
Message,Break this wand,この杖を壊す,,
Message,Zap this wand to release its magic,この杖の魔法を解放する,,
Message,The door freezes and shatters!,扉が凍りつき、粉々に砕ける！,,
Message,You are caught in the ball of cold!,冷気の球に囚われた！,,
Message,You hear the tones of courtly conversation.,あなたは上品な会話を耳にする。,,
Message,Dig with this digging tool,この掘削ツールで掘る,,
Message,In what direction do you want to dig?,どの方向へ掘りますか？,,
Message,You start digging.,掘削を開始します。,,
Message,the rock with all your might,岩を全力で叩く,,
Message,You make an opening in the wall.,壁に穴を開けます。,,
Message,You stop digging.,掘削を停止します。,,
Message,You continue digging.,掘削を続行します。,,
Message,You succeed in cutting away some rock.,岩の一部を切り取ることに成功します。,,
Message,It is hit!,命中だ！,,
Message,Write on the floor with one of these items,これらのアイテムのいずれかで床に書き記せ,,
Message,"You know, that's what I hate most about fighting against magic:",魔法との戦いで最も嫌なのは、,,
Message,you never know what they're trying to do to you until it hits.,攻撃が命中するまで相手が何をしようとしているのか全く分からないことだ。,,
Message,"The sorceress knew what hit her, however.  Two of the shuriken",しかし魔女は自分が何に打たれたか理解していた。,,
Message,got past whatever defenses she had.  One caught her just below,彼女の防御を突破した二本の手裏剣。,,
Message,"the throat, the other in the middle of her chest.  It wouldn't",一本は喉のすぐ下を、もう一本は胸の真ん中を貫いた。,,
Message,"kill her, but she wouldn't be fighting anyone for a while.",致命傷ではないが、しばらくは誰とも戦えなくなるだろう。,,
Message,"[ Jhereg, by Steven Brust ]",[ スティーブン・ブラスト著『ジェレグ』より ],,
Message,Quiver '-' to un-ready these weapons,矢筒 『-』 でこれらの武器を装備解除,,
Message,Throw one of these (same as 'f'),これらの一つを投げる（『f』 と同じ）,,
Message,You now have no ammunition readied.,現在、準備済みの弾薬はありません。,,
Message,Lash out with this whip,この鞭で叩きつける,,
Message,You cannot eat that!,それは食べられない！,,
Message,Snap!,パチン！,,
Message,Background:,背景：,,
Message, You are right-handed., あなたは右利きである。,,
Message, You are left-handed., あなたは左利きである。,,
Message, You were right-handed., あなたは右利きだった。,,
Message, You were left-handed., あなたは左利きだった。,,
Message,"the Tutorial,",チュートリアル,,
Message,"the Dungeons of Doom,",運命のダンジョン,,
Message,The Dungeons of Doom,運命のダンジョン,,
Message,"the Gnomish Mines,",ノームの鉱山,,
Message,The Gnomish Mines,ノームの鉱山,,
Message,"Sokoban,",倉庫番,,
Message,Sokoban,倉庫番,,
Message, You have just started your adventure., あなたの冒険は始まったばかりです。,,
Message,Basics:,基本値：,,
Message, Your wallet is empty., 財布は空です。,,
Message, Your wallet was empty., 財布は空でした。,,
Message, Autopickup is off., 自動回収はオフ。,,
Message, Autopickup was off., 自動回収はオフ。,,
Message, Autopickup is on for all types., 自動回収はオン。全アイテムタイプで有効。,,
Message, Autopickup was on for all types., 自動回収はオン。全アイテムタイプで有効。,,
Message,Characteristics:,特性：,,
Message,Final Characteristics:,終了時の特性：,,
Message, You have both energy points (spell power)., 魔力は（呪文威力）は両方とも保持。,,
Message, You had both energy points (spell power)., 魔力は（呪文威力）は両方とも保持。,,
Message,Status:,状態：,,
Message,Final Status:,終了時の状態：,,
Message, You aren't hungry., 空腹ではありません。,,
Message, You weren't hungry., 空腹ではなかった。,,
Message, You are unencumbered., 荷物に縛られていません。,,
Message, You were unencumbered., 荷物に縛られてはいなかった。,,
Message, You are burdened; movement is slightly slowed., 荷物が重く、移動速度がわずかに低下している。,,
Message, You were burdened; movement is slightly slowed., 荷物が重く、移動速度がわずかに低下していた。,,
Message,Miscellaneous:,その他：,,
Message, You are bare handed., あなたは素手です。,,
Message, You were bare handed., あなたは素手でした。,,
Message, You are empty handed., あなたは手ぶらだ。,,
Message, You were empty handed., あなたは手ぶらでした。,,
Message, You are unskilled in bare handed combat., 素手での戦闘に不慣れです。,,
Message, You were unskilled in bare handed combat., 素手での戦闘に不慣れでした。,,
Message, You aren't wearing any armor., 防具を一切着用していません。,,
Message, You weren't wearing any armor., 防具を一切着用していなかった。,,
Message,It develops a huge set of teeth and bites you!,巨大な歯が生え揃い、あなたを噛みつく！,,
Message,You break out in hives.,蕁麻疹が出る。,,
Message,Drink from the fountain?,噴水から飲む？,,
Message,The cool draught refreshes you.,冷たい水流があなたを清める。,,
Message,The fountain dries up!,噴水が枯れた！,,
Message, You are wielding two weapons at once.,あなたは二つの武器を同時に振るっている。,,
Message,Put in what?,何を入れる？,,
Message,Tip all the contents out of this container,この容器の中身を全部出す,,
Message,Read the message inside this cookie,このクッキーの中のメッセージを読む,,
Message,Use this kit to tin a corpse,このキットを使って死体を缶詰にする,,
Message,You don't have anything to tin.,缶詰にするものはありません。,,
Message,Write on the ground with this item,このアイテムで地面に文字を書く,,
Message,Open this tin and eat the contents,この缶を開けて中身を食べる,,
Message,Open one of these tins and eat the contents,これらの缶の1つを開けて中身を食べる,,
Message,You stop opening the tin.,缶を開けるのをやめる。,,
Message,You succeed in opening the tin.,缶を開けることに成功した。,,
Message,Eat it?,食べるか？,,
Message,This satiates your stomach!,これで腹が減った！,,
Message,Engrave on the ground with this item,このアイテムで地面に刻む,,
Message,Possibly perceiving an expression of dubiosity on their,おそらく彼らの顔に疑わしい表情を浮かべながら、,,
Message,"faces, the globetrotter went on adhering to his adventures.",世界旅行者は冒険を続けることにした。,,
Message,-- And I seen a man killed in Trieste by an Italian chap.,-- トリエステでイタリア人に男が殺されるのを見たんだ。,,
Message,Knife in his back.  Knife like that.,背中にナイフを刺されて。 こんなナイフさ。,,
Message,"Whilst speaking he produced a dangerous looking clasp knife,",話しながら彼は危険そうな折り畳みナイフを取り出し、,,
Message,"quite in keeping with his character, and held it in the",その性格にふさわしく、攻撃態勢で構えた。,,
Message,striking position.,-- 密輸業者の喧嘩だった。,,
Message,-- In a knockingshop it was count of a tryon between two,奴はドアの陰に隠れて、背後から襲いかかった。,,
Message,"smugglers.  Fellow hid behind a door, come up behind him.",そうさ。「神に会え」と言ってね。,,
Message,"Like that.  Prepare to meet your God, says he.  Chuck!  It",チャック！,,
Message,went into his back up to the butt.,柄まで背中に突き刺さった。,,
Message,"[ Ulysses, by James Joyce ]",[ ジェイムズ・ジョイス『ユリシーズ』 ],,
Message,Write on the ground with one of these items,これらのアイテムのいずれかで地面に書く,,
Message,You can barely move a handspan with this load!,この荷物では手のひら一つ分も動けない！,,
Message, You are overtaxed; movement is extremely slowed., 荷物が重すぎて動きが極端に遅くなっている。,,
Message,You can't do that while carrying so much stuff.,こんなに荷物を持っては無理だ。,,
Message,You slide on the ice.,氷の上で滑る。,,
Message,You make a lot of noise!,大きな音を立てる！,,
Message,You slip on the ice.,氷の上で滑る。,,
Message,Ouch!,痛い！,,
Message,Name this specific,この特定の名前を,,
Message,Are you sure you want to pray?,祈りたいのか？,,
Message,You are surrounded by a shimmering light.,きらめく光に包まれる。,,
Message,You finish your prayer.,祈りを終える。,,
Message,Play this musical instrument,この楽器を演奏する,,
Message,You beat a deafening row!,耳をつんざくような騒音を立てる！,,
Message,Light this light source,この光源を点灯する,,
Message,Your lamp is now on.,ランプが灯った。,,
Message,Extinguish this light source,この光源を消す,,
Message,Rub something on this stone,この石に何かをこすりつける,,
Message,"""scritch, scritch""",「ガリガリ」,,
Message,You make golden scratch marks on the stone.,石に金色の引っかき傷をつける。,,
Message,Ready this as an alternate weapon,これを代替武器として準備する,,
Message,Quiver '-' to un-ready these items,これらのアイテムの準備を解除するには「-」キーを押す,,
Message,You stop engraving.,あなたは刻印をやめる。,,
Message,You must put it down to unlock.,ロックを解除するには、それを置く必要があります。,,
Message,You cannot write any more.,これ以上書くことはできません。,,
Message,Not carrying anything.,何も持っていない。,,
Message,The sleep ray hits you!,睡眠光線が命中！,,
Message,You feel more experienced.,あなたはより経験を積んだと感じる。,,
Message,Gaggg... this tastes like sewage!  You vomit.,ゲッ…下水みたいな味だ！ あなたは吐き出した。,,
Message,Some fizzy liquid flows from the faucet.,蛇口から泡立つ液体が流れ出る。,,
Message,"Huh, What?  Where am I?",えっ、何？ ここはどこ？,,
Message,This tepid water is tasteless.,このぬるま湯は味がしない。,,
Message,Wow!  This makes you feel great!,わあ！これ、すごく気分が良くなる！,,
Message,You feel charismatic!,カリスマ性を感じさせる！,,
Message,A wisp of vapor escapes the fountain...,噴水から一筋の水蒸気が立ち上る...,,
Message,Quiver this stack for easy shooting with 'f'ire,矢筒にセットして'f'ireで簡単に射撃できるようにする,,
Message,Shoot one of these,これを一つ撃つ,,
Message,Shoot one of these with your wielded sling,装備したスリングでこれを一つ撃つ,,
Message,You are caught in the magical blast!,魔法の爆風に巻き込まれた！,,
Message,"Gee!  All of a sudden, you can't see yourself.",えっ！突然、自分の姿が見えなくなった。,,
Message,Wield '-' to un-wield this item,「-」でこの装備を解除,,
Message,The magic missile hits you!,魔法のミサイルが命中した！,,
Message,The missiles bounce off!,ミサイルは跳ね返った！,,
Message,Put this on,これを装着せよ,,
Message,You can't see any more.,これ以上は見えない,,
Message,Remove this eyewear,このアイウェアを外せ,,
Message,The door crashes open!,ドアを壊して開けた！,,
Message,You don't find anything.,何も見つからない。,,
Message,You break up the cookie and throw away the pieces.,クッキーを割って、欠片を捨ててしまう。,,
Message,"Let's have a party, drink a lot of booze.",パーティーを開いて、酒をたっぷり飲もう。,,
Message,They say that you should pray for divine inspiration.,神からの啓示を祈るべきだと言う。,,
Message,"A triangular stringed instrument, often Magic.  Even when not",三角形の弦楽器で、しばしば魔法の道具として使われる。,,
Message,"Magic, a Harp is surprisingly portable and tough and can be",魔法の道具でなくても、ハープは驚くほど持ち運びやすく頑丈で、,,
Message,carried everywhere on the back of the Bard or Harper in all,吟遊詩人やハープ奏者の背中に常に背負って、どんな天候でも運ぶことができる。,,
Message,weathers.  A Harp seldom goes out of tune and never warps.,ハープはめったに調律が狂わず、決して反らない。,,
Message,"Its strings break only in very rare instances, usually",その弦が切れるのはごく稀なことで、通常はハープ奏者が不機嫌だったり、,,
Message,because the Harper is sulking or crossed in love.  This is,恋に破れたりした場合に限られる。こんなことになってちょうどよかった。,,
Message,just as well as no one seems to make or sell spare strings.,なぜならスペアの弦を作る者も売る者もいないようだからだ。,,
Message,Improvise?,即興で演奏する？,,
Message,'I read you by your bugle horn,『私はあなたの角笛の音で、,,
Message,"And by your palfrey good,",あなたの良い馬車で、,,
Message,I read you for a Ranger sworn,王の森を守るために誓いを立てた,,
Message,To keep the King's green-wood.',レンジャーだと読んだ。』,,
Message,"'A Ranger, Lady, winds his horn,",『レンジャーは角笛を吹く、』,,
Message,And 'tis at peep of light;,『夜明けに。』,,
Message,"His blast is heard at merry morn,",『彼の角笛は楽しい朝に聞こえ、』,,
Message,And mine at dead of night.',『私の角笛は真夜中に聞こえる。』,,
Message,"[ Brignall Banks, by Sir Walter Scott ]",[ ウォルター・スコット卿『ブリグナル・バンクス』 ],,
Message,What do you want to look at:,何を見たいですか：,,
Message,something on the map,地図上の何か,,
Message,something you're carrying,所持品の中の何か,,
Message,something else,その他,,
Message,by symbol or name,シンボルまたは名前で,,
Message,nearby monsters,近くのモンスター,,
Message,all monsters shown on map,地図上に表示されている全てのモンスター,,
Message,nearby objects,近くのオブジェクト,,
Message,all objects shown on map,地図上に表示されている全てのオブジェクト,,
Message,nearby traps,近くのトラップ,,
Message,all seen or remembered traps,視認または記憶されている全てのトラップ,,
Message,nearby engravings,近くの刻印,,
Message,all seen or remembered engravings,視認または記憶されている全ての刻印,,
Message,You hear a slow drip.,ゆっくりとした水滴の音が聞こえる。,,
Message,You don't have anything to zap.,撃つものがない。,,
Message,some gold pieces,金貨数枚,,
Message,You move very quietly.,あなたは非常に静かに動く。,,
Message,You sure are noisy.,騒がしいね。,,
Message,You are not wearing that.,あなたはそれを着ていない。,,
Message,This water gives you bad breath!,この水は口臭の原因になります！,,
Message,BOOM!  They explode!,ドカン！ 爆発だ！,,
Message,You feel rather tired.,君はかなり疲れた気分になる。,,
Message,"After breakfast was over, the ogre called out: ""Wife, wife,",朝食が終わると、鬼は叫んだ。「妻よ、妻よ、,,
Message,"bring me my golden harp.""  So she brought it and put it on",黄金のハープを持って来い」 すると妻はそれを持ち、,,
Message,"the table before him.  Then he said: ""Sing!"" and the golden",彼の前にあるテーブルの上に置いた。 すると彼は言った。「歌え！」,,
Message,harp sang most beautifully.  And it went on singing till the,すると黄金のハープは最も美しく歌い始めた。 そして歌い続け、,,
Message,"ogre fell asleep, and commenced to snore like thunder.",ついに鬼は眠りに落ち、雷のようないびきをかき始めた。,,
Message,Then Jack lifted up the copper-lid very quietly and got down,するとジャックは銅の蓋をそっと持ち上げ、,,
Message,like a mouse and crept on hands and knees till he came to the,ネズミのようにそっと降りて、四つん這いでテーブルまで這い寄った。,,
Message,"table, when up he crawled, caught hold of the golden harp and",そこで起き上がり、黄金のハープを掴むと、ドアに向かって駆け出した。,,
Message,dashed with it towards the door.  But the harp called out,しかしハープは大きな声で叫んだ。,,
Message,"quite loud: ""Master!  Master!"" and the ogre woke up just in",「ご主人様！ご主人様！」鬼はちょうどその時目を覚まし、,,
Message,time to see Jack running off with his harp.,ハープを持って逃げるジャックを目撃した。,,
Message,"[ Jack and the Beanstalk, from English Fairy Tales,",,,
Message,by Joseph Jacobs ],[『ジャックと豆の木』ジョセフ・ジェイコブズ著『英国の童話』より],,
Message,Your movements are only slowed slightly by your load.,荷物のせいで動きがわずかに鈍る。,,
Message,A bear trap closes on your foot!,トラバサミが足に噛みつく！,,
Message,Your fedora does not protect you.,あなたのフェドーラはあなたを守らない。,,
Message,You hear the wailing of the Banshee...,バンシーの悲鳴が聞こえる...,,
Message,You trigger a trap!,罠に引っ掛かった！,,
Message,But luckily the explosive charge is a dud!,だが幸いにも爆発物は不発弾だった！,,
Message,You are lucky!  Full moon tonight.,あなたは幸運だ！ 今夜は満月だ。,,
Message,You see an image of someone stalking you.,誰かにストーカーされているイメージが見える。,,
Message,But it disappears.,だがそれは消える。,,
Message,The water is foul!  You gag and vomit.,水が汚い！ 吐き気を催し、嘔吐する。,,
Message,Clean yourself off with this towel,このタオルで体を拭け,,
Message,Wipe the floor with this towel,このタオルで床を拭け,,
Message,Put this on to blindfold yourself,これを被って目隠ししろ,,
Message,Your towel gets dusty.,タオルがほこりまみれになる。,,
Message,Your face and hands are already clean.,顔と手はすでにきれいだ。,,
Message,a towel around your head,頭に巻いたタオル,,
Message,The harp produces very attractive music.,ハープは非常に魅力的な音楽を生み出す。,,
Message,Hit yourself with this cream pie,このクリームパイで自分を叩け,,
Message,You immerse your face in the cream pie.,クリームパイに顔を突っ込む。,,
Message,You can't see through all the sticky goop on your face.,顔中べとべとで何も見えない。,,
Message,What a mess!,なんて散らかりよう！,,
Message,Don't know what to hit.,何を打てばいいかわからない。,,
Message,It won't come off the hinges.,蝶番から外れない。,,
Message,"Fortunately, you are wearing a hard helmet.",幸い、あなたは頑丈な兜を被っている。,,
Message,[already wearing a mail],[既に鎖帷子を装備中],,
Message,An endless stream of snakes pours forth!,蛇の無限の群れが溢れ出る！,,
Message,You see no objects here.,ここには何もない。,,
Message, There is a full moon in effect., 満月の効果が発生中。,,
Message,The plumbing connects it to the floor.,配管が床と繋がっている。,,
Message,"Yuk, this water tastes awful.",うわっ、この水、まずい。,,
Message,You hear snatches of song from among the sewers...,配管の中から断片的な歌声が聞こえる...,,
Message,The water moves as though of its own will!,水はまるで意思を持つかのように動く！,,
Message,Some orange liquid flows from the faucet.,蛇口からオレンジ色の液体が流れ出る。,,
Message,This water contains toxic wastes!,この水には有害廃棄物が含まれている！,,
Message,You undergo a freakish metamorphosis!,あなたは奇妙な変身を遂げる！,,
Message,a stream of orange fluid,オレンジ色の液体の流れ,,
Message,like a new woman,まるで新しい女性のように,,
Message,like a new man,まるで新しい男性のように,,
Message,The pipes break!  Water spurts out!,パイプが破裂！水が噴き出す！,,
Message,"Grateful for his release, he grants you a wish!",解放に感謝し、彼は願いを叶えてくれる！,,
Message,You may wish for an object.,あなたは物体を願い事の対象にできる。,,
Message,For what do you wish?,何を願う？,,
Message,Nothing fitting that description exists in the game.,該当する物体はゲーム内に存在しない。,,
Message,For what do you wish (enter 'help' for assistance)?,何を願う？（ヘルプが必要な場合は『help』と入力）,,
Message,Wish details:,願い事の詳細：,,
Message,"Enter the name of an object, such as ""potion of monster detection"",",物体の名前を入力（例：「potion of monster detection」「scroll labeled README」,,
Message,"""scroll labeled README"", ""elven mithril-coat"", or ""Grimtooth""",「elven mithril-coat」「Grimtooth」など）,,
Message,(without the quotes).,（引用符は不要）,,
Message,"For object types which come in stacks, you may specify a plural name",スタック可能な物体の種類については、複数形,,
Message,"such as ""potions of healing"", or specify a count, such as ""1000 gold",（例：「potions of healing」または数量「1000 gold pieces」など）,,
Message,"pieces"", although that aspect of your wish might not be granted.",ただし、数量面は願いが叶わない場合あり。,,
Message,You may also specify various prefix values which might be used to,アイテムを修飾する接頭辞,,
Message,"modify the item, such as ""uncursed"" or ""rustproof"" or ""+1"".",（例：「uncursed」または「rustproof」または「+1」など）,,
Message,Most modifiers shown when viewing your inventory can be specified.,インベントリ表示で表示されるほとんどの修飾子を指定可。,,
Message,You may specify 'nothing' to explicitly decline this wish.,この願いを明示的に拒否するには「nothing」と指定。,,
Message,Doing so will preserve 'wishless' conduct.,これにより「願いなし」の状態が維持されます。,,
Message,"If you specify an unrecognized object name one more time,",認識されないオブジェクト名を再度指定した場合、,,
Message,a randomly chosen item will be granted.,ランダムに選ばれたアイテムが与えられます。,,
Message,(Suppress this assistance with !cmdassist in your config file.),（このヘルプは設定ファイルで !cmdassist を指定すると抑制されます。）,,
Message,You spot a gem in the sparkling waters!,きらめく水面に宝石を見つけた！,,
Message,Here lies Johnny Yeast.  Pardon me for not rising.,ここにジョニー・イースト眠る。起き上がれぬことをお許しあれ。,,
Message,This tastes like water.,これは水みたいな味がする。,,
Message,Water gushes forth from the overflowing fountain!,溢れ出る泉から水が噴き出す！,,
Message,This scroll seems to be blank.,この巻物は空白のようだ。,,
Message,This spellbook is all blank.,この魔法書は全て空白だ。,,
Message,Read this scroll,この巻物を読む,,
Message,Read this spellbook,この魔法書を読む,,
Message,There's some graffiti on the stairs here.,階段に落書きがある。,,
Message,You hear clanking from the pipes...,パイプからガチャンという音が聞こえる...,,
Message,You shudder for a moment.,一瞬、身震いする。,,
Message,You hear maniacal laughter in the distance.,遠くで狂った笑い声が聞こえる。,,
Message,Put this amulet on,この護符を身につける,,
Message,The water is contaminated!,水が汚染されている！,,
Message,You are suddenly moving much faster.,突然、動きがずっと速くなった。,,
Message,Your quickness feels very natural.,その素早さはとても自然に感じられる。,,
Message,Items you just picked up,今拾ったアイテム,,
Message,You hear rumbling in the distance.,遠くでゴロゴロという音が聞こえる。,,
Message,They say that a stethoscope is no good if you can only hear your heartbeat.,聴診器は自分の鼓動しか聞かないならば役立たずだ。,,
Message,Use this leaf as a whistle,この葉っぱを笛として使え,,
Message,The world spins and goes dark.,世界は回り 暗闇に沈む。,,
Message,You are conscious again.,君は再び意識を取り戻す。,,
Message,You produce a high whistling sound.,君は甲高い笛音を奏でる。,,
Message,The mixture glows brightly and,混合物が明るく輝き、それ,,
Message,"The mixture bubbles, then clears.",泡立ち、やがて澄み渡る。,,
Message, It is nighttime., 夜です。 ,,
Message, You are temporarily blind., 一時的に目が見えなくなる。,,
Message,"Moreover, you have no gold.",さらに、金も持っていない。,,
Message,You suddenly yearn for your distant homeland.,突然、遠い故郷を懐かしく思う。,,
Message,The statue comes to life!,像が動き出す！,,
Message,your magical energy drain away,あなたの魔力が枯渇する,,
Message,The scroll erupts in a tower of flame!,巻物が炎の塔となって爆発する！,,
Message,Wow!  This makes you feel good!,わあ！これ、気持ちいい！,,
Message,This water's no good!,この水、まずい！,,
Message, Total elapsed playing time is none., 合計経過プレイ時間はなし。,,
Message,Are you waiting to get hit?  Use 'm' prefix to force a no-op (to rest).   ,攻撃されるのを待っているのか？ 『m』 接頭辞で強制的に何もしない（休息）状態にできる。,,
Message,You are surrounded by darkness!,あなたは闇に包まれています！,,
Message,You have already identified the rest of your possessions.,あなたはすでに所持品の残りを確認済みです。,,
Message,Click!  You trigger a rolling boulder trap!,カチッ！転がる岩の罠を発動させた！,,
Message,"Roland hath set the Olifant to his mouth,",ローランドはオリファントを口元に当て,,
Message,"He grasps it well, and with great virtue sounds.",しっかりと握りしめ、力強く響かせる,,
Message,"High are those peaks, afar it rings and loud,",高くそびえる峰々、遠くまで響き渡る,,
Message,Thirty great leagues they hear its echoes mount.,三十リーグも離れた地でさえ、その反響が聞こえる,,
Message,"So Charles heard, and all his comrades round;",シャルルも、周囲の仲間たちもそれを聞いた,,
Message,"Then said that King: ""Battle they do, our counts!""",すると王は言った「我らの伯爵たちは戦っているのだ！」,,
Message,"And Guenelun answered, contrarious:",しかしグヌレヌは反論した,,
Message,"""That were a lie, in any other mouth.""",「他の者の口なら、それは嘘だろう」,,
Message,[ The Song of Roland ],[ローランの歌],,
Message,"While pretending to be a fancy safety lamp, it is in fact",高級な安全ランプを装っているが、実は,,
Message,"battery powered.  A discreet little switch is marked ""on/off""",電池式である。控えめな小さなスイッチには,,
Message,in elaborate lettering.,「on/off」と凝った文字で記されている。,,
Message,"[ Adventure 770, by Mike Arnautov ]",[アドベンチャー 770、マイク・アルナウトフ著],,
Message,The door absorbs your bolt!,扉があなたのボルトを吸収した！,,
Message,"They say that sinks and armor don't mix, take your cloak off now!",罪と鎧は相容れないと言う、今すぐマントを脱げ！,,
Message,They say that shopkeepers often have a large amount of money in their purses.,店主は財布に多額の金を持っていることが多いと言う。,,
Message,Blow this whistle,この笛を吹け,,
Message,The door is razed!,扉は破壊された！,,
Message,This wall seems too hard to dig into.,この壁は掘るのが難しすぎるようだ。,,
Message,"""Who dared dig into my shop?""",「誰が私の店を掘ったんだ？」,,
Message,You hear a nearby zap.,近くでパチッという音が聞こえる。,,
Message,The door absorbs the bolt!,ドアがボルトを吸収する！,,
Message,Something seems to be holding you.,何かが君を押さえつけているようだ。,,
Message,Moving the altar would be a very bad idea.,祭壇を動かすのは非常に悪い考えだ。,,
Message,Look at the pattern on the shirt,シャツの柄を見る,,
Message,The osaku is a small tool for picking locks.,オサックは錠を開けるための小さな道具です。,,
Message,Grapple something with this hook,この鉤で何かを引っかける,,
Message,"But as for Queequeg -- why, Queequeg sat there among them --",しかしクイークエグについてはーなんとクイークエグは彼らの間に座っていたー,,
Message,"at the head of the table, too, it so chanced; as cool as an",ちょうどテーブルの頭座にもなったのだが、氷柱のように,,
Message,icicle.  To be sure I cannot say much for his breeding.  His,涼しい顔で。 確かに彼の教養についてはあまり褒められない。,,
Message,greatest admirer could not have cordially justified his,彼の最大の賛美者でさえ、朝食に銛を持ち込み、何の遠慮もなくそれを使い、,,
Message,"bringing his harpoon into breakfast with him, and using it",テーブル越しにそれを伸ばして,,
Message,"there without ceremony; reaching over the table with it, to",多くの頭が危険に晒される中、,,
Message,"the imminent jeopardy of many heads, and grappling the",ビーフステーキを自分の方へ引っ張り寄せる行為を,,
Message,beefsteaks towards him.,心から正当化することはできなかっただろう。,,
Message,"[ Moby Dick, by Herman Melville ]",[ハーマン・メルヴィル著『白鯨』],,
Message,Continue eating?,食べ続ける？,,
Message, You are satiated., あなたは満腹だ。,,
Message,Your purse feels lighter.,財布が軽くなった気がする。,,
Message,You made the top ten list!,トップ10入りを果たしました！,,
Message,You suddenly fall asleep!,突然、あなたは眠りに落ちる！,,
Message,You can't even move a handspan with this load!,この重みでは手のひら一つ分も動けない！,,
Message,You collapse under your load.,荷物の重みで崩れ落ちる。,,
Message,It misses.,外れる。,,
Message,You can't jump; you have no legs!,跳べない！足がない！,,
Message,You tremble under your load.  Movement is still very hard.,荷物の重みで震える。移動は依然として非常に困難。,,
Message,You are physically incapable of picking anything up.,物理的に物を拾うことができない。,,
Message,You dishonorably attack the innocent!,無実の者を卑劣に攻撃する！,,
Message,You engulf it!,飲み込む！,,
Message,It is covered with your goo!,粘液で覆われる！,,
Message,You return to human form!,人間の姿に戻る！,,
Message,You don't have anything to wear.,着るものがない。,,
Message,What do you want to name?,何に名前を付けますか？,,
Message,I see nobody there.,誰もいないようだ。,,
Message,THUD!,ドスン！,,
Message,You break open the lock!,錠を壊した！,,
Message,You hear convulsive ravings.,痙攣的な妄言が聞こえる。,,
Message,You hear snoring snakes.,蛇のいびきが聞こえる。,,
Message,You don't have enough energy to cast that spell.,その呪文を唱えるだけのエネルギーが足りない。,,
Message,You are wielding that.  Ready it instead?,あなたはそれを装備している。代わりに装備する？,,
Message,You hear a muffled shatter.,かすかな割れる音が聞こえる。,,
Message,The samurai's last meal before battle.  It was usually made,戦いの前の侍の最後の食事。通常は,,
Message,"up of cooked chestnuts, dried seaweed, and sake.",焼き栗、干し海苔、酒で構成されていた。,,
Message,A nunchaku is two sections of wood (or metal in modern,ヌンチャクは、紐や鎖で連結された二つの木製（現代版では金属製）の棒である。,,
Message,incarnations) connected by a cord or chain.  There is much,その起源については諸説あり、,,
Message,controversy over its origins; some say it was originally a,中国発祥の武器とする説、,,
Message,"Chinese weapon, others say it evolved from a threshing flail;",脱穀用のフレイルから発展したとする説、,,
Message,one theory purports that it was developed from a horse's bit.,馬の口銜（くつわ）が起源とする説などがある。,,
Message,"Chinese nunchaku tend to be rounded, whereas Japanese are",中国のヌンチャクは丸みを帯びている傾向があるのに対し、,,
Message,"octagonal, and they were originally linked by horse hair.",日本のものは八角形で、元々は馬の毛で連結されていた。,,
Message,"There are many variations on the nunchaku, ranging from the",ヌンチャクには様々なバリエーションがあり、,,
Message,"three sectional staff (san-setsu-kon nunchaku), to smaller",三節棍ヌンチャクから,,
Message,multi-section nunchaku.  The nunchaku was popularized by,小型の多節ヌンチャクまで様々である。,,
Message,"Bruce Lee in a number of films, made in both Hollywood and",ヌンチャクはブルース・リーがハリウッドと香港の両方で制作された,,
Message,Hong Kong.,数々の映画で普及させた。,,
Message, You are hungry., あなたは空腹だ。,,
Message,They say that no one plays NetHack just for the fun of it.,NetHackをただ楽しむためだけにプレイする者はいないと言われている。,,
Message,Only adventurers of evil alignment think of killing their dog.,邪悪な性質の冒険者だけが、飼い犬を殺そうと考える。,,
Message,Be careful when eating bananas.  Monsters might slip on the peels.,バナナを食べる時は気をつけて。モンスターが皮で滑るかもしれない。,,
Message,"They say that and they say this but they never say never, never!",彼らはあれもこれも言うけれど「絶対にない」なんて決して言わない、絶対に！,,
Message,They say that the view from a fog cloud is really very moving.,霧雲から見る景色は実に感動的だと言う。,,
Message,It is dangerous to visit a graveyard at midnight.,真夜中に墓地を訪れるのは危険だ。,,
Message,They say that a quivering blob tastes different than a gelatinous cube.,震えるブロブは、ゼラチン質の立方体とは味が違うと言う。,,
Message,1st Law of Hacking:  leaving is much more difficult than entering.,ハッキングの第一法則：脱出は侵入よりも遥かに難しい。,,
Message,Any small object that is accidentally dropped will hide under a larger object.,誤って落とした小さな物は、必ず大きな物の下に隠れてしまう。,,
Message,Digging up a grave could be a bad idea...,墓を掘り返すのは良くないかもしれない...,,
Message,You're going into the morgue at midnight???,真夜中に遺体安置所に入るの？？？,,
Message,They say that finding worthless glass is worth something.,取るに足らないガラスの価値を見つけることこそ価値があるという。,,
Message,Eating a tengu is like eating a nymph.,天狗を食べるのは、精霊を食べるようなものだ。,,
Message,Surviving the full extent of the mines could mean that your luck is changing.,地雷原を完全に突破したということは、君の運が変わりつつあることを意味するかもしれない。,,
Message,They say that a loadstone has a strange attraction and is not bad luck.,磁石には不思議な引力があり、不運をもたらすものではないと言われている。,,
Message,A good amulet may protect you against guards.,良い護符があれば、警備員から身を守れるかもしれない。,,
Message,They say that fortune cookies are food for thought.,占いクッキーは考えさせる食べ物だと言われている。,,
Message,Half Moon tonight. ,今夜は半月。,,
Message,At least it's better than no Moon at all.,少なくとも、月が全く見えないよりはましだ。,,
Message,They say that gaining a level is an experience that can raise your sights.,レベルアップは視野を広げる経験だと言われている。,,
Message,They say that no one notices the junk underneath a boulder.,岩の下に隠されたガラクタに誰も気づかないと言う。,,
Message,They say that it only takes 1 zorkmid to meet the Kops.,たった1ゾークミドで、コップスに会うことができると言う。,,
Message,Blind?  Catch a floating eye!,盲目？ 浮かぶ目を捕まえろ！,,
Message,They say that dragon scales can be quite enchanting.,ドラゴンの鱗はかなり魅惑的だと言う。,,
Message,Grave robbers sometimes get rich.,墓荒らしが金持ちになることもある。,,
Message,Killer bees keep appearing till you kill their queen.,女王蜂を殺さない限り、殺人蜂は現れ続けます。,,
Message,Psst!  It's done with mirrors!,シーッ！ 鏡のトリックだよ！,,
Message,It is rumored that the Wizard has hired some help.,噂によると、魔法使いは何人かの助っ人を雇ったらしい。,,
Message,There is a trap on this level!,この階に罠がある！,,
Message,Lizard corpses protect against cockatrices.,トカゲの死骸はコカトリスから身を守ってくれる。,,
Message,You may discover a fine spirit inside a potion bottle.,薬瓶の中に、素晴らしい魂が宿っていることに気づくかもしれない。,,
Message,I wouldn't advise playing catch with a giant.,巨人とはキャッチボールをするのはお勧めしません。,,
Message,"Dogs of ghosts aren't angry, just hungry.",幽霊の犬は怒っているわけではない。ただ腹を空かせているだけだ。,,
Message,Some monsters can be tamed.  I once saw a hacker with a tame dragon!,一部のモンスターは飼いならせる。かつてハッカーが飼いならしたドラゴンを目撃したことがある！,,
Message,Ever lifted a dragon corpse?,竜の死骸を運んだことあるか？,,
Message,You offend Shai-Hulud by sheathing your crysknife without having drawn blood.,血を流さずにクライスナイフを鞘に収めることは、シャイ・フルードへの冒涜である。,,
Message,There is no harm in praising a large dog.,大きな犬を褒めても害はない。,,
Message,There is a big treasure hidden in the zoo!,動物園に大きな宝物が隠されている！,,
Message,"Row (3x) that boat gently down the stream, Charon (4x), death is but a dream.",小舟（三度）そっと川を下れ　カロン（四度）よ　死など夢の如し,,
Message,Ever heard hissing outside?  I *knew* you hadn't!,外でシューッって音聞いたことある？　きっとないだろ！,,
Message,They say that escaping a dungeon is only the beginning of the end.,ダンジョンからの脱出は、終わりのはじまりに過ぎないと言う。,,
Message,They say that soldiers are always prepared and usually protected.,兵士は常に準備ができており、通常は身を守っていると言われている。,,
Message,They say that golden nagas are law-abiding denizens as long as you are too.,黄金のナーガは、あなたもそうである限り、法を遵守する住人だと言われている。,,
Message,They say that there once was a fearsome chaotic samurai called Luk No.,昔、ルクという恐ろしい混沌の侍がいたと言う。,,
Message,Gems are too precious to be thrown away carelessly.,宝石はあまりにも貴重なので、軽々しく捨てることはできない。,,
Message,They say that when you wear a circular amulet you might resemble a troll.,円形のお守りを身につけると、トロールのように見えたりするという。,,
Message,The gods don't appreciate pesky priesthood.,神々は厄介な聖職者どもを快く思っていない。,,
Message,The moon is not the only heavenly body to influence this game.,このゲームに影響を与える天体は月だけではない。,,
Message,No easy fighting with a heavy load!,重い荷物を背負っての戦いは楽じゃない！,,
Message,They say that shopkeepers never sell blessed potions of invisibility.,店主たちは決して祝福された透明化の薬を売らないと言う。,,
Message,They say that you can't break an amulet of reflection.,反射のお守り（護符）は決して壊せないと言われている。,,
Message,"Conserve energy, turn off the lights.",省エネのために、電気を消しましょう。,,
Message,A wand can exorcize a past explorer's ghost.,杖は過去の探検家の亡霊を祓うことができる。,,
Message,A fading corridor enlightens your insight.,薄れゆく通路があなたの洞察を照らす。,,
Message,They say that a cat named Morris has nine lives.,モリスという名の猫は九つの命を持っていると言われている。,,
Message,A visit to the Zoo is very educational; you meet interesting animals.,動物園への訪問はとても教育的です。興味深い動物たちに会えます。,,
Message,They say that in the dungeon it's not what you know that really matters.,ダンジョンでは、知っていることなど大した意味を持たないと言う。,,
Message,They say that nobody expects a unicorn horn to rust.,誰もユニコーンの角が錆びるとは思わないものだと言う。,,
Message,They say that nothing can change the fact that some potions contain a djinni.,一部のポーションが精霊を閉じ込めているという事実を、何ものも変えられないと言われている。,,
Message,When in a maze follow the right wall and you will never get lost.,迷路では右側の壁に沿って進めば、決して迷うことはない。,,
Message,Most monsters can't swim.,ほとんどのモンスターは泳げない。,,
Message,They say that you should be careful while climbing the ladder to success.,成功への階段を上る際には慎重であるべきだと言われている。,,
Message,Shopkeepers can spot a tourist a mile away with those Hawaiian shirts.,店主たちは、ハワイアンシャツ姿の観光客なら、遠くから見てもすぐに見分けがつく。,,
Message,They say that a diamond is another kind of luck stone.,ダイヤモンドもまた一種の幸運の石だと言われている。,,
Message,"2nd Law of Hacking:  first in, first out.",ハッキングの第二法則：先入れ先出し。,,
Message,They say that demigods must leave behind their prized earthly possessions.,半神(demigods)は、この世で最も大切な所有物を残して去らねばならないと言われている。,,
Message,They say that a helm of brilliance is not to be taken lightly.,輝きの兜は侮るがわきまえないものだという。,,
Message,Ever seen a leocrotta dancing the tengu?,レオクロッタが天狗踊りを踊るのを見たことあるか？,,
Message,They say that you should never try to leave the dungeon with a bag of gems.,宝石の入った袋を持ってダンジョンから出ようとするなと言う。,,
Message,"Spinach, carrot, and jelly -- a meal fit for a nurse!",ほうれん草、にんじん、ゼリー――看護師にぴったりの食事だ！,,
Message,They say that only angels play their harps for their pets.,天使だけがペットのためにハープを奏でると言われている。,,
Message,They say that a cursed scroll of teleportation could land you in trouble.,呪われた転移の巻物はトラブルの元になると言われている。,,
Message,They say that an incubus named Izzy sometimes makes women feel sensitive.,イジーという名のインキュバスは、時に女性を敏感にさせると言われている。,,
Message,Keep a clear mind:  quaff clear potions.,心を澄ませよ：澄んだ薬を飲み干せ。,,
Message,They say that dungeoneers prefer dark chocolate.,ダンジョン探検家はダークチョコレートを好むという。,,
Message,They say that a long sword is not a light sword.,長剣は軽剣ではないという。,,
Message,Close the door!  You're letting the heat out!,扉を閉めろ！熱が逃げるぞ！,,
Message,Got a question?  Try rec.games.roguelike.nethack.,質問があるか？ rec.games.roguelike.nethack を試せ。,,
Message,They say that you should never sleep near invisible ring wraiths.,見えない指輪の亡霊のそばで眠るなという。,,
Message,Eating a wraith is a rewarding experience!,レイスを食べるのはやりがいのある体験だ！,,
Message,They say that an altar can identify blessings.,祭壇は祝福を識別できると言う。,,
Message,"They say that if you live by the sword, you'll die by the sword.",剣で生きる者は剣で死ぬと言う。,,
Message,They say that abusing a credit card could shock you sooner or later.,クレジットカードを乱用すれば、遅かれ早かれショックを受けると言う。,,
Message,Those who wield a cockatrice corpse have a rocky road ahead of them.,コカトリスの死体を扱う者は、険しい道が待ち受けている。,,
Message,They say that NetHack bugs are Seldon planned.,NetHackのバグはセルドン計画だと言う。,,
Message,They say that reading a scare monster scroll is the same as saying Elbereth.,恐怖の魔物巻物を読むのはエルベレスを唱えるのと同じだと言う。,,
Message,Try calling your katana Moulinette.,刀をムーリネットと呼んでみよう。,,
Message,They say that you can train a dog by talking firmly to it.,犬にはきっぱりと話しかけることで訓練できると言う。,,
Message,They say that in time a blessed luckstone can make your god happy.,時が経てば、祝福された幸運石は神を喜ばせると言われている。,,
Message,They say that sometimes you can be the hit of the party when playing a horn.,角笛を吹けば、パーティーの主役になれることもあると言われている。,,
Message,Ever tamed a shopkeeper?,店主を飼いならしたことはあるか？,,
Message,They say that once you've met one wizard you've met them all.,魔法使いは一人会えば全員会ったも同然だと言われている。,,
Message,They say that when you're hungry you can get a pizza in 30 moves or it's free.,お腹が空いたら、30手以内にピザを届けてもらえ、届かなければ無料だと言われている。,,
Message,"The best equipment for your work is, of course, the most expensive.",仕事に最適な装備は、もちろん最も高価なものだ。,,
Message,Bashing monsters with a bow is not such a good idea.,弓でモンスターを叩くのはあまり良い考えではない。,,
Message,There is a Mastermind deep in the dungeon.,ダンジョンの奥深くに首謀者が潜んでいる。,,
Message,You are destined to be misled by a fortune.,お前は運命によって誤った道に導かれる。,,
Message,Never teach your pet rust monster to fetch.,錆びたモンスターに物を持ってこいとは決して教えるな。,,
Message,They say that a clever wizard can have stats:  18/** 24 18 24 24 24.,賢い魔法使いはステータス値がこうなるという：18/** 24 18 24 24 24。,,
Message,Getting too warm?  Take off that Amulet of Yendor and stay away from the exit!,暑くなってきた？ それならイェンドールのお守りを外し、出口から離れろ！,,
Message,Kill a unicorn of your color and you kill your luck.,自分の色のユニコーンを倒せば、運も失う。,,
Message,Elf has extra speed.,エルフは追加の移動速度を持つ。,,
Message,Sticks and stones may break your bones but manes will never hurt you.,棒や石は骨を折るかもしれないが、たてがみは決して傷つけない。,,
Message,"They say that tengu don't wear rings, why should you?",天狗は指輪を嵌めないと言うが、お前が嵌める必要があるか？,,
Message,They say that naturally a wand of wishing would be heavily guarded.,願いの杖は当然厳重に守られていると言う。,,
Message,They say that a summoned demon could improve your game.,召喚された悪魔は戦力を向上させると言う。,,
Message,"Do you want to make more money?  Sure, we all do!  Join the Fort Ludios guard!",もっと稼ぎたいか？ もちろん、皆そうだろう！ ルディオス要塞警備隊へ加入せよ！,,
Message,Wanted: shopkeepers.  Send a scroll of mail to Mage of Yendor/Level 35/Dungeon.,募集：店主。 魔法使いのヤンドール/レベル35/ダンジョンへ郵便巻物を送れ。,,
Message,"This fortune cookie is the property of Fortune Cookies, Inc.",この占いクッキーは占いクッキー社の所有物である。,,
Message,You may want to dip into a potion of bottled blessings.,瓶詰め祝福のポーションに浸すのも一興だ。,,
Message,A priest can get the gods to listen easily.,司祭なら神々の耳を容易に傾けられる。,,
Message,They say that the Hand of Elbereth can hold up your prayers.,エルベレスの手は祈りを支えると伝えられている。,,
Message,Drinking potions of booze may land you in jail if you are under 21.,酒のポーションを飲むと、21歳未満なら牢屋行きだ。,,
Message,You choke on the fortune cookie.  --More--,占いクッキーでむせ返る。 --More--,,
Message,"They say that shopkeepers never carry more than 20 gold pieces, at night.",店主は夜、20ゴールド以上は持ち歩かないと言われている。,,
Message,Polymorph into an ettin; meet your opponents face to face to face.,エティンに変身せよ。敵と真正面から向き合え。,,
Message,They say that a large dog named Lassie will lead you to the amulet.,ラッシーという名の大きな犬が、お守りに導いてくれるという。,,
Message,They say that an attic is the best place to hide your toys.,屋根裏はおもちゃを隠すのに最適な場所だと言う。,,
Message,They say that it's not blind luck if you catch a glimpse of Medusa.,メデューサを一瞥できても、それはまぐれではないと言う。,,
Message,They say that finding a cursed gray stone is always bad luck.,呪われた灰色の石を見つけると必ず不運が訪れると言う。,,
Message,Only real wizards can write scrolls.,真の魔法使いだけが巻物を書ける。,,
Message,They say that eating blue jelly is cool if you don't fight the feeling.,青いゼリーを食べるのは、その感覚に逆らわなければクールだと言う。,,
Message,The meek shall inherit your bones files.,柔和な者は汝の骨ファイルを継ぐであろう。,,
Message,A staff may recharge if you drop it for awhile.,杖はしばらく落とせば再充電されるかもしれない。,,
Message,It is the letter 'c' and not 'e' that changes status to statue.,『c』という文字が『e』ではなく、状態を像に変えるのだ。,,
Message,"As Crom is my witness, I'll never go hungry again!",クロムを証人として誓う、二度と飢えることはない！,,
Message,Balrogs do not appear above level 20.,バルログはレベル20以上では出現しない。,,
Message,Eat your carrots.  They're good for your eyes.,人参を食べなさい。目に良いから。,,
Message,Someone's been spiking the pits!,誰かが穴に毒を盛っている！,,
Message,They say that most trolls are born again.,トロルのほとんどは生まれ変わるという。,,
Message,"They say that blue stones are radioactive, beware.",青い石は放射能を持つ、警戒せよ。,,
Message,A monstrous mind is a toy forever.,怪物の心は永遠の玩具だ。,,
Message,"Whatever can go wrong, will go wrong.",間違える可能性のあることは、必ず間違える。,,
Message,Let your fingers do the walking on the yulkjhnb keys.,指でyulkjhnbキーを歩き回らせろ。,,
Message,Shopkeepers value money more than revenge.,店主は復讐より金を重んじる。,,
Message,They say that a shaman can bestow blessings but usually doesn't.,シャーマンは祝福を与えられるが、通常は与えないと言う。,,
Message,They say that a cat avoids traps.,猫は罠を避けると言う。,,
Message,Playing Gauntlet might be enlightening in some situations.,ガントレットをプレイすると、ある状況では啓発されるかもしれない。,,
Message,They say that monsters never step on a scare monster scroll.,モンスターは決して怪物の巻物の上を歩かないと言う。,,
Message,"""So when I die, the first thing I will see in heaven is a score list?""",「じゃあ俺が死んだら、天国で最初に目にするのはスコアリストか？」,,
Message,They say that some shopkeepers recognize gems but they won't tell you.,宝石を見分けられる店主もいるが、教えてくれないと言う。,,
Message,They say that mummy corpses are not well preserved.,ミイラの死体は保存状態が悪いという。,,
Message,They say that you are what you eat.,人は食べたものでできているという。,,
Message,"They say that eggs, pancakes and juice are just a mundane breakfast.",卵、パンケーキ、ジュースは平凡な朝食に過ぎないという。,,
Message,You feel like someone is pulling your leg.,誰かにからかわれている気がする。,,
Message,A rope may form a trail in a maze.,迷路ではロープが道筋を作るかもしれない。,,
Message,They say that there are no skeletons hence there are no skeleton keys.,骸骨は存在しないから万能鍵も存在しないという。,,
Message,They say that water walking boots are better if you are fast like Hermes.,水の上を歩けるブーツは、ヘルメスのように速い者向けだと言う。,,
Message,They say that only female monsters can lay eggs.,卵を産めるのは雌の怪物だけだと言う。,,
Message,They say that a gelatinous cube makes a healthy breakfast.,ゼラチン質キューブは健康的な朝食だと言う。,,
Message,They say that queen bees get that way by eating royal jelly.,女王蜂はローヤルゼリーを食べてそうなるのだと言う。,,
Message,They say that the idea of invisible Nazgul has a certain ring to it.,見えないナズグルという発想には、どこか響きがあると言う。,,
Message,Elbereth has quite a reputation around these parts.,エルベレスはこの辺りでかなりの評判だ。,,
Message,They say that a potion of monster detection sometimes works both ways.,モンスター探知の薬は時として逆効果になるという。,,
Message,They say that a hacker named David once slew a giant with a sling and a rock.,デイヴィッドという名のハッカーが投石器と石で巨人をも倒したという。,,
Message,They say that shopkeepers don't usually mind if you sneak into a shop.,店主に黙ってこっそり店に入っても大抵は気にしないという。,,
Message,Leprechauns hide their gold in a secret room.,レプラコーンは黄金を秘密の部屋に隠す。,,
Message,Nymphs are blondes.  Are you a gentleman?,ニンフは金髪だ。君は紳士か？,,
Message,They say a gelatinous cube can paralyze you...,ゼラチン状の立方体は麻痺させると言われている...,,
Message,You might trick a shopkeeper if you're invisible.,透明なら店主を騙せるかもしれない。,,
Message,They say that NetHack is just a computer game.,NetHackはただのコンピューターゲームだと言われている。,,
Message,They say that shopkeepers don't like pick-axes.,店主はつるはしを嫌うと言われている。,,
Message,They say there is a powerful magic item hidden in a castle deep down!,深い城に強力な魔法のアイテムが隠されていると言われている！,,
Message,They say that no one will admit to starting a rumor.,噂を始めたと認める者はいないと言う。,,
Message,"Sorry, no fortune this time.  Better luck next cookie!",ごめん、今回は運勢なし。次のクッキーで幸運を！,,
Message,They say that rubbing a glowing potion does not make it a magic lamp.,光る薬をこすっても魔法のランプにはならないと言う。,,
Message,Getting hungry?  Stop wearing rings!,お腹空いた？指輪を外せ！,,
Message,Ever tried reading while confused?,混乱しながら読書したことはあるか？,,
Message,Never play leapfrog with a unicorn.,ユニコーンと飛び石遊びをしてはいけない。,,
Message,They say that carrots and carrot juice may improve your vision.,ニンジンとニンジンジュースは視力を良くすると言う。,,
Message,They say that with a floating eye you could see in the dark.,浮遊眼があれば暗闇でも見えると言う。,,
Message,They say that a hacker Dorothy once rode a fog cloud to Oz.,ハッカーのドロシーが霧の雲に乗ってオズへ行ったと言う。,,
Message,Don't bother wishing for things.  You'll probably find one on the next level.,願い事をしても無駄だ。次の階層できっと見つかる。,,
Message,"Don't mess with shopkeepers, or you'll get the Guild after you.",店主を怒らせるとギルドに追われるぞ。,,
Message,They say that Vlad lives!!! ... in the mazes.,ヴラドは生きている！！！…迷宮に。,,
Message,They say that a desperate shopper might pay any price in a shop.,絶望的な買い物客は店ではどんな値段でも払うという。,,
Message,Vault guards never disturb their Lords.,金庫の警備員は決して主君を邪魔しない。,,
Message,They say that you should always be prepared for a final challenge.,最後の試練には常に備えるべきだという。,,
Message,Don't forget!  Large dogs are MUCH harder to kill than little dogs.,忘れるな！ 大型犬は小型犬よりずっと倒しにくい。,,
Message,They say that you can't wipe your greasy bare hands on a blank scroll.,脂ぎった素手で白紙の巻物を拭いてはいけないと言う。,,
Message,They say that a dwarf lord can carry a pick-axe because his armor is light.,ドワーフの領主は鎧が軽いからつるはしを携えられると言う。,,
Message,This fortune cookie is copy protected.,この占いクッキーはコピー保護されています。,,
Message,They say that chaotic characters never get a kick altars.,混沌のキャラクターは祭壇で決してキックを得られないと言う。,,
Message,They say that a gold doubloon is worth more than its weight in gold.,金貨は金そのものの重さ以上の価値があると言う。,,
Message,They say that the way to make a unicorn happy is to give it what it wants.,ユニコーンを喜ばせる方法は、その望みを叶えてやることだと言う。,,
Message,"A wish?  Okay, make me a fortune cookie!",願い事？ よし、おみくじを作ってくれ！,,
Message,They say that an ooze will bite your boots and a rock mole might eat them.,スライムはブーツを噛みつき、岩モグラはそれを食べるかもしれないと言う。,,
Message,Read the manual before entering the cave -- you might get killed otherwise.,洞窟に入る前に説明書を読めーさもないと命を落とすかもしれない。,,
Message,They say that nurses sometimes carry scalpels and never use them.,看護師はメスを携帯しているが決して使わないと言う。,,
Message,"Valkyries come from the north, and have commensurate abilities.",ヴァルキリーは北から現れ、それに相応しい能力を持つ。,,
Message,They say that something very special would be in a well-protected place.,何か特別なものが厳重に守られた場所にあるという。,,
Message,They say that a diamond dog is everybody's best friend.,ダイヤモンドドッグは誰にとっても最高の友達だという。,,
Message,You hear the fortune cookie's hissing!,占いクッキーがシューッという音を立てている！,,
Message,They say that a unicorn might bring you luck.,ユニコーンは幸運をもたらすかもしれないという。,,
Message,They say that what goes down the drain might come back up.,排水口に流れたものは戻ってくるかもしれないという。,,
Message,I wish I never wished a wand of wishing. Wishful thinking.,願いの杖を願わなければよかった。願望的思考。,,
Message,They say that a dog can be trained to fetch objects.,犬は物を取ってくるよう訓練できると言う。,,
Message,"One level further down somebody is getting killed, right now.",さらに一段階下では、今まさに誰かが殺されている。,,
Message,A ring of dungeon master control is a great find.,ダンジョンマスター制御の指輪は素晴らしい発見だ。,,
Message,What is a cockatrice going to eat when it gets hungry?,コカトリスは空腹になると何を食べるのか？,,
Message,They say that a xorn knows of no obstacles when pursuing you.,ゾーンは追跡に際し障害を知らないという。,,
Message,They say that only big spenders carry gold.,大金持ちだけが金を持ち歩くという。,,
Message,They say that a lock pick by any other name is still a lock pick.,ピッキングツールは名前を変えようがピッキングツールだという。,,
Message,Beware of the potion of nitroglycerin -- it's not for the weak of heart.,ニトログリセリンの薬液に気をつけろー心臓の弱い者には向かない。,,
Message,They say that greased objects will slip monsters' hands.,油を塗った物体はモンスターの手から滑り落ちるという。,,
Message,They say that you should call your armor `rustproof'.,鎧は「錆びない(rustproof)」と呼ぶべきだという。,,
Message,They say that there is a clever rogue in every hacker just dying to escape.,ハッカーの中には、脱出を渇望する賢いローグが潜んでいるという。,,
Message,"They say that Geryon has an evil twin, beware!",ゲリュオンには邪悪な双子がいる、警戒せよ！,,
Message,"If you kill the Wizard, you get promoted to demi-god.",ウィザードを倒せば、半神(demi-god)に昇格する。,,
Message,They say that any quantum mechanic knows that speed kills.,量子力学者は皆、スピードが命取りだと知っていると言う。,,
Message,"They say that in the dungeon you need something old, new, burrowed and blue.",ダンジョンでは古くて新しいもの、穴を掘ったもの、青いものが必要だと言う。,,
Message,The use of dynamite is dangerous.,ダイナマイトの使用は危険だ。,,
Message,They say that NetHack is never what it used to be.,NetHackは昔とは違うと言う。,,
Message,Old hackers never die:  young ones do.,老いたハッカーは死なない：若きハッカーは死ぬ。,,
Message,They say that a cave spider will occasionally eat cave spider eggs.,洞窟蜘蛛は時折、自らの卵を食べると言う。,,
Message,They say that scalpels become dull because they're not athames.,メスが鈍るのは、それがアターム（魔術用短剣）ではないからだと言う。,,
Message,Never use a wand of death.,死の杖は決して使うな。,,
Message,Always sweep the floor before engraving important messages.,重要なメッセージを刻む前には必ず床を掃け。,,
Message,They say that tengu never steal gold although they would be good at it.,天狗は金貨を盗むのが得意だが決して盗まないと言う。,,
Message,There are no worms in the UNIX version.,UNIX版には虫はいない。,,
Message,"They say that eating a bat corpse will make you batty, for a while.",コウモリの死骸を食べると一時的に頭がおかしくなるという。,,
Message,Wishing too much may bring you too little.,欲張りすぎると何も得られない。,,
Message,They say that it is easier to kill the Wizard than to make him stand still.,魔法使いを殺す方が、彼をじっとしておくより簡単だと言う。,,
Message,Inside a shop you better take a look at the price tags before buying anything.,店内で何かを買う前に、値札をよく確認したほうがいい。,,
Message,They say that prayer at an altar can sometimes make the water there holy.,祭壇での祈りは、そこに流れる水を聖なるものに変えることがあるという。,,
Message,Nymphs and nurses like beautiful rings.,ニンフも看護師も美しい指輪を好む。,,
Message,Ever fought with an enchanted tooth?,魔法の歯と戦ったことはあるか？,,
Message,They say that some shopkeepers consider gems to be family heirlooms.,宝石を家宝と見なす店主もいるという。,,
Message,They say that wielding a unicorn horn takes strength.,ユニコーンの角を振るうには力が必要だという。,,
Message,They say that donating a doubloon is extremely pious charity.,ダブロンを寄付するのは極めて信心深い慈善行為だという。,,
Message,You should certainly learn about quantum mechanics.,量子力学は必ず学ぶべきだ。,,
Message,They say that speed boots aren't fast enough to let you walk on water.,スピードブーツでは水の上を歩けないという。,,
Message,They say that it's not over till the fat ladies sing.,太った女が歌うまで終わらないという。,,
Message,They say that the experienced character knows how to convert an altar.,経験豊富なキャラクターは祭壇の転換法を知っているという。,,
Message,Afraid of your valuables being stolen?  Carry more junk!,貴重品を盗まれるのが怖い？ ならガラクタをもっと持ち歩け！,,
Message,Nymphs can unlink more than your chain mail.,ニンフは鎖帷子以上のものを解き放つ,,
Message,For a good time engrave `Elbereth'.,楽しい時間を過ごすには「エルベレス(Elbereth)」と刻め,,
Message,They say that a potion of yogurt is a cancelled potion of sickness.,ヨーグルトの薬は病の薬を無効にするという,,
Message,A blindfold can be very useful if you're telepathic.,テレパシー能力があるなら、目隠しはとても役に立つ。,,
Message,A candelabrum affixed with seven candles shows the way with a magical light.,七本のろうそくが取り付けられた燭台が、魔法の光で道を示す。,,
Message,A cream pie has two uses: food... and entertainment.,クリームパイには2つの使い道がある：食料……そして娯楽だ。,,
Message,A crystal plate mail will not rust.,クリスタルプレートメイルは錆びない。,,
Message,A katana might slice a worm in two.,刀ならワームを真っ二つにできるかもしれない。,,
Message,A magic vomit pump could be useful for gourmands.,魔法の嘔吐ポンプは美食家にとって便利かもしれない。,,
Message,A nymph knows how to unlock chains.,ニンフは鎖の解き方を知っている。,,
Message,A potion of blindness lets you see invisible things.,目潰しの薬を飲めば、不可視のものが見えるようになる。,,
Message,"A priestess and a virgin you might be, but that unicorn won't care.",おまえが女司祭で処女だろうと、あのユニコーンには関係ない。,,
Message,A ring of conflict is a bad thing if there is a nurse in the room.,部屋にナースがいる時に、紛争の指輪をはめるのは良くない。,,
Message,A short sword is not as good as a long sword.,ショートソードはロングソードほど良くはない。,,
Message,A succubus will go farther than a nymph.,サキュバスはニンフよりも遠くまで行くだろう。,,
Message,Acid blobs should be attacked bare-handed.,アシッド・ブロブは素手で攻撃すべきだ（冗談だ、やめておけ）。,,
Message,Affairs with nymphs are often very expensive.,ニンフとの浮気は、しばしば高くつく。,,
Message,Afraid of nymphs?  Wear a ring of adornment.,ニンフが怖い？ 装飾の指輪をはめるといい。,,
Message,Always be aware of the phase of the moon!,常に月の満ち欠けに注意せよ！,,
Message,Amulets of Yendor are hard to make.  Even for a wand of wishing.,イェンドールの護符を作るのは難しい。願いの杖をもってしてもだ。,,
Message,An elven cloak is useful against magic.,エルフのクロークは魔法に対して有効だ。,,
Message,An umber hulk can be a confusing sight.,アンバー・ハルクは混乱を招く光景だ。,,
Message,Asking about monsters may be very useful.,モンスターについて尋ねることは、非常に役立つかもしれない。,,
Message,Attack long worms from the rear -- that is so much safer!,ロングワームは後ろから攻撃しろ。そっちの方がずっと安全だ！,,
Message,Attacking an eel where there is none is usually a fatal mistake!,いない場所にイールを攻撃しにいくのは、大抵致命的なミスだ！,,
Message,Bandaging wounds helps keep up appearances.,傷口に包帯を巻くことは、外見を保つのに役立つ。,,
Message,Be careful!  The Wizard may plan an ambush!,気をつけろ！ 魔法使いが待ち伏せを計画しているかもしれない！,,
Message,Be nice to a nurse:  Put away your weapon and take off your clothes.,ナースには親切にしろ：武器をしまい、服を脱ぐんだ。,,
Message,Being digested is a painfully slow process.,消化されるというのは、苦痛を伴うゆっくりとしたプロセスだ。,,
Message,Blank scrolls make more interesting reading.,白紙のスクロールは、より興味深い読み物になる。,,
Message,Booksellers never read scrolls; they might get carried away.,本屋は決してスクロールを読まない。どこかへ連れ去られてしまうかもしれないからだ。,,
Message,Chemistry 101: Never pour water into acid.,化学入門：絶対に酸に水を注いではならない。,,
Message,"Concise conquest:  Control, confuse, conjure, condemn.",簡潔な征服：制御、混乱、召喚、非難。,,
Message,Dilithium crystals are rare indeed.,ジリチウムの結晶は本当に希少だ。,,
Message,Dogs are attracted by the smell of tripe.,犬はトリッパの匂いに引き寄せられる。,,
Message,Dogs are superstitious; they never step on cursed items.,犬は迷信深い。決して呪われたアイテムを踏まない。,,
Message,Don't lash out at people while blinded.,盲目状態の時に、あたりかまわず攻撃してはならない。,,
Message,Dragons never whip their children; they wouldn't feel it!,ドラゴンは決して子供を鞭打たない。子供たちは何も感じないからだ！,,
Message,Eating a freezing sphere is like eating a yeti.,フリーズ・スフィアを食べるのは、イエティを食べるようなものだ。,,
Message,Eating a killer bee is like eating a scorpion.,キラー・ビーを食べるのは、サソリを食べるようなものだ。,,
Message,Eating unpaid leprechauns may be advantageous.,代金を払っていないレプラコーンを食べるのは、有利に働くかもしれない。,,
Message,"Elf corpses are incompatible with the sandman, and at times the gods as well.",エルフの死体は眠りの精（サンドマン）と相性が悪く、時には神々とも相性が悪い。,,
Message,Elven cloaks cannot rust.,エルフのクロークは決して錆びない。,,
Message,Elves can help you feel less tired.,エルフは君が疲れを感じにくくなるように助けてくれる。,,
Message,Even evil players have a guardian angel.,邪悪なプレイヤーにさえ、守護天使がついている。,,
Message,Ever tried to put a troll into a large box?,トロールを大きな箱に入れようとしたことはあるか？,,
Message,Ever wondered why one would want to dip something in a potion?,なぜ何かを薬に浸そうとするのか、不思議に思ったことはあるか？,,
Message,Expensive cameras have penetrating flash lights.,高価なカメラは、貫通するフラッシュライトを備えている。,,
Message,Extra staircases lead to extra levels.,余分な階段は、予備の階層へと通じている。,,
Message,Fiery letters might deter monsters.,炎の文字はモンスターを阻止するかもしれない。,,
Message,Gods expect the best from their priesthood.,神々は、自らの聖職者たちに最善を期待している。,,
Message,Gods look down their noses at demigods.,神々は半神たちを鼻であしらっている。,,
Message,Gods love cats and dogs.,神々は猫と犬を愛している。,,
Message,Guy Montag keeps his scrolls in a bag.,ガイ・モンターグはスクロールをバッグの中に入れている。,,
Message,Handle your flasks carefully -- there might be a ghost inside!,フラスコは慎重に扱え。中に幽霊がいるかもしれないぞ！,,
Message,Holy water has many uses.,聖水には多くの使い道がある。,,
Message,"Horses trust their riders, even when not so deserved.",馬は乗り手を信頼している、たとえそれに値しない場合でも。,,
Message,Hunger is a confusing experience for a dog!,空腹は犬にとっては混乱を招く経験だ！,,
Message,I once knew a hacker who ate too fast and choked to death.,あまりに速く食べすぎて、喉を詰まらせて死んだハッカーを私は知っている。,,
Message,I smell a maze of twisty little passages.,入り組んだ小さな通路の迷宮の匂いがする。,,
Message,I wish I never wished a wand of wishing.  (Wishful thinking.),願いの杖なんて願わなければよかった。（それはただの「願い」にすぎないが。）,,
Message,I'm watching you.  -- The Wizard of Yendor,おまえを見ているぞ。 -- イェンドールの魔法使い,,
Message,Ice boxes keep your food fresh.,アイスボックスは食べ物を新鮮に保つ。,,
Message,"If you are being punished, it's done with a deadly weapon.",罰を受けているのなら、それは致命的な武器によるものだ。,,
Message,"If you need a wand of digging, kindly ask the minotaur.",穴掘りの杖が必要なら、ミノタウロスに親切に頼んでみろ。,,
Message,"If you want to hit, use a dagger.",命中させたいなら、短剣を使え。,,
Message,"If you want to rob a shop, train your dog.",店を強盗したいなら、犬を訓練しろ。,,
Message,"If you're lost, try buying a map next time you're in a shop.",道に迷ったのなら、今度店に行った時に地図を買うことだ。,,
Message,It is bad manners to use a wand in a shop.,店内で杖を使うのは無作法だ。,,
Message,It is not always a good idea to whistle for your dog.,犬を口笛で呼ぶのが常に良い考えとは限らない。,,
Message,It might be a good idea to offer the unicorn a ruby.,ユニコーンにルビーを捧げるのは良い考えかもしれない。,,
Message,It would be peculiarly sad were your dog turned to stone.,君の犬が石にされたとしたら、それは格別に悲しいことだ。,,
Message,It's a `d' eats `d' world.,それは「犬」が「犬」を食う世界だ。,,
Message,Just because it says READ ME doesn't mean you should.,「私を読め」と書いてあるからといって、読むべきだとは限らない。,,
Message,Keep your armors away from rust.,防具を錆から遠ざけろ。,,
Message,Keep your weaponry away from acids.,武器を酸から遠ざけろ。,,
Message,Leather is waterproof.  Ever see a cow with an umbrella?,革は防水だ。傘をさした牛を見たことがあるか？,,
Message,Leprechauns are the most skilled cutpurses in this dungeon.,レプラコーンはこのダンジョンで最も熟練したスリだ。,,
Message,"Money lost, little lost; honor lost, much lost; pluck lost, all lost.",金を失うのは一部を失うこと、名誉を失うのは多くを失うこと、勇気を失うのはすべてを失うことだ。,,
Message,Music hath charms to affect the stubborn drawbridge.,音楽には頑固な跳ね橋を動かす魅力がある。,,
Message,Music hath charms to soothe the savage beast.,音楽には猛獣をなだめる魅力がある。,,
Message,Never attack a guard.,決して衛兵を攻撃してはならない。,,
Message,Never ride a long worm.,決してロングワームに乗ってはならない。,,
Message,Never use your best weapon to engrave a curse.,決して最良の武器で呪いの言葉を刻んではならない。,,
Message,Not all boots were made for walking.,すべての靴が歩くために作られているわけではない。,,
Message,Nurses are trained to touch naked persons:  they don't harm them.,ナースは裸の人に触れる訓練を受けている。彼らは危害を加えない。,,
Message,"Once your little dog will be a big dog, and you will be proud of it.",やがて君の小さな犬は大きな犬になり、君はそれを誇りに思うだろう。,,
Message,Only female monsters can lay eggs.,卵を産めるのはメスのモンスターだけだ。,,
Message,"Opening a tin is difficult, especially when you attempt it bare handed!",缶を開けるのは難しい。特に素手でやろうとする時は！,,
Message,Orcs and killer bees share their lifestyle.,オークとキラー・ビーのライフスタイルは似通っている。,,
Message,Orcs do not procreate in dark rooms.,オークは暗い部屋では繁殖しない。,,
Message,Plain nymphs are harmless.,普通のニンフは無害だ。,,
Message,Playing AD&D may be helpful.,AD&D（アドバンスド・ダンジョンズ＆ドラゴンズ）をプレイすることは役立つかもしれない。,,
Message,Playing billiards pays when you are in a shop.,店にいる時にビリヤードをするのは得策だ。,,
Message,Polymorphing a shopkeeper might make you safer.,店主を変化（ポリモーフ）させることで、より安全になれるかもしれない。,,
Message,Polymorphing your dog probably makes you safer.,飼い犬を変化（ポリモーフ）させることは、おそらく君をより安全にする。,,
Message,"Potions don't usually mix, but sometimes...",ポーションは通常混ざらないが、時には……,,
Message,Put on a ring of teleportation:  it will take you away from onslaught.,テレポートの指輪をはめろ。猛攻撃から君を遠ざけてくれるだろう。,,
Message,"Rays aren't boomerangs, of course, but still...",光線はブーメランではないが、それでも……,,
Message,Reading Herbert might be enlightening in one case.,ハバート（デューン）を読むことは、ある場合には啓発的かもしれない。,,
Message,Reading Tolkien might help you.,トールキンを読むことは助けになるかもしれない。,,
Message,Reading scrolls after drinking booze can give confusing results.,酒を飲んだ後にスクロールを読むと、混乱した結果を招くことがある。,,
Message,Riding a dragon can be an uplifting experience.,ドラゴンに乗るのは気分が高揚する（物理的にも）経験だ。,,
Message,"Rust monsters love water.  There are potions they hate, however.",ラスト・モンスターは水を好む。しかし、彼らが嫌うポーションもある。,,
Message,Sacks protect contents from temperatures up to 452 degrees fahrenheit.,袋は中身を華氏452度までの温度から保護する。,,
Message,"Scrolls fading?  It's not the heat, it's the humidity.",スクロールが薄れてる？ それは暑さのせいじゃなく、湿度のせいだ。,,
Message,"Shopkeepers accept credit cards, as long as you pay cash.",店主はクレジットカードを受け付けている。現金で払う限りはな。,,
Message,Shopkeepers can't tell identical twins apart.,店主は一卵性双生児を見分けることができない。,,
Message,"Shopkeepers don't read, so what use is engraving in a shop?",店主は読み物をしない。店内で刻銘することに何の意味がある？,,
Message,Shopkeepers have incredible patience.,店主は驚くべき忍耐力を持っている。,,
Message,Shopkeepers might raise their prices for tourists.,店主は観光客に対して価格を吊り上げることがある。,,
Message,Someone once said that what goes up < might come down >.,上がったものは、いつか下がるかもしれないと言った者がいる。,,
Message,Sometimes monsters are more likely to fight each other than attack you.,時にはモンスターが君を攻撃するよりも、お互いに戦い合う可能性の方が高いことがある。,,
Message,Tainted meat is even more sickening than poison!,汚染された肉は毒よりもさらに気分を悪くさせる！,,
Message,"Telepathy is just a trick:  once you know how to do it, it's easy.",テレパシーはただのコツだ。やり方さえわかれば簡単だ。,,
Message,The Leprechaun Gold Tru$t is no division of the Magic Memory Vault.,レプラコーン・ゴールド信託は魔法の記憶保管庫（Vault）の部局ではない。,,
Message,The Wizard finds death to be quite an experience.,魔法使いは死ぬことを、なかなかの経験だと考えている。,,
Message,The gods will get angry if you kill your dog.,飼い犬を殺すと神々の怒りを買うぞ。,,
Message,The magic marker is mightier than the sword.,魔法のマーカーは剣よりも強し。,,
Message,The orc swings his orcish broadsword named Elfrist at you.  You die...,オークはエルフ殺し（Elfrist）という名のオークのブロードソードを振り下ろした。君は死んだ……,,
Message,The secret of wands of Nothing Happens:  try again!,「何も起きない」杖の秘密：もう一度試せ！,,
Message,There has always been something mystical about mirrors.,鏡には常に何か神秘的なものが宿っている。,,
Message,There is more magic in this cave than meets the eye.,この洞窟には目に見える以上の魔法が満ちている。,,
Message,There is nothing like eating a mimic.,ミミックを食べることに勝るものはない（いい意味でも悪い意味でも）。,,
Message,There once was a Knight named Lancelot who liked to ride with his lance a lot.,昔々、ランスロットという名の騎士がいた。彼は槍（ランス）を持って乗り回すのが大好きだった。,,
Message,They say that Juiblex is afraid of a wand of digging.,ジュイブレクスは穴掘りの杖を恐れているという噂だ。,,
Message,They say that Medusa would like to put you on a pedestal.,メデューサは君を台座（石像として）に飾りたがっているという噂だ。,,
Message,They say that `Elbereth' is often written about.,「エルベレス（Elbereth）」については、よく書き記されているという噂だ。,,
Message,They say that a bag of holding can't hold everything.,軽量化の袋でも、あらゆるものを入れられるわけではないという噂だ。,,
Message,They say that a blessed tin of quasit meat is a quick meal.,祝福されたクアジットの肉の缶詰は、手早い食事になるという噂だ。,,
Message,They say that a clove of garlic makes a good talisman if handled right.,ニンニクの欠片は、正しく扱えば良い魔除けになるという噂だ。,,
Message,"They say that a giant gets strong by eating right, try it!",巨人は正しい食事で強くなるという噂だ。君も試してみろ！,,
Message,They say that a grid bug won't hit you when you cross it.,グリッド・バグは、君がそれを横切る時には攻撃してこないという噂だ。,,
Message,They say that a lembas wafer is a very light snack.,レンバスのウェハーは、非常に軽い軽食だという噂だ。,,
Message,They say that a lucky amulet will block poisoned arrows.,幸運の護符は毒矢を防いでくれるという噂だ。,,
Message,They say that a mirror will freeze a floating eye but you can still see it.,鏡は浮遊する眼（フローティング・アイ）を凍りつかせ（麻痺させ）るが、それでも見えるという噂だ。,,
Message,They say that a neutral character might get Giantslayer.,中立のキャラクターは「ジャイアントスレイヤー」を手に入れるかもしれないという噂だ。,,
Message,They say that a potion of healing can cancel a potion of sickness.,回復の薬は病気の薬（の効果）を打ち消すことができるという噂だ。,,
Message,They say that a sink looks different from high above the floor.,シンク（流し）は床のはるか上方から見ると違って見えるという噂だ。,,
Message,They say that a tin of wraith meat is a rare dining experience.,レイスの肉の缶詰は、稀有な食事体験になるという噂だ。,,
Message,They say that a wand of cancellation is like a wand of polymorph.,消去の杖は、変化（ポリモーフ）の杖のようなものだという噂だ。,,
Message,They say that a wand of locking can close more than just doors.,施錠の杖は、ドア以外のものも閉じることができるという噂だ。,,
Message,They say that a wand of polymorph can change your game.,変化（ポリモーフ）の杖は、君のゲーム展開を変えることができるという噂だ。,,
Message,They say that a wizard is even more powerful the second time around.,魔法使いは、二度目の挑戦（あるいは二周目）ではさらに強力になるという噂だ。,,
Message,"They say that amulets, like most things, can be deadly or life saving.",護符は他の多くのものと同様、致命的にもなれば命を救うこともあるという噂だ。,,
Message,They say that an unlucky hacker was once killed by an exploding tin.,不運なハッカーが缶詰の爆発で死んだことがあるという噂だ。,,
Message,They say that antique dealers are always interested in precious stones.,骨董品店主は常に宝石に興味を持っているという噂だ。,,
Message,They say that bandaging one's wounds helps to keep up one's appearance.,傷口に包帯を巻くことは、外見を保つのに役立つという噂だ。,,
Message,They say that booze can be diluted but not cancelled.,酒は薄めることはできるが、無効化（消去）はできないという噂だ。,,
Message,"They say that by listening carefully, you can hear a secret door!",注意深く耳を澄ませば、隠し扉の音が聞こえるという噂だ！,,
Message,They say that calculating your donations lets you choose your blessings.,寄付額を計算すれば、望む祝福を選ぶことができるという噂だ。,,
Message,They say that cave spiders are not considered expensive health food.,洞窟のクモは高価な健康食品とはみなされていないという噂だ。,,
Message,They say that disturbing a djinni can be a costly mistake.,魔神（ジン）を邪魔することは、高くつく間違いになる可能性があるという噂だ。,,
Message,They say that dropping coins into a fountain will not grant you a wish.,泉にコインを投げ入れても、願いは叶わないという噂だ。,,
Message,They say that dwarves lawfully mind their own business.,ドワーフは秩序（ローフル）に従い、自分の仕事に専念しているという噂だ。,,
Message,They say that eating a cram ration is a smart move.,携帯食糧（cram ration）を食べるのは賢い選択だという噂だ。,,
Message,They say that feeling an unexpected draft of air is sort of a breakthrough.,予期せぬ隙間風を感じることは、一種の突破口（隠し扉の発見）だという噂だ。,,
Message,They say that garter snake meat rarely tastes good but it's still healthy.,ガーターヘビの肉が美味しいことは稀だが、それでも健康的だという噂だ。,,
Message,They say that gauntlets of dexterity have a hidden enchanted touch.,器用さの小手には、隠された魔法の感触があるという噂だ。,,
Message,They say that going to heaven is just another way of escaping the dungeon.,天国へ行くことは、ダンジョンから脱出するもう一つの方法にすぎないという噂だ。,,
Message,They say that gremlins can make you feel cooler than you are now.,グレムリンは君を今よりずっと涼しく（凍えさせて）くれるという噂だ。,,
Message,They say that grid bugs only exist in a strictly Cartesian sense.,グリッド・バグは厳密にデカルト的（格子状）な意味でしか存在しないという噂だ。,,
Message,They say that hackers often feel jumpy about eating nymphs.,ハッカーはニンフを食べることに、しばしば不安を感じるという噂だ。,,
Message,They say that having polymorph control won't shock you.,変化制御（ポリモーフ・コントロール）を持っていても、ショックは受けないという噂だ。,,
Message,They say that if it's hard getting your food down another bite could kill.,食べ物を飲み込むのが難しい（満腹）なら、もう一口で死ぬかもしれないという噂だ。,,
Message,They say that if you don't wear glasses why bother with carrots?,メガネをかけていないなら、なぜニンジンを気にする必要がある？（ニンジンは目に良いという噂だ）,,
Message,"They say that if you notice a loose board beneath you, don't step on it.",足元の板が緩んでいることに気づいたら、踏んではいけないという噂だ。,,
Message,They say that if you start at the bottom the only place to go is up.,どん底（最下層）から始めたなら、あとは上がるしかないという噂だ。,,
Message,They say that if you teleport to heaven you're presumed to be dead already.,天国にテレポートしたなら、すでに死んでいるとみなされるという噂だ。,,
Message,They say that in a shop you can be charged for old charges.,店では、古い（魔法の杖の）使用回数分まで請求される可能性があるという噂だ。,,
Message,They say that in lighter moments you could think of ways to pass a stone.,体が軽い時（浮遊中など）には、石を通り抜ける方法を思いつくかもしれないという噂だ。,,
Message,They say that in the dungeon breaking a mirror can be seven years bad luck.,ダンジョンで鏡を割ることは、7年間の不運を招くという噂だ。,,
Message,They say that in the dungeon you don't usually have any luck at all.,ダンジョンでは通常、運など全く持ち合わせていないという噂だ。,,
Message,They say that it's a blast when you mix the right potions together.,適切なポーションを混ぜ合わせると、爆発（素晴らしい効果、あるいは本当の爆発）が起きるという噂だ。,,
Message,They say that killing a shopkeeper brings bad luck.,店主を殺すと不運を招くという噂だ。,,
Message,They say that most monsters find flute recitals extremely boring.,ほとんどのモンスターは、フルートの独奏会をこの上なく退屈だと感じているという噂だ。,,
Message,They say that nobody knows if an explorer can live forever.  Do you?,冒険家が永遠に生きられるかどうかは誰も知らないという噂だ。君はどう思う？,,
Message,They say that nothing can change the fact that some potions contain a ghost.,いくつかのポーションに幽霊が入っているという事実は、何をもってしても変えられないという噂だ。,,
Message,"They say that nymphs always fall for rock'n'roll, try it!",ニンフは常にロックンロール（楽器の演奏）に夢中になるという噂だ。試してみろ！,,
Message,They say that once an Olog-Hai is canned it never shows its face again.,オログ＝ハイ（トロール）は一度缶詰にされると、二度とその姿を現さないという噂だ。,,
Message,They say that once upon a time xans would never scratch your boots.,昔々、ザン（Xan）は決して靴をひっかかなかったという噂だ。,,
Message,They say that only an experienced wizard can do the tengu shuffle.,熟練した魔法使いだけが「天狗のシャッフル（テレポート）」をこなせるという噂だ。,,
Message,They say that only chaotics can kill shopkeepers and get away with it.,店主を殺して何事もなく逃げおおせるのは、混沌（カオティック）の者だけだという噂だ。,,
Message,They say that playing a horn really bad is really good.,ホルンをこの上なく下手に吹くことは、実はこの上なく良いことだという噂だ。,,
Message,They say that shopkeepers don't mind you bringing your pets in the shop.,店主は、君がペットを店内に連れ込むのを気にしないという噂だ。,,
Message,They say that shopkeepers often remember things that you might forget.,店主は、君が忘れているようなことをよく覚えているという噂だ。,,
Message,They say that sinks run hot and cold and many flavors in between.,シンク（流し）からはお湯や水、そしてその中間のさまざまな「味」が流れ出るという噂だ。,,
Message,"They say that snake charmers aren't charismatic, just musical.",蛇使いにはカリスマ性があるのではなく、ただ音楽の才能があるだけだという噂だ。,,
Message,"They say that some eggs could hatch in your pack, lucky or not.",運が良くても悪くても、卵がバックパックの中で孵化することがあるという噂だ。,,
Message,They say that some horns play hot music and others are too cool for words.,あるホルンは熱い音楽を奏で、あるものは言葉にできないほどクール（凍えるよう）だという噂だ。,,
Message,They say that some humanoids are nonetheless quite human.,ある人型生物（ヒューマノイド）は、それにもかかわらず極めて人間的だという噂だ。,,
Message,They say that some stones are much much heavier than others.,ある種の石は他のものよりはるかに重いという噂だ。,,
Message,They say that some yetis are full of hot air.,ある種のイエティは、熱気（またはデタラメ）に満ちているという噂だ。,,
Message,They say that teleport traps are the devil's work.,テレポートの罠は悪魔の仕業だという噂だ。,,
Message,"They say that that which was stolen once can be stolen again, ask any nymph.",一度盗まれたものは再び盗まれうる。ニンフに聞いてみるがいい、という噂だ。,,
Message,They say that the Delphic Oracle knows that lizard corpses aren't confusing.,デルポイの神託は、トカゲの死体が混乱（を治すこと）に役立つことを知っているという噂だ。,,
Message,They say that the Leprechaun King is rich as Croesus.,レプラコーンの王はクロイソスのように裕福だという噂だ。,,
Message,They say that the Wizard of Yendor is schizophrenic and suicidal.,イェンドールの魔法使いは、精神が不安定で自滅的だという噂だ。,,
Message,They say that the gods are happy when they drop objects at your feet.,神々が君の足元にアイテムを落とす時、彼らは機嫌が良いのだという噂だ。,,
Message,They say that the lady of the lake now lives in a fountain somewhere.,湖の貴婦人は今、どこかの泉に住んでいるという噂だ。,,
Message,They say that the local shopkeeper frowns upon the rude tourist.,地元の店主は、無礼な観光客に眉をひそめるという噂だ。,,
Message,They say that the only door to the vampire's tower is on its lowest level.,吸血鬼の塔への唯一の入り口は、最下層にあるという噂だ。,,
Message,They say that the only good djinni is a grateful djinni.,唯一の良い魔神（ジン）とは、感謝している魔神のことだという噂だ。,,
Message,They say that the thing about genocide is that it works both ways.,皆殺し（ジェノサイド）は、敵味方の両方に作用する可能性があるという噂だ。,,
Message,They say that the unicorn horn rule is if it ain't broke then don't fix it.,ユニコーンの角のルールは「壊れていないなら直すな（使わなくていい）」だという噂だ。,,
Message,They say that the walls in shops are made of extra hard material.,店の壁は特別に硬い素材で作られているという噂だ。,,
Message,They say that there are at least 15 ways to lose a pair of levitation boots.,浮遊の靴を失う方法は、少なくとも15通りあるという噂だ。,,
Message,They say that throwing glass gems is the same as throwing rocks.,ガラスの宝石を投げるのは、石を投げるのと同じだという噂だ。,,
Message,They say that trespassing a boulder is probably beneath you.,岩を乗り越える（trespassing）のは、おそらく君の「下（beneath）」にある（つまらない、または文字通り岩をまたぐ）ことだという噂だ。,,
Message,They say that unicorns are fond of precious gems.,ユニコーンは貴重な宝石を好むという噂だ。,,
Message,"They say that wielded, a long sword named Fire Brand makes you feel cooler.",「ファイアブランド」という名のロングソードを振るうと、よりクール（涼しく、または格好良く）になれるという噂だ。,,
Message,"They say that wielded, a long sword named Frost Brand makes you hot stuff.",「フロストブランド」という名のロングソードを振るうと、君は熱い存在（hot stuff）になれるという噂だ。,,
Message,They say that wiping its face is impossible for a floating eye.,浮遊する眼（フローティング・アイ）にとって、自分の顔を拭くのは不可能だという噂だ。,,
Message,They say that you are lucky if you can get a unicorn to catch a ruby.,ユニコーンにルビーを受け取ってもらえたなら、君は幸運だという噂だ。,,
Message,They say that you can find named weapons at an altar if you're lucky.,運が良ければ、祭壇で銘入りの武器（アーティファクト）を見つけることができるという噂だ。,,
Message,They say that you can safely touch cockatrice eggs but why bother?,コカトリスの卵には安全に触れることができるが、あえてそうする必要があるか？ という噂だ。,,
Message,They say that you don't always get what you wish for.,望んだものが常に手に入るとは限らないという噂だ。,,
Message,They say that you should ask a dwarf to let you into a locked shop.,施錠された店に入りたいなら、ドワーフに頼んでみるべきだという噂だ。,,
Message,They say that you should religiously give your gold away.,金は（神に捧げるなどして）信心深く手放すべきだという噂だ。,,
Message,They say that you will never get healthy by eating geckos.,ヤモリを食べて健康になることは決してない、という噂だ。,,
Message,They say that zapping yourself with a wand of undead turning is stupid.,不死身化（アンデッド・ターニング）の杖を自分に振るうのは愚かだという噂だ。,,
Message,They say the gods get angry if you kill your dog.,飼い犬を殺すと神々が怒るという噂だ。,,
Message,They say the gods get angry if you pray too much.,祈りすぎると神々が怒るという噂だ。,,
Message,Throwing food at a wild dog might tame him.,野良犬に食べ物を投げると、懐かせることができるかもしれない。,,
Message,To a full belly all food is bad.,満腹の腹には、どんな食べ物も悪（毒）になる。,,
Message,Trolls are described as rubbery:  they keep bouncing back.,トロールはゴムのような性質だと言われている。彼らは何度も立ち直って（復活して）くる。,,
Message,Try the fall-back end-run play against ghosts.,ゴーストに対しては、後退して回り込むプレイを試せ。,,
Message,Try using your magic marker on wet scrolls.,濡れたスクロールに魔法のマーカーを使ってみろ。,,
Message,"Two wrongs don't make a right, but three lefts do.",過ちを二度重ねても正解にはならないが、左折を三度重ねれば（右折と同じで）正解に辿り着く……こともある。,,
Message,Unicorn horns can cleanse things other than yourself.,ユニコーンの角は君自身以外のものも浄化できる。,,
Message,Vampires hate garlic.,吸血鬼はニンニクを嫌う。,,
Message,Vegetarians enjoy lichen and seaweed.,ベジタリアンは地衣類や海藻を好む。,,
Message,Visitors are requested not to apply genocide to shopkeepers.,来客は店主に皆殺し（ジェノサイド）を適用しないよう要請されている。,,
Message,"Watch out, the Wizard might come back.",気をつけろ、魔法使いが戻ってくるかもしれないぞ。,,
Message,Water traps have no effect on dragons.,水の罠はドラゴンには効果がない。,,
Message,Who needs an apron if they're made of glass?,ガラスでできているなら（何も隠せないのに）、誰がエプロンを必要とする？,,
Message,Why do you suppose they call them MAGIC markers?,なぜ「魔法の」マーカーと呼ばれていると思う？,,
Message,Why do you think they call them mercenaries?,なぜ「傭兵（金目当ての者）」と呼ばれていると思う？,,
Message,"Why would anybody in his sane mind engrave ""Elbereth""?",正気な人間がなぜ「エルベレス（Elbereth）」と刻むのか？（それは生き残るためだ！）,,
Message,You can't bribe soldier ants.,ソルジャー・アントを賄賂で買収することはできない。,,
Message,You can't leave a shop through the back door:  there isn't one!,店の裏口から出ることはできない。そんなものは存在しないからだ！,,
Message,You might be able to bribe a demon lord.,魔王（デーモン・ロード）なら賄賂で買収できるかもしれない。,,
Message,"You won't always get a second chance, even with life saving.",お守り（ライフ・セービング）を持っていても、常に二度目のチャンス（復活）があるとは限らない。,,
Message,Your dog knows what to eat; maybe you should take lessons.,飼い犬は何を食べるべきかを知っている。君も手本にするべきかもしれない。,,
Message,Zap yourself and see what happens...,自分を（杖で）撃ってみろ。何が起きるか見てみるんだ……,,
Message,Zapping a wand of undead turning might bring your dog back to life.,不死身化（アンデッド・ターニング）の杖を振るえば、飼い犬が生き返るかもしれない。,,
Message,"""So when I die, the first thing I will see in heaven is a score list?""",「じゃあ僕が死んだ時、天国で最初に見るものはスコアリストなのかい？」,,
Message,3rd Law of Hacking:  the last blow counts most.,ハッキングの第3法則：最後の一撃が最も重要だ。,,
Message,4th Law of Hacking:  you will find the exit at the entrance.,ハッキングの第4法則：入り口に出口を見つけるだろう。,,
Message,A chameleon imitating a mail daemon often delivers scrolls of fire.,メール・デーモンに化けたカメレオンは、しばしば火のスクロールを届けてくる。,,
Message,A cockatrice corpse is guaranteed to be untainted!,コカトリスの死体が汚染されていないことは保証されている（冗談だ、触るな）！,,
Message,A dead cockatrice is just a dead lizard.,死んだコカトリスは、ただの死んだトカゲだ（石化の危険がないわけではないが）。,,
Message,A dragon is just a snake that ate a scroll of fire.,ドラゴンとは、火のスクロールを食べたただの蛇のことだ。,,
Message,A glowing potion is too hot to drink.,光り輝くポーションは、飲むには熱すぎる。,,
Message,A lizard corpse is a good thing to turn undead.,トカゲの死体は、不死身化（ターン・アンデッド）させるのに適している。,,
Message,A long worm can be defined recursively.  So how should you attack it?,ロングワームは再帰的に定義できる。なら、どうやって攻撃すべきだと思う？,,
Message,A nymph will be very pleased if you call her by her real name:  Lorelei.,ニンフを本名「ローレライ」で呼んであげると、彼女はとても喜ぶだろう（そして君は身ぐるみ剥がされるだろうが）。,,
Message,A ring of extra ring finger is useless if not enchanted.,「余分な薬指」の指輪は、魔法がかかっていない限り役に立たない。,,
Message,A wand of deaf is a more dangerous weapon than a wand of sheep.,「失聴」の杖は、「羊」の杖よりも危険な武器だ（いずれもジョークアイテムだが）。,,
Message,A wand of vibration might bring the whole cave crashing about your ears.,振動の杖を使えば、洞窟全体が君の頭上に崩れ落ちてくるかもしれない。,,
Message,A winner never quits.  A quitter never wins.,勝者は決して諦めず、諦める者は決して勝てない。,,
Message,Afraid of mimics?  Try to wear a ring of true seeing.,ミミックが怖い？ 真実の視界（トゥルー・シーイング）の指輪をはめてみろ。,,
Message,"All monsters are created evil, but some are more evil than others.",すべてのモンスターは邪悪に作られているが、中には他よりさらに邪悪なものもいる。,,
Message,Always attack a floating eye from behind!,浮遊する眼（フローティング・アイ）は常に後ろから攻撃しろ！,,
Message,An elven cloak is always the height of fashion.,エルフのクロークは、常に流行の最先端だ。,,
Message,Archeologists find more bones piles.,考古学者はより多くの骨の山を見つける。,,
Message,"Austin Powers says: My Mojo is back!  Yeah, baby!",オースティン・パワーズ曰く：俺のモジョ（魔力・魅力）が戻ってきたぜ！ イェーイ、ベイビー！,,
Message,Banana peels work especially well against Keystone Kops.,バナナの皮は、キーストン・コップに対して特によく効く。,,
Message,Beware:  there's always a chance that your wand explodes as you try to zap it!,用心しろ：杖を振るおうとした拍子に爆発する可能性は常にある！,,
Message,Beyond the 23rd level lies a happy retirement in a room of your own.,23階の先には、君専用の部屋での幸せな隠居生活が待っている（かもしれない）。,,
Message,Changing your suit without dropping your sword?  You must be kidding!,剣を置かずに鎧を着替えるだって？ 冗談だろう！,,
Message,Cockatrices might turn themselves to stone faced with a mirror.,コカトリスは鏡を向けられると、自分自身を石にしてしまうかもしれない。,,
Message,Consumption of home-made food is strictly forbidden in this dungeon.,このダンジョン内では、自家製の食べ物の摂取は厳禁だ。,,
Message,Dark room?  Your chance to develop your photographs!,暗い部屋だって？ 写真を現像するチャンスだな！,,
Message,Dark rooms are not *completely* dark:  just wait and let your eyes adjust...,暗い部屋は「完全に」暗いわけではない。大人しく目の慣れるのを待て……,,
Message,"David London sez, ""Hey guys, *WIELD* a lizard corpse against a cockatrice!""",デビッド・ロンドン曰く「おい、コカトリス相手にはトカゲの死体を『振るえ』！」,,
Message,Death is just life's way of telling you you've been fired.,死とは、君がクビになったと人生が告げる単なる方法だ。,,
Message,Demi-gods don't need any help from the gods.,半神（デミ・ゴッド）は神々の助けなど必要としない。,,
Message,Demons *HATE* Priests and Priestesses.,悪魔は僧侶（Priests/Priestesses）を「大嫌い」だ。,,
Message,Didn't you forget to pay?,支払いを忘れていないか？,,
Message,Didn't your mother tell you not to eat food off the floor?,床に落ちているものを食べてはいけないと、お母さんに教わらなかったか？,,
Message,"Direct a direct hit on your direct opponent, directing in the right direction.",直接的な相手に直接的な打撃を叩き込め。正しい方向を見定めてな。,,
Message,Does your boss know what you're doing right now?,君の上司は、君が今何をしているか知っているかな？,,
Message,Don't eat too much:  you might start hiccoughing!,食べすぎるな。しゃっくりが出始めるぞ！,,
Message,Don't play NetHack at your work; your boss might hit you!,仕事中にNetHackをするな。上司にぶん殴られるぞ！,,
Message,"Don't tell a soul you found a secret door, otherwise it isn't a secret anymore.",隠し扉を見つけたことは誰にも言うな。さもないと、それはもう「隠し」ではなくなってしまう。,,
Message,Drop your vanity and get rid of your jewels!  Pickpockets about!,虚栄心を捨て、宝石を手放せ！ スリがそこら中にいるぞ！,,
Message,Eat 10 cloves of garlic and keep all humans at a two-square distance.,ニンニクを10片食べろ。そうすれば人間を皆2マスの距離に遠ざけておける。,,
Message,Eels hide under mud.  Use a unicorn to clear the water and make them visible.,ウナギ（イール）は泥の下に隠れている。ユニコーンを使って水を浄化し、姿を暴き出せ。,,
Message,Engrave your wishes with a wand of wishing.,願いの杖を使って、自分の願いを地面に刻め（それはできないがね）。,,
Message,Eventually you will come to admire the swift elegance of a retreating nymph.,いずれ君も、立ち去っていくニンフの素早く優雅な後ろ姿を賞賛するようになるだろう。,,
Message,Ever seen your weapon glow plaid?,武器が格子模様（plaid）に輝くのを見たことがあるか？,,
Message,Ever tried digging through a Vault Guard?,金庫室（Vault）の守衛を掘り通そうとしたことはあるか？,,
Message,Ever tried enchanting a rope?,紐（rope）を強化しようとしたことはあるか？,,
Message,Floating eyes can't stand Hawaiian shirts.,浮遊する眼（フローティング・アイ）はアロハシャツには耐えられない。,,
Message,For any remedy there is a misery.,どんな治療法（remedy）にも、それに伴う苦しみ（misery）がある。,,
Message,Giant bats turn into giant vampires.,巨大コウモリは巨大吸血鬼に変身する。,,
Message,Good day for overcoming obstacles.  Try a steeplechase.,障害を乗り越えるには良い日だ。障害物競走（ステープルチェイス）でも試してみろ。,,
Message,Half Moon tonight.  (At least it's better than no Moon at all.),今夜は半月だ。（少なくとも全く月がないよりはマシだ。）,,
Message,Help!  I'm being held prisoner in a fortune cookie factory!,助けて！ 私はフォーチュンクッキー工場で囚われの身になっているんだ！,,
Message,"Housecats have nine lives, kittens only one.",飼い猫（Housecat）には九つの命があるが、子猫（kitten）には一つしかない。,,
Message,How long can you tread water?,どれくらいの時間、立ち泳ぎ（tread water）をしていられるかな？,,
Message,Hungry?  There is an abundance of food on the next level.,お腹が空いた？ 次の階には食べ物が溢れているぞ。,,
Message,I guess you've never hit a mail daemon with the Amulet of Yendor...,君はまだメル友（mail daemon）をイェンドールの魔除けで殴ったことはないようだな……,,
Message,"If you are the shopkeeper, you can take things for free.",もし君が店主なら、品物をタダで持っていけるだろう。,,
Message,"If you ask really nicely, the Wizard will give you the Amulet.",丁寧にお願いすれば、魔法使いは魔除けを譲ってくれるかもしれない。,,
Message,"If you can't learn to do it well, learn to enjoy doing it badly.",上手くやる方法を学べないなら、下手にやることを楽しむ方法を学べ。,,
Message,"If you thought the Wizard was bad, just wait till you meet the Warlord!",魔法使いが最悪だと思った？  warlord（軍閥、または強力な敵）に出会うまで待ってみるんだな！,,
Message,"If you turn blind, don't expect your dog to be turned into a seeing-eye dog.",君が盲目になったからといって、飼い犬が盲導犬に変わるなんて期待するな。,,
Message,"If you want to feel great, you must eat something real big.",最高の気分になりたいなら、本当に大きなものを食べるんだ。,,
Message,"If you want to float, you'd better eat a floating eye.",浮かびたい（float）なら、浮遊する眼（floating eye）を食べるのが一番だ。,,
Message,"If your ghost kills a player, it increases your score.",君の幽霊が（別の）プレイヤーを殺せば、君のスコアが加算される。,,
Message,Increase mindpower:  Tame your own ghost!,精神力を高めろ：自分自身の幽霊を飼い慣らすんだ！,,
Message,It furthers one to see the great man.,偉大な人物（神など）にまみえることは、一助となる。,,
Message,It's easy to overlook a monster in a wood.,森の中でモンスターを見落とすのは簡単だ。,,
Message,Just below any trap door there may be another one.  Just keep falling!,落とし穴のすぐ下には別の落とし穴があるかもしれない。落ち続けろ！,,
Message,Katanas are very sharp; watch you don't cut yourself.,刀（Katana）は非常に鋭い。自分を斬らないように気をつけろ。,,
Message,Kicking the terminal doesn't hurt the monsters.,端末（キーボード等）を蹴ってもモンスターにダメージは与えられない。,,
Message,Killer bunnies can be tamed with carrots only.,殺人ウサギ（Killer bunny）は人参でしか手なずけられない。,,
Message,Latest news?  Put `rec.games.roguelike.nethack' in your .newsrc!,最新ニュースだって？ `rec.games.roguelike.nethack` を .newsrc に登録しろ！,,
Message,Learn how to spell.  Play NetHack!,呪文（綴り）の書き方を学べ。NetHackをプレイするんだ！,,
Message,Let's face it:  this time you're not going to win.,現実を見ろ。今回君は勝てそうにない。,,
Message,Liquor sellers do not drink; they hate to see you twice.,酒売りは酒を飲まない。彼らは君を二度見る（二日酔いで再来店される）のを嫌うからだ。,,
Message,Lunar eclipse tonight.  May as well quit now!,今夜は月食だ。今すぐ（ゲームを）やめたほうがいいかもしれない！,,
Message,Meeting your own ghost decreases your luck considerably!,自分自身の幽霊に会うと、運が著しく低下する！,,
Message,Monsters come from nowhere to hit you everywhere.,モンスターはどこからともなく現れ、君のあらゆる場所を攻撃してくる。,,
Message,"Monsters sleep because you are boring, not because they ever get tired.",モンスターが眠るのは君が退屈だからであって、彼らが疲れるからではない。,,
Message,Most monsters prefer minced meat.  That's why they are hitting you!,ほとんどのモンスターは挽肉を好む。だから彼らは君を（挽肉にしようと）叩いているんだ！,,
Message,Most of the bugs in NetHack are on the floor.,NetHackのバグの多くは、床の上（虫系モンスター）にいる。,,
Message,Much ado Nothing Happens.,「何も起きない」ことへの、あからさまな大騒ぎ。,,
Message,Multi-player NetHack is a myth.,マルチプレイヤーNetHackなんてものは神話（迷信）だ。,,
Message,"NetHack is addictive.  Too late, you're already hooked.",NetHackには中毒性がある。もう遅い、君はすでに虜になっている。,,
Message,Never ask a shopkeeper for a price list.,店主に価格表を求めてはいけない。,,
Message,"Never burn a tree, unless you like getting whacked with a +5 shovel.",木を燃やすな。+5のシャベルで叩き伏せられるのが趣味でない限りはな。,,
Message,Never eat with glowing hands!,手が光っている間（魔法の影響下など）は、決して食事をするな！,,
Message,Never mind the monsters hitting you:  they just replace the charwomen.,モンスターが君を叩くのを気にするな。彼らはただ掃除婦の代わりをしている（君を「片付けて」いる）だけだ。,,
Message,Never step on a cursed engraving.,呪われた刻銘の上を決して踏むな。,,
Message,Never swim with a camera:  there's nothing to take pictures of.,カメラを持って泳いではいけない。水中には撮るべきものなど何もない。,,
Message,Never trust a random generator in magic fields.,魔法の力が働く場所では、乱数発生器を信用してはいけない。,,
Message,No level contains two shops.  The maze is no level.  So...,どの階層も二つの店を持つことはない。迷宮（The Maze）は「階層」ではない。つまり……,,
Message,"No part of this fortune may be reproduced, stored in a retrieval system, ...",この（フォーチュンクッキーの）文章のいかなる部分も、複製や検索システムへの保存、……は禁止されている。,,
Message,Not all rumors are as misleading as this one.,すべての噂がこの噂のように紛らわしいわけではない。,,
Message,Offering a unicorn a worthless piece of glass might prove to be fatal!,ユニコーンに価値のないガラス片を捧げるのは、致命的な間違いになるかもしれない！,,
Message,One has to leave shops before closing time.,閉店時間前には店を出なければならない。,,
Message,One homunculus a day keeps the doctor away.,一日一匹のホムンクルスは医者を遠ざける（健康に良い……わけがないが）。,,
Message,Only a wizard can use a magic whistle.,魔法の笛を使いこなせるのは、魔法使い（Wizard）だけだ。,,
Message,Only chaotic evils kill sleeping monsters.,眠っているモンスターを殺すのは、混沌にして悪（カオティック・イービル）の者だけだ。,,
Message,Only real trappers escape traps.,罠から逃れられるのは、本物の罠師（トラッパー）だけだ。,,
Message,Operation OVERKILL has started now.,オーバーキル作戦、始動。,,
Message,Ouch.  I hate when that happens.,痛っ。こういうのは本当に勘弁してほしい。,,
Message,PLEASE ignore previous rumor.,お願いだ、さっきの噂は忘れてくれ。,,
Message,Praying will frighten demons.,祈りは悪魔を恐怖させる。,,
Message,Running is good for your legs.,走ることは脚（または逃げ足）に良い。,,
Message,Screw up your courage!  You've screwed up everything else.,勇気を奮い立たせろ（Screw up your courage）！ 他のすべてはもう台無し（screwed up）にしたんだから。,,
Message,Seepage?  Leaky pipes?  Rising damp?  Summon the plumber!,浸水？ 配管漏れ？ 湿気の上昇？ 配管工（Plumber）を呼べ！,,
Message,Segmentation fault (core dumped).,セグメンテーション違反 (コアダンプしました)。,,
Message,Shopkeepers are insured by Croesus himself!,店主はクロイソス自らの保険に入っている！,,
Message,Shopkeepers sometimes die from old age.,店主だって時には寿命（老衰）で死ぬこともある。,,
Message,"Some mazes (especially small ones) have no solutions, says man 6 maze.",ある種の迷路（特に小さなもの）には解法が存在しないこともある、とマニュアルの6章には書いてある。,,
Message,Some questions the Sphynx asks just *don't* have any answers.,スフィンクスが出す問いの中には、最初から答えが存在しないものもある。,,
Message,"Sometimes ""mu"" is the answer.",時には「無（mu）」が答えになることもある。,,
Message,Spare your scrolls of make-edible until it's really necessary!,「可食化」のスクロールは、本当に必要になるまで温存しておけ！,,
Message,Stormbringer doesn't steal souls.  People steal souls.,ストームブリンガーが魂を盗むのではない。（それを使う）人間が魂を盗むのだ。,,
Message,"Suddenly, the dungeon will collapse...",突然、ダンジョンが崩落する……（かもしれない）。,,
Message,Taming a mail daemon may cause a system security violation.,メール・デーモンを飼いならすと、システムセキュリティ違反を引き起こす可能性がある。,,
Message,"The crowd was so tough, the Stooges won't play the Dungeon anymore, nyuk nyuk.",客層が酷すぎて、三ばか大将（The Stooges）はもうダンジョンでは公演しないそうだ。にゅくにゅく。,,
Message,The leprechauns hide their treasure in a small hidden room.,レプラコーンは宝物を小さな隠し部屋に隠している。,,
Message,The longer the wand the better.,杖（Wand）は長ければ長いほど良い。,,
Message,"The magic word is ""XYZZY"".",魔法の言葉は「XYZZY」だ。,,
Message,"The mines are dark and deep, and I have levels to go before I sleep.",鉱山は暗く深い。そして私は眠りにつく前に、まだ進まねばならぬ階層がある。,,
Message,"They say that Demogorgon, Asmodeus, Orcus, Yeenoghu & Juiblex is no law firm.",デモゴルゴン、アスモデウス、オルクス、イェーノグ、そしてジュイブレクスは、法律事務所ではないという噂だ（悪魔の君主たちを並べただけ）。,,
Message,They say that Medusa would make a terrible pet.,メデューサをペットにするのは最悪だという噂だ。,,
Message,They say that NetHack comes in 256 flavors.,NetHackには256種類の味（またはバリエーション）があるという噂だ。,,
Message,They say that NetHack is more than just a computer game.,NetHackは単なるコンピュータゲーム以上の存在だという噂だ。,,
Message,They say that a baby dragon is too small to hurt or help you.,ドラゴンの赤ん坊は小さすぎて、君を傷つけることも助けることもできないという噂だ。,,
Message,They say that a black pudding is simply a brown pudding gone bad.,ブラック・プディングは、単にブラウン・プディングが腐ったものだという噂だ。,,
Message,They say that a black sheep has 3 bags full of wool.,黒い羊は三袋分のウール（毛）を蓄えているという噂だ。,,
Message,They say that a blank scroll is like a blank check.,白紙のスクロールは空白の小切手のようなものだという噂だ。,,
Message,They say that a floating eye can defeat Medusa.,浮遊する眼（フローティング・アイ）はメデューサを倒せるという噂だ。,,
Message,They say that a fortune only has 1 line and you can't read between it.,フォーチュン（お告げ）はたった1行しかなく、行間を読むことはできないという噂だ。,,
Message,"They say that a fortune only has 1 line, but you can read between it.",フォーチュン（お告げ）はたった1行だが、行間（隠された意味）を読むことができるという噂だ。,,
Message,They say that a fountain looks nothing like a regularly erupting geyser.,泉は、定期的に噴出する間欠泉とは似ても似つかないという噂だ。,,
Message,They say that a grid bug won't pay a shopkeeper for zapping you in a shop.,グリッド・バグは、店内で君を攻撃しても店主に代金を払わないという噂だ。,,
Message,They say that a gypsy could tell your fortune for a price.,ジプシーは対価を払えば君の運勢を占ってくれるという噂だ。,,
Message,They say that a hacker named Alice once level teleported by using a mirror.,アリスという名のハッカーが、かつて鏡を使って階層間テレポートをしたという噂だ。,,
Message,They say that a hacker named Dorothy once rode a fog cloud to Oz.,ドロシーという名のハッカーが、かつて霧の雲に乗ってオズの国へ行ったという噂だ。,,
Message,They say that a hacker named Mary once lost a white sheep in the mazes.,メアリーという名のハッカーが、かつて迷宮で白い羊を失ったという噂だ。,,
Message,They say that a hot dog and a hell hound are the same thing.,ホットドッグとヘルハウンドは同じものだという噂だ。,,
Message,They say that a lamp named Aladdin's Lamp contains a djinni with 3 wishes.,「アラジンのランプ」という名のランプには、三つの願いを叶える魔神が入っているという噂だ。,,
Message,They say that a manes won't mince words with you.,マネ（Manes）は君に対して言葉を濁さない（ストレートに襲ってくる）という噂だ。,,
Message,They say that a mind is a terrible thing to waste.,「精神（知能）」を無駄にするのはこの上なく恐ろしいことだ（だからマインド・フレイヤーに気をつけろ）という噂だ。,,
Message,They say that a plain nymph will only wear a wire ring in one ear.,普通のニンフは、片方の耳に針金の指輪（Wire ring）を一つだけつけているという噂だ。,,
Message,They say that a plumed hat could be a previously used crested helmet.,羽飾りのついた帽子（Plumed hat）は、かつて使われていた紋章付きの兜（Crested helmet）かもしれないという噂だ。,,
Message,They say that a potion of oil is difficult to grasp.,油（オイル）のポーションは、掴む（理解する）のが難しいという噂だ。,,
Message,They say that a purple worm is not a baby purple dragon.,パープル・ワームはパープル・ドラゴンの赤ん坊ではないという噂だ。,,
Message,They say that a runed broadsword named Stormbringer attracts vortices.,「ストームブリンガー」という名の刻印されたブロードソードは、ヴォルテックスを惹きつけるという噂だ。,,
Message,They say that a scroll of summoning has other names.,召喚のスクロールには別の名前（別名）があるという噂だ。,,
Message,They say that a shaman will bless you for an eye of newt and wing of bat.,シャマーンはイモリの目とコウモリの羽（魔法の材料）を差し出せば、君を祝福してくれるという噂だ。,,
Message,They say that a shimmering gold shield is not a polished silver shield.,黄金に輝く盾（Shimmering gold shield）は、磨かれた銀の盾ではないという噂だ。,,
Message,They say that a spear will hit a neo-otyugh.  (Do YOU know what that is?),槍はネオ＝オティウグに命中するだろう。（ところで、それが何か君は知っているか？）という噂だ。,,
Message,They say that a spotted dragon is the ultimate shape changer.,斑点のあるドラゴン（Spotted dragon）こそが究極の姿を変える者（シェイプ・チェンジャー）だという噂だ。,,
Message,They say that a succubus named Suzy will sometimes warn you of danger.,スージーという名のサキュバスは、時折君に危険を知らせてくれるという噂だ。,,
Message,They say that a wand of cancellation is not like a wand of polymorph.,消去の杖は、変化（ポリモーフ）の杖とは似ていないという噂だ。,,
Message,They say that a wood golem named Pinocchio would be easy to control.,ピノキオという名のウッド・ゴーレムは、制御するのが簡単だろうという噂だ。,,
Message,They say that after killing a dragon it's time for a change of scenery.,ドラゴンを倒した後は、気分転換（場所の移動）が必要な時期だという噂だ。,,
Message,They say that an amulet of strangulation is worse than ring around the collar.,首絞めの護符は、襟の汚れ（ring around the collar）よりも質が悪いという噂だ。,,
Message,They say that an axe named Cleaver once belonged to a hacker named Beaver.,「クリーバー（Cleaver）」という名のアックスは、かつてビーバーという名のハッカーのものだったという噂だ。,,
Message,They say that an eye of newt and a wing of bat are double the trouble.,イモリの目とコウモリの羽は、トラブルを倍増させるという噂だ。,,
Message,They say that an unlucky hacker once had a nose bleed at an altar and died.,不運なハッカーが祭壇で鼻血を出し、そのまま死んだという噂だ。,,
Message,They say that applying a unicorn horn means you've missed the point.,ユニコーンの角を「適用（apply）」するということは、肝心な点（または角の先端）を見逃している（刺さっていない）という意味だという噂だ。,,
Message,They say that building a dungeon is a team effort.,ダンジョンを築き上げるのは、チーム一丸となった努力の賜物だという噂だ。,,
Message,They say that chaotic characters never get a kick out of altars.,混沌のキャラクターは、祭壇を蹴っても何も得られない（または蹴ることができない）という噂だ。,,
Message,They say that collapsing a dungeon often creates a panic.,ダンジョンを崩壊させると、しばしばパニック（恐怖状態）を引き起こすという噂だ。,,
Message,They say that counting your eggs before they hatch shows that you care.,孵化する前に卵を数える（取らぬ狸の皮算用をする）のは、君がそれだけ気にかけている証拠だという噂だ。,,
Message,They say that dipping a bag of tricks in a fountain won't make it an icebox.,手品の袋（Bag of tricks）を泉に浸しても、それが保冷箱（Icebox）に変わることはないという噂だ。,,
Message,They say that dipping an eel and brown mold in hot water makes bouillabaisse.,イール（ウナギ）とブラウン・モールドをお湯に浸せば、ブイヤベースができるという噂だ。,,
Message,They say that eating royal jelly attracts grizzly owlbears.,ローヤルゼリーを食べると、グリズリー・アウルベアを惹きつけるという噂だ。,,
Message,They say that everyone knows why Medusa stands alone in the dark.,メデューサがなぜ暗闇の中で一人立っているのか、誰もがその理由（誰も彼女を見ることができないから）を知っているという噂だ。,,
Message,They say that everyone wanted rec.games.hack to undergo a name change.,誰もが rec.games.hack（ニュースグループ名）の名称変更を望んでいたという噂だ。,,
Message,They say that finding a winning strategy is a deliberate move on your part.,勝利の方程式を見つけることは、君自身の慎重な一歩（ deliberate move）だという噂だ。,,
Message,They say that gold is only wasted on a pet dragon.,ゴールドを使い果たすのは、ペットのドラゴンに注ぎ込む時だけだという噂だ。,,
Message,They say that good things come to those that wait.,待つ者には、良いことが訪れるという噂だ。,,
Message,They say that greased objects will slip out of monsters' hands.,脂を塗った（Greased）アイテムは、モンスターの手から滑り落ちるという噂だ。,,
Message,They say that if you can't spell then you'll wish you had a spellbook.,もし君が「綴り（Spell）」を間違えるなら、魔法書（Spellbook）があれば良かったと願うことになるだろうという噂だ。,,
Message,They say that if you play like a monster you'll have a better game.,モンスターのように（情け容赦なく）プレイすれば、より良いゲーム展開になるという噂だ。,,
Message,They say that if you sleep with a demon you might awake with a headache.,悪魔と共にする（誘惑に乗る）と、翌朝頭痛と共に目覚めることになるかもしれないという噂だ。,,
Message,They say that if you step on a crack you could break your mother's back.,（地面の）ひび割れを踏むと、母親の背骨が折れる（不幸を招く）という噂だ。,,
Message,They say that if you're invisible you can still be heard!,姿が消えていても、君の（立てる音などの）気配は依然として聞こえているという噂だ！,,
Message,They say that if you're lucky you can feel the runes on a scroll.,運が良ければ、スクロールに刻まれたルーン（文字）を感触で読み取れる（盲目状態でも読める）という噂だ。,,
Message,They say that in the big picture gold is only small change.,大局的に見れば、ゴールドなんて単なる小銭（Small change）にすぎないという噂だ。,,
Message,They say that in the dungeon moon rocks are really dilithium crystals.,ダンジョン内では、月の石は実際にはジリチウム・結晶（Dilithium crystals）だという噂だ。,,
Message,They say that in the dungeon the boorish customer is never right.,ダンジョンにおいては、無礼な客が正しかった試しはないという噂だ。,,
Message,They say that in the dungeon you don't need a watch to tell time.,ダンジョンでは、時間を知るのに時計は必要ないという噂だ。,,
Message,They say that in the dungeon you should always count your blessings.,ダンジョンでは常に、自分に与えられた恵み（幸運）を数えるべきだという噂だ。,,
Message,They say that iron golem plate mail isn't worth wishing for.,アイアン・ゴーレムのプレートメイルは、願うほどの価値はないという噂だ。,,
Message,They say that it takes four quarterstaffs to make one staff.,1本のスタッフ（杖）を作るには、4本のクォータースタッフ（6尺棒）が必要だという噂だ。,,
Message,They say that it's not over till the fat lady shouts `Off with its head'.,太った貴婦人が「そやつの首をはねよ」と叫ぶまでは、物事は終わらないという噂だ。,,
Message,They say that kicking a heavy statue is really a dumb move.,重い石像を蹴るのは、本当に愚かな行為だという噂だ。,,
Message,They say that kicking a valuable gem doesn't seem to make sense.,価値のある宝石を蹴るなんて、全く意味がないことのように思えるという噂だ。,,
Message,They say that leprechauns know Latin and you should too.,レプラコーンはラテン語を知っている。君も知っておくべきだという噂だ。,,
Message,They say that minotaurs get lost outside of the mazes.,ミノタウロスは迷宮（Mazes）の外に出ると道に迷うという噂だ。,,
Message,They say that naming your cat Garfield will make you more attractive.,飼い猫に「ガーフィールド」と名付けると、君の魅力が増すという噂だ。,,
Message,They say that no one knows everything about everything in the dungeon.,このダンジョンのすべてのことについて、すべてを知っている者は誰もいないという噂だ。,,
Message,They say that no one really subscribes to rec.games.roguelike.nethack.,rec.games.roguelike.nethack（ニュースグループ）を本当に購読している者は誰もいないという噂だ。,,
Message,"They say that one troll is worth 10,000 newts.","1体のトロールは、10,000匹のイモリ（Newts）に匹敵する価値があるという噂だ。",,
Message,They say that only David can find the zoo!,動物園（Zoo）を見つけられるのはデビッドだけだという噂だ！,,
Message,"They say that orc shamans are healthy, wealthy and wise.",オークのシャーマンたちは、健康的で裕福で、そして賢明だという噂だ。,,
Message,They say that playing NetHack is like walking into a death trap.,NetHackをプレイすることは、死の罠に足を踏み入れるようなものだという噂だ。,,
Message,They say that problem breathing is best treated by a proper diet.,呼吸のしづらさ（窒息等）は、適切な食事によって治療するのが最善だという噂だ。,,
Message,They say that quaffing many potions of levitation can give you a headache.,浮遊のポーションを何本もがぶ飲みすると、頭痛がするという噂だ。,,
Message,They say that real hackers always are controlled.,本物のハッカーは、常に自分（または自分のキャラクター）を制御しているという噂だ。,,
Message,They say that real hackers never sleep.,本物のハッカーは決して眠らないという噂だ。,,
Message,They say that shopkeepers are insured by Croesus himself!,店主はクロイソス自らの保険に入っているという噂だ！,,
Message,They say that soldiers wear kid gloves and silly helmets.,兵士たちは子ヤギ皮の手袋（Kid gloves）とふざけた兜を身につけているという噂だ。,,
Message,They say that some Kops are on the take.,一部のコップ（Kops）は賄賂を受け取っている（汚職に手を染めている）という噂だ。,,
Message,They say that some guards' palms can be greased.,一部の守衛の手のひらには、油を塗る（賄賂を渡す）ことができるという噂だ。,,
Message,They say that some monsters may kiss your boots to stop your drum playing.,一部のモンスターは、君がドラムを叩くのを止めさせるために、君の靴にキスをするかもしれないという噂だ。,,
Message,They say that the NetHack gods generally welcome your sacrifices.,NetHackの神々は、概して君の捧げ物を歓迎しているという噂だ。,,
Message,"They say that the Three Rings are named Vilya, Nenya and Narya.",（指輪物語の）三つの指輪の名は、ヴィルヤ、ネンヤ、ナルヤだという噂だ。,,
Message,They say that the Wizard of Yendor has a death wish.,イェンドールの魔法使いは死にたがっている（デス・ウィッシュを持っている）という噂だ。,,
Message,They say that the `hair of the dog' is sometimes an effective remedy.,「迎え酒（hair of the dog）」は、時として効果的な治療法になるという噂だ。,,
Message,They say that the best time to save your game is now before it's too late.,セーブするのに最適な時間は、手遅れになる前の「今」だという噂だ。,,
Message,They say that the biggest obstacle in NetHack is your mind.,NetHackにおける最大の障害は、君自身の心（油断や慢心）だという噂だ。,,
Message,They say that the gods are angry when they hit you with objects.,神々が君に物を投げつける（命中させる）時は、怒っているのだという噂だ。,,
Message,They say that the priesthood are specially favored by the gods.,聖職者たちは、神々から特別に目をかけられているという噂だ。,,
Message,"They say that there are no black or white stones, only gray.",この世には白黒はっきりした石（こと）などなく、ただ灰色（グレー）があるのみだという噂だ。,,
Message,They say that there is no such thing as free advice.,「無料のアドバイス」なんてものは存在しないという噂だ。,,
Message,They say that there is only one way to win at NetHack.,NetHackで勝利する方法はたった一つしかないという噂だ。,,
Message,They say that there once was a fearsome chaotic samurai named Luk No.,かつて Luk No という名の恐るべき混沌の侍がいたという噂だ。,,
Message,They say that there was a time when cursed holy water wasn't water.,呪われた聖水が「水」ではなかった時代があったという噂だ。,,
Message,They say that there's no point in crying over a gray ooze.,グレイ・ウーズに（アイテムを溶かされて）泣いても始まらないという噂だ。,,
Message,They say that there's only hope left after you've opened Pandora's box.,パンドラの箱を開けた後に残っているのは希（ホープ）だけだという噂だ。,,
Message,They say that trap doors should always be marked `Caution:  Trap Door'.,落とし穴には常に「注意：落とし穴」という標識をつけるべきだという噂だ。,,
Message,They say that using an amulet of change isn't a difficult operation.,性転換（Change）の護符を使うのは、難しい手術（操作）ではないという噂だ。,,
Message,They say that when your god is angry you should try another one.,自分の頼る神が怒っている時は、別の神（宗教）を試してみるべきだという噂だ。,,
Message,They say that with speed boots you never worry about hit and run accidents.,スピードの靴を履いていれば、当て逃げ（Hit and run）事故を心配する必要はないという噂だ。,,
Message,They say that you can defeat a killer bee with a unicorn horn.,キラー・ビーはユニコーンの角で倒せるという噂だ。,,
Message,They say that you can only cross the River Styx in Charon's boat.,ステュクス川を渡れるのはカロンの舟だけだという噂だ。,,
Message,They say that you can only kill a lich once and then you'd better be careful.,リッチを殺せるのは一度きりで、その後は用心した方がいいという噂だ。,,
Message,They say that you can only wish for things you've already had.,すでに持っていた（知っている）ものしか願うことはできないという噂だ。,,
Message,They say that you can train a cat by talking gently to it.,猫は優しく話しかけることでしつけることができるという噂だ。,,
Message,They say that you can trust your gold with the king.,ゴールド（金）を王に預けておけば安心だという噂だ（そんな機能はないがな）。,,
Message,They say that you cannot trust scrolls of rumor.,「噂」が書かれたスクロール（およびお告げ）は信用できないという噂だ。,,
Message,They say that you could fall head over heels for an energy vortex.,君はエネルギー・ヴォルテックスに夢中になる（または真っ逆さまに落ちる）かもしれないという噂だ。,,
Message,They say that you need a key in order to open locked doors.,鍵のかかったドアを開けるには、鍵が必要だという噂だ。,,
Message,They say that you need a mirror to notice a mimic in an antique shop.,骨董品店に潜むミミックに気づくには、鏡が必要だという噂だ。,,
Message,They say that you really can use a pick-axe unless you really can't.,本当につるはしが使えない状況でない限り、君は本当につるはしを使うことができるという噂だ。,,
Message,They say that you should always store your tools in the cellar.,道具は常に地下室（セラー）に保管しておくべきだという噂だ。,,
Message,They say that you should name your dog Spuds to have a cool pet.,犬に「スパッズ（Spuds）」と名付ければ、「クール」なペットになるという噂だ。,,
Message,They say that you should name your weapon after your first monster kill.,最初に殺したモンスターの名を武器につけるべきだという噂だ。,,
Message,They say that you should never introduce a rope golem to a succubus.,ロープ・ゴーレムをサキュバスに引き合わせてはいけないという噂だ。,,
Message,They say that you should remove your armor before sitting on a throne.,王座に座る前には、鎧を脱いでおくべきだという噂だ。,,
Message,This release contains 10% recycled material.,このリリースには10%の再生材料（コード再利用）が含まれています。,,
Message,"Time stands still as the succubus changes her calendar to January 1, 2000.",サキュバスがカレンダーを2000年1月1日に書き換える間、時間は止まっている（2000年問題ジョーク）。,,
Message,Tired?  Try a scroll of charging on yourself.,疲れた？ 自分自身に「充填（チャージング）」のスクロールを試してみろ。,,
Message,"To achieve the next higher rating, you need 3 more points.",次のランクに上がるには、あと3ポイント必要だ。,,
Message,"To reach heaven, escape the dungeon while wearing a ring of levitation.",天国へ行くには、浮遊の指輪をはめてダンジョンを抜け出す（昇天する）のだ。,,
Message,Tourists wear shirts loud enough to wake the dead.,観光客（Tourist）は、死者を叩き起こすほど「騒々しい（Loud、派手な）」シャツを着ている。,,
Message,Ulch!  That meat was painted!,うげっ！ その肉、色が塗ってあったぞ！（偽物だ！）,,
Message,"Unfortunately, this message was left intentionally blank.",残念ながら、このメッセージは意図的に空白のままにされています。,,
Message,Using a morning star in the evening has no effect.,「モーニングスター」を夕方に使っても、特別な効果はない。,,
Message,"Waltz, dumb nymph, for quick jigs vex.",（すべてのアルファベットを含むパングラム）ワルツを踊れ、愚かなニンフよ、速いジグは苛立たしい。,,
Message,Want a hint?  Zap a wand of make invisible on your weapon!,ヒントが欲しい？ 自分の武器に「不可視化」の杖を振り下ろしてみろ！,,
Message,Want to ascend in a hurry?  Apply at Gizmonic Institute.,急いで昇天したい？ ギズモニック研究所に申し込みなさい。,,
Message,Warning:  fortune reading can be hazardous to your health.,警告：お告げを読むことは、君の健康に害を及ぼす可能性がある。,,
Message,We have new ways of detecting treachery...,我々は裏切りを察知する新しい方法を手に入れた……,,
Message,Wet towels make great weapons!,濡れタオルは素晴らしい武器になる！,,
Message,"What a pity, you cannot read it!",おやおや残念、君にはこれが読めないようだ！,,
Message,"When a piercer drops in on you, you will be tempted to hit the ceiling!",ピアッサー（天井から落ちてくる敵）に見舞われたら、天井（または最高潮の怒り）を叩きたくなることだろう！,,
Message,"When you have a key, you don't have to wait for the guard.",鍵を持っていれば、看守を待つ必要はない。,,
Message,Why are you wasting time reading fortunes?,なぜお告げを読んで時間を無駄にしているんだ？,,
Message,Wish for a master key and open the Magic Memory Vault!,マスターキーを願って、魔法の記憶金庫（Magic Memory Vault）を開けろ！,,
Message,Wizard expects every monster to do its duty.,魔法使いは、すべてのモンスターがその職務を果たすことを期待している。,,
Message,Wow!  You could've had a potion of fruit juice!,わあ！ 果汁（フルーツジュース）のポーションが手に入ったかもしれないのに！,,
Message,Yet Another Silly Message (YASM).,また一つ、下らないメッセージ（YASM）が増えたな。,,
Message,You can get a genuine Amulet of Yendor by doing the following:  --More--,本物のイェンドールの魔除けを手に入れるには、次のようにすればよい：  --次へ--,,
Message,You can make holy water by boiling the hell out of it.,（呪われた水を）地獄（hell）が出るまで沸騰させれば、聖水（holy water）ができる（言葉遊び：boil the hell out of... は「激しく沸騰させる」の意）。,,
Message,You can protect yourself from black dragons by doing the following:  --More--,ブラック・ドラゴンから身を守るには、次のようにすればよい：  --次へ--,,
Message,You can't get by the snake.,蛇のそばを通り抜けることはできない。,,
Message,You have to outwit the Sphynx or pay her.,スフィンクスの裏をかくか、さもなくば彼女に代償を払わねばならない。,,
Message,"You may get rich selling letters, but beware of being blackmailed!",手紙（または文字）を売って金持ちになれるかもしれないが、恐喝（ブラックメール）には気をつけろ！,,
Message,You swallowed the fortune!,君はお告げ（の紙）を飲み込んでしまった！,,
Message,You want to regain strength?  Two levels ahead is a guesthouse!,力を取り戻したい？ 二階層先にゲストハウス（宿屋）があるぞ！,,
Message,"You will encounter a tall, dark, and gruesome creature...",君は背が高く、不気味で、恐ろしい怪物に遭遇することだろう……,,
Message,"If thy wand hath run out of charges, thou mayst zap it again and again; though naught will happen at first, verily, thy persistence shall be rewarded, as one last charge may yet be wrested from it!",もし汝の杖の回数が尽きたとしても、何度も振ってみるがよい。最初は何も起きぬかもしれぬが、粘り強さは報われる。最後の一回が絞り出されるであろう。,,
Message,"Though the shopkeepers be wary, thieves have nevertheless stolen much by using their digging wands to hasten exits through the pavement.",店主たちが警戒していても、泥棒たちは穴掘りの杖を使って床から素早く逃げ出すことで、多くのものを盗み出してきた。,,
Message,"If thou hast had trouble with rust on thine armor or weapons, thou shouldst know that thou canst prevent this by, while in a confused state, reading the magical parchments which normally are used to cause their enchantment. Unguents of lubrication may provide similar protection, albeit of a transitory nature.",もし汝が武具の錆に悩んでいるなら、混乱状態で強化のスクロールを読むことでそれを防げることを知るがよい。潤滑油も同様の保護を与えるが、それは一時的なものにすぎぬ。,,
Message,"Behold the cockatrice, whose diminutive stature belies its hidden might.  The cockatrice can petrify any ordinary being it contacts--save those wise adventurers who eat a dead lizard or blob of acid when they feel themselves slowly turning to stone.",コカトリスを見るがよい。その小さな体躯には強大な力が隠されている。コカトリスに触れた者は石と化すが、賢明な冒険者は、自分が石になりつつあると感じた時にトカゲの死体や酸の塊を食べることでそれを免れるという。,,
Message,"While some wayfarers rely on scrounging finished armour in the dungeon, the resourceful know the mystical means by which mail may be fashioned out of scales from a dragon's hide.",ダンジョン内で既製品の鎧を拾い集める旅人がいる一方で、知略に富む者は、ドラゴンの鱗から鎧を作り出す神秘的な方法を知っている。,,
Message,"It is customarily known among travelers that extra-healing draughts may clear thy senses when thou art addled by delusory visions.  But never forget, the lowly potion which makes one sick may be used for the same purpose.",旅人の間では、幻覚に惑わされた時に超回復の薬が感覚を研ぎ澄ませてくれることが知られている。しかし、気分を悪くさせる卑俗なポーションも同じ目的に使えることを忘れてはならぬ。,,
Message,"While the consumption of lizard flesh or water beloved of the gods may clear the muddled head, the application of the horn of a creature of utmost purity can alleviate many other afflictions as well.",トカゲの肉や神々に愛された水を摂取すれば混乱した頭をすっきりさせることができるが、至高の純血を備えた生物（ユニコーン）の角を使えば、他の多くの苦しみをも和らげることができよう。,,
Message,"If thou wouldst travel quickly between distant locations, thou must be able to control thy teleports, and in a confused state misread the scroll which usually teleports thyself locally.  Daring adventurers have also performed the same feat sans need for scrolls or potions by stepping into a particular ambuscade.",遠く離れた場所へ素早く移動したいなら、テレポートを制御できねばならぬ。混乱状態で通常のテレポートのスクロールを読み間違えるのだ。大胆な冒険者は、スクロールやポーションに頼らずとも、特定の待ち伏せ（罠）に飛び込むことで同じ芸当を成し遂げてきた。,,
Message,"Almost all adventurers who come this way hope to pass the dread Medusa.  To do this, the best advice is to keep thine eyes blindfolded and to cause the creature to espy its own reflection in a mirror.",ここを訪れるほぼすべての冒険者が、恐るべきメデューサを通り抜けることを望んでいる。そのためには、目隠しをして、鏡に映った自分自身の姿を奴に見せるのが最良の策である。,,
Message,"And where it is written ""ad aerarium"", diligent searching will often reveal the way to a trap which sends one to the Magic Memory Vault, where the riches of Croesus are stored; however, escaping from the vault with its gold is much harder than getting in.",「ad aerarium」と記された場所を丹念に探せば、クロイソスの富が眠る魔法の記憶の保管庫（Vault）へと送る罠が見つかるだろう。しかし、黄金を持ってそこから脱出するのは、侵入するよりもはるかに困難である。,,
Message,It is well known that wily shopkeepers raise their prices whene'er they espy the garish apparel of the approaching tourist or the countenance of a disfavored patron.  They favor the gentle of manner and the fair of face. The boor may expect unprofitable transactions.,ずる賢い店主たちが、派手な格好の観光客や気に食わない客が近づいてくるのを見れば、価格を吊り上げるのは周知の事実である。彼らは物腰の柔らかい者や美しい顔立ちの者を好む。無調法な者は、損な取引を覚悟せねばならぬ。,,
Message,"The cliche of the kitchen sink swallowing any unfortunate rings that contact its pernicious surface reflecteth greater truth than many homilies, yet even so, few have developed the skill to identify enchanted rings by the transfigurations effected upon the voracious device's frame.",台所の流し（シンク）が、不運にも接触した指輪を飲み込んでしまうという決まり文句は、多くの教訓以上に真実を語っている。それでも、強欲なその装置が示す変容から魔法の指輪を判別する技術を身につけた者はわずかである。,,
Message,"The meat of enchanted creatures ofttimes conveyeth magical properties unto the consumer.  A fresh corpse of floating eye doth fetch a high price among wizards for its utility in conferring Telepathy, by which the sightless may locate surrounding minds.",魔法の生き物の肉は、しばしば食べる者に魔法の特性をもたらす。浮遊する眼（フローティング・アイ）の死体は、盲目の者でも周囲の精神を探知できるテレパシーを授けるために、魔法使いの間で高値で取引されている。,,
Message,"The detection of blessings and curses is in the domain of the gods.  They will make this information available to mortals who request it at their places of worship, or elsewhere for those mortals who devote themselves to the service of the gods.",祝福と呪いの探知は神々の領域である。神々は崇拝の場において、それを求める凡夫に情報を与えてくれる。あるいは神々の奉仕に身を捧げる者にはどこででもな。,,
Message,"At times, the gods may favor worthy supplicants with named blades whose powers echo throughout legend.  Learned wayfarers can reproduce blades of elven lineage, hated of the orcs, without the need for such intervention. ",時には神々が、伝説にその力を轟かせる銘通りの名刀（アーティファクト）を、ふさわしい祈願者に授けることもある。博識な旅人ならば、オークに忌み嫌われるエルフの系譜の刃を、神の介入なしに再現できよう。 ,,
Message,"There are many stories of a mighty amulet, the origins of which are said to be ancient Yendor.  This amulet doth have awesome power, and the gods desire it greatly.  Mortals mayst tap only portions of its terrible abilities.  The stories tell of mortals seeing what their eyes cannot see and seeking places of magical transportation, while having this amulet in their possession.  Others say a mortal must wear the amulet to obtain these powers.  But verily, such power comes at great cost, to preserve the balance.",古のイェンドールに由来すると言われる、強大な魔除けの物語は数多くある。この魔除けは凄まじい力を秘めており、神々もそれを切望している。凡夫はその恐るべき能力の一部しか引き出すことはできぬ。物語によれば、この魔除けを手にした者は、目に見えぬものを見通し、魔法の転送の地を求めると伝えられている。また、その力を得るには魔除けを身につけねばならぬと言う者もいる。だが、真理として、均衡を保つためにそのような力には多大なる代償が伴うのである。,,
Message,"It is said that thou mayst gain entry to Moloch's sanctuary, if thou darest, from a place where the ground vibrateth in the deepest depths of Gehennom.  Thou needs must have the aid of three magical items.  The pure sound of a silver bell shall announce thee.  The terrible runes, read from Moloch's book, shall cause the earth to tremble mightily.  The light of an enchanted candelabrum shall show thee the way.",ゲヘナの最深部、大地が震える場所から、勇気ある者ならばモロクの聖域へと足を踏み入れることができると言われている。それには三つの魔法の品が必要である。銀のベルの清らかな音が汝の到来を告げ、モロクの書から読み上げられる恐るべきルーンが大地を激しく揺るがし、魔法の燭台の光が汝に道を示すであろう。,,
Message,"In the deepest recesses of the Dungeons of Doom, guarding access to the nether regions, there standeth a castle, wherein lieth a wand of wishes. If thou wouldst gain entry, bear with thee an instrument of music, for the pontlevis may be charmed down with the proper melody.  What notes comprise it only the gods know, but a musical mastermind may yet succeed by witful improvisation.  However, the less perspicacious are not without recourse, should they be prepared to circumambulate the castle to the postern.",破滅のダンジョンの最奥、冥界への入り口を守る場所に、ある城がそびえ立っている。そこには願いの杖が眠っているという。城に入ろうとするなら、楽器を携えてゆくがよい。適切な旋律を奏でれば、跳ね橋が魅了されたように下りてくるからだ。どのような音階で構成されているかは神々のみぞ知るところだが、音楽の達人ならば機知に富んだ即興演奏で成功するやもしれぬ。しかし、洞察力に乏しい者であっても、城を回り込んで裏口を探す覚悟があるならば道は閉ざされてはおらぬ。,,
Message,"The gods are said to be pleased when offerings are given to the priests who attend their temples, and they may grant various favors to those who do so.  But beware!  To be young and frugal is better than to be old and miserly.",神殿に仕える司祭に供え物を捧げれば、神々は喜び、様々な恩恵を授けてくださると言われている。だが用心せよ！ 若くして質素であることは、老いて欲深であるよりも勝るのである。,,
Message,"The name of Elbereth may strike fear into the hearts of thine enemies, if thou dost write it upon the ground at thy feet.  If thou maintainest the utmost calm, thy safety will be aided greatly, but beware lest thy clumsy feet scuff the inscription, cancelling its potence.",足元の地面にエルベレス（Elbereth）の名を刻めば、汝の敵の心に恐怖を植え付けることができよう。汝が至高の冷静さを保つことができれば、その安全は大いに助けられる。だが、汝の不器用な足がその銘を擦り消し、その効力を失わせてしまわぬよう用心せよ。,,
Message,Rest in peace,安らかに眠れ,,
Message,R.I.P.,墓碑（安らかに眠れ）,,
Message,Rest In Pieces,バラバラになって眠れ,,
Message,Note -- there are NO valuable items in this grave,注意：この墓に貴重品は無い,,
Message,1994-1995. The Longest-Lived Hacker Ever,1994-1995. 史上最も長生きしたハッカー,,
Message,The Grave of the Unknown Hacker,無名ハッカーの墓,,
Message,Sparky -- he was a very good dog,スパーキー -- 本当に良い犬だった,,
Message,Beware of Electric Third Rail,三番目の給電レールに注意,,
Message,Made in Taiwan,台湾製,,
Message,Og friend. Og good dude. Og died. Og now food.,オグは友人だった。オグ、いい奴。オグ死んだ。オグ、今や食べ物。,,
Message,Beetlejuice Beetlejuice Beetlejuice,ビートルジュース ビートルジュース ビートルジュース,,
Message,Look out below!,下を見ろ！,,
Message,Please don't dig me up.  I'm perfectly happy down here. -- Resident,掘り起こさないでくれ。ここでは完璧に幸せなんだ。 -- 住人より,,
Message,"Postman, please note forwarding address: Gehennom, Asmodeus's Fortress, fifth lemure on the left",郵便屋さん、転送先はこちら：ゲヘナ、アスモデウスの要塞、左から5番目のレムール気付,,
Message,Mary had a little lamb/Its fleece was white as snow/When Mary was in trouble/The lamb was first to go,メリーさんの羊/その毛は雪のように白かった/メリーが困ったとき/一番先にいなくなったのは羊だった,,
Message,"Be careful, or this could happen to you!",気をつけな。さもないと、あんたもこうなるぜ！,,
Message,Soon you'll join this fellow in hell! -- the Wizard of Yendor,もうすぐ地獄でこいつの仲間入りだ！ -- イェンドールの魔法使い,,
Message,Caution! This grave contains toxic waste,警告！ この墓には有毒廃棄物が含まれています,,
Message,Sum quod eris,我はかつて汝であった如く、汝もまた我の如くなるべし（ラテン語：汝もいつか死す）,,
Message,"Here lies an Atheist, all dressed up and no place to go",ここに無神論者眠る。盛装したものの、行くべき場所（あの世）は無し。,,
Message,"Here lies Ezekiel, age 102.  The good die young.",ここにエゼキエル眠る。享年102歳。善人は若死にするというのに。,,
Message,Here lies my wife: Here let her lie! Now she's at rest and so am I.,ここに我が妻眠る。ここで寝かせておいてくれ！ 彼女もようやく休み、私もようやく休める。,,
Message,I made an ash of myself,私は自分を灰にした（I made an ass of myself：バカをさらした、の洒落）,,
Message,Soon ripe.  Soon rotten.  Soon gone.  But not forgotten.,すぐ実り、すぐ腐り、すぐ消えた。だが忘れ去られたわけではない。,,
Message,Here lies the body of Jonathan Blake.  Stepped on the gas instead of the brake.,ここにジョナサン・ブレイクの遺体眠る。ブレーキと間違えてアクセルを踏んだ。,,
Message,Go away!,あっちへ行け！,,
Message,"Alas fair Death, 'twas missed in life - some peace and quiet from my wife",ああ、美しき死よ。生前は叶わなかった――妻からの平穏と静寂がここにある。,,
Message,"Applaud, my friends, the comedy is finished.",喝采せよ、友よ。喜劇は終わった。,,
Message,At last... a nice long sleep.,ついに……素晴らしく長い眠りだ。,,
Message,Audi Partem Alteram,反対側の意見も聞け（ラテン語：公平であれ）,,
Message,"Basil, assaulted by bears",バジル、クマに襲わる（エドワード・ゴーリー『恐るべき子供たち』パロディ）,,
Message,Burninated,焼き尽くされた（Burninated）,,
Message,Confusion will be my epitaph,混乱こそが我が墓碑銘（キング・クリムゾン『エピタフ』より）,,
Message,Do not open until Christmas,クリスマスまで開けないでください,,
Message,"Don't be daft, they couldn't hit an elephant at this dist-",馬鹿を言うな、この距離なら象にだって当たりはしな――（南北戦争のセジウィック将軍の最期の言葉）,,
Message,Don't let this happen to you!,あんたはこうなっちゃいけないよ！,,
Message,Dulce et decorum est pro patria mori,祖国のために死ぬことは、甘美で名誉あることだ（ラテン語：ホラティウス）,,
Message,Et in Arcadia ego,我はアルカディアにもあり（ラテン語：死は理想郷にも存在する）,,
Message,Fatty and skinny went to bed.  Fatty rolled over and skinny was dead.  Skinny Smith 1983-2000.,デブとガリがベッドに入った。デブが寝返りをうったらガリが死んだ。スキニー・スミス 1983-2000。,,
Message,Finally I am becoming stupider no more,ついに、これ以上バカにならずに済む（パウル・エルデシュの墓碑銘『ようやくバカにならなくなった』より）。,,
Message,Follow me to hell,地獄までついて来い,,
Message,...for famous men have the whole earth as their memorial,……なぜなら、著名な人々にとっては、全地球そのものが彼らの記念碑なのだから（ペリクレス）,,
Message,"Game over, man.  Game over.",ゲームオーバーだ、あいつらお終いだよ。（映画『エイリアン2』より）,,
Message,Go away!  I'm trying to take a nap in here!  Bloody adventurers...,あっちへ行け！ ここで昼寝をしてるんだ！ 忌々しい冒険者どもめ……,,
Message,Gone fishin',釣りに行きました（不在）,,
Message,"Good night, sweet prince: And flights of angels sing thee to thy rest!",おやすみなさい、愛らしい王子様。天使の群れの歌声に包まれて、安らかに休みたまえ！（シェイクスピア『ハムレット』より）,,
Message,Go Team Ant!,ゴー・チーム・アント（蟻軍団）！,,
Message,He farmed his way here,彼は稼ぎ（農耕）まくってここまで来た,,
Message,Here lies a programmer.  Killed by a fatal error.,ここにプログラマー眠る。致命的なエラー（Fatal Error）により殺害。,,
Message,Here lies Bob - decided to try an acid blob,ここにボブ眠る。酸の塊（Acid blob）を試してみようとしたのが運の尽き。,,
Message,"Here lies Dudley, killed by another %&#@#& newt.",ここにダドリー眠る。また例の %&#@#& なイモリに殺された。,,
Message,"Here lies Gregg, choked on an egg",ここにグレッグ眠る。卵を喉に詰まらせた。,,
Message,Here lies Lies.  It's True.,ここに「嘘（Lies）」が横たわっている。これは「真実（True）」だ。,,
Message,"Here lies The Lady's maid, died of a Vorpal Blade",ここに貴婦人の侍女眠る。ヴォーパル・ブレイドに切り裂かれた。,,
Message,"Here lies the left foot of Jack, killed by a land mine.  Let us know if you find any more of him",ここにジャックの左足眠る。地雷により殺害。もし彼の他の部分を見つけたら知らせてくれ。,,
Message,He waited too long,彼は待ちすぎた,,
Message,I'd rather be sailing,航海に行きたかったな,,
Message,"If a man's deeds do not outlive him, of what value is a mark in stone?",人の業がその人より長く残らないのなら、石の印に何の価値があるだろうか？,,
Message,I'm gonna make it!,やり遂げてみせる！（と言って死んだ）,,
Message,I took both pills!,私は両方のピル（赤い薬と青い薬）を飲んだ！（映画『マトリックス』より）,,
Message,I will survive!,私は生き残る！（と言って死んだ）,,
Message,Killed by a black dragon -- This grave is empty,ブラック・ドラゴンにより殺害 -- （跡形もなく溶かされたため）この墓は空である,,
Message,Let me out of here!,ここから出してくれ！,,
Message,"Lookin' good, Medusa.",いい顔してるぜ、メデューサ。,,
Message,"Mrs. Smith, choked on an apple.  She left behind grieving husband, daughter, and granddaughter.",スミス夫人、リンゴを喉に詰まらせた。悲しみに暮れる夫、娘、そして孫娘を遺して。,,
Message,Nobody believed her when she said her feet were killing her,彼女が「足が痛くて死にそう」と言ったとき、誰も本気にしなかった（そして本当に死んだ）。,,
Message,No!  I don't want to see my damn conduct!,嫌だ！ 自分のクソみたいな「行い（Conduct：縛りプレイの記録）」なんて見たくない！,,
Message,"One corpse, sans head",遺体一つ、頭部無し,,
Message,"On the whole, I'd rather be in Minetown",概して、私は（ここで死ぬより）鉱山街（Minetown）にいたかった。,,
Message,On vacation,休暇中（死んでいることの婉曲表現）,,
Message,Oops.,おっと（やっちまった）。,,
Message,Out to Lunch,昼食中（不在、または気が狂っている）,,
Message,SOLD,売約済み（墓地が）,,
Message,Someone set us up the bomb!,誰かが我々に爆弾を仕掛けた！（『ゼロウィング』パロディ）,,
Message,"Take my stuff, I don't need it anymore",俺の持ち物を持っていけ、もう必要ないから。,,
Message,Taking a year dead for tax reasons,節税対策のため、一年の「死」をいただく（『銀河ヒッチハイク・ガイド』パロディ）,,
Message,The reports of my demise are completely accurate,私の死についての報告は、完全に正確である（マーク・トウェインの有名な言葉の逆）,,
Message,(This space for sale),（ここのスペース売り出し中）,,
Message,"This was actually just a pit, but since there was a corpse, we filled it",ここは元々ただの穴だったんだが、遺体があったんで埋めておいたよ,,
Message,This way to the crypt,地下聖堂はこちら,,
Message,"Tu quoque, Brute?",ブルータス、お前もか？（ラテン語）,,
Message,VACANCY,空室あり,,
Message,Welcome!,ようこそ！,,
Message,Wish you were here!,あなたがここにいてほしい（ピンク・フロイド『炎〜あなたがここにいてほしい』より）,,
Message,"Yea, it got me too",ああ、俺もやられたよ,,
Message,You should see the other guy,相手の（ひどい）面も拝んでやるべきだぜ,,
Message,...and they made me engrave my own headstone too!,……それに、自分の墓石を自分で彫らされたんだぜ！,,
Message,...but the blood has stopped pumping and I am left to decay...,……だが血の巡りは止まり、私は朽ち果てるがままに取り残されている……,,
Message,<Expletive Deleted>,＜不適切な表現は削除されました＞,,
Message,A masochist is never satisfied.,マゾヒストが満足することなど、決してない。,,
Message,"Ach, 'twas a wee monster in the loch",ああ、ありゃあ湖（ネス湖）にいたちっこい怪物（ネッシー）だったよ,,
Message,Adapt.  Enjoy.  Survive.,順応せよ。楽しめ。生き残れ。,,
Message,"Adventure, hah!  Excitement, hah!",冒険だと？ ふん！ 興奮だと？ ふん！（スター・ウォーズ『帝国の逆襲』ヨーダの台詞）,,
Message,"After all, what are friends for...",結局のところ、友達ってのは何のためにいるんだか……,,
Message,"After this, nothing will shock me",これを見た後じゃ、もう何が起きても驚かないよ,,
Message,"After three days, fish and guests stink",三日経てば、魚と客は鼻につく（ベンジャミン・フランクリン）,,
Message,Age and treachery will always overcome youth and skill,老獪さと裏切りは、常に若さと技術を凌駕する,,
Message,Ageing is not so bad.  The real killer is when you stop.,年を取るのはそう悪くない。本当に致命的なのは、止まってしまう（死ぬ）時だ。,,
Message,Ain't I a stinker?,僕って嫌な奴？（バッグス・バニーの決め台詞）,,
Message,Algernon,アルジャーノン（『アルジャーノンに花束を』より）,,
Message,All else failed...,他のすべてが失敗した……,,
Message,All hail RNG,乱数神（RNG）を讃えよ,,
Message,"All right, we'll call it a draw!",よし、引き分けにしておいてやろう！（モンティ・パイソン『ホーリー・グレイル』黒騎士の台詞）,,
Message,All's well that ends well,終わりよければすべてよし,,
Message,Alone at last!,やっと一人になれた！,,
Message,Am I having fun yet?,私はもう楽しんでいるのか？,,
Message,"And I can still crawl, I'm not dead yet!",まだ這えるぞ、私はまだ死んでいない！（モンティ・パイソン『ホーリー・グレイル』死体回収シーンより）,,
Message,And all I wanted was a free lunch,欲しかったのはタダ飯（フリー・ランチ）だけだったのに,,
Message,And all of the signs were right there on your face,その兆候はすべて、君の顔に書いてあったんだ,,
Message,And don't give me that innocent look either!,そんな潔白そうな顔で見つめるなよ！,,
Message,And everyone died.  Boo hoo hoo.,そして皆死にました。えーん、えーん。,,
Message,And here I go again...,そしてまた、私は行くんだ……,,
Message,And nobody cares until somebody famous dies...,そして誰か有名な奴が死ぬまで、誰も気に留めないんだ……,,
Message,And so it ends?,これで終わりか？,,
Message,And so... it begins.,そして……始まるんだ。,,
Message,And sometimes the bear eats you.,時にはクマに食べられることもある（『ビッグ・リボウスキ』より）,,
Message,And then 'e nailed me 'ead to the floor!,そしてあいつ、俺の頭を床に釘付けにしやがったんだ！（モンティ・パイソン風）,,
Message,And they said it couldn't be done!,そして皆、そんなこと（死ぬこと）ができるはずがないと言ったんだ！,,
Message,And what do I look like?  The living?,私は何に見える？ 生きている者に見えるか？,,
Message,"And yes, it was ALL his fault!",そう、すべてはあいつのせいなんだ！,,
Message,And you said it was pretty here...,ここが綺麗だって、君は言ったじゃないか……,,
Message,Another lost soul,また一人、失われた魂（犠牲者）だ,,
Message,Any day above ground is a good day!,地上（墓の外）で過ごせる日は、いつだって最高の日だ！,,
Message,Any more of this and I'll die of a stroke before I'm 30.,こんなことが続けば、30歳になる前に卒中で死んでしまうよ。（と言って死んだ）,,
Message,Anybody seen my head?,誰か僕の頭を見なかった？,,
Message,Anyone for deathmatch?,デスマッチをしたい奴はいるか？,,
Message,Anything for a change.,変化のためなら何でもする。,,
Message,"Anything that kills you makes you ... well, dead",君を殺すものは何であれ、君を……まあ、「死人」にするんだ。,,
Message,Anything worth doing is worth overdoing.,やる価値のあることなら、やりすぎる価値もある。,,
Message,Are unicorns supposedly peaceful if you're a virgin?  Hah!,処女（童貞）ならユニコーンは大人しいはずだって？ はっ！,,
Message,"Are we all being disintegrated, or is it just me?",みんな分解（Disintegrated）されてるのか、それとも僕だけ？,,
Message,At least I'm good at something,少なくとも、一つくらいは得意なことがあったんだ（死ぬこと、とか）,,
Message,Attempted suicide,自殺未遂（の結果、死んだ）,,
Message,Auri sacra fames,黄金への呪わしき飢え（ラテン語：ウェルギリウス『アエネーイス』より）,,
Message,Auribus teneo lupum,狼の耳を掴んでいる（ラテン語：進むも退くも地獄、の意）,,
Message,Be prepared,備えよ常に（ボーイスカウトのモットー）,,
Message,Beauty survives,美は生き残る,,
Message,Been Here.  Now Gone.  Had a Good Time.,ここにいたが、今はもういない。楽しい時間だったよ。,,
Message,"Been through Hell, eh?  What did you bring me?",地獄（Hell）を通り抜けてきたのかい？ 私に何を届けてくれたんだ？,,
Message,"Beg your pardon, didn't recognize you, I'm changed a lot.",失礼、君だと気づかなかったよ。私もずいぶん変わってしまったから。,,
Message,Being dead builds character,死ぬことは、人格（またはキャラクター）を形成する,,
Message,"Beloved daughter, a treasure, buried here.",最愛の娘、私たちの宝物、ここに眠る。,,
Message,Best friends come and go....  Mine just die.,親友は現れては去っていくもの……私のはただ死ぬだけだがね。,,
Message,Better be dead than a fat slave,太った奴隷になるよりは、死んだほうがマシだ,,
Message,Better luck next time,次はもっとうまくいくさ（幸運を）,,
Message,Beware of Discordians bearing answers,答えを持ってくるディスコルディア教徒（Discordians：混乱の信奉者）に注意せよ,,
Message,Beware the ...,……に注意せよ,,
Message,Bloody Hell...,なんてこった（イギリス英語的な罵倒表現）……,,
Message,Bloody barbarians!,忌々しい野蛮人どもめ！,,
Message,Blown upward out of sight: He sought the leak by candlelight,見えないところまで吹き飛ばされた。彼はロウソクの火で（ガスの）漏れを探していたのだから。,,
Message,Brains... Brains... Fresh human brains...,脳みそ……脳みそ……新鮮な人間の脳みそを……（ゾンビの台詞）,,
Message,Buried the cat.  Took an hour.  Damn thing kept fighting.,猫を埋めてやった。一時間もかかったよ。クソったれ、ずっと暴れやがって。,,
Message,But I disarmed the trap!,でも、罠は解除したはずなのに！（と言って死んだ）,,
Message,CONNECT 1964 - NO CARRIER 1994,接続 1964 - 通信切断 1994（NO CARRIER：モデムの切断メッセージ）,,
Message,Can YOU fly?,君は飛べるのかい？,,
Message,Can you believe that thing is STILL moving?,あれがまだ動いてるなんて信じられるか？,,
Message,Can you come up with some better ending for this?,これのもっとマシな結末を思いついてくれないか？,,
Message,Can you feel anything when I do this?,こうすると、何か感じるかい？,,
Message,Can't I just have a LITTLE peril?,ほんの少しの危険（Peril）も許されないのか？（モンティ・パイソン『ホーリー・グレイル』より）,,
Message,"Can't eat, can't sleep, had to bury the husband here.",食べられない、眠れない、ここで夫を埋めなきゃならなかった。,,
Message,Can't you hit me?!,僕に攻撃できないのかい？！,,
Message,"Chaos, panic and disorder.  My work here is done.",混乱、パニック、無秩序。ここでの私の仕事は終わった。,,
Message,Check enclosed.,小切手同封。,,
Message,Check this out!  It's my brain!,これを見てくれ！ 私の脳みそだぜ！,,
Message,Chivalry is only reasonably dead,騎士道精神は、まあ妥当に死んでいるだけだ,,
Message,Coffin for sale.  Lifetime guarantee.,棺桶売り出し中。一生涯保証付き。,,
Message,"Come Monday, I'll be all right.",月曜日になれば、きっと大丈夫さ。,,
Message,Come and see the violence inherent in the system,システムに内在する暴力を見に来い（モンティ・パイソン『ホーリー・グレイル』より）,,
Message,Come back here!  I'll bite your bloody knees off!,戻ってこい！ お前の膝っこぞうを噛みちぎってやる！（モンティ・パイソン、黒騎士の台詞）,,
Message,"Commodore Business Machines, Inc.  Died for our sins.",コモドール・ビジネス・マシンズ社。我らの罪のために死せり（倒産へのメタな言及）。,,
Message,Complain to one who can help you,助けてくれる人に文句を言え,,
Message,Cooties?  Ain't no cooties on me!,シラミ（Cooties：子供の嫌がらせ言葉）？ 俺にはそんなもん付いてないぜ！,,
Message,Could somebody get this noose off me?,誰か、この首吊り縄を外してくれないか？,,
Message,Could you check again?  My name MUST be there.,もう一度確認してくれ。私の名前がそこにあるはずなんだ。,,
Message,Couldn't I be sedated for this?,麻酔とかしてくれないのか？,,
Message,Courage is looking at your setbacks with serenity,勇気とは、挫折を平静に見つめることである,,
Message,"Cover me, I'm going in!",援護しろ、突入する！,,
Message,Crash course in brain surgery,脳外科手術の短期集中コース（物理的に頭を割られたことへの皮肉）,,
Message,Cross my fingers for me.,私のために幸運を祈ってくれ（指を交差させてくれ）。,,
Message,Curse god and die,神を呪って死ね（『ヨブ記』より）,,
Message,Cut to fit,ピッタリ合うようにカット（死体を棺桶に？）,,
Message,De'Ath,デ・アス（テリー・プラチェット『ディスクワールド』より「死神」の別名）,,
Message,Dead Again?  Pardon me for not getting it right the first time!,また死んだのか？ 最初からうまく（死な）なくて済まなかったな！,,
Message,Dead and loving every moment!,死んでいる。そのすべての瞬間が最高だ！,,
Message,"Dear wife of mine.  Died of a broken heart, after I took it out of her.",愛する妻。彼女の心臓（Heart）を抜き取ったら、失意（Broken heart）のうちに死んでしまった。,,
Message,Don't tread on me!,私を踏みつけるな！（ガズデン・フラッグのモットー）,,
Message,Dragon? What dragon?,ドラゴン？ 何のドラゴンのことだい？（背後にいるドラゴンに気づかず死んだ者のセリフ）,,
Message,Drawn and quartered,首吊り・内臓抉り・四つ裂きの刑（中世の極刑）,,
Message,Either I'm dead or my watch has stopped.,私が死んだか、それとも時計が止まったか、どっちかだ（グルーチョ・マルクスのパロディ）。,,
Message,"Eliza -- Was I really alive, or did I just think I was?",イライザ ―― 僕は本当に生きていたのか、それともそう思っていただけか？,,
Message,Elvis,エルヴィス（・プレスリー。エルヴィスは死んでいない、という都市伝説への皮肉）,,
Message,Eris?  I don't need Eris,エリス（不和の女神）？ そんなもん必要ないぜ,,
Message,"Eternal Damnation, Come and stay a long while!",永遠の地獄、さあ来て長く滞在するがいい！,,
Message,Even The Dead pay taxes (and they aren't Grateful).,死人でさえ税金を払う（そして彼らは「感謝（Grateful）」などしていない。Grateful Deadへの皮肉）。,,
Message,Even a tomb stone will say good things when you're down!,落ち込んでいる時（または埋められた時）は、墓石だって良いことを言ってくれるものさ！,,
Message,Ever notice that live is evil backwards?,「live（生きる）」の逆が「evil（悪）」だって気づいたことあるか？（回文への言及）,,
Message,Every day is starting to look like Monday,毎日が月曜日（憂鬱な日）のように見え始めてきた,,
Message,"Every day, in every way, I am getting better and better.",毎日、あらゆる面で、私はますます良くなっている（エミール・クーエの自己暗示の言葉）。,,
Message,Every survival kit should include a sense of humor,どんなサバイバルキットにも、ユーモアのセンスを含めるべきだ,,
Message,Evil I did dwell;  lewd did I live,悪の中に住み、淫らに生きた（回文：Evil I did dwell / lewd I did live）,,
Message,Ex post fucto,事後的に（Ex post facto：事後報告、の捩り）,,
Message,Excellent day to have a rotten day.,最悪な一日を過ごすには最高の一日だ。,,
Message,Excuse me for not standing up.,立ち上がれなくて失礼（ヘミングウェイの墓碑銘として有名な言葉のパロディ）。,,
Message,"Experience isn't everything.  First, you've got to survive.",経験がすべてじゃない。まず、生き残らなきゃならん。,,
Message,First shalt thou pull out the Holy Pin,まず、汝は「聖なるピン」を抜かねばならぬ（モンティ・パイソン『ホーリー・グレイル』聖なる手榴弾の件より）,,
Message,"For a Breath, I Tarry...",ひと息つく間、私はとどまる……（ロジャー・ゼラズニイ『伝道の書に捧げる薔薇』収録作より）,,
Message,For recreational use only.,娯楽用（のみに使用すること）。,,
Message,"For sale: One soul, slightly used.  Asking for 3 wishes.",売り出し中：魂一つ、わずかに使用感あり。三つの「願い（Wishes）」で譲ります。,,
Message,"For some moments in life, there are no words.",人生には、言葉にならない瞬間がある。,,
Message,"Forget Disney World, I'm going to Hell!",ディズニーランドのことは忘れろ、俺は地獄（Hell）へ行くんだ！,,
Message,"Forget about the dog, Beware of my wife.",犬のことは気にするな、俺の妻に用心しろ。,,
Message,Funeral - Real fun.,葬式（Funeral） ―― それは本当の「楽しみ（Fun）」だ。,,
Message,"Gawd, it's depressing in here, isn't it?",ああ、ここは本当に陰気だな。そう思わないか？,,
Message,Genuine Exploding Gravestone.  (c)Acme Gravestones Inc.,本物！ 爆発する墓石。 (c)アクメ墓石株式会社（ACME社パロディ）,,
Message,Get back here!  I'm not finished yet...,戻ってこい！ まだ終わってないぞ……,,
Message,"Go ahead, I dare you to!",やってみろ、できるもんならな！,,
Message,"Go ahead, it's either you or him.",やるがいい、君か彼か、どっちかだ。,,
Message,Goldilocks -- This casket is just right,ゴルディロックス ―― この棺桶はちょうどいい大きさだ（童話『3びきのくま』より）。,,
Message,Gone But Not Forgotten,去りぬ、だが忘れ去られはしない,,
Message,Gone Underground For Good,永遠に地下（あの世）へ行ってしまった,,
Message,Gone away owin' more than he could pay.,支払える以上の借金を残して、あいつは逝っちまった。,,
Message,"Gone, but not forgiven",消え失せた。だが許されてはいない。,,
Message,Got a life.  Didn't know what to do with it.,命（または人生）を手に入れたが、どう扱えばいいか分からなかった。,,
Message,Grave?  But I was cremated!,墓だと？ 俺は火葬されたはずなのに！,,
Message,Greetings from Hell - Wish you were here.,地獄より愛を込めて ―― 君もここにいればいいのに。,,
Message,"HELP! It's dark in here....  Oh, my eyes are closed - sorry",助けて！ ここは真っ暗だ……。あ、目が閉じてただけだった。ごめん。,,
Message,Ha! I NEVER pay income tax!,はっ！ 俺は所得税なんて一度も払ったことがないぜ！,,
Message,Have you come to raise the dead?,死人を蘇らせに来たのかい？,,
Message,Having a good time can be deadly.,楽しむことは、命取りになることもある。,,
Message,Having a great time.  Where am I exactly??,最高の気分だ。で、ここは一体どこなんだ？？,,
Message,He died of the flux.,彼は赤痢（Flux）で死んだ。,,
Message,He died today....  May we rest in peace!,彼は今日死んだ……（我々も）安らかに眠れますように！,,
Message,"He got the upside, I got the downside.",彼は上側（地上）を手に入れ、俺は下側（地下）を手に入れた。,,
Message,He lost his face when he was beheaded.,彼は斬首されたとき、面目（Face）を失った。,,
Message,He missed me first.,先に外したのはあいつの方だぜ。,,
Message,"He's not dead, he just smells that way.",あいつは死んでない、ただそういう臭いがするだけだ（フランク・ザッパの言葉より）。,,
Message,Help! I've fallen and I can't get up!,助けて！ 転んじゃって起き上がれないんだ！（LifeCall社のCM有名フレーズ）,,
Message,"Help, I can't wake up!",助けて、起きられないんだ！,,
Message,Here lies Pinocchio,ここにピノキオ眠る（墓石から鼻が突き出ているのか？）,,
Message,Here lies the body of John Round.  Lost at sea and never found.,ここにジョン・ラウンドの遺体眠る。海で失われ、ついに見つかることはなかった。,,
Message,Here there be dragons,この先にドラゴンあり（古地図の「未知の領域」の警告）,,
Message,"Hey, I didn't write this stuff!",おい、これを書いたのは俺じゃないぞ！,,
Message,"Hodie mihi, cras tibi",今日は我、明日は汝（ラテン語：今日は私が死んでいるが、明日は君の番だ）,,
Message,Hold my calls,電話（面会）はすべて断ってくれ,,
Message,Home Sweet Hell,地獄こそ我が家,,
Message,"Humpty Dumpty, a Bad Egg.  He was pushed off the wall.",ハンプティ・ダンプティ、嫌な卵め。あいつは壁から突き落とされたんだ。,,
Message,I KNEW this would happen if I lived long enough.,長生きさえしてれば、いつかこうなることは分かってたんだ。,,
Message,I TOLD you I was sick!,だから具合が悪いって言っただろ！（スパイク・ミリガンの墓碑銘として有名）,,
Message,I ain't broke but I am badly bent.,壊れちゃいないが、ひどく曲がっちまった。,,
Message,I ain't old.  I'm chronologically advantaged.,俺は年寄りじゃない。時間的に（経験が）豊かなだけだ。,,
Message,"I am NOT a vampire.  I just like to bite..nibble, really!",吸血鬼じゃないんだ。ただ、噛む（というか、ちょっとかじるだけ）が好きなだけで！,,
Message,I am here.  Wish you were fine.,私はここにいる。君が元気でありますように。,,
Message,"I am not dead yet, but watch for further reports.",私はまだ死んでいない。だが続報を待て。,,
Message,I believe them bones are me.,あの骨は、私なのだと思う。,,
Message,I broke his brain.,あいつの脳みそ（または精神）をぶっ壊してやった。,,
Message,I can feel it.  My mind.  It's going.  I can feel it.,感じるぞ。僕の意識が……消えていく。確かに、感じるんだ……。（『2001年宇宙の旅』HAL 9000の台詞）,,
Message,"I can't go to hell, they don't want me.",地獄には行けないんだ、向こうが俺を拒否してるんでね。,,
Message,"I didn't believe in reincarnation the last time, either.",前世でも、転生なんて信じてなかったよ。,,
Message,I didn't mean it when I said 'Bite me',「（嫌なことがあった時に）噛んでくれ（Bite me）」って言ったのは本気じゃなかったんだ！,,
Message,I died laughing,笑い死にした（と言って死んだ）,,
Message,"I disbelieved in reincarnation in my last life, too.",前世でも、あいにく転生は否定派だったんでね。,,
Message,I hacked myself to death,自分を（NetHackして、あるいは叩き切って）死に追いやった,,
Message,I have all the time in the world,時間はたっぷりある（もう死んでいるんだから）,,
Message,I knew I'd find a use for this gravestone!,いつかこの墓石を役立てる日が来るって分かってたよ！,,
Message,I know my mind.  And it's around here someplace.,自分の正気（Mind）のありかは分かってる。この辺のどこかにあるはずだ。,,
Message,I lied!  I'll never be alright!,嘘をついた！ 私は決して「大丈夫（Alright）」にはならない！,,
Message,I like it better in the dark.,暗闇の方が落ち着くんだ。,,
Message,I like to be here when I can.,できるだけここにいたいものだ。,,
Message,I may rise but I refuse to shine.,（蘇生して）起き上がることはあっても、輝く（Shine：元気よく振る舞う）のはお断りだ。,,
Message,I never get any either.,俺も何も手に入らなかったよ。,,
Message,"I said hit HIM with the fireball, not me!",あいつにファイアボールをぶつけろって言ったんだ、俺じゃなくて！,,
Message,I told you I would never say goodbye.,決してさよならは言わないって、約束しただろう。,,
Message,I used to be amusing.  Now I'm just disgusting.,昔は面白がられたもんだが、今じゃただの気味悪い（死体）だな。,,
Message,"I used up all my sick days, so now I'm calling in dead.",病欠（Sick days）を使い果たしたから、死欠（Calling in dead）することにしたよ。,,
Message,I was killed by <illegible scrawl>,私は <判読不能な走り書き> によって殺された,,
Message,"I was somebody.  Who, is no business of yours.",私は「誰か」だった。それが誰かは、君には関係のないことだ。,,
Message,I will not go quietly.,私はおとなしく逝きはしない。,,
Message,I'd give you a piece of my mind... but I can't find it.,君に私の考え（または脳みそ）を分けてやりたいが……どこにあるか分からんのだ。,,
Message,I'd rather be breathing,息をしていられた方がマシだったな,,
Message,I'll be back!,また戻ってくるぜ！（アイル・ビー・バック）,,
Message,"I'll be mellow when I'm dead.  For now, let's PARTY!",死んだらおとなしくしててやる。だが今はパーティーだぜ！（と言って死んだ）,,
Message,I'm doing this only for tax purposes.,これは単に節税対策のためにやってるんだ（死んだふりをしている？）,,
Message,I'm not afraid of Death!  What's he gonna do? Kill me?,死神なんて怖くないね！ あいつに何ができる？ 俺を殺すとでもいうのか？（と言って死んだ：スティーヴン・ライトのジョーク）,,
Message,"I'm not getting enough money, so I'm not going to engrave anything useful here.",十分な金をもらってないから、ここには役に立つことは一切彫らないぞ。,,
Message,I'm not saying anything.,私は何も言っていない。,,
Message,I'm weeth stupeed --->,バカはこっち --->（I'm with stupid：隣の人をバカにするTシャツ等のフレーズ）,,
Message,If you thought you had problems...,もし君が、自分には問題があると思っているなら……（私の死体を見ろ、の意）,,
Message,Ignorance kills daily.,無知は日々、命を奪う。,,
Message,Ignore me... I'm just here for my looks!,私のことは無視してくれ……見た目だけでここにいるんだから！（墓の装飾の一部だ、という皮肉）,,
Message,Ilene Toofar -- Fell off a cliff,アイリーン・トゥーファー（I lean too far：身を乗り出しすぎた） ―― 崖から転落。,,
Message,Is that all?,それでおしまい？,,
Message,Is there life before Death?,死ぬ前の「生」は存在するのか？（Is there life after death? の逆転）,,
Message,"Is this a joke, or a grave matter?",これはジョークか、それとも「墓（Grave：重大な）」の問題か？,,
Message,It happens sometimes.  People just explode.,たまにあることさ。人間が突然爆発するなんて。,,
Message,It must be Thursday.  I never could get the hang of Thursdays.,今日は木曜日に違いない。木曜日はどうも苦手だ。（『銀河ヒッチハイク・ガイド』アーサー・デントの台詞）,,
Message,It wasn't a fair fight,公平な戦いじゃなかった,,
Message,It wasn't so easy.,そんなに簡単じゃなかったよ。,,
Message,"It's Loot, Pillage and THEN Burn...",略奪、略取、そして「それから」火を放つんだ……（順番が大事、という皮肉）,,
Message,Just doing my job here,私はここで自分の仕事（＝死体になること）をしてるだけだ,,
Message,Killed by diarrhea of mouth and constipation of brain.,多弁という下痢と、思考停止という便秘によって死亡。,,
Message,Let her RIP,彼女を安らかに眠らせてやれ（R.I.P.：安らかに眠れ）,,
Message,Let it be; I am dead.,なすがままに（Let it be）。私は死んだんだ。,,
Message,Let's play Hide the Corpse,「死体隠し」遊びをしようぜ,,
Message,Life is NOT a dream,人生は夢などではない,,
Message,Madge Ination -- It wasn't all in my head,マッジ・イネーション（Imagination：想像力） ―― すべてが妄想だったわけじゃない。,,
Message,Meet me in Heaven,天国で会おう,,
Message,"Move on, there's nothing to see here.",さあ行った行った。ここには見るべきものなんて何もないぞ。,,
Message,Mr. Flintstone -- Yabba-dabba-done,フリントストーン氏 ―― ヤバ・ダバ・おしまい（Yabba-dabba-dooのパロディ）,,
Message,My heart is not in this,私の心はここ（この死体）にはない,,
Message,No one ever died from it,それで死んだ奴なんて一人もいない（と言って死んだ）,,
Message,"No, you want room 12A, next door.",いいえ、お探しの部屋は隣の12A号室です。,,
Message,Nope.  No trap on that chest.  I swear.,いいや。その宝箱に罠なんてない。誓ってもいい。（と言って死んだ）,,
Message,Not again!,またかよ！（『銀河ヒッチハイク・ガイド』ペチュニアの鉢植え）,,
Message,Not every soil can bear all things,すべての土壌があらゆるものを育める（耐えられる）わけではない。,,
Message,Now I have a life,これでようやく（死後の）人生が手に入った,,
Message,Now I lay thee down to sleep... wanna join me?,汝を眠り（死）につかせよう……君も一緒にどうだい？,,
Message,"OK, here is a question: Where ARE your tanlines?",よし、質問だ。君の「日焼け跡」はどこにあるんだい？,,
Message,Obesa Cantavit,肥満女性が歌った（ラテン語：全てが終わった、の意。オペラが肥満女性のソプラノで終わることから）,,
Message,Oh! An untimely death.,おお！ 早すぎる死だ。,,
Message,"Oh, by the way, how was my funeral?",ああ、ところで、私の葬式はどうだった？,,
Message,"""Oh, honey... I missed you!"" she said, and fired again.",「ああ、あなた……外れちゃった（会いたかった）わ！」彼女はそう言って、もう一発撃った。,,
Message,"Ok, so the light does go off.  Now let me out of here.",よし、明かりは確かに消えるんだな。さあ、ここから出してくれ。,,
Message,One stone brain,石でできた脳みそ（または、一つだけの墓石脳）,,
Message,Ooh! Somebody STOP me!,おお！ 誰か私を止めてくれ！（『マスク』のジム・キャリーの台詞）,,
Message,Oops!,おっと！,,
Message,Out for the night.  Leave a message.,今夜は外出中。メッセージを残しておいてくれ。,,
Message,Ow!  Do that again!,痛い！ もう一度やってくれ！,,
Message,Pardon my dust.,私の「塵（遺骨）」を許してくれ（ドロシー・パーカーの墓碑銘として有名なジョーク）。,,
Message,Part of me still works.,私の一部はまだ動いているぞ。,,
Message,"Please, not in front of those orcs!",お願いだ、あのオークたちの前ではやめてくれ！,,
Message,Prepare to meet me in Heaven,天国で私と会う準備をしておけ,,
Message,"R2D2 -- Rest, Tin Piece","R2D2 ―― 安らかに眠れ、錫の塊（Rest In Peace, Tin Piece：R.I.P.のパロディ）",,
Message,Relax.  Nothing ever happens on the first level.,落ち着け。1階（First level）では何も起きやしないさ。（と言って死んだ）,,
Message,Res omnia mea culpa est,すべては私の責任である（ラテン語：私の過失、の意）,,
Message,"Rest, rest, perturbed spirit.",安らかに、安らかに眠れ、かき乱された霊魂よ。（シェイクスピア『ハムレット』より）,,
Message,Rip Torn,リップ・トーン（俳優の名前だが、RIPとTORN：引き裂かれた、のダブルミーニング）,,
Message,She always said her feet were killing her but nobody believed her.,彼女はいつも「足が痛くて死にそう」と言っていたが、誰も信じなかった。,,
Message,She died of a chest cold.,彼女は「胸（Chest：または宝箱）」の風邪で死んだ。,,
Message,"So let it be written, so let it be done!",かくして記され、かくして成されん！（映画『十戒』よりユル・ブリンナーの台詞）,,
Message,"So then I says, How do I know you're the real angel of death?",それで俺は言ったんだ。「あんたが本物の死神だって、どうやって証明するんだい？」ってね。,,
Message,Some patients insist on dying.,死ぬことを頑なに主張する患者もいるものだ。,,
Message,"Some people have it dead easy, don't they?",死ぬほど簡単な（Dead easy）人生を送る奴らもいるよな？,,
Message,Some things are better left buried.,埋めたままにしておいた方がいいものもある。,,
Message,"Sure, trust me, I'm a lawyer...",ああ、任せてくれ。俺は弁護士だぜ……（と言って死んだ）,,
Message,"Thank God I wore my corset, because I think my sides have split.",コルセットをしていて良かった。脇腹が（笑いすぎて）裂けちまったみたいだからね。,,
Message,That is all,以上である。,,
Message,The Gods DO have a sense of humor: I'm living proof!,神々には確かにユーモアのセンスがある。私がその生きた証拠だ！（と言って死んだ）,,
Message,The frog's dead.  He Kermitted suicide.,カエルが死んだ。カーミット自殺（Committed suicide とカエルのカーミットの洒落）をしたんだ。,,
Message,This dungeon is a pushover,このダンジョンなんて楽勝だぜ（と言って死んだ）,,
Message,This elevator doesn't go to Heaven,このエレベーターは天国（Heaven）には行かない,,
Message,"This gravestone is shareware.  To register, please send me 10 zorkmids",この墓石はシェアウェアです。ユーザー登録には10ゾークミッド送ってください。,,
Message,This gravestone provided by The Yendorian Grave Services Inc.,この墓石はイェンダー墓葬サービス株式会社によって提供されました。,,
Message,This is not an important part of my life.,これは私の人生の重要な部分ではない（すでに死んでいるから）。,,
Message,This one's on me.,今回は俺の奢りだ（または、俺の責任だ）,,
Message,This side up,こちらを上に（荷物の取扱注意のパロディ）,,
Message,Tim Burr -- Smashed by a tree,ティム・バー（Timber：材木、伐採時の掛け声） ―― 木に潰されて死亡。,,
Message,"Tone it down a bit, I'm trying to get some rest here.",もう少し静かにしてくれ、ここで休もうとしてるんだから。,,
Message,Virtually Alive,仮想的に（Virtually）生存中,,
Message,We Will Meet Again.,また会いましょう。,,
Message,"Weep not, he is at rest",嘆くなかれ、彼は安らぎの中にあり,,
Message,Welcome to Dante's.  What level please?,ダンテの世界へようこそ。何階をご希望ですか？（『神曲』地獄編の九つの階層への言及）,,
Message,"Well, at least they listened to my sermon...",まあ、少なくとも奴らは俺の説教を聴いてくれたよ……（と言って死んだ）,,
Message,Went to be an angel.,天使になるために逝った。,,
Message,What are you doing over there?,そこで何をしてるんだい？,,
Message,What are you smiling at?,何を笑ってるんだ？,,
Message,"What can you say, Death's got appeal...!",何と言えばいいか、死もなかなか魅力的だよ……！,,
Message,What health care?,医療体制がどうしたって？（そんなものはない、の意）,,
Message,What pit?,落とし穴が何だって？（気づかずに落ちて死んだ？）,,
Message,Where e'er you be let your wind go free.  Keeping it in was the death of me!,どこにいようと屁を我慢するな。溜め込んだのが俺の命取りだった！（と言って死んだ）,,
Message,Where's my refund?,俺の返金（Refund）はどこだ？,,
Message,Will let you know for sure in a day or two...,一日か二日したら、確かなことを教えてやるよ……,,
Message,Wizards are wimps,魔法使いなんて弱虫だ（と言って死んだ戦士の言葉？）,,
Message,"Worms at work, do not disturb!",虫たちが作業中、邪魔しないでください！（墓の中の死体が分解されていることへの皮肉）,,
Message,Would you mind moving a bit?  I'm short of breath down here.,少し退いてくれないか？ ここは息が詰まるんだ。,,
Message,Would you quit being evil over my shoulder?,私の肩越しに悪事を働くのはやめてくれないか？,,
Message,"Yes Dear, just a few more minutes...",分かったよお前、あと数分だけ待ってくれ……（と言って死んだ）,,
Message,You said it wasn't poisonous!,毒じゃないって言ったじゃないか！（と言って死んだ）,,
Message,You set my heart aflame.  You gave me heartburn.,君は私の心を燃え上がらせた。そして胸焼け（Heartburn）をくれたんだ。,,
Message,Elbereth,エルベレス（NetHackの有名な退魔の呪文、その開祖が死んだ？）,,
Message,Vlad was here,ヴラドここに参上（ヴラド公への言及）,,
Message,ad aerarium,国庫へ（ラテン語：ad aerarium）,,
Message,Owlbreath,アウルブレス（エルベレスの捩り、フクロウの吐息）,,
Message,Galadriel,ガラドリエル（『指輪物語』のキャラクター）,,
Message,Kilroy was here,キルロイ参上（第二次世界大戦時の有名な落書き）,,
Message,Frodo lives,フロドは生きている（『指輪物語』ファンのスローガン）,,
Message,A.S. ->,A.S. ->（落書き等の作者イニシャル）,,
Message,<- A.S.,<- A.S.,,
Message,You won't get it up the steps,（大きな戦利品等を）階段の上まで持っていくのは無理だぜ。,,
Message,Lasciate ogni speranza o voi ch'entrate.,この門をくぐる者は一切の希望を捨てよ。（ダンテ『神曲』地獄篇、門の銘文）,,
Message,Well Come,ようこそ（または、良い来訪を）,,
Message,We apologize for the inconvenience.,ご不便をおかけして申し訳ありません。（『銀河ヒッチハイク・ガイド』神の最後のメッセージ）,,
Message,See you next Wednesday,また来週の水曜日に。（ジョン・ランディス監督作品に必ず登場するフレーズ）,,
Message,notary sojak,ノータリー・ソジャック（ビル・ホールマン『スモーキー・ストーヴァー』の無意味なフレーズ）,,
Message,For a good time call 8?7-5309,楽しい時間を過ごしたいなら 8?7-5309 へ（トミー・チュートンのヒット曲の捩り）,,
Message,Please don't feed the animals.,動物にエサをあげないでください。,,
Message,"Madam, in Eden, I'm Adam.","奥方、楽園（エデン）におります、私はアダムです。（回文：Madam, I'm Adam）",,
Message,Two thumbs up!,親指二本分（最高）！,,
Message,"Hello, World!",ハロー・ワールド！,,
Message,^?MAIL,^?メール（古いUnixのメール到着通知？）,,
Message,You've got mail!,メールが届いています！（AOLの通知フレーズ）,,
Message,^.,^.,,
Message,As if!,まさか（ありえない）！,,
Message,BAD WOLF,バッド・ウルフ（『ドクター・フー』のキーワード）,,
Message,Arooo!  Werewolves of Yendor!,アオーーン！ イェンダーの人狼だ！（ウォーレン・ジヴォンの曲のパロディ）,,
Message,Dig for Victory here,ここで勝利（または食糧）のために掘れ（第二次大戦時のキャンペーン名）,,
Message,Gaius Julius Primigenius was here.  Why are you late?,ガイウス・ユリウス・プリミゲニウスここに参上。なぜ遅れた？,,
Message,Don't go this way,こちらへ行ってはならない,,
Message,Go left --->,左へ行け --->,,
Message,<--- Go right,<--- 右へ行け,,
Message,X marks the spot,ここに宝（X）あり,,
Message,X <--- You are here.,X <--- 現在地はここ（地図の表示）,,
Message,Here be dragons,ここにドラゴンあり,,
Message,"Save now, and do your homework!",今すぐセーブして、宿題に戻りなさい！（メタ発言）,,
Message,There was a hole here.  It's gone now.,ここに穴があったが、今はもうない。（『サイレントヒル2』のメッセージ）,,
Message,The Vibrating Square,振動するスクエア（NetHackの重要な場所）,,
Message,This is a pit!,これは落とし穴だ！,,
Message,This is not the dungeon you are looking for.,これはお探しのダンジョンではない。（スター・ウォーズの「お前の探しているドロイドではない」パロディ）,,
Message,"Watch out, there's a gnome with a wand of death behind that door!",気をつけろ、その扉の裏には「死の杖」を持ったノームがいるぞ！（初心者がよく死ぬ状況への警告）,,
Message,This square deliberately left blank.,このマス目は意図的に空白のままにされています。,,
Message,Haermund Hardaxe carved these runes,ハームンド・ハードアクスがこれらのルーンを刻んだ,,
Message,Need a light?  Come visit the Minetown branch of Izchak's Lighting Store!,明かりが必要ですか？ マインタウンのアイザック照明店へどうぞ！（モデルとなったイズチャク氏への追悼）,,
Message,Snakes on the Astral Plane - Soon in a dungeon near you,アストラル界のヘビ共 ―― お近くのダンジョンにて近日公開（映画『スネーク・フライト』パロディ）,,
Message,You are the one millionth visitor to this place!  Please wait 200 turns for your wand of wishing.,あなたは100万人目の訪問者です！ 「願いの杖」を受け取るまで200ターンお待ちください（詐欺広告パロディ）。,,
Message,"Warning, Exploding runes!",警告、爆発するルーン！,,
Message,If you can read these words then you are not only a nerd but probably dead.,もしこの言葉が読めるなら、君はオタクなだけでなく、おそらく死んでいるんだろうな。,,
Message,The cake is a lie,ケーキは嘘だ（『Portal』より）,,
Message,A Japanese stabbing knife.,日本の刺し包丁。,,
Message,Pay for which items?,どのアイテムの代金ですか？,,
Message,Boulders/Statues,巨岩／石像,,
Message,You feel your magical energy drain away.,魔法の力が急速に消耗していくのを感じる。,,
Message,You hear a loud click!,大きなカチッという音が聞こえる！,,
Message,Things that you feel here:,ここで感じるもの：,,
Message,You feel rankled.,あなたは苛立ちを感じる。,,
Message,Make this figurine transform,この置物を変身させて,,
Message,Then it appeared in Paris at just about the time that Paris,ちょうどその頃、パリには,,
Message,was full of Carlists who had to get,スペインを奪還せねばならぬ,,
Message,Spain.  One of,カルリストたちが溢れていた。,,
Message,"them must have brought it with him, but, whoever he was, it's",その一人が持ち込んだのだろうが、,,
Message,likely he knew nothing about its real value.  It had been --,誰であれ、その真の価値など,,
Message,no doubt as a precaution during the Carlist trouble in Spain,知る由もなかったに違いない。 それは --,,
Message,-- painted or enameled over to look like nothing more than a,おそらくスペインのカルリスト騒動時の予防策として --,,
Message,"fairly interesting black statuette.  And in that disguise,",塗装かエナメル加工が施され、単なる,,
Message,"sir, it was, you might say, kicked around Paris for seventy",興味深い黒の彫像に見せられていた。そしてその偽装の下で、,,
Message,years by private owners and dealers too stupid to see what,ご存知の通り、七十年にわたりパリで個人所有者や商人たちに転々とした。,,
Message,it was under the skin.,彼らは愚かにもその本質を見抜けなかったのだ。,,
Message,"[ The Maltese Falcon, by Dashiell Hammett ]",[ ダシール・ハメット著『マルタの鷹』 ],,
Message,You set the figurine beside you and it transforms.,あなたは置物を自分のそばに置くと、それは変形する。,,
Message,The figurine writhes and then shatters into pieces!,置物はもがき、そして粉々に砕け散る！,,
Message,Engrave on the doorway with this item,このアイテムで出入り口に刻印する,,
Message,Try to invoke a unique power of this object,この物体のユニークな力を呼び起こそうとする,,
Message,Bring me my broadsword,私のブロードソードを持ってきてくれ,,
Message,And clear understanding.,そして明確な理解を。,,
Message,"Bring me my cross of gold,",私の金の十字架を持ってきてくれ、,,
Message,As a talisman.,お守りとして。,,
Message,"[ ""Broadsword"" (refrain) by Ian Anderson ]",[ イアン・アンダーソンによる「ブロードソード」（リフレイン） ],,
Message,You get a bad feeling about this.,これは嫌な予感がする。,,
Message,A foul stench makes you feel a little nauseated.,悪臭が少し吐き気を催させる。,,
Message,You feel self-knowledgeable...,あなたは自己認識が深いと感じている...,,
Message,Attributes:,属性：,,
Message, You are fervently aligned.,あなたは熱烈に調和している。,,
Message, You are nominally aligned.,あなたは名目上同盟関係にある。,,
Message, You have infravision.,暗視能力を持つ。,,
Message, You are poison resistant.,毒に耐性がある。,,
Message, You can safely pray.,安全に祈ることができる。,,
Message, You can't safely pray.,安全に祈ることはできません。,,
Message,The feeling subsides.,その感覚は収まります。,,
Message,Final Attributes:,最終的な属性：,,
Message, You were fervently aligned., あなたは「熱烈な」アライメントでした。,,
Message, You were nominally aligned., あなたは「足並みを揃えた」アライメントでした。,,
Message, You had infravision.,あなたは暗視能力を持っていました。,,
Message, You were poison resistant., あなたは毒耐性を持っていました。,,
Message, You were stealthy., あなたは「ステルス」でした。,,
Message, You were warded., あなたは「守護」されていました。,,
Message, You survived., あなたは生き残りました。,,
Message, You are dead., あなたは死んだ。,,
Message, You didn't encounter any bones levels., あなたは「ボーンズ」の階層には遭遇しませんでした。,,
Message,With this thou canst do mighty deeds,これで汝は偉業を成し遂げられん,,
Message,And change men's passions for thy needs:,人の情熱を汝の意のままに変えしむ：,,
Message,"A man's despair with joy allay,",人の絶望を喜びで和らげ,,
Message,Turn bachelors old to lovers gay.,老いた独身を陽気な恋人に変えしむ,,
Message,"[ The Magic Flute, by Wolfgang Amadeus Mozart ]",［ヴォルフガング・アマデウス・モーツァルト『魔笛』より］,,
Message,Take a photograph,写真を撮る,,
Message,You are blinded by the flash!,フラッシュで目がくらんだ！,,
Message,Engrave on the ground with one of these items,これらのアイテムのいずれかで地面に刻む,,
Message,Select an inventory slot letter.,インベントリスロットの文字を選択,,
Message,Move cursor to monster of interest:,モンスターの存在を感じる,,
Message,Engrave on the ground with one of these items,カーソルを目的のモンスターへ移動：,,
Message,Ugh.  Rotten egg.,うっ。腐った卵の臭いだ。,,
Message,You are feeling mildly nauseated.,軽い吐き気がする。,,
Message,You feel slightly confused.,少し混乱している。,,
Message,"The lid slams open, then falls shut.",蓋がバタンと開くと、すぐに閉まる。,,
Message,You read the scroll.,巻物を読んだ。,,
Message,But luckily the gas cloud blows away!,しかし幸いなことにガス雲は吹き飛んでいく！,,
Message, You are weak from severe hunger., あなたは激しい空腹で弱っています。,,
Message,Watch out!  Bad things can happen on Friday the 13th.,気をつけろ！13日の金曜日には悪いことが起きる。,,
Message, Bad things can happen on Friday the 13th., 13日の金曜日には悪いことが起きる。,,
Message,Rincewind pulled himself up and thought about reaching for his,リンスウィンドは身を起こし、杖に手を伸ばそうと考えた。,,
Message,stick.  And then he thought again.  The man had a couple of spears,それから、彼は考え直した。その男は地面に数本の槍を,,
Message,"stuck in the ground, and people here were good at spears, because",突き立てており、ここの人々は槍の扱いに長けていた。なぜなら、,,
Message,if you didn't get efficient at hitting the things that moved fast,素早く動く獲物を仕留める腕がなければ、,,
Message,you had to eat the things that moved slowly.  He was also holding,動きの鈍いものしか食べられなくなるからだ。彼はまた、,,
Message,"a boomerang, and it wasn't one of those toy ones that came back.",ブーメランも持っていた。それはいわゆる戻ってくる玩具ではなく、,,
Message,"This was one of the big, heavy, gently curved sort that didn't",大きく重く、緩やかに湾曲した、戻ってこない種類のものだった。,,
Message,come back because it was sticking in something's ribcage.  You,獲物の肋骨に突き刺さるから戻ってこないのだ。ここの木の種類を,,
Message,could laugh at the idea of wooden weapons until you saw the kind,目にするまでは、木の武器という考えを笑い飛ばすことも,,
Message,of wood that grew here.,できたかもしれないが。,,
Message,"[ The Last Continent, by Terry Pratchett ]",[ テリー・プラチェット著『最後のコンチネント』より ],,
Message,It suddenly gets dark.,突然、辺りが暗くなった。,,
Message,Peer into this crystal ball,この水晶玉を覗き込む,,
Message,You hear a loud crash!,大きな衝突音が聞こえた！,,
Message, You are fainting due to starvation., 空腹のあまり、意識が遠のいていく。,,
Message,You feel hungry.,お腹が空いてきた。,,
Message,You resume your meal.,食事を再開した。,,
Message,KABOOM!!  The door was booby-trapped!,ドカーン！ ドアに罠が仕掛けられていた！,,
Message,You don't have that many!  You have only 1.,そんなにたくさん持っていない！ 1つしか持っていない。,,
Message,"You have a strange feeling for a moment, then it passes.",あなたは一瞬、奇妙な感覚を覚えるが、それはすぐに消える。,,
Message,You dream that you hear someone cursing shoplifters.,誰かが万引き犯を罵る声を夢で聞く。,,
Message,quality apparel and accessories ,セレクトショップ,,
Message,Something's in the way.,何かが邪魔をしている。,,
Message,Your nose tingles and you smell something.,鼻がツンとし、何か匂いがする。,,
Message,Be careful!  New moon tonight.,気をつけて！ 今夜は新月だ。,,
Message,You extract a loud noise from your bugle.,君はラッパから大きな音を絞り出す。,,
Message,You don't know how to turn undead!,アンデッドを退ける方法がわかりません！,,
Message,Can't get through?  You're carrying too much.,先に進めませんか？ 持ち物が多すぎます。,,
Message,Vanquished creatures:,倒したクリーチャー：,,
Message,Voluntary challenges:,自発的な挑戦：,,
Message, Character rerolling was not enabled., キャラクターの再ロールは有効になっていなかった。,,
Message, You went without food., あなたは食事を摂らなかった。,,
Message, You were an atheist., あなたは無神論者だった。,,
Message, You were a pacifist., あなたは平和主義者でした。,,
Message, You were vegetarian., あなたは菜食主義者でした。,,
Message, You followed a strict vegan diet., あなたは厳格な完全菜食の食生活を送っていた。,,
Message, You never hit with a wielded weapon., 装備した武器で一度も命中させなかった。,,
Message, You were illiterate., あなたは文盲だった。,,
Message, You never genocided any monsters., あなたは一度もモンスターを全滅させなかった。,,
Message, You never polymorphed an object., あなたは一度も物体を変形させなかった。,,
Message, You never changed form., あなたは一度も姿を変えなかった。,,
Message, You used no wishes., あなたは「願い」を一度も使わなかった。,,
Message, You had automatic searching., 自動探索機能が作動していた。,,
Message, You were invisible., あなたは透明になっていた。,,
Message,Switch from the tutorial back to regular play?,チュートリアルから通常のプレイに戻りますか？,,
Message,Achievement:,実績：,,
Message,Achievements:,実績：,,
Message, You entered the Gnomish Mines., ノームの鉱山に入った,,
Message,You feel rather light headed.,少しめまいがする。,,
Message,Suddenly you cannot see yourself.,突然、自分の姿が見えなくなる。,,
Message,Suddenly you can see yourself.,突然、自分の姿が見えるようになる。,,
Message, You were cold resistant., 耐寒性を得た。,,
Message, You attained the rank of Skirmisher., 散兵の位に就いた。,,
Message,"""Thou art arrogant, mortal.""",「汝は傲慢だ、人間よ。」,,
Message,"""Thou must relearn thy lessons!""",「汝は教訓を学び直さねばならない！」,,
Message,"Suddenly, a bolt of lightning strikes you!",突然、稲妻があなたを直撃！,,
Message,You fry to a crisp!,あなたはあっという間に焼け焦げてしまう！,,
Message, You are temporarily blind., 一時的に視力を失っている。,,
Message, You are sleep resistant., あなたは睡眠効果に耐性がある。,,
Message, You see invisible., 目に見えないものが見える。,,
Message, You are guarded., 警戒心が強い。,,
Message, Your spell casting is enhanced by wearing a robe., ローブを身に着けると、呪文の威力が向上する。,,
Message, You are fast., 動きが素早い。,,
Message, You are very unlucky., 非常に不運だ。,,
Message, You were temporarily blind., あなたは一時的に目が見えなくなっていた。,,
Message, You were sleep resistant., あなたは睡眠に抵抗力があった。,,
Message, You would have seen invisible when not blind., 目が見えていたなら、目に見えないものが見えただろう。,,
Message, You saw invisible., 君は目に見えないものが見えていた。,,
Message, You were guarded., あなたは警戒心が強かった。,,
Message, Your spell casting was enhanced by wearing a robe., ローブを身に着けることで、呪文の威力が強化されていた。,,
Message, You were fast., あなたは素早かった。,,
Message, You were very unlucky., あなたは非常に不運だった。,,
Message,You are carrying too much to jump!,荷物が重すぎてジャンプできません！,,
Message,You must have been working on your reflexes.,反射神経を鍛えていたんですね。,,
Message,You notice you have no gold!,お金がなくなっていることに気づく！,,
Message,Ever tried to lock a troll inside a large box?,巨大な箱の中にトロール閉じ込めてみたことある？,,
Message,You feel full of dread.,あなたは恐怖に包まれている。,,
Message,The munchies are interfering with your motor capabilities.,強烈な空腹感が、あなたの運動能力を阻害しています。,,
Message,You now have a lesser case of the munchies.,空腹感はいくぶん和らぎました。,,
Message,Bus error -- core dumped.,バスエラー -- コアダンプしました。,,
Message,Segmentation fault -- core dumped.,セグメンテーション違反 -- コアダンプしました。,,
Message, You were hallucinating.,  あなたは幻覚を見ていた。,,
Message, You were hungry., あなたは空腹だった。,,
Message, You were devoutly aligned., あなたは敬虔な姿勢を貫いていた。,,
Message, You are hallucinating., あなたは幻覚を見ている。,,
Message, You are hungry., あなたは空腹だ。,,
Message, You are devoutly aligned., あなたは敬虔な姿勢を貫いている。,,
Message, You entered a shop., 店に入った。,,
Message,"Nemesis cracked another cookie and wrinkled her nose. ""_You will",ネメシスはまたクッキーを割って、鼻をひくっとさせた。,,
Message,"have great fortune when you least expect it,_"" she read. ""That's",「_あなたが最も予期しない時に、大きな幸運が訪れるでしょう_」,,
Message,"exactly the sort of nonsense I hate. Someone opens a cookie, and",と彼女は読み上げた。,,
Message,suddenly they have a prophecy that they'll be rich! I blame that,「これこそ私が大嫌いな類の戯言よ。誰かがクッキーを開けたら、,,
Message,tramp Tyche. Always dispensing good luck to people who don't,突然『金持ちになる』なんて予言が出てくるなんて！,,
Message,"deserve it!""",あの浮浪者のティケのせいだわ。いつも、それに値しない人たちに,,
Message,"Leo looked at the mound of broken cookies. ""Uh ... you know those",幸運をばらまいているんだから！」レオは砕けたクッキーの山を見つめた。,,
Message,"aren't real prophecies, right? They're just stuffed into the",「えっと...あれが本物の予言じゃないって、わかってるよね？,,
Message,"cookies at some factory--""", ただどこかの工場でクッキーに詰め込まれてるだけなんだ」,,
Message,"""Don't try to excuse it!"" Nemesis snapped. ""It's just like Tyche",「言い訳なんてするな！」ネメシスはきっぱりと言った。「人々の期待を,,
Message,"to get people's hopes up. No, no. I _must_ counter her."" Nemesis",煽るのは、まさにティケらしいわ。いや、いや。私は_絶対に_彼女に対抗しなきゃ。」,,
Message,"flicked a finger over the slip of paper, and the letters changed",ネメシスは紙片の上に指をさっと滑らせると、文字が,,
Message,"to red. ""_You will die painfully when you most expect it.",赤く変わった。「_最も予期しない時に、苦しみながら死ぬだろう。_,,
Message,"There! Much better.""",ほら！　ずっとましだ。」,,
Message,"[ The Mark of Athena, by Rick Riordan ]",[ 『アテナの印』 リック・リオーダン著 ],,
Message,And her old Uncle William used to say a lady is known by her,そして、彼女の年老いたウィリアムおじさんは、,,
Message,shoes and her gloves.,かつて「淑女は靴と手袋で判断されるものだ」と言っていた。,,
Message,"[ Mrs. Dalloway, by Virginia Woolf ]",[ ヴァージニア・ウルフ著『ダロウェイ夫人』 ],,
Message,You are caught in a magical explosion!,魔法の爆発に巻き込まれた！,,
Message,Your body absorbs some of the magical energy!,その魔力の一部を、あなたの体が吸収した！,,
Message,"Tool used to listen closely to adjacent sound, typically by",隣接する音を注意深く聴取するために使用される器具。,,
Message,"a medical practitioner to listen to a patient's heart, lungs,",通常、医療機関の医療従事者が、患者の心臓、肺,,
Message,or pulse.,あるいは脈拍を聴診するために用いる。,,
Message,"In his hands he took his shield, all glittering: no one ever",彼は、きらめきに満ちた盾を手に取った。これまで誰も、一撃でそれを砕いたり、,,
Message,broke it with a blow or crushed it.  And a wonder it was to see;,押しつぶしたりしたことはなかった。それは見る者を驚嘆させる光景であった。,,
Message,for its whole orb shimmered with enamel and white ivory and,その円盤全体が、エナメルと白い象牙、そしてエレクトラムで輝き、,,
Message,"electrum, and it glowed with shining gold; and there were zones",輝く黄金の光を放っていた。さらに、シアン色の帯が幾重にも描かれていた。 ,,
Message,"of cyanus drawn upon it.  In the center was Fear worked in adamant,",中央には、ダイヤモンドで彫り込まれた「恐怖」がいた。言葉に尽くせぬその姿は、,,
Message,"unspeakable, staring backwards with eyes that glowed with fire.",炎のように輝く目で後ろをじっと見つめていた。その口には、,,
Message,"His mouth was full of teeth in a white row, fearful and  daunting,",白く整然と並んだ歯がぎっしりと生え、恐ろしく威圧的であり、,,
Message,and upon his grim brow hovered frightful Strife who arrays the,その険しい額の上には、人々の群れを戦列に並ばせる恐ろしい「争い」が漂っていた。,,
Message,"throng of men: pitiless she, for she took away the mind and senses",彼女は容赦なく、ゼウスの息子に戦いを挑んだ哀れな者たちから,,
Message,of poor wretches who made war against the son of Zeus.  Their souls,理性と感覚を奪い去ったのだ。,,
Message,passed beneath the earth and went down into the house of Hades;,彼らの魂は地の下を通り抜け、ハデスの宮殿へと下っていった。,,
Message,"but their bones, when the skin is rotted about them, crumble away",しかし、彼らの骨は、覆っていた皮膚が腐り落ちると、,,
Message,on the dark earth under parching Sirius.,灼熱のシリウスの下、暗い大地の上で崩れ去っていく。,,
Message,"[ Hesiod, The Homeric Hymns and Homerica,",[ ヘシオドス、『ホメロス賛歌およびホメロイカ』、,,
Message,translation by Hugh G. Evelyn-White ],                ヒュー・G・エヴェリン＝ホワイト訳 ],,
Message,You feel full of awe.,あなたは畏敬の念に満たされる。,,
Message, You had a wounded right leg., あなたは右足を負傷していました。,,
Message, You were stridently aligned., あなたは断固とした姿勢を貫いていました。,,
Message, You have a wounded right leg., あなたは右足を負傷している。,,
Message, You are stridently aligned., あなたは断固とした姿勢を貫いている。,,
Message,You can't jump very far.,遠くまでジャンプできない。,,
Message,You sense something below your feet.,足元に何かを感じる。,,
Message,You have an uneasy feeling...,なんとなく嫌な予感がする...,,
Message, You did not violate any of the special Sokoban rules., 倉庫番の特別なルールには違反していません。,,
Message, You entered Sokoban., 倉庫番​​を開始しました。,,
Message,You can't seem to think straight.,頭がうまく働かないようだ。,,
Message,You feel incredibly sick.,ひどく気分が悪い。,,
Message,You feel less confused now.,混乱が少し収まってきた。,,
Message,You are about to vomit.,吐きそうだ。,,
Message,You vomit!,吐いてしまう！,,
Message,A piece of armor designed to protect the head.,頭部を保護するために設計された防具。,,
Message,(What were you expecting?),（一体何を期待していたの？）,,
Message,"""The last spot on the school jousting team came down to another",「学校の馬上槍試合チームの最後の1枠を、もう一人の,,
Message,"boy and me.  He was poor, and his only armor was a blanket his",少年と私が争うことになった。彼は貧しく、唯一の鎧は,,
Message,"mother had made him from her hair.  I, on the other hand, had",母親が自分の髪の毛で編んでくれた毛布だけだった。一方、私には,,
Message,"a brand new suit of chain mail.  Just before our joust, I asked",真新しい鎖帷子があった。試合の直前に、私は,,
Message,him what he'd do if he made the team.  (I was hoping to be more,彼に、もしチームに入ったら何をするつもりか尋ねた。（私は,,
Message,popular with the ladies.)  He said he would be able to save the,女の子たちにモテるようになりたいと思っていたのだ。） ,,
Message,town from dragons and be able to afford some water for his 20,彼は、ドラゴンから,,
Message,brothers and sisters.,町を救えるようになり、20人の,,
Message,"Well, a sense of compassion came over me.  I insisted we swap",兄弟姉妹に水を買ってあげられるようになる、と言った。,,
Message,"armor.  He was forced to accept, as it would have been an",そう聞いて、私は深い同情を覚えた。私は鎧を,,
Message,insult not to do so.,交換しようと強く言い出した。断れば侮辱と,,
Message,"On the battlefield, we charged at each other and we both connected",受け取られるため、彼は仕方なく承諾した。,,
Message,with our lances.,戦場では、私たちは互いに突進し、二人とも槍を相手に突き刺した。,,
Message,"Lying there on the mud mortally wounded, I learned what true armor",泥の中に横たわり、致命傷を負ったその日、私は真の,,
Message,"class was that day.""",アーマークラスとは何かを学んだのだ。」,,
Message,"[ When Help Collides, by J.D. Berry ]",[『When Help Collides』 J.D. ベリー著 ],,
Message,A weapon is a device for making your enemy change his mind.,武器とは、敵の考えを変えさせるための道具である。,,
Message,You feel yourself slow down a bit.,自分の動きが少し遅くなるのを感じる。,,
Message, There was a new moon in effect when your adventure ended., 冒険が終わったとき、新月が訪れていた。,,
Message, You could jump., ジャンプすることができた。,,
Message,What is your name?,お名前は？,,
Message,Engrave on the stairs with one of these items,これらのアイテムのいずれかを使って、階段に刻んでください,,
Message,"Fate intervened. Some of us, that day, she led inexorably",運命が介入した。あの日、運命は私たちの一部に、容赦なく,,
Message,"through the gates of death. Some of us, innocent and unsuspecting,",死の門へと導いた。無垢で何も知らない私たちの一部は、,,
Message,"took, unwillingly, that one last step to oblivion. Some of us took",不本意ながら、忘却への最後の一歩を踏み出した。私たちの一部は,,
Message,very little sugar.,砂糖をほとんど摂らなかった。,,
Message,"[ We Have Always Lived in the Castle,",  [『私たちはいつも城に住んでいた』,,
Message,by Shirley Jackson ],    シャーリー・ジャクソン著 ],,
Message,Not wearing any armor or accessories.,防具やアクセサリーを一切装備していない。,,
Message,You cannot drop something you are wearing.,装備しているアイテムはドロップできない。,,
Message,You cannot throw something you are wearing.,装備しているアイテムは投げられない。,,
Message,You can't.  They are cursed.,できない。それらは呪われているからだ。,,
Message,"""We are not worried about the expiration date,"" repeated the",「有効期限については心配していません」とバーテンダーは繰り返した,,
Message,"barman, satisfied that he now had Ford Prefect's full attention;",フォード・プレフェクトの注意を完全に引きつけたことに満足した様子で、,,
Message,"""we are worried about the entire piece of plastic.""",「私たちが心配しているのは、このプラスチックのカードそのものなのです」,,
Message,"""What?"" said Ford.  He seemed a little taken aback.",「え？」とフォードは言った。彼は少し戸惑っているようだった。,,
Message,"""This,"" said the barman, holding out the card as if it were a",「これです」とバーテンダーは、まるでそのカードが、三週間前に魂を,,
Message,small fish whose soul had three weeks earlier winged its way to,『魚が永遠に祝福される国』へと羽ばたかせてしまった,,
Message,"the Land Where Fish Are Eternally Blessed.  ""We don't accept it.""",小さな魚であるかのように差し出した。「こちらは受け付けられません」,,
Message,[...],[...],,
Message,"""But you don't understand,"" said Ford, his expression slowly",「でも、君はわかっていないんだ」とフォードは言った。彼の表情は、,,
Message,"ripening from a little taken abackness into rank incredulity,",少し戸惑った様子から、次第に激しい不信感へと変わっていった。,,
Message,"""this is the American Express card.  It is the finest way of",「これはアメリカン・エキスプレスのカードだ。人類が知る限り最高の支払い方法だ。,,
Message,"settling bills known to man.  Haven't you read their junk mail?""",彼らのダイレクトメールを読んだことがないのか？」,,
Message,"[ So Long, and Thanks For All The Fish, by Douglas Adams ]",[『さよなら、そして魚に感謝を』ダグラス・アダムズ著 ],,
Entity,you,あなた,,
Entity,god,神,,
Entity,goddess,女神,,
Entity,Her,彼女,,
Entity,Him,彼,,
Entity,Her.,彼女。,,
Entity,Him.,彼。,,
Entity,male,男性,,
Entity,female,女性,,
Entity,Random,自動的に選択,,
Entity,gender,性別,,
Entity,<gender>,<性別>,,
Entity,The Lady,レディ,,
Entity,Amaterasu Omikami,天照大御神,,
Entity,Quetzalcoatl,ケツァルコアトル,,
Entity,Lugh,ルー,,
Entity,Venus,ヴィーナス,,
Entity,Anu,アヌ,,
Entity,Hermes,ヘルメス,,
Entity,Set,セト,,
Entity,Tyr,テュール,,
Entity,Chih Sung-tzu,チソンジ,,
Entity,Mars,マーズ,,
Entity,Camaxtli,カマシュトリ,,
Entity,Kos,コス,,
Entity,Thoth,トート,,
Entity,Ishtar,イシュタル,,
Entity,Huan Ti,黄帝,,
Entity,Mitora,ミトラ,,
Entity,Anhur,アンフル,,
Entity,Athena,アテナ,,
Entity,Offler,オファーラー,,
Entity,Poseidon,ポセイドン,,
Entity,Crom,クロム,,
Entity,Odin,オーディン,,
Entity,Shan Lai Ching,山海経,,
Entity,Loki,ロキ,,
Entity,Huhetotl,フエトートル,,
Entity,Issek,イセック,,
Entity,Blind Io,盲目のイオ,,
Entity,Mercury,マーキュリー,,
Entity,Mog,モグ,,
Entity,Ptah,プタハ,,
Entity,Brigit,ブリジット,,
Entity,Manannan Mac Lir,マナナン・マク・リル,,
Entity,Mitra,ミトラ,,
Entity,Susanowo,須佐之男,,
Entity,Raijin,雷神,,
Entity,Anshar,アンシャール,,
Entity,alignment,属性,,
Entity,<alignment>,<属性>,,
Entity,lawful,秩序,,
Entity,neutral,中立,,
Entity,chaotic,混沌,,
Entity,Rambler,放浪者,,
Entity,Hatamoto,旗本,,
Entity,Ronin,浪人,,
Entity,Digger,掘削者,,
Entity,Gallant,騎士,,
Entity,Tenderfoot,初心者,,
Entity,Troglodyte,原始人,,
Entity,Rhizotomist,薬草取り,,
Entity,Plunderer,掠奪者,,
Entity,Plunderess,掠奪者,,
Entity,Stripling,若造,,
Entity,Candidate,候補生,,
Entity,Footpad,追剥,,
Entity,Evoker,召喚師,,
Entity,Aspirant,志願者,,
Entity,student,学生,,
Entity,neanderthal,ネアンデルタール人,,
Entity,role,役割,,
Entity,<role>,<役割>,,
Entity,Archeologist,考古学者,,
Entity,archeologist,考古学者,,
Entity,Barbarian,野蛮人,,
Entity,barbarian,野蛮人,,
Entity,Caveman,洞窟人,,
Entity,caveman,洞窟人,,
Entity,cave dweller,洞窟の住人,,
Entity,Cavewoman,洞窟女,,
Entity,cavewoman,洞窟女,,
Entity,Caveman/Cavewoman,洞窟人/洞窟女,,
Entity,Healer,ヒーラー,,
Entity,healer,ヒーラー,,
Entity,Knight,騎士,,
Entity,knight,騎士,,
Entity,Monk,武闘家,,
Entity,monk,武闘家,,
Entity,Priest,僧侶,,
Entity,priest,僧侶,,
Entity,Priestess,女僧侶,,
Entity,priestess,女僧侶,,
Entity,Priest/Priestess,僧侶/女僧侶,,
Entity,Ranger,レンジャー,,
Entity,ranger,レンジャー,,
Entity,Rogue,ローグ,,
Entity,rogue,ローグ,,
Entity,Samurai,侍,,
Entity,samurai,侍,,
Entity,Tourist,観光客,,
Entity,tourist,観光客,,
Entity,Valkyrie,ワルキューレ,,
Entity,valkyrie,ワルキューレ,,
Entity,Wizard,魔法使い,,
Entity,wizard,魔法使い,,
Entity,race,種族,,
Entity,<race>,<種族>,,
Entity,human,人間,,
Entity,elf,エルフ,,
Entity,elven,エルフ,,
Entity,dwarf,ドワーフ,,
Entity,dwarven,ドワーフ,,
Entity,gnome,ノーム,,
Entity,gnomish,ノーム,,
Entity,orc,オーク,,
Entity,orcish,オーク,,
Entity,Move around with 4 2 8 6,8 2 4 6 で上下左右に移動,,
Entity,Move diagonally with 1 9 3 7,7 9 1 3 で斜め移動,,
Entity,an E note,ミの音,,
Entity,an F note,ファの音,,
Entity,an A note,ラの音,,
Entity,a B note,シの音,,
Entity,a C note,ドの音,,
Entity,a D note,レの音,,
Entity,an E flat,Eフラットの音,,
Entity,an F sharp,Fシャープの音,,
Entity,a G note,ソの音,,
Entity,a G sharp,Gシャープの音,,
Entity,a B flat,Bフラットの音,,
Entity,a D flat,Dフラットの音,,
Entity,pool of water,水たまり,,
Entity,molten lava,溶けた溶岩,,
Entity,wall of lava,溶岩の壁,,
Entity,wall of water,水の壁,,
Entity,You stop in front of the door.,ドアの前で立ち止まった。,,
Entity,Wrong secret,間違った秘密,,
Entity,Use 'e' to eat edible things,「e」で食べられるものを食べます,,
Entity,You can run by prefixing a movement key with '5',移動キーの前に「5」を付けることで走ることができます,,
Entity,Travel across the level with '_',「_」でレベル内を移動（トラベル）します,,
Entity,Swap weapons quickly with 'x',「x」で武器を素早く切り替えます,,
Entity,Use 'X' to use two weapons at once,「X」で二刀流（二つの武器を同時に使用）にします,,
Entity,Put on accessories with 'P',「P」でアクセサリーを身に着けます,,
Entity,Remove accessories with 'R',「R」でアクセサリーを外します,,
Entity,"You ""quaff"" potions with 'q'",「q」でポーションを「飲み（がぶ飲み）」ます,,
Entity,"Pick up the spellbook with ','","「,」で魔導書を拾います",,
Entity,Read the spellbook with 'r',「r」で魔導書を読みます,,
Entity,Use 'Z' to cast a spell,「Z」で呪文を唱えます,,
Entity,Use '<' to go up the stairs,「<」で階段を上ります,,
Entity,Use '>' to go down the stairs,「>」で階段を下りること,,
Entity,falling rock trap,落石の罠,,
Entity,bear trap,ベアトラップ,,
Entity,land mine,地雷,,
Entity,spiked pit,とげ穴,,
Entity,squeaky board,きしむ板,,
Entity,dart trap,ダートトラップ,,
Entity,arrow trap,矢の罠,,
Entity,fire trap,火の罠,,
Entity,sleeping gas trap,睡眠ガストラップ,,
Entity,pit,穴,,
Entity,hole,穴,,
Entity,trap door,落とし穴,,
Entity,level teleporter,レベルテレポーター,,
Entity,teleportation trap,転送の罠,,
Entity,statue trap,像の罠,,
Entity,magic portal,魔法のポータル,,
Entity,anti-magic field,反魔法フィールド,,
Entity,polymorph trap,変身の罠,,
Entity,vibrating square,振動する床,,
Entity,magic trap,魔法の罠,,
Entity,rust trap,錆びの罠,,
Entity,giant ant,巨大蟻,,
Entity,killer bee,キラービー,,
Entity,soldier ant,兵隊蟻,,
Entity,fire ant,火炎蟻,,
Entity,giant beetle,巨大甲虫,,
Entity,queen bee,女王蜂,,
Entity,acid blob,酸のブロッブ,,
Entity,quivering blob,震えるブロッブ,,
Entity,gelatinous cube,ゼラチンキューブ,,
Entity,chickatrice,チカトリス,,
Entity,cockatrice,コカトリス,,
Entity,pyrolisk,パイロリスク,,
Entity,jackal,ジャッカル,,
Entity,fox,キツネ,,
Entity,coyote,コヨーテ,,
Entity,werejackal,ワー・ジャッカル,,
Entity,little dog,子犬,,
Entity,dingo,ディンゴ,,
Entity,dog,犬,,
Entity,large dog,大きな犬,,
Entity,floating eye,フローティング・アイ,,
Entity,kitten,子猫,,
Entity,housecat,飼い猫,,
Entity,large cat,大きな猫,,
Entity,gremlin,グレムリン,,
Entity,hobbit,ホビット,,
Entity,bugbear,バグベア,,
Entity,dwarf lord,ドワーフの貴族,,
Entity,dwarf king,ドワーフの王,,
Entity,manes,マネス,,
Entity,homunculus,ホムンクルス,,
Entity,imp,インプ,,
Entity,lemure,レムール,,
Entity,quasit,クアジット,,
Entity,tengu,天狗,,
Entity,blue jelly,青いゼリー,,
Entity,spotted jelly,斑点のあるゼリー,,
Entity,ochre jelly,黄土色のゼリー,,
Entity,kobold,コボルド,,
Entity,large kobold,大きなコボルド,,
Entity,kobold lord,コボルドの君主,,
Entity,kobold shaman,コボルドのシャーマン,,
Entity,leprechaun,レプラコーン,,
Entity,small mimic,小さなミミック,,
Entity,large mimic,大きなミミック,,
Entity,giant mimic,巨大なミミック,,
Entity,wood nymph,森のニンフ,,
Entity,water nymph,水のニンフ,,
Entity,mountain nymph,山のニンフ,,
Entity,goblin,ゴブリン,,
Entity,hobgoblin,ホブゴブリン,,
Entity,hill orc,山オーク,,
Entity,Mordor orc,モルドールオーク,,
Entity,Uruk-hai,ウルク＝ハイ,,
Entity,orc shaman,オークのシャーマン,,
Entity,orc-captain,オークの隊長,,
Entity,rock piercer,岩抜き,,
Entity,iron piercer,鉄抜き,,
Entity,glass piercer,ガラス抜き,,
Entity,rothe,ローセ,,
Entity,mumak,ムマク,,
Entity,leocrotta,レオクロッタ,,
Entity,wumpus,ワンプス,,
Entity,titanothere,ティタノテリウム,,
Entity,baluchitherium,バルキテリウム,,
Entity,mastodon,マストドン,,
Entity,sewer rat,ドブネズミ,,
Entity,giant rat,巨大ネズミ,,
Entity,rabid rat,狂犬病ネズミ,,
Entity,wererat,ワー・ラット,,
Entity,rock mole,イワモグラ,,
Entity,woodchuck,ウッドチャック,,
Entity,cave spider,洞窟蜘蛛,,
Entity,centipede,ムカデ,,
Entity,giant spider,巨大蜘蛛,,
Entity,scorpion,サソリ,,
Entity,lurker above,天井に潜むもの,,
Entity,trapper,トラッパー,,
Entity,pony,子馬,,
Entity,white unicorn,白いユニコーン,,
Entity,gray unicorn,灰色のユニコーン,,
Entity,black unicorn,黒いユニコーン,,
Entity,horse,馬,,
Entity,warhorse,軍馬,,
Entity,fog cloud,霧の雲,,
Entity,dust vortex,塵の渦,,
Entity,ice vortex,氷の渦,,
Entity,energy vortex,エネルギーの渦,,
Entity,steam vortex,蒸気の渦,,
Entity,fire vortex,火の渦,,
Entity,baby long worm,赤子長虫,,
Entity,baby purple worm,赤子紫虫,,
Entity,long worm,長虫,,
Entity,purple worm,紫虫,,
Entity,grid bug,グリッドバグ,,
Entity,xan,ザン,,
Entity,yellow light,黄色い光,,
Entity,black light,黒い光,,
Entity,zruty,ズルティ,,
Entity,couatl,クアトル,,
Entity,Aleax,アレアクス,,
Entity,Angel,天使,,
Entity,ki-rin,麒麟,,
Entity,Archon,アルコン,,
Entity,bat,コウモリ,,
Entity,giant bat,巨大コウモリ,,
Entity,raven,大烏,,
Entity,vampire bat,吸血コウモリ,,
Entity,plains centaur,平原のケンタウロス,,
Entity,forest centaur,森のケンタウロス,,
Entity,mountain centaur,山のケンタウロス,,
Entity,gray dragon,グレイドラゴン,,
Entity,silver dragon,シルバードラゴン,,
Entity,red dragon,レッドドラゴン,,
Entity,white dragon,ホワイトドラゴン,,
Entity,orange dragon,オレンジドラゴン,,
Entity,black dragon,ブラックドラゴン,,
Entity,blue dragon,ブルードラゴン,,
Entity,green dragon,グリーンドラゴン,,
Entity,yellow dragon,イエロードラゴン,,
Entity,stalker,ストーカー,,
Entity,air elemental,大気の精霊,,
Entity,fire elemental,火の精霊,,
Entity,earth elemental,大地の精霊,,
Entity,water elemental,水の精霊,,
Entity,lichen,地衣類,,
Entity,brown mold,茶色のカビ,,
Entity,yellow mold,黄色のカビ,,
Entity,green mold,緑色のカビ,,
Entity,red mold,赤色のカビ,,
Entity,shrieker,シュリーカー,,
Entity,violet fungus,ヴァイオレット・ファンガス,,
Entity,gnome lord,ノームの貴族,,
Entity,gnomish wizard,ノームの術師,,
Entity,gnome leader,ノームの指導者,,
Entity,gnome king,ノームの王,,
Entity,giant,巨人,,
Entity,stone giant,石の巨人,,
Entity,hill giant,丘の巨人,,
Entity,fire giant,火の巨人,,
Entity,frost giant,氷の巨人,,
Entity,ettin,エティン,,
Entity,storm giant,嵐の巨人,,
Entity,titan,ティタン,,
Entity,minotaur,ミノタウロス,,
Entity,jabberwock,ジャバウォック,,
Entity,Keystone Kop,キーストーン・コップ,,
Entity,lich,リッチ,,
Entity,master lich,マスター・リッチ,,
Entity,arch-lich,アーチ・リッチ,,
Entity,kobold mummy,コボルドのミイラ,,
Entity,human mummy,人間のミイラ,,
Entity,red naga,レッド・ナーガ,,
Entity,golden naga,ゴールデン・ナーガ,,
Entity,ogre,オーガ,,
Entity,gray ooze,グレイ・ウーズ,,
Entity,black pudding,ブラック・プリン,,
Entity,quantum mechanic,量子力学者,,
Entity,rust monster,錆の怪物,,
Entity,disenchanter,ディスエンチャンター,,
Entity,snake,ヘビ,,
Entity,pit viper,クサリヘビ,,
Entity,troll,トロール,,
Entity,umber hulk,アンバー・ハルク,,
Entity,vampire,吸血鬼,,
Entity,Vlad the Impaler,串刺し公ヴラド,,
Entity,wraith,幽霊,,
Entity,Nazgul,ナズグル,,
Entity,xorn,ゾーン,,
Entity,monkey,猿,,
Entity,yeti,イエティ,,
Entity,carnivorous ape,肉食猿,,
Entity,human zombie,人間のゾンビ,,
Entity,skeleton,骸骨,,
Entity,shopkeeper,店主,,
Entity,Medusa,メデューサ,,
Entity,Wizard of Yendor,イェンダーの魔術師,,
Entity,Death,死神,,
Entity,Pestilence,疫病,,
Entity,Famine,飢饉,,
Entity,giant eel,巨大ウナギ,,
Entity,kraken,クラーケン,,
Entity,newt,イモリ,,
Entity,chameleon,カメレオン,,
Entity,gecko,ヤモリ,,
Entity,water demon,水の悪魔,,
Entity,ghoul,グール,,
Entity,horned devil,角のある悪魔,,
Entity,baby white dragon,小さな白い竜,,
Entity,Woodland-elf,森のエルフ,,
Entity,it,それ,,
Entity,It,それ,,
Entity,gnome lady,ノームの貴婦人,,
Entity,kobold zombie,コボルドのゾンビ,,
Entity,dwarf zombie,ドワーフのゾンビ,,
Entity,gnome zombie,ノームのゾンビ,,
Entity,garter snake,ガーターヘビ,,
Entity,iguana,イグアナ,,
Entity,gus spore,ガスの胞子,,
Entity,gas spore,ガスの胞子,,
Entity,paper golem,紙のゴーレム,,
Entity,orc zombie,オークゾンビ,,
Entity,water moccasin,沼マムシ,,
Entity,guardian naga,守護ナーガ,,
Entity,freezing sphere,凍結の球,,
Entity,Kop Sergeant,コップ軍曹,,
Entity,Kop Kaptain,コップ隊長,,
Entity,lizard,トカゲ,,
Entity,salamander,サンショウウオ,,
Entity,sasquatch,サスカッチ,,
Entity,panther,パンサー,,
Entity,lynx,オオヤマネコ,,
Entity,iron golem,鉄のゴーレム,,
Entity,baby silver dragon,銀の幼竜,,
Entity,electric eel,電気ウナギ,,
Entity,water troll,水のトロル,,
Entity,baby gray dragon,灰色の幼竜,,
Entity,winter wolf cub,ウィンターウルフの子供,,
Entity,blast of frost,霜の爆風,,
Entity,stone golem,石のゴーレム,,
Entity,black naga,黒ナーガ,,
Entity,flaming sphere,燃え盛る球体,,
Entity,gem,宝石,,
Entity,amulet,護符,,
Entity,Amulet,護符,,
Entity,scroll,巻物,,
Entity,potion,ポーション,,
Entity,ring,指輪,,
Entity,wand,杖,,
Entity,spellbook,魔導書,,
Entity,zap,振る,,
Entity,put on,身に付ける,,
Entity,wear,着る,,
Entity,wield,構える,,
Entity,fire,発射,,
Entity,ready,準備,,
Entity,read,読む,,
Entity,drink,飲む,,
Entity,eat,食べる,,
Entity,throw,投げる,,
Entity,charge,チャージ,,
Entity,tin,缶詰,,
Entity,rub on the stone,石を擦る,,
Entity,remove,取り外す,,
Entity,take off,脱ぐ,,
Entity,drop,落とす,,
Entity,use or apply,使用または適用,,
Entity,your right arm,あなたの右腕,,
Entity,you on the head,あなたが頭に,,
Entity,boulder,岩,,
Entity,general store,雑貨店,,
Entity,delicatessen,デリカテッセン,,
Entity,(invalid target),(無効な対象),,
Entity,bolt of cold,冷気の矢,,
Entity,bolt of fire,火炎の矢,,
Entity,bolt of lightning,稲妻の矢,,
Entity,done,完了,,
Entity,martial arts,格闘技,,
Entity,thin air,薄い空気,,
Entity,lit,点灯,,
Entity,bare handed combat,素手での戦闘,,
Entity,stairs,階段,,
Entity,floor,床,,
Entity,ground,地面,,
Entity,dust,ほこり,,
Entity,your hands,素手,,
Entity,sink,流し台,,
Entity,fountain,噴水,,
Entity,blind,目が見えない,,
Entity,deaf,耳が聞こえない,,
Entity,role forces,役割は強制,,
Entity,points,ポイント,,
Entity,(spell power),(魔力),,
Entity,scalding hot water,熱湯,,
Entity,hot water,お湯,,
Entity,very warm water,とても温かい水,,
Entity,warm water,温かい水,,
Entity,cold water,冷たい水,,
Entity,very cold water,とても冷たい水,,
Entity,tame,飼い慣らされている,,
Entity,tiny,極小,,
Entity,small,小型,,
Entity,medium,中型,,
Entity,large,大型,,
Entity,huge,巨大,,
Entity,colossal,巨体,,
Entity,peaceful,平和的,,
Entity,aggressive,攻撃的,,
Entity,unaligned,中立,,
Entity,Hello,こんにちは,,
Entity,Aloha,アロハ,,
Entity,hardware store,金物屋,,
Entity,sicknes,病,,
Entity,player,プレイヤー,,
Entity,Player,プレイヤー,,
Entity,Salutations,ご挨拶,,
Entity,Velkommen,歓迎します,,
Entity,Konnichi wa,「こんにちは」,,
Entity,sleep ray,睡眠光線,,
Entity,second-hand bookstore,古書店,,
Entity,rare books,希少書籍店,,
Entity,smart,賢い,,
Entity,jewelers,宝飾店,,
Entity,agile,敏捷,,
Entity,used armor dealership,中古防具店,,
Entity,strange object,奇妙な物体,,
Entity,bare grasps,素手,,
Entity,no weapon,武器なし,,
Entity,wielded,装備中,,
Entity,no charge,無料,,
Entity,died,死亡,,
Entity,escaped,脱出時,,
Entity,plumerias,プルメリアの花,,
Entity,sea turtles,ウミガメ,,
Entity,parrots,オウム,,
Entity,Irasshaimase,いらっしゃいませ,,
Entity,winter wolf,ウィンターウルフ,,
Entity,hell hound pup,ヘルハウンドの子供,,
Entity,hell hound,ヘルハウンド,,
Entity,warg,ワーグ,,
Entity,displacer beast,ディスプレッサー・ビースト,,
Entity,werewolf,人狼,,
Entity,mind flayer,マインド・フレイヤ,,
Entity,master mind flayer,マスター・マインド・フレイヤ,,
Entity,right hand,右手,,
Entity,left hand,左手,,
Entity,hands,両手,,
Entity,hand,手,,
Entity,right,右,,
Entity,left,左,,
Entity,doffed,脱ぎ,,
Entity,donned,着,,
Entity,attendant,従者,,
Entity,page,小姓,,
Entity,abbot,修道院長,,
Entity,acolyte,侍祭,,
Entity,Acolyte,侍祭,,
Entity,hunter,狩人,,
Entity,thug,暴漢,,
Entity,ninja,忍者,,
Entity,roshi,老師,,
Entity,guide,ガイド,,
Entity,warrior,戦士,,
Entity,apprentice,見習い,,
Entity,corpse,死体,,
Entity,gush of water,水の奔流,,
Entity,quit,中断,,
Entity,again,再び,,
Entity,liquor emporium,酒屋,,
Entity,Skirmisher,散兵,,
Entity,foolish,愚か者だ,,
Entity,flamingos,フラミンゴ,,
Item,cursed,呪われた,,
Item,uncursed,呪われていない,,
Item,blessed,祝福された,,
Item,unblessed,祝福されていない,,
Item,diluted,薄まった,,
Item,partly used,一部使用された,,
Item,locked,施錠された,,
Item,unlocked,解錠された,,
Item,greased,油を塗られた,,
Item,poisoned,毒を塗られた,,
Item,burnt,焼けた,,
Item,very burnt,ひどく焼けた,,
Item,thoroughly burnt,焼き尽くされた,,
Item,rusty,錆びた,,
Item,very rusty,ひどく錆びた,,
Item,thoroughly rusty,錆び付いた,,
Item,rusted,錆びた,,
Item,very rusted,ひどく錆びた,,
Item,thoroughly rusted,錆び付いた,,
Item,corroded,腐食した,,
Item,very corroded,ひどく腐食した,,
Item,thoroughly corroded,朽ち果てた,,
Item,rotted,腐った,,
Item,very rotted,ひどく腐った,,
Item,thoroughly rotted,腐り果てた,,
Item,arrow,矢,,
Item,elven arrow,エルフの矢,,
Item,runed arrow,ルーンの矢,,
Item,orcish arrow,オークの矢,,
Item,crude arrow,粗末な矢,,
Item,silver arrow,銀の矢,,
Item,ya,竹の矢,,
Item,bamboo arrow,竹の矢,,
Item,crossbow bolt,クロスボウのボルト,,
Item,dart,ダーツ,,
Item,little dart,小さなダーツ,,
Item,shuriken,手裏剣,,
Item,throwing star,手裏剣,,
Item,boomerang,ブーメラン,,
Item,spear,槍,,
Item,elven spear,エルフの槍,,
Item,runed spear,ルーンの槍,,
Item,orcish spear,オークの槍,,
Item,crude spear,粗末な槍,,
Item,dwarvish spear,ドワーフの槍,,
Item,stout spear,頑丈な槍,,
Item,silver spear,銀の槍,,
Item,javelin,ジャベリン,,
Item,throwing spear,投げ槍,,
Item,trident,三叉矛,,
Item,dagger,短剣,,
Item,elven dagger,エルフの短剣,,
Item,runed dagger,ルーンの短剣,,
Item,orcish dagger,オークの短剣,,
Item,crude dagger,粗末な短剣,,
Item,silver dagger,銀の短剣,,
Item,athame,アサメ,,
Item,scalpel,手術用メス,,
Item,knife,ナイフ,,
Item,stiletto,スティレット,,
Item,worm tooth,芋虫の歯,,
Item,crysknife,クリスカナイフ,,
Item,axe,斧,,
Item,battle-axe,戦斧,,
Item,double-headed axe,両頭の斧,,
Item,short sword,ショートソード,,
Item,elven short sword,エルフのショートソード,,
Item,runed short sword,ルーンのショートソード,,
Item,orcish short sword,オークのショートソード,,
Item,crude short sword,粗末なショートソード,,
Item,dwarvish short sword,ドワーフのショートソード,,
Item,broad short sword,幅広いショートソード,,
Item,scimitar,シミター,,
Item,curved sword,曲刀,,
Item,silver saber,銀のサーベル,,
Item,broadsword,ブロードソード,,
Item,elven broadsword,エルフのブロードソード,,
Item,runed broadsword,ルーンのブロードソード,,
Item,long sword,ロングソード,,
Item,two-handed sword,両手剣,,
Item,katana,カタナ,,
Item,samurai sword,カタナ,,
Item,tsurugi,ツルギ,,
Item,long samurai sword,ツルギ,,
Item,runesword,ルーンソード,,
Item,partisan,パルチザン,,
Item,vulgar polearm,ありふれた長柄武器,,
Item,ranseur,ランセーア,,
Item,hilted polearm,柄のある長柄武器,,
Item,spetum,スペタム,,
Item,forked polearm,二又の長柄武器,,
Item,glaive,グレイブ,,
Item,single-edged polearm,片刃の長柄武器,,
Item,halberd,ハルバード,,
Item,angled poleaxe,角ばった長柄斧,,
Item,bardiche,バルディッシュ,,
Item,long poleaxe,長い長柄斧,,
Item,voulge,ヴルジュ,,
Item,pole cleaver,長柄の鉈,,
Item,fauchard,フォシャール,,
Item,pole sickle,長柄の鎌,,
Item,guisarme,ギザーム,,
Item,pruning hook,剪定フック,,
Item,grappling hook,鉤縄,,
Item,bill-guisarme,ビルギザーム,,
Item,hooked polearm,鉤状の長柄武器,,
Item,lucern hammer,ルツェルン・ハンマー,,
Item,pronged polearm,多枝の長柄武器,,
Item,bec de corbin,ベド・コルバン,,
Item,beaked polearm,嘴状の長柄武器,,
Item,dwarvish mattock,ドワーフのマトック,,
Item,broad pick,幅広いツルハシ,,
Item,lance,ランス,,
Item,mace,メイス,,
Item,silver mace,銀のメイス,,
Item,morning star,モーニングスター,,
Item,war hammer,ウォーハンマー,,
Item,club,棍棒,,
Item,rubber hose,ゴムのホース,,
Item,quarterstaff,杖,,
Item,staff,杖,,
Item,aklys,アクリス,,
Item,thonged club,紐付きの棍棒,,
Item,flail,フレイル,,
Item,bullwhip,鞭,,
Item,bow,弓,,
Item,elven bow,エルフの弓,,
Item,runed bow,ルーンの弓,,
Item,orcish bow,オークの弓,,
Item,crude bow,粗末な弓,,
Item,yumi,和弓,,
Item,long bow,ロングボウ,,
Item,sling,投石紐,,
Item,crossbow,クロスボウ,,
Item,your hands,素手,,
Item,pick-axe,つるはし,,
Item,whip,鞭,,
Item,wakizashi,脇差,,
Item,nunchaku,ヌンチャク,,
Item,elven leather helm,エルフの革の兜,,
Item,leather hat,革の帽子,,
Item,orcish helm,オークの兜,,
Item,iron skull cap,鉄の頭蓋冠,,
Item,dwarvish iron helm,ドワーフの鉄の兜,,
Item,hard hat,ヘルメット,,
Item,fedora,中折れ帽,,
Item,cornuthaum,コーニュソーム,,
Item,conical hat,とんがり帽子,,
Item,dunce cap,とんがり帽子,,
Item,dented pot,へこんだ鍋,,
Item,helm of brilliance,輝きの兜,,
Item,crystal helmet,水晶の兜,,
Item,helmet,兜,,
Item,plumed helmet,羽飾りのある兜,,
Item,helm of caution,警戒の兜,,
Item,etched helmet,エッチングされた兜,,
Item,helm of opposite alignment,逆配列の兜,,
Item,crested helmet,紋章のついた兜,,
Item,helm of telepathy,テレパシーの兜,,
Item,visored helmet,面頬付きの兜,,
Item,cloth hat,布製帽子,,
Item,gray dragon scale mail,灰色ドラゴンの鱗鎧,,
Item,gold dragon scale mail,金色ドラゴンの鱗鎧,,
Item,silver dragon scale mail,銀色ドラゴンの鱗鎧,,
Item,red dragon scale mail,赤色ドラゴンの鱗鎧,,
Item,white dragon scale mail,白色ドラゴンの鱗鎧,,
Item,orange dragon scale mail,橙色ドラゴンの鱗鎧,,
Item,black dragon scale mail,黒色ドラゴンの鱗鎧,,
Item,blue dragon scale mail,青色ドラゴンの鱗鎧,,
Item,green dragon scale mail,緑色ドラゴンの鱗鎧,,
Item,yellow dragon scale mail,黄色ドラゴンの鱗鎧,,
Item,gray dragon scales,灰色ドラゴンの鱗,,
Item,gold dragon scales,金色ドラゴンの鱗,,
Item,silver dragon scales,銀色ドラゴンの鱗,,
Item,red dragon scales,赤色ドラゴンの鱗,,
Item,white dragon scales,白色ドラゴンの鱗,,
Item,orange dragon scales,橙色ドラゴンの鱗,,
Item,black dragon scales,黒色ドラゴンの鱗,,
Item,blue dragon scales,青色ドラゴンの鱗,,
Item,green dragon scales,緑色ドラゴンの鱗,,
Item,yellow dragon scales,黄色ドラゴンの鱗,,
Item,plate mail,プレートメイル,,
Item,crystal plate mail,クリスタルプレートメイル,,
Item,bronze plate mail,ブロンズプレートメイル,,
Item,splint mail,スプリントメイル,,
Item,banded mail,バンデッドメイル,,
Item,dwarvish mithril-coat,ドワーフのミスリルコート,,
Item,elven mithril-coat,エルフのミスリルコート,,
Item,chain mail,チェインメイル,,
Item,orcish chain mail,オークのチェインメイル,,
Item,crude chain mail,粗末なチェインメイル,,
Item,scale mail,スケイルメイル,,
Item,studded leather armor,スタッドレザーアーマー,,
Item,ring mail,リングメイル,,
Item,orcish ring mail,オークのリングメイル,,
Item,crude ring mail,粗末なリングメイル,,
Item,leather armor,レザーアーマー,,
Item,leather jacket,レザージャケット,,
Item,Hawaiian shirt,アロハシャツ,,
Item,T-shirt,Tシャツ,,
Item,mummy wrapping,ミイラの包帯,,
Item,elven cloak,エルフのクローク,,
Item,faded pall,色あせた帳,,
Item,orcish cloak,オークのクローク,,
Item,coarse mantelet,粗末なマントレット,,
Item,dwarvish cloak,ドワーフのクローク,,
Item,hooded cloak,フード付きのクローク,,
Item,oilskin cloak,オイルスキンクローク,,
Item,slippery cloak,滑りやすいクローク,,
Item,robe,ローブ,,
Item,alchemy smock,錬金術師の作業着,,
Item,apron,エプロン,,
Item,leather cloak,革のクローク,,
Item,cloak of protection,保護のクローク,,
Item,tattered cape,ボロボロのケープ,,
Item,cloak of invisibility,透明のクローク,,
Item,opera cloak,オペラクローク,,
Item,cloak of magic resistance,抗魔のクローク,,
Item,ornamental cope,装飾的なカッパ,,
Item,cloak of displacement,分身のクローク,,
Item,piece of cloth,布切れ,,
Item,wooden shield,木の盾,,
Item,small shield,小さな盾,,
Item,elven shield,エルフの盾,,
Item,blue and green shield,青と緑の盾,,
Item,Uruk-hai shield,ウルク＝ハイの盾,,
Item,white-handed shield,白い手の盾,,
Item,orcish shield,オークの盾,,
Item,red-eyed shield,赤い目の盾,,
Item,large shield,大きな盾,,
Item,dwarvish roundshield,ドワーフの円盾,,
Item,large round shield,大きな円盾,,
Item,shield of reflection,反射の盾,,
Item,polished silver shield,磨かれた銀の盾,,
Item,leather gloves,革の手袋,,
Item,old gloves,古い手袋,,
Item,gauntlets of fumbling,下手な小手,,
Item,padded gloves,パッド付きの手袋,,
Item,gauntlets of power,力の小手,,
Item,riding gloves,乗馬用の手袋,,
Item,gauntlets of dexterity,器用さの小手,,
Item,fencing gloves,フェンシング用の手袋,,
Item,low boots,短靴,,
Item,walking shoes,ウォーキングシューズ,,
Item,iron shoes,鉄の靴,,
Item,hard shoes,硬い靴,,
Item,high boots,長靴,,
Item,jackboots,半長靴,,
Item,speed boots,スピードの靴,,
Item,combat boots,コンバットブーツ,,
Item,water walking boots,水上歩行の靴,,
Item,jungle boots,ジャングルブーツ,,
Item,jumping boots,跳躍の靴,,
Item,hiking boots,ハイキングブーツ,,
Item,elven boots,エルフの靴,,
Item,mud boots,泥だらけの靴,,
Item,kicking boots,蹴りの靴,,
Item,buckled boots,バックル付きの靴,,
Item,fumble boots,下手な靴,,
Item,levitation boots,浮遊の靴,,
Item,snow boots,スノーブーツ,,
Item,destroy armor,壊れている防具,,
Item,adornment,飾り,,
Item,gain strength,腕力増大,,
Item,gain constitution,体力増大,,
Item,increase accuracy,命中率向上,,
Item,increase damage,ダメージ向上,,
Item,protection,保護,,
Item,regeneration,再生,,
Item,searching,探索,,
Item,stealth,忍び,,
Item,sustain ability,能力保持,,
Item,levitation,浮遊,,
Item,hunger,飢え,,
Item,aggravate monster,モンスターを怒らせる,,
Item,conflict,争い,,
Item,warning,警告,,
Item,poison resistance,毒耐性,,
Item,fire resistance,火耐性,,
Item,cold resistance,冷気耐性,,
Item,shock resistance,電撃耐性,,
Item,free action,自由行動,,
Item,slow digestion,消化鈍化,,
Item,teleportation,テレポート,,
Item,teleport control,テレポート制御,,
Item,protection from shape changers,変身者からの防御,,
Item,polymorph control,変身制御,,
Item,wooden,木,,
Item,granite,花崗岩,,
Item,opal,オパール,,
Item,clay,粘土,,
Item,coral,珊瑚,,
Item,black onyx,ブラックオニキス,,
Item,moonstone,ムーンストーン,,
Item,tiger eye,タイガーアイ,,
Item,jade,ヒスイ,,
Item,bronze,青銅,,
Item,agate,メノウ,,
Item,topaz,トパーズ,,
Item,sapphire,サファイア,,
Item,diamond,ダイヤモンド,,
Item,pearl,真珠,,
Item,iron,鉄,,
Item,brass,真鍮,,
Item,copper,銅,,
Item,twisted,ねじれた,,
Item,steel,鋼鉄,,
Item,silver,銀,,
Item,gold,金,,
Item,ivory,象牙,,
Item,wire,針金状,,
Item,engagement,婚約,,
Item,shiny,輝く,,
Item,amulet of clairvoyance,透視のアミュレット,,
Item,amulet of drain resistance,吸収耐性のアミュレット,,
Item,amulet of ESP,ESPのアミュレット,,
Item,amulet of life saving,生命維持のアミュレット,,
Item,amulet of magical breathing,魔法の呼吸のアミュレット,,
Item,amulet of reflection,反射のアミュレット,,
Item,amulet of restful sleep,安眠のアミュレット,,
Item,amulet of strangulation,絞殺のアミュレット,,
Item,amulet of unchanging,不変のアミュレット,,
Item,amulet versus poison,毒守りのアミュレット,,
Item,circular,円形,,
Item,spherical,球体,,
Item,oval,楕円形,,
Item,triangular,三角形,,
Item,pyramidal,ピラミッド型,,
Item,square,四角形,,
Item,concave,凹型,,
Item,octagonal,八角形,,
Item,perforated,穴の空いた,,
Item,cubical,立方体,,
Item,large box,大きな箱,,
Item,chest,宝箱,,
Item,ice box,氷箱,,
Item,sack,袋,,
Item,oilskin sack,オイルスキンの袋,,
Item,bag of holding,軽量化の袋,,
Item,bag of tricks,手品の袋,,
Item,skeleton key,合鍵,,
Item,lock pick,ロックピック,,
Item,credit card,クレジットカード,,
Item,tallow candle,獣脂の蝋燭,,
Item,wax candle,蜜蝋の蝋燭,,
Item,brass lantern,真鍮のランタン,,
Item,oil lamp,油灯,,
Item,expensive camera,高級カメラ,,
Item,mirror,鏡,,
Item,crystal ball,水晶玉,,
Item,lenses,レンズ,,
Item,blindfold,目隠し,,
Item,towel,タオル,,
Item,saddle,鞍,,
Item,leash,紐,,
Item,stethoscope,聴診器,,
Item,stethoscopes,聴診器,,
Item,tinning kit,缶詰作成キット,,
Item,tin opener,缶切り,,
Item,can of grease,グリース缶,,
Item,figurine,小像,,
Item,magic marker,魔法のマーカー,,
Item,land mine,地雷,,
Item,beartrap,虎ばさみ,,
Item,tin,錫,,
Item,potion of oil,油のポーション,,
Item,whistle,ホイッスル,,
Item,tin whistle,ティン・ホイッスル,,
Item,key,鍵,,
Item,lamp,ランプ,,
Item,bell,ベル,,
Item,harp,ハープ,,
Item,looking glass,手鏡,,
Item,looking glasse,手鏡,,
Item,looking glasses,手鏡,,
Item,bag,かばん,,
Item,leather drum,革の太鼓,,
Item,flint stone,火打石,,
Item,in quiver pouch,矢筒内,,
Item,in quiver,矢筒内,,
Item,tooled horn,加工された角,,
Item,bugle,角笛,,
Item,meatball,肉団子,,
Item,meat ring,肉の輪,,
Item,meat stick,肉の棒,,
Item,egg,卵,,
Item,clove of garlic,ニンニクの球根,,
Item,onion,玉ねぎ,,
Item,apple,リンゴ,,
Item,pear,ナシ,,
Item,banana,バナナ,,
Item,orange,オレンジ,オレンジ色,
Item,fortune cookie,占いクッキー,,
Item,candy bar,キャンディバー,,
Item,pancake,パンケーキ,,
Item,lembas wafer,レンバス,,
Item,cram ration,携帯食糧,,
Item,food ration,食料,,
Item,K-ration,Kレーション,,
Item,C-ration,Cレーション,,
Item,slime mold,スライム・モールド,,
Item,tripe ration,干しホルモン,,
Item,melon,メロン,,
Item,sprigs of wolfsbane,トリカブトの小枝,,
Item,sprig of wolfsbane,トリカブトの小枝,,
Item,carrot,人参,,
Item,cream pie,クリームパイ,,
Item,gunyoki,軍用食,,
Item,gain ability,能力上昇,,
Item,restore ability,能力回復,,
Item,confusion,混乱,,
Item,blindness,盲目,,
Item,paralysis,麻痺,,
Item,speed,スピード,,
Item,halluncination,幻覚,,
Item,see invisible,可視,,
Item,healing,回復,,
Item,extra healing,強力回復,,
Item,full healing,完全回復,,
Item,polymorph,変身,,
Item,object detection,アイテム探索,,
Item,monster detection,モンスター探索,,
Item,enlightenment,啓蒙,,
Item,gain energy,エネルギー獲得,,
Item,acid,酸,,
Item,blood,血,,
Item,water,水,,
Item,sickness,病気,,
Item,poison,毒,,
Item,holy water,聖水,,
Item,invisibility,透明化,,
Item,sleeping:,睡眠状態,,
Item,gain level,レベル上昇,,
Item,ruby,ルビー,,
Item,pink,ピンク色,,
Item,yellow,黄色,,
Item,emerald,エメラルド,,
Item,dark green,濃い緑,,
Item,cyan,シアン色,,
Item,sky blue,空色,,
Item,blue,青色,,
Item,brilliant blue,鮮やかな青,,
Item,brightly red,鮮やかな赤,,
Item,magenta,マゼンタ色,,
Item,purple-red,紫がかった赤,,
Item,puce,暗褐色,,
Item,milky,乳白色,,
Item,swirly,渦巻いた,,
Item,bubbly,泡立つ,,
Item,smoky,煙った,,
Item,cloudy,濁った,,
Item,effervescent,弾ける,,
Item,black,黒色,,
Item,golden,金色,,
Item,brown,茶色,,
Item,fizzy,シュワシュワする,,
Item,dark,暗い色,,
Item,white,白色,,
Item,murky,濁った,,
Item,clear,透明な,,
Item,yellowish brown,黄褐色,,
Item,red,赤色,,
Item,green,緑色,,
Item,booze,お酒,,
Item,enchant armor,防具強化,,
Item,enchant weapon,武器強化,,
Item,identify,鑑定,,
Item,light,明かり,,
Item,blank paper,白紙,,
Item,remove curse,呪い解除,,
Item,gold detection,金貨探索,,
Item,food detection,食料探索,,
Item,magic mapping,魔法の地図,,
Item,scare monster,モンスターを怖がらせる,,
Item,taming,モンスターを飼いならす,,
Item,amnesia,忘却,,
Item,earth,土,,
Item,fire,火炎,,
Item,punishment,処罰,,
Item,charging,充填,,
Item,genocide,大虐殺,,
Item,stinking cloud,悪臭の雲,,
Item,confuse monster,モンスター混乱,,
Item,force bolt,フォースボルト,,
Item,drain life,生命吸収,,
Item,magic missile,マジックミサイル,,
Item,cone of cold,氷の円錐,,
Item,fireball,ファイアボール,,
Item,finger of death,死の指線,,
Item,lightning,稲妻,,
Item,sleep,睡眠,,
Item,detect monsters,モンスター探索,,
Item,detect monster,モンスター検知,,
Item,detect Food,食料探索,,
Item,clairvoyance,透視,,
Item,detect treasure,宝探索,,
Item,stone to flesh,石を肉にする,,
Item,cure blindnes,盲目治療,,
Item,cure sickness,病気治療,,
Item,create monster,モンスター作成,,
Item,jumping,跳躍,,
Item,haste self,加速,,
Item,teleport away,テレポート,,
Item,knock,開扉,,
Item,wizard lock,施錠,,
Item,dig,掘削,,
Item,cancellation,無力化,,
Item,charm monster,モンスター魅了,,
Item,detect food,食料探索,,
Item,detect unseen,見えないものを検知,,
Item,parchment,羊皮紙,,
Item,vellum,上質皮紙,,
Item,ragged,ぼろぼろの,,
Item,dog eared,耳折れの,,
Item,mottled,斑点のある,,
Item,stained,汚れた,,
Item,cloth,布製,,
Item,leathery,革のような,,
Item,unlabeled,未分類,,
Item,plain,無地,,
Item,light green,明るい緑,,
Item,turquoise,トルコ石,,
Item,light blue,明るい青,,
Item,dark blue,濃い青,,
Item,indigo,藍色,,
Item,purple,紫色,,
Item,violet,スミレ色,,
Item,tan,黄褐色,,
Item,plaid,格子縞,,
Item,light brown,明るい茶色,,
Item,dark brown,濃い茶色,,
Item,gray,灰色,,
Item,wrinkled,しわくちゃ,,
Item,dusty,埃っぽい,,
Item,glittering,きらめく,,
Item,shining,光り輝く,,
Item,dull,鈍い色,,
Item,thin,薄い,,
Item,thick,厚い,,
Item,checkered,市松模様,,
Item,paperback,ペーパーバック,,
Item,papyrus,パピルス,,
Item,nothing,何も起きない,,
Item,digging,掘削,,
Item,enrichment,豊穣,,
Item,death,死,,
Item,striking,打撃,,
Item,opening,開扉,,
Item,locking,施錠,,
Item,probing,調査,,
Item,secret door detection,隠しドア探索,,
Item,slow monster,モンスター鈍化,,
Item,speed monster,モンスター加速,,
Item,undead turning,アンデッドを追い払う,,
Item,make invisible,透明化,,
Item,wishing,願い,,
Item,cold,冷気,,
Item,balsa,バルサ材,,
Item,maple,カエデ,,
Item,pine,松,,
Item,oak,樫,,
Item,ebony,コクタン,,
Item,marble,大理石,,
Item,platinum,白金,,
Item,iridium,イリジウム,,
Item,zinc,亜鉛,,
Item,aluminum,アルミニウム,,
Item,uranium,ウラン,,
Item,hexagonal,六角形,,
Item,short,短い,,
Item,runed,ルーンの刻まれた,,
Item,long,長い,,
Item,curved,曲がった,,
Item,forked,二股の,,
Item,spiked,スパイク付き,,
Item,jeweled,宝石を散りばめた,,
Item,gem,宝石,,
Item,stone,宝石,,
Item,dilithium crystal,ディリチウムの結晶,,
Item,aquamarine,アクアマリン,,
Item,amber,琥珀,,
Item,amethyst,アメジスト,,
Item,garnet,ガーネット,,
Item,jet,黒玉,,
Item,obsidian,黒曜石,,
Item,chrysoberyl,金緑石,,
Item,citrine,シトリン,,
Item,jasper,碧玉,,
Item,quartz,石英,,
Item,rock crystal,水晶,,
Item,fluorite,蛍石,,
Item,luckstone,幸運の石,,
Item,loadstone,重い石,,
Item,touchstone,試金石,,
Item,flint,火打石,,
Item,rock,岩,,
Item,glass,屑ガラス,,
Item,gold piece,金貨,,
Item,Excalibur,エクスカリバー,,
Item,Stormbringer,ストームブリンガー,,
Item,Mjollnir,ミョルニル,,
Item,Cleaver,クリーヴァー,,
Item,Grimtooth,グリムトゥース,,
Item,Orcrist,オルクリスト,,
Item,Sting,スティング,,
Item,Magicbane,マジックバイン,,
Item,Frost Brand,フロストブランド,,
Item,Fire Brand,ファイアブランド,,
Item,Dragonbane,ドラゴンベイン,,
Item,Demonbane,デーモンベイン,,
Item,Werebane,ウェアベイン,,
Item,Grayswandir,グレイスワンディール,,
Item,Giantslayer,ジャイアントスレイヤー,,
Item,Ogresmasher,オウガスマッシャー,,
Item,Trollsbane,トロールズベイン,,
Item,Vorpal Blade,ヴォーパルブレード,,
Item,Snickersnee,スニッカースニー,,
Item,Sunsword,サンソード,,
Item,The Orb of Detection,探索の宝珠,,
Item,The Heart of Ahriman,アーリマンの心臓,,
Item,The Sceptre of Might,力の笏,,
Item,The Staff of Aesculapius,アスクレピオスの杖,,
Item,The Magic Mirror of Merlin,マーリンの魔法の鏡,,
Item,The Eyes of the Overworld,異界の眼,,
Item,The Mitre of Holiness,聖なる冠,,
Item,The Longbow of Diana,ダイアナの長弓,,
Item,The Master Key of Thievery,盗みのマスターキー,,
Item,The Tsurugi of Muramasa,村正のツルギ,,
Item,The Platinum Yendorian Express Card,プラチナ・イェンダー・エクスプレスカード,,
Item,The Orb of Fate,運命の宝珠,,
Item,The Eye of the Aethiopica,エチオピカの眼,,
Item,weapon in right hand,右手の武器,,
Item,weapon in left hand,左手の武器,,
Item,being worn,装備中,,
Item,pair of,一対の,,
Item,empty,空の,,
Item,rustproof,さび付かない,,
Item,at the ready,準備完了,,
Item,on left hand,左手に装備,,
Item,on right hand,右手に装備,,
Item,bare hands,素手,,
Item,eucalyptus leaf,ユーカリの葉,,
Item,paperback book,ペーパーバック本,,
Item,Maskerade,仮面舞踏会,,
Item,cloak,マント,,
Item,candle,蝋燭,,
Item,broken,壊れた,,
Item,hat,帽子,,
Item,osaku,オサック,,
Item,hook,フック,,
Item,helm,兜,,
Item,suit,服,,
Item,mail,鎧,,
Item,oil,油,,
Item,glass orb,ガラス玉,,
Item,shito,刺刀,,
Item,figurine of a chameleon,カメレオンの置物,,
Item,wooden flute,木製のフルート,,
Item,flute,フルート,,
Item,Oracle,預言者,,
Item,food,食べ物,,
Item,bottle,瓶,,
Item,phial,薬瓶,,
Item,vial,小瓶,,
Item,jar,壺,,
Item,fruit juice,フルーツジュース,,
Pattern,^It is written in the Book of (.*):$,$1の書に記されている：,,
Pattern,"^Your (god|goddess) (.*) seeks to possess the Amulet, and with it$",あなたの$1 $2はイェンダーの魔除けを手に入れることを望んでいます。,,
Pattern,^to gain deserved ascendance over the other gods\.$,そしてそれにより、他の神々に対して相応の優位を得ることを望んでいます。,,
Pattern,"^You, a newly trained (.*), have been heralded$",新しく訓練された$1であるあなたは、,,
Pattern,^from birth as the instrument of (.*)\.  You are destined$,生まれながらにして$1の代行者として告げられました。あなたは、,,
Pattern,"^to recover the Amulet for your deity, or die in the$",自らの神のために魔除けを奪還するか、さもなくばその過程で死ぬ運命にあります。,,
Pattern,^attempt\.  Your hour of destiny has come\.  For the sake$,運命の時が来ました。我らすべてのために、,,
Pattern,^of us all:  Go bravely with (.*)!$,$1と共に勇敢に進みなさい！,,
Pattern,^\[(.*) has chosen you to recover the Amulet of Yendor for (Her|Him)\.\]$,［$1は$2のためにイェンダーの魔除けを奪還する者として、あなたを選びました。］,,
Pattern,"^You read: ""(.*)""$",あなたは「$1」と読んだ,,
Pattern,"^You read: ""(.*)""\.$",あなたは「$1」と読んだ。,,
Pattern,"^You learn ""(.*)""\.$",「$1」を習得しました。,,
Pattern,^A board beneath you squeaks (.*) loudly\.$,足元の床板が$1と大きな音を立てて鳴った。,,
Pattern,^You avoid stepping into the (.*)\.$,あなたは$1に足を踏み入れないようにした。,,
Pattern,^(.*):\[(.*)\]$,$1：[$2],,
Pattern,^What do you want to dip into one of (.*)\? (.*)$,何をひとつの$1に浸けますか？ $2,,
Pattern,^What do you want to dip into the (.*)\? (.*)$,何を$1に浸けますか？ $2,,
Pattern,^You see here (.*)\.$,ここに$1がある。,,
Pattern,^You kill (.*)!$,あなたは$1を殺した！,,
Pattern,^You reveal (.*) secret doors!$,あなたは $1つの隠し扉を見つけた！,,
Pattern,^Unknown command '(.*)'\.$,未知のコマンドです：'$1',,
Pattern,^This (.*) tastes okay\.$,この$1はまあまあの味がする。,,
Pattern,^You finish eating (.*)\.$,あなたは$1を食べ終えた。,,
Pattern,^This (.*) is delicious!$,この$1は美味しい！,,
Pattern,"^You learn the \""(.*)\"" spell\.$",あなたは「$1」の呪文を習得した。,,
Pattern,^(.*) bites (.*)\.$,$1が$2に噛み付いた。,,
Pattern,^(.*) is killed!$,$1は殺された！,,
Pattern,^You swap places with (?:your)?\s*(.*)\.$,あなたは$1と場所を入れ替わった。,,
Pattern,^Your (.*) eats (.*)\.$,$1は$2を食べた。,,
Pattern,^(.*) eats (.*)\.$,$1は$2を食べた。,,
Pattern,^(.*) blocks your path\.$,$1が道を塞いでいる。,,
Pattern,^You stop.  (?:Your|The)?\s*(.*) is in the way!$,止まった。$1が邪魔だ！,,
Pattern,^You stop.  (?:Your|The)?\s*(.*) doesn't want to swap places\.$,止まった。$1が場所を交換したがらない。,,
Pattern,^You miss (.*).$,あなたの攻撃は$1に当たらなかった。,,
Pattern,^(.*) shoots out at you!$,$1があなたに向かって放たれた！,,
Pattern,^(.*) misses you\.$,$1はあなたに当たらなかった。,,
Pattern,^(.*) picks up (.*)\.$,$1は$2を拾い上げた。,,
Pattern,^(.*) drops (.*)\.$,$1は$2を落とした。,,
Pattern,^You destroy (.*)!$,あなたは$1を破壊した！,,
Pattern,^(.*) misses (?:the|a|an)?\s*(.*)\.$,$1の攻撃は$2に当たらなかった。,,
Pattern,^(.*) misses!$,$1の攻撃は外れた！,,
Pattern,^(.*) is missed.\.$,$1は当たらない。,,
Pattern,^(.*) bites!$,$1が噛み付いた！,,
Pattern,^You hit (.*)\.$,あなたは$1に命中させた。,,
Pattern,^You hit (.*)!$,あなたは$1に命中させた！,,
Pattern,^(.*) strikes at your displaced image and misses you!$,$1はあなたの分身を攻撃したが、外れた！,,
Pattern,^You hear (.*) squeak in the distance\.$,遠くで$1の鳴き声が聞こえた。,,
Pattern,^(.*) suddenly falls asleep!$,$1は突然眠りに落ちた！,,
Pattern,^(.*) wields a broad (.*)!$,$1は大きな$2を構えた！,,
Pattern,^The broad (.*) welds itself to the (.*)'s hand!$,大きな$1が$2の手に張り付いた！,,
Pattern,^(.*) hits!$,$1が命中した！,,
Pattern,^(.*) swings (?:her|him|his|its)\s*(.*)\.$,$1は$2を振り回した。,,
Pattern,^(.*) throws (.*)!$,$1は$2を投げた！,,
Pattern,^You are almost hit by (.*)\.$,$1が当たりそうになった！,,
Pattern,^You are hit by (.*)\$,$1が命中した。,,
Pattern,^(.*) wields (.*)!$,$1は$2を構えた！,,
Pattern,^(.*) shoots (.*)!$,$1は$2を放った！,,
Pattern,^(.*) zaps (.*)!$,$1は$2をザップした！,,
Pattern,^You attack (.*)\.$,あなたは$1を攻撃した。,,
Pattern,^(.*) touches (.*)\.$,$1は$2に触れた。,,
Pattern,^(.*) touches (.*)!$,$1は$2に触れた！,,
Pattern,^It misses (.*)\.$,それは$1に当たらなかった。,,
Pattern,^It is missed (.*)\.$,それは$1に当たらなかった。,,
Pattern,^It bites (.*)\.$,それは$1に噛み付いた。,,
Pattern,^It hits (.*)\.$,それは$1に当たった。,,
Pattern,^(.*) just$,$1 ちょうど,,
Pattern,^(.*) hits it\.$,$1は命中した。,,
Pattern,^(.*) hits (.*)\.$,$1は$2に当たった。,,
Pattern,^(.*) hits (.*)!$,$1は$2に当たった！,,
Pattern,^(?!(?:[Aa]n?|[Tt]he|[Yy]our)\s+)(.*) (human|elf|dwarf|gnome|orc)$,$1の$2,,
Pattern,^saddled (.*)$,鞍をつけた$1,,
Pattern,^a statue of (.*)$,$1の像,,
Pattern,^You are frozen by (.*)'s gaze!$,$1の視線で凍りついた！,,
Pattern,^You have a little trouble lifting (.*)\.$,$1を持ち上げるのに少し苦労した。,,
Pattern,^You have trouble lifting (.*)\.$,$1を持ち上げるのに苦労した。,,
Pattern,^You have trouble removing (.*)\.$,$1を取り除くのに苦労している。,,
Pattern,^You have much trouble lifting (.*)\.$,$1を持ち上げるのに非常に苦労している。,,
Pattern,^You have much trouble lifting (.*)\. Continue*$,$1を持ち上げるのに非常に苦労している。続けますか？,,
Pattern,^You drop (.*)\.$,あなたは$1を落とした。,,
Pattern,^You decipher the label on your (.*)\.$,あなたは$1のラベルを解読した。,,
Pattern,^Your (.*) glows blue for a moment\.$,あなたの$1が一瞬青く光った。,,
Pattern,^A gush of water hits (.*)!$,勢いよく噴き出した水が$1に当たった！,,
Pattern,^You escape (.*)\.$,あなたは$1から逃れた。,,
Pattern,^There is a staircase up to level (.*) here\.$,ここにレベル$1へ上がる階段がある。,,
Pattern,^Welcome to experience level (.*)\.$,経験レベル$1へようこそ。,,
Pattern,(.*) rots away\.$,$1は腐り果てた。,,
Pattern,Your (.*) glows silver for a while\.$,あなたの$1はしばらくの間銀色に光った。,,
Pattern,Your (.*) turns to dust and falls to the floor!$,あなたの$1は塵となって床に落ちた！,,
Pattern,(.*) turns to dust and falls to the floor!$,$1は塵となって床に落ちた！,,
Pattern,(.*) suddenly appears close by!$,突然すぐそばに$1が現れた！,,
Pattern,(.*) lands on (.*)\.$,$1が$2に着地した。,,
Pattern,There is (.*) here\.$,ここに$1がある。,,
Pattern,(.*) isn't a suitable secondary weapon\.$,$1は予備の武器として適していません。,,
Pattern,You were wearing (.*)\.$,あなたは$1を身に着けていた。,,
Pattern,(.*) thrusts (?:her|him|his|its) (.*)\.$,$1が$2を突き出した。,,
Pattern,(.*) vanishes and reappears next to you\.$,$1は消え、あなたの隣に再び現れた。,,
Pattern,(.*) shifts location\.$,$1が場所を移動した。,,
Pattern,(.*) opens a door\.$,$1がドアを開けた。,,
Pattern,(.*) bites again!$,$1が再び噛み付いた！,,
Pattern,Wait!  There's (.*) hiding under (.*)!$,待て！ $2 の下に $1 が隠れている！,,
Pattern,(.*) passes between the iron bars.\.$,$1は鉄格子を通り抜けた。,,
Pattern,You hear (.*) incant (.*)\.$,$1が$2を唱えるのが聞こえた。,,
Pattern,(.*) looks better.\.$,$1の具合が良くなったようだ。,,
Pattern,(.*) vanishes!$,$1は消えた！,,
Pattern,(.*) drinks (.*)!$,$1は$2を飲んだ！,,
Pattern,(.*) wakes up\.$,$1は目が覚めた。,,
Pattern,(.*) screams!$,$1は叫んだ！,,
Pattern,You enter (.*) hall!$,あなたは$1の広間に入った！,,
Pattern,(.*) suddenly appears!$,突然$1が現れた！,,
Pattern,You cannot escape from (.*)!$,$1からは逃げられない！,,
Pattern,The air crackles around (.*)\.$,$1の周囲の空気がパチパチと鳴っている。,,
Pattern,body rises from the dead as (.*)\.\.\.$,死体が$1として蘇る...,,
Pattern,(.*) claws itself out of the ground!$,$1が地面から這い出てきた！,,
Pattern,(.*) is destroyed!$,$1を破壊した！,,
Pattern,"You know \""(.*)\"" quite well already\.$",あなたは「$1」をすでに習得している。,,
Pattern,"You know \""(.*)\"" quite well already\.$",あなたは「$1)」をすでに習得している。,,
Pattern,"knowledge of \""(.*)\"" is keener\.$",「$1」の知識はより鋭くなった。,,
Pattern,"Suddenly, (.*) falls through a trap door\.$",突然、$1が落とし戸から落ちた。,,
Pattern,You are hit by (.*)\.$,$1があなたに当たった。,,
Pattern,(.*) changes into a (.*)\.$,$1は$2に姿を変えた。,,
Pattern,(.*) summons help!$,$1が助けを呼んだ！,,
Pattern,(.*) suddenly appears next to you!$,突然、あなたの隣に$1が現れた！,,
Pattern,(.*) blocks the way!$,$1が道を塞いでいる！,,
Pattern,(.*) appears next to you!$,$1があなたの隣に現れた！,,
Pattern,You kick (.*)\.$,あなたは$1を蹴った。,,
Pattern,(.*) is furious!$,$1は激怒している！,,
Pattern,"(.*) jumps, nimbly evading your kick\.$",$1はジャンプし、あなたの蹴りを軽やかにかわした。,,
Pattern,(.*) takes all your possessions\.$,$1はあなたの所持品をすべて奪った。,,
Pattern,an empty unlocked (.*)$,空でロック解除済みの$1,,
Pattern,^You have a little trouble removing (.*)\.$,$1の取り外しに少し手間取っています。,,
Pattern,^You do not owe (.*) anything\.$,あなたは$1に何も借りていない。,,
Pattern,"^My, this is a yummy (.*)!$",あらまあ、これはおいしい$1ね！,,
Pattern,^(.*) called (.*)$,$2と名付けた$1,,
Pattern,^(.*) bounces!$,$1が跳ねかえった！,,
Pattern,^the peaceful (.*)$,平和的な$1,,
Pattern,^peaceful (.*)$,平和的な$1,,
Pattern,^You see (.*) slither under (.*)\.$,$1が$2の下にすべり込むのが見える。,,
Pattern,^There is a branch staircase down to (.*) here\.$,ここから分岐する階段を降りると、$1の場所へたどり着きます。,,
Pattern,^(.*) appears confused\.$,$1は困惑しているようだ。,,
Pattern,^Your (.*) glows (.*) for a moment\.$,あなたの$1が、一瞬$2に輝く,,
Pattern,"^You add the \""(.*)\"" spell to your repertoire, as (.*)\.$",あなたは「$1」の呪文を習得した。-$2-,,
Pattern,^Wiped out all (.*)\.$,$1を全滅させた。,,
Pattern,^You have found (.*)!$,あなたは$1を見つけた！,,
Pattern,^You are now wearing (.*)\.$,あなたは$1を身に着けています。,,
Pattern,^You cannot wear armor over (.*)\.$,$1の上に防具を着用することはできません。,,
Pattern,^Your (.*) crumbles and turns to dust!$,$1が粉々に砕け、塵となりました！,,
Pattern,^(.*) turns to flee\.$,$1が逃げ出した。,,
Pattern,^(.*) pretends to be friendly to (.*)\.$,$1が$2に親しみを示した。,,
Pattern,^(.*) smiles at (.*) engagingly\.$,$1は$2に愛嬌たっぷりに微笑む。,,
Pattern,^(.*) steals a saddle from (.*)!$,$1は$2から鞍を盗んだ！,,
Pattern,^(.*) suddenly disappears!$,$1は突然姿を消した！,,
Pattern,^(.*) pretends to be friendly\.$,$1は友好的なふりをする。,,
Pattern,^(.*) charms you.  You gladly start removing your (.*). \.$,$1があなたを魅了する。あなたは喜んで$2を外し始める。,,
Pattern,^(.*) steals (.*)!$,$1は$2を盗んだ！,,
Pattern,^She stole (.*)\.$,彼女は$1を盗んだ！,,
Pattern,^(.*) disarms your (.*)\.$,$1はあなたの$2を解除します。,,
Pattern,^You finish taking off your (.*)\.$,$1を外し終えた。,,
Pattern,^(.*) stole (.*)\.$,$1は$2を盗んだ！,,
Pattern,"^(.*) tries to rob you, but there is nothing to steal!$",$1は盗もうとしたが、盗める物がなかった。,,
Pattern,"^(.*) tries to rob you, but isn't interested in gold\.$",$1はあなたを略奪しようとするが、金には興味がない。,,
Pattern,^(.*) containing (.*) items?$,$1（中身：$2個のアイテム）,,
Pattern,^You begin bashing monsters with your (.*)\.$,あなたは$1でモンスターを叩き始める。,,
Pattern,^(.*) on the head\.$,$1が頭に当たった。,,
Pattern,^([A-Za-z$]+) - (.*)\.$,$1 - $2.,,
Pattern,^([A-Za-z$]+) - (.*)$,$1 - $2,,
Pattern,^A board beneath (.*) squeaks (.*) loudly\.$,$1の足元の床板が$2と大きな音を立てて鳴った。,,
Pattern,^You hear (.*) squeak nearby\.$,あなたは近くで$1のきしみ音を聞いた。,,
Pattern,^You knock (.*) backward with a forceful strike!$,あなたは強力な一撃で$1を後方に叩き落とした！,,
Pattern,^(.*) wobbles from your powerful strike!$,$1はあなたの強力な一撃で揺れた！,,
Pattern,^(.*) is caught in (.*)'s explosion!$,$1は$2の爆発に巻き込まれた！,,
Pattern,^You are caught in (.*)'s explosion!$,あなたは$1の爆発に巻き込まれた！,,
Pattern,^the poor (.*)$,かわいそうな$1,,
Pattern,^Unlock it with your (.*)\?$,$1で解錠しますか？,,
Pattern,^You are hit by (.*)!$,あなたは$1に攻撃された！,,
Pattern,^You succeed in unlocking (.*)\.$,$1の解錠に成功した。,,
Pattern,^Swapping: (.*)$,$1を入れ替えた。,,
Pattern,^Collecting: (.*)$,$1を集めた。,,
Pattern,^Moving: (.*)$,$1を移動させた。,,
Pattern,^(.*) is empty\.$,空の$1。,,
Pattern,^a locked (.*)\.$,鍵のかかった$1。,,
Pattern,^You cannot wear a shield while wielding (.*)\.$,盾を装備している間は$1を装備できません。,,
Pattern,^(.*) falls into a pit!$,$1は落とし穴に落ちた！,,
Pattern,^an unlocked (.*)$,解錠された$1,,
Pattern,^scrolls? labeled (.*)$,表題「$1」と書かれた巻物,,
Pattern,^an unlocked (.*) containing (.*) item$,中に$2個のアイテムが入った$1（解錠済み）,,
Pattern,^Really step onto that (.*)\?$,本当にその$1に足を踏み入れるのか？,,
Pattern,^Really step into that (.*)\?$,本当にその$1に踏み込むのか？,,
Pattern,^You find (.*)\.$,あなたは$1を見つけた。,,
Pattern,^You ring (.*)\.$,あなたは$1を鳴らした。,,
Pattern,^Your (.*) steps reluctantly onto (.*)\.$,あなたの$1が$2に足を踏み入れた。,,
Pattern,^altar to (.*)$,$1の祭壇,,
Pattern,^Your (.*) isn't one-handed\.$,あなたの$1は片手で扱えるものではない。,,
Pattern,^(.*) grows up into (.*)\.$,$1は$2に成長した。,,
Pattern,"^\""(.*), (.*)!  Welcome to (.*)'s (.*)!\""$",$1、$2！$3の$4へようこそ！,,
Pattern,"^\""(.*), (.*)!  Welcome again to (.*)'s (.*)!\""$",$1、$2！$3の$4へ再びようこそ！,,
Pattern,^This (.*) is bland\.$,この$1は味がしない。,,
Pattern,^That (.*) is (.*)!$,その$1は$2！,,
Pattern,^(.*) forces (.*)$,$1は$2を強制する,,
Pattern,"^(.*) (.*), welcome to NetHack! (.*)\.$",$1 $2 ようこそNethackへ！$3,,
Pattern,^Do what with (.*)\?$,$1をどうする？,,
Pattern,^Name this specific (.*)$,この特定の$1に名前を付ける,,
Pattern,^Name this stack of (.*)$,これらの$1に名前を付ける,,
Pattern,"^Unknown direction: (.*) \(use '4', '2', '8', '6' or '.'\)\.$","未知の方向：$1（'4', '2', '8', '6' または '.' を使用）",,
Pattern,^Call the type for (.*)s$,$1の呼び名を付ける,,
Pattern,^You engrave in (.*) with (.*)\.$,あなたは$2で$1に刻む。,,
Pattern,^You cannot dip into (.*) gold\.$,あなたは$1に金を浸けることはできません。,,
Pattern,^Look inside (.*)$,$1の中を確認,,
Pattern,^stash one item into (.*)$,$1にアイテムを収納する,,
Pattern,^You strike (.*) from behind!$,あなたは背後から$1を攻撃した！,,
Pattern,^Contents of (.*):$,$1の収納物:,,
Pattern,^Just picked up: (.*) gold pieces$,手持ちの金貨$1枚,,
Pattern,^You put (.*) gold pieces into (.*)\.$,あなたは金貨$1枚を$2に収納した。,,
Pattern,^You put (.*) into (.*)\.$,あなたは$1を$2に収納した。,,
Pattern,^You feel here (.*)\.$,$1のように感じる。,,
Pattern,^(.*) takes off your (.*)\.$,$1が$2を外した。,,
Pattern,^(.*) tries to run away with your (.*)\.$,$1はあなたの$2を持って逃げようとした。,,
Pattern,^You hear (.*) howling at the moon\.$,$1が月に吠え声を上げた。,,
Pattern,^(.*) is empty.  Do what with it\?$,$1は空です。どうしますか？,,
Pattern,^Just picked up: (.*)$,ちょうど手に入れた：$1,,
Pattern,^Call the type for (.*)$,$1に固有の呼び名を付ける,,
Pattern,^Are you really sure you want to break your (.*)\?$,本当に$1を壊しますか？,,
Pattern,"^Raising your (.*) high above your head, you break it in two!$",$1を高く掲げ、真っ二つに折る！,,
Pattern,^In what direction do you want to dig\?(.*)$,どの方向に掘りたいですか？$1,,
Pattern,^What do you want to eat\?(.*)$,何を食べたいですか？$1,,
Pattern,^(.*) the (.*)'s attributes:$,$2の属性：$1,,
Pattern,"^ You (are|were) (a|an) (.*), a level (.*) (.*) (.*) (.*)\.$", あなたは$3、レベル$4の$6 $5で$7です。,,
Pattern,"^ You (are|were) (a|an) (.*), a level (.*) (.*) (.*)\.$", あなたは$3、レベル$4の$5 $6です。,,
Pattern,"^ You (are|were) (.*), on a mission for (.*)$", あなたは$2側であり、$3の使命を帯びている。,,
Pattern,"^ You (are|were) (.*), nominally on a mission for (.*)$", 汝は$2に属し、名目上は$3の使命を帯びている。,,
Pattern,^ who (is|was) opposed by (.*) \((.*)\) and (.*) \((.*)\)\.$, $2($3)と$4($5)には敵対する関係である。,,
Pattern,^ You (are|were) in (.*) on level (.*)\.$, あなたは$2のレベル$3にいる。,,
Pattern,^ You entered the dungeon (.*) turns ago\.$, ダンジョンに侵入してから$1ターンが経過している。,,
Pattern,^ You have (.*) experience (point|points)\.$, 取得した経験値は1ポイント。,,
Pattern,"^ You had (.*) experience (point|points), (.*) were needed to attain level (.*)\.$", 取得した経験値は$1ポイント。経験レベル$4まであと$3ポイントでした。,,
Pattern,"^ You had (.*) experience (point|points), (.*) more was needed to attain level (.*)\.$", 取得した経験値は$1ポイント。経験レベル$4まで$3ポイントでした。,,
Pattern,^ You (have|had) all (.*) hit points\.$, ヒットポイントは全部で$2。,,
Pattern,^ You (have|had) (.*) out of (.*) hit points\.$, ヒットポイントは全部で$3の内$2。,,
Pattern,^ You (have|had) all (.*) energy points (.*)\.$, 魔力は全部で$2。,,
Pattern,^ You (have|had) (.*) energy points (.*)\.$, 魔力は$2。,,
Pattern,^ You (have|had) (.*) out of (.*) energy points (.*)\.$, 魔力は全部で$3の内$2ポイント。,,
Pattern,^ Your armor class (is|was) (.*)\.$, アーマークラスは$2。,,
Pattern,^ Your wallet contain(s|ed) (.*) zorkmids\.$, 財布には$2ゾークミッド入っている。,,
Pattern,^ Your wallet contain(s|ed) (.*) buckazoids\.$, 財布には$2バッカゾイド入っている。,,
Pattern,^ Your strength (is|was) (.*)\.$, 筋力は$2。,,
Pattern,^ Your dexterity (is|was) (.*)\.$, 敏捷性は$2。,,
Pattern,^ Your constitution (is|was) (.*)\.$, 体力は$2。,,
Pattern,^ Your intelligence (is|was) (.*)\.$, 知性は$2。,,
Pattern,^ Your wisdom (is|was) (.*)\.$, 知恵は$2。,,
Pattern,^ Your charisma (is|was) (.*)\.$, 魅力は$2。,,
Pattern,^ You (are|were) wielding (.*)\.$, $2を装備しています。,,
Pattern,^ You (have|had) basic skill with (.*)\.$, $2の基本的なスキルを持っています。,,
Pattern,^ You (have|had) no skill with (.*)\.$, $2のスキルを持ってない。,,
Pattern,^ You (are|were) unskilled in (.*)\.$, $2の扱いに長けていない。,,
Pattern,^ Total elapsed playing time (is|was) (.*) minutes and (.*) seconds?\.$, 総プレイ時間は$2分$3秒です。,,
Pattern,^ Total elapsed playing time (is|was) (.*) seconds?\.$, 総プレイ時間は$2秒です。,,
Pattern,^ Total elapsed playing time (is|was) (.*) minutes?\.$, 総プレイ時間は$2分です。,,
Pattern,^current; peak:(.*)$,最大値:$1,,
Pattern,^current; limit:(.*)$,限界値:$1,,
Pattern,^current; base(.*)$,基本値:$1,,
Pattern,"^current; base:(.*), limit:(.*)$","基本値:$1, 限界値:$2",,
Pattern,^(.*) is always the height of fashion\.$,$1は常に最先端のファッションだ。,,
Pattern,^You carefully open (.*)\.\.\.$,あなたは慎重に$1を開ける...,,
Pattern,^What do you want to (.*)\? (.*)$,何を$1しますか？$2,,
Pattern,^a tin of (.*) meat$,$1肉の缶詰,,
Pattern,^a tin of (.*)$,$1の缶詰,,
Pattern,^You knock (.*) backward with a powerful blow!$,強力な一撃で$1を後方へ吹き飛ばした！,,
Pattern,^It smells like (.*)\.$,$1のような匂いがする。,,
Pattern,^You consume homemade (.*)\.$,自家製の$1を消費した。,,
Pattern,^There is (.*) here; tin it\?$,ここに$1がある；缶詰にするか？,,
Pattern,^Using your (.*) you try to open the tin\.$,$1で缶を開けようとする。,,
Pattern,^You have extreme difficulty lifting (.*)\.  (.*)$,$1は持ち上げるのが非常に困難です。$2,,
Pattern,^You have extreme difficulty lifting (.*)$,$1は持ち上げるのが非常に困難です,,
Pattern,^Listen through (.*)$,$1で聴診する,,
Pattern,^You begin praying to (.*)\.$,あなたは$1に祈りを捧げ始める。,,
Pattern,^You feel that (.*) is pleased\.$,$1が喜んでいると感じる。,,
Pattern,^You feel that (.*) is displeased\.$,$1が不快に思っていると感じる。,,
Pattern,^You feel that (.*) is displeased\.$,$1が不快に思っていると感じる。,,
Pattern,^You start playing your (.*)\.$,$1を叩き始める。,,
Pattern,^Rub this (.*)$,この$1を撫でる。,,
Pattern,^You now wield (.*)\.$,$1を手にした。,,
Pattern,"^(.*) (.*), (.*) (.*), welcome back to NetHack!$",$1、$3で$4の$2さん。NetHackへおかえりなさい！,,
Pattern,^(.*) looks a little more polished now\.$,$1は今、少し磨きがかかったように見える。,,
Pattern,^one of the (.*)\?(.*)$,$1のひとつ？$2,,
Pattern,^one of the (.*)$,ひとつの$1,,
Pattern,^Your (.*) glows with a light blue aura\.$,あなたの$1が、淡い青のオーラを放っている。,,
Pattern,^You write in the dust with (.*)\.$,あなたは$1で塵の上に書き記す。,,
Pattern,^Your (.*) gets dull\.$,あなたの$1が鈍る。,,
Pattern,^Something is engraved here on (.*)\.$,$1のここに何かが刻まれている。,,
Pattern,^(.*) is locked\.$,$1は施錠されている。,,
Pattern,"^You are only able to write ""(.*)""\.$",入力できる文字列は「$1」のみです,,
Pattern,^You finish writing in (.*)\.$,$1への書き込みを完了しました。,,
Pattern,^What do you want to write in (.*) here\?$,この$1の上に、何を書き記したいのか？,,
Pattern,^dip into one of (.*)$,$1の一つに浸,,
Pattern,^dip into (.*)$,$1に浸,,
Pattern,^You scribble on (.*) with (.*)\.$,$2で$1に落書きする。,,
Pattern,^What do you want to scribble on (.*) here\?$,$1に何を落書きしたいの？,,
Pattern,^(.*) catches (.*)\.$,$1が$2を捕まえた。,,
Pattern,^Drink from (.*)\?$,$1から飲みますか？,,
Pattern,^(.*) yowls!$,$1が鳴く！,,
Pattern,^You find (.*) in (.*)!$,$2で$1を見つけた！,,
Pattern,^You feel (.*)!$,あなたは$1と感じる！,,
Pattern,(.*) mixes with (.*)\.\.\.$,$1が$2と混ざり合う...,,
Pattern,The mixture looks (.*)\.$,混ざった液体は$1に輝く。,,
Pattern,A wisp of vapor escape (.*)\.\.\.$,$1から一筋の水蒸気が立ち上る...,,
Pattern,"To achieve the next higher rating, you need (.*) more points\.$",次のランクアップには、あと$1ポイント必要だ。,,
Pattern,^Your (.*) twangs\.$,あなたの$1が鳴った。,,
Pattern,^What tune are you playing\? \[(.*)\]$,どんな曲を演奏しますか？ [$1],,
Pattern,^You extract a strange sound from the (.*)!$,$1から奇妙な音を奏でた！,,
Pattern, You are temporarily (.*)\.$, あなたは一時的に$1の状態です。,,
Pattern,(.*) minute and (.*)$,$1分と$2,,
Pattern,(.*) rises from the dead!$,$1が死から蘇る！,,
Pattern,(.*) corpse disappears!$,$1の死体が消える！,,
Pattern,Your (.*) disappears!$,$1が消える！,,
Pattern,(.*) climbs out of the pit\.$,$1が穴から這い上がる。,,
Pattern,"(.*), trapped in a pit$",穴に閉じ込められた$1,,
Pattern,You smite (.*)\.$,あなたは$1を打ち倒す。,,
Pattern,(.*)'s left foreleg$,$1の左前足,,
Pattern,You are already wearing (.*)\.$,あなたはすでに$1を装備しています。,,
Pattern,\[already wearing (.*)\]$,[すでに$1を装備してる],,
Pattern,(.*) welds itself to (.*)'s hand!$,$1はそれ自体が$2の手に馴染んでいる！,,
Pattern,You shoot (.*) (.*)\.$,あなたは$1 $2を放った。,,
Pattern,You pull free from (.*)\.$,あなたは$1から抜け出す。,,
Pattern,You see (.*) appear where (.*) was!$,$2がいた場所に、$1が現れる！,,
Pattern,(.*) hits again!$,$1が再び襲いかかる！。,,
Pattern,(.*) mix with (.*)\.\.\.$,$1が$2のポーションと混ざり合う...,,
Pattern,Call (.*):$,$1の呼び名：,,
Pattern,(.*) hurls (.*)!$,$1が$2を投げつける！,,
Pattern,(.*) evaporates\.$,$1は蒸発する。,,
Pattern,You make golden scratch marks on (.*)\.$,$1に金色の引っかき傷をつける。,,
Pattern,(.*) splashes over (.*)'s face!$,$1が$2の顔に飛び散る！,,
Pattern,You see (.*) streaks on (.*)\.$,$2が$1の筋が見える。,,
Pattern,(.*) look a little more polished now\.$,$1は今や少し磨かれたように見える,,
Pattern,(.*) out of (.*)$,$1/$2,,
Pattern,"(.*) hour, (.*)$",$1時間$2,,
Pattern,(.*) hours and (.*)$,$1時間と$2,,
Pattern,(.*) crumbles to dust!$,$1が塵と化す！,,
Pattern,You take a sip of (.*)\.$,$1をひと口飲む。,,
Pattern,Eek!  There's (.*) in the sink!$,えっ！流しに$1がいる！,,
Pattern,"Status of your (.*) \((.*), (.*)\):  Level (.*)  HP (.*)  AC (.*), (.*)\.$","あなたの$1のステータス ($2, $3): レベル $4  HP $5  AC $6, $7",,
Pattern,"Status of the (.*) \((.*), (.*)\):  Level (.*)  HP (.*)  AC (.*), (.*)\.$","$1のステータス ($2, $3): レベル $4  HP $5  AC $6, $7",,
Pattern,"Status of the (.*) \((.*), (.*)\):  Level (.*)  HP (.*)  AC (.*)\.$","$1のステータス ($2, $3): レベル $4  HP $5  AC $6.",,
Pattern,^You attract (.*)!$,$1引き寄せる,,
Pattern,^You unleash (.*)!$,$1を解き放つ！,,
Pattern,^You mount (.*)\.$,$1にまたがる。,,
Pattern,^(.*) was poisoned!$,$1に毒が塗られていた！,,
Pattern,^Your (.*) dilutes further\.$,あなたの$1が薄まる。,,
Pattern,^Your (.*) dilutes\.$,あなたの$1がさらに薄まる。,,
Pattern,^Your (.*) fades\.$,あなたの$1が弱まる。,,
Pattern,^You slip while trying to get on (.*)\.$,$1に乗ろうとして滑る。,,
Pattern,^(.*) offers (.*) gold pieces for your (.*)\.  Sell (it|them)\?$,$1が$3を$2ゴールドで買いたいと言っている。売るか？,,
Pattern,^You sold (.*) for (.*) gold pieces\.$,$1を$2ゴールドで売った。,,
Pattern,^(.*) seems uninterested\.$,$1は興味なさそうだ。,,
Pattern,^(.*) triggers a trap but nothing happens\.$,$1が罠を発動させるが何も起こらない。,,
Pattern,^(.*) knocks (.*) backward with a powerful blow!$,$1が$2を強力な一撃で後方へ吹き飛ばす！,,
Pattern,^(.*) knocks (.*) backward with a forceful strike!$,$1が$2を力強い一撃で後方へ吹き飛ばす！,,
Pattern,^Your (.*) smoulders!$,$1がくすぶっている！,,
Pattern,^One of your (.*) boils and explodes!$,$1の一つが沸騰して爆発した！,,
Pattern,^Do what with the (.*)\?$,$1で何をする？,,
Pattern,^Re-call or un-call the type for (.*)$,$1のタイプを再呼び出しか解除,,
Pattern,^(.*) shatters!$,$1が粉々になる！,,
Pattern,^(.*) are solidly affixed\.$,$1はしっかりと固定されている。,,
Pattern,^(.*) the (<alignment>|lawful|neutral|chaotic) (.*) (.*) (.*)$,$1 $2 $3 $4 $5,,
Pattern,^(.*) (.*) (.*) (<alignment>|lawful|neutral|chaotic)$,$1 $2 $3 $4,,
Pattern,^ You are a (lawful|neutral|chaotic) (.*) (.*) (.*)$,あなたは$1の$3 $2 $4です。,,
Pattern,^ You are a (lawful|neutral|chaotic) (.*) (.*)$,あなたは$1の$2 $3です。,,
Pattern,^You identify this as (.*)\.$,これを$1と識別した。,,
Pattern,^(.*) staggers from your powerful strike!$,$1があなたの強力な一撃によろめく！,,
Pattern,^Put these (.*) on$,$1を身に着ける,,
Pattern,"^\""Will you please leave your (.*) outside\?\""$",「$1は外に置いていただけますか？」,,
Pattern,^(.*) vanishes and reappears close by.$,$1が消え、近くで再び現れる。,,
Pattern,^(.*) shouts\:$,$1が叫ぶ：,,
Pattern,^(.*) comes and$,$1が近づいてきて,,
Pattern,^You lash (.*)\.$,$1を鞭打つ。,,
Pattern,^A tower of flame bursts from (.*)!$,$1から炎の塔が噴き上がる！,,
Pattern,^Light this (.*)$,この$1を点ける,,
Pattern,^Your (.*)'s flame burns brightly!$,あなたの$1の炎は明るく燃えています！,,
Pattern,^ You have no skill with (.*)\.$, $1の扱いが未熟だ。,,
Pattern,^You see (.*) hide under a corpse\.$,$1が死体の下に隠れているのが見える。,,
Pattern,^(.*) was hidden under (.*) corpse!$,$1の死体の下に、別の$1が隠れていた！,,
Pattern,^(.*) wakes up!$,$1が目を覚ました！,,
Pattern,^(.*) appears close by!$,$1が近くに現れた！,,
Pattern,^(Goodbye|Farvel|Sayonara|Fare thee well|Aloha) (.*) the (.*)\.\.\.$,さようなら、$3の$2...,,
Pattern,"^You (died|quit) in (.*) on dungeon level (.*) with (.*) points?,$",あなたは$1した。ダンジョンレベル$3の「$2」で、$4ポイントと,,
Pattern,"^and (.*) pieces of gold, after (.*) moves?\.$",$1ゴールドを獲得し、$2手目で。,,
Pattern,^You were level (.*) with a maximum of (.*) hit points when you (.*)\.$,$3時、あなたのレベルは$1で、最大ヒットポイントは$2でした。,,
Pattern,^You reached the (.*)th place on the top 100 list\.$,トップ100リストで$1位を獲得しました。,,
Pattern,^Your hands glow (.*)\.$,あなたの手が(.*)に輝く。,,
Pattern,^Your hands begin to glow (.*)\.$,あなたの手が$1に輝き始めた。,,
Pattern,^Your hands no longer glow so (.*)\.$,あなたの手はもはやそれほど(.*)に輝いていない。,,
Pattern,^You've been through the dungeon on (.*) with no name\.$,あなたは名もなき$1に乗ってダンジョンを進んできた。,,
Pattern,^(.*) is not saddled\.$,$1は鞍を付けていない。,,
Pattern,^You make (.*) scratch marks on (.*)s\.$,$2に$1の引っかき傷をつける。,,
Pattern,^(.*); you sold it for (.*) gold pieces\.$,$1；$2ゴールドで売却した。,,
Pattern,"^for sale, (.*) zorkmids$",販売中、$1ゾークミッド,,
Pattern,^(.*) gratefully inherits all your possessions\.$,$1は感謝してあなたの全財産を相続する。,,
Pattern,^(.*) hatchling\.$,$1の幼体,,
Pattern,"^\""Hello, (.*), welcome to Delphi!\""$",「こんにちは、$1。神託所へようこそ！」,,
Pattern,^You turn into (.*)!$,あなたは$1と化す！,,
Pattern,^You break your (.*)!$,$1が壊れる！,,
Pattern,^You find you must drop your (.*)!$,$1を落とさざるを得ない！,,
Pattern,^You are splashed by (.*)'s acid!$,$1の酸を浴びた！,,
Pattern,^(.*) looks better\.$,$1は元気そうに見える。,,
Pattern,^You and (.*)$,あなたと$1,,
Pattern,"^escaped from the dungeon with (.*) points,$",ダンジョンから$1ポイントで脱出した,,
Pattern,^You didn't beat your previous score of (.*) points\.$,前回のスコア$1点を超えることはできませんでした。,,
Pattern,^The design features (.*) on a (.*) background\.$,$2の背景に$1が描かれている。,,
Pattern,^Your (.*) remains wielded\.$,$1は装備されたままです。,,
Pattern,^(.*) reads (.*)!$,$1が$2を読む！,,
Pattern,^Your (.*) moves (.*)\.$,あなたの$1が$2を動かす。,,
Pattern,^You fall off of (.*)!$,あなたは$1から落ちる！,,
Pattern,"^\""For you, (.*); only (.*) zorkmids for this (.*)\.\""$",「$1、この$3はたったの$2ゾークミッドです。」,,
Pattern,^You bought (.*) for (.*) gold pieces\.!$,$1を$2ゴールドで購入しました。,,
Pattern,"^\""Thank you for shopping in (.*)'s (.*)!\""$",「$1の$2をご利用いただきありがとうございます！」,,
Pattern,"^([0-9]+) Zm, (.*)\""$","$1 Zm, $2",,
Pattern,^(.*) secures the tether on (.*)\.$,$1は$2に繋ぎ縄を固定する。,,
Pattern,^(.*) stings!$,$1が刺す！,,
Pattern,^(.*) turns into (.*)!$,$1が$2に変わる！,,
Pattern,^You see(.*) hide under (.*)\.$,$2の下に隠れる$1が見える。,,
Pattern,^Your (.*) appears!$,$1が$2に変わる！,,
Pattern,^(.*) appears!$,$1が$2に変わる！,,
Pattern,^(.*) breathes frost!$,$1が霜を吐く！,,
Pattern,^(.*) freezes and$,$1が凍りつき,,
Pattern,^(.*) aren't able to use two weapons at once\.$,$1は二つの武器を同時に使用できない。,,
Pattern,"^Since your weapon is welded to your hand, you cannot swing that (.*)\.$",武器が手から離れないため、その$1を振るうことはできません。,,
Pattern,^(.*) toots\.$,$1が鳴る。,,
Pattern,^What do you want to engrave in (.*) here\?$,ここの$1に何と刻みますか？,,
Pattern,^One of your (.*)s gets dull\.$,お前の$1が一つ、切れ味が鈍る。,,
Pattern,^Adjust letter to what (.*) (\? see used letters)\?$,文字を$1に調整（使用済み文字は？参照）,,
Pattern,^(.*) doesn't seem to move!$,$1は動かないようだ！,,
Pattern,^Your (.*) corrode!$,$1が腐食する！,,
Pattern,^(.*) slips as you throw it!$,投げた$1が滑った！,,
Pattern,^Your (.*) catches light!$,$1が光を反射した！,,
Pattern,^What do you want to name (this|these) (.*)s?\?$,この$2にどんな名前をつけたいですか？,,
Pattern,^Rename or un-name this specific (.*)$,この特定の$1の名前を変更または名前を解除する,,
Pattern,^Call (.*)$,$1と呼ぶ,,
Pattern,^(.*) explodes!$,$1が爆発する！,,
Pattern,^(.*) misses\.$,$1が外れた。,,
Pattern,"^(.*), asleep$",眠っている$1,,
Pattern,^You stop eating (.*)\.$,$1を食べるのをやめた。,,
Pattern,^Your? hands stop glowing (.*)\.$,あなたの手は$1に輝かなくなった。,,
Pattern,^(.*) shrieks\.$,$1が悲鳴を上げた。,,
Pattern,^(.*) fills a pit\.$,$1が落とし穴を塞いだ。,,
Pattern,^The flask crashes on (.*)'s head and breaks into shards\.$,フラスコが$1の頭に当たって砕け、破片が飛び散った。,,
Pattern,^Your? (.*) glows briefly\.$,あなたの$1が、一瞬光る。,,
Pattern,^(.*) appears in a cloud of vapor!$,$1が水蒸気の雲の中から現れる！,,
Pattern,^(.*) is suddenly very hot!$,$1が急にすごく熱くなった！,,
Pattern,^(.*) rusts!$,$1が錆びている！,,
Pattern,^Move cursor to (.*):$,カーソルを$1に合わせる：,,
Pattern,^(.*) crashes on your head and breaks into shards\.$,$1があなたの頭に当たって砕け、破片が飛び散った。,,
Pattern,^(.*) crashes on (.*)'s head and breaks into shards\.$,$1が$2の頭に当たって砕け、破片が飛び散った。,,
Pattern,^(.*) thrusts one of (his|her) (.*)\.$,$1は$3の一本を突き出す。,,
Pattern,^(.*) looks sound and hale again\.$,$1は再び元気で健康そうに見える。,,
Pattern,^You are put to sleep by (.*)!$,$1に眠らされる！,,
Pattern,^(.*) creatures vanquished\.$,$1体のクリーチャーを倒した。,,
Pattern,^(.*) ignores (its|his|her) reflection\.$,$1は自分の姿を無視する。,,
Pattern,^(.*) is frightened by its reflection\.$,$1は自分の姿に怯える。,,
Pattern,^The voice of (.*) booms:$,$1の声が轟く：,,
Pattern,^The voice of (.*) rings out:$,$1の声が響き渡る：,,
Pattern,"^The voice of (.*) booms out: \""Thou hast angered me\.\""$",$1の声が轟く。「お前は私を怒らせた！」,,
Pattern,^(.*) was angry with you\.$,$1はあなたに怒っていた。,,
Pattern,^Extinguish this (.*)$,この$1の火を消す,,
Pattern,^(.*)'s flame is extinguished\.$,$1の火が消えた。,,
Pattern,^You knock (.*) backward with a powerful strike!$,強烈な一撃で、$1を後方へ吹き飛ばした！,,
Pattern,^ You attained the rank of (.*)\.$, $1の位に就いた。,,
Pattern,^Your (.*) glows (.*) for a while\.$,あなたの$1が、しばらくの間、$2に輝いている。,,
Pattern,^Click!  (.*) triggers something\.$,カチッ！ $1が何かを作動させた。,,
Pattern,^What do you want to (.*)\? \[(.*)\]$,何を$1しますか？ [$2],,
Pattern,^(.*) \((.*)\)$,$1 ($2),,
Pattern,^  (.*)$,  $1,,
Pattern,^(?!(?:[Aa]n?|[Tt]he|[Yy]our)\s+)(.*) corpse$,$1の屍,,
Pattern,^corpse of (.*)$,$1の死体,,
Pattern,^(?!(?:[Aa]n?|[Tt]he|[Yy]our)\s+)(.*) statue$,$1の像,,
Pattern,^statue of (.*)$,$1の像,,
Pattern,^(?!(?:[Aa]n?|[Tt]he|[Yy]our)\s+)(.*) egg$,$1の卵,,
Pattern,^(?!(?:[Aa]n?|[Tt]he|[Yy]our)\s+)(.*) scroll$,$1の巻物,,
Pattern,^(?!(?:[Aa]n?|[Tt]he|[Yy]our)\s+)(.*) potion$,$1ポーション,,
Pattern,^(?!(?:[Aa]n?|[Tt]he|[Yy]our)\s+)(.*) wand$,$1の杖,,
Pattern,^(?!(?:[Aa]n?|[Tt]he|[Yy]our)\s+)(.*) ring$,$1の指輪,,
Pattern,^(?!(?:[Aa]n?|[Tt]he|[Yy]our)\s+)(.*) spellbook$,$1の魔導書,,
Pattern,^potion of (.*)$,$1のポーション,,
Pattern,^scroll of (.*)$,$1の巻物,,
Pattern,^wand of (.*)$,$1の杖,,
Pattern,^ring of (.*)$,$1の指輪,,
Pattern,^spellbook of (.*)$,$1の魔導書,,
Pattern,^(?!(?:[Aa]n?|[Tt]he|[Yy]our)\s+)(.*) gem$,$1の宝石,,
Pattern,^(?!(?:[Aa]n?|[Tt]he|[Yy]our)\s+)(.*) stone$,$1の石,,
Pattern,^(?!(?:[Aa]n?|[Tt]he|[Yy]our)\s+)(.*) amulet$,$1の護符,,
Pattern,^(?!(?:[Aa]n?|[Tt]he|[Yy]our)\s+)(.*) in total$,合計$1個,,
Pattern,^diluted (.*)$,薄めた$1,,
Pattern,^empty (.*)$,空の$1,,
Pattern,^tin of (.*) meat$,$1肉の缶詰,,
Pattern,^tin of (.*)$,$1の缶詰,,
Pattern,^(?!(?:[Aa]n?|[Tt]he|[Yy]our)\s+)(.*) named (.*)$,$2と名付けられた$1,,
Pattern,^The 1st (.*)$,初撃の$1,,
Pattern,^The 2nd (.*)$,2発目の$1,,
Pattern,^amulet of (.*)$,$1の護符,,
Pattern,^book of (.*)$,$1の書,,
Pattern,^potions of (.*)$,$1のポーション,,
Pattern,^scrolls of (.*)$,$1の巻物,,
Pattern,^wands of (.*)$,$1の杖,,
Pattern,^rings of (.*)$,$1の指輪,,
Pattern,^spellbooks of (.*)$,$1の魔導書,,
Pattern,^partly eaten (.*)$,食べかけの$1,,
Pattern,^partly used (.*)$,使いかけの$1,,
Pattern,^pieces? of (.*) glass?$,$1のガラスのかけら,,
Pattern,^worthless (.*)$,無価値な$1,,
Pattern,^ \((.*)\)$, （$1）,,
Pattern,^tethered to (.*)$,$1に繋がれている,,
Pattern,^wielded in (.*)$,$1で構えている,,
Pattern,^weapon in (.*)$,$1で構えている武器,,
Pattern,^embedded in your skin$,皮膚に埋まっている,,
Pattern,^being (doffed|donned)$,$1中,,
Pattern,^on (.*)$,$1に装備,,
Pattern,^chained to you$,あなたに鎖で繋がれている,,
Pattern,^attached to you$,あなたに取り付けられている,,
Pattern,^alternate weapon.*; not wielded$,予備の武器；構えていない,,
Pattern,^at the ready$,準備完了,,
Pattern,"^unpaid, (.*)$",未払い、$1,,
Pattern,"^contents, (.*)$",中身、$1,,
Pattern,"^for sale, (.*)$",売り物、$1,,
Pattern,^attached to (.*)$,$1に取り付けられている,,
Pattern,^in (.*)$,$1の中,,
Pattern,^1 of (.*)$,$1のうちの１つ,,
Message,	For it had been long apparent to Count Landulf that nothing,というのは、ランドルフ伯爵にとって、何もないことは長い間明らかだったからである。,,
Message,"	could be done with his seventh son Thomas, except to make him",彼の7番目の息子であるトーマスについては、彼を作ることを除いて、行うことができました。,,
Message,"	an Abbot or something of that kind.  Born in 1226, he had from",修道院長かその類のもの。 1226年に生まれた彼は、,,
Message,"	childhood a mysterious objection to becoming a predatory eagle,",幼少期、略奪的なワシになることに対する謎の抵抗、,,
Message,	or even to taking an ordinary interest in falconry or tilting,あるいは、鷹狩りやティルティングに普通に興味を持つことさえあります。,,
Message,	or any other gentlemanly pursuits.  He was a large and heavy and,またはその他の紳士的な追求。彼は大きくて重かったので、,,
Message,"	quiet boy, and phenomenally silent, scarcely opening his mouth",物静かな少年、そして驚くほど寡黙で、ほとんど口を開かない,,
Message,	except to say suddenly to his schoolmaster in an explosive,爆発物の中で突然教師にこう言ったことを除いて,,
Message,"	manner, ""What is God?""  The answer is not recorded but it is",「神とは何ですか？」答えは記録されていませんが、,,
Message,	probable that the asker went on worrying out answers for himself.,おそらく質問者は自分で答えを考え続けたのでしょう。,,
Message,	A short studded or spiked club attached to a cord allowing,コードに取り付けられた短いスタッドまたはスパイク付きのクラブで、,,
Message,	it to be drawn back to the wielder after having been thrown.,投げられた後、使用者に引き戻される。,,
Message,"	It should not be confused with the atlatl, which is a device",デバイスである atlatl と混同しないでください。,,
Message,	used to throw spears for longer distances.,槍を長距離に投げるために使用される。,,
Message,"	Translucent, cryptocrystalline variety of quartz and a subvariety",半透明の隠微結晶の水晶の変種とその亜変種,,
Message,	of chalcedony.  Agates are identical in chemical structure to,カルセドニーの。瑪瑙は化学構造が同じです,,
Message,"	jasper, flint, chert, petrified wood, and tiger's-eye, and are",碧玉、火打ち石、チャート、珪化木、タイガーアイなどです。,,
Message,"	often found in association with opal.  The colorful, banded rocks",オパールと関連してよく見られます。カラフルな縞模様の岩,,
Message,	are used as a semiprecious gemstone and in the manufacture of,半貴石として、また以下の製造に使用されます。,,
Message,	grinding equipment.  An agate's banding forms as silica from,研削装置。瑪瑙の縞模様はシリカとして形成されます。,,
Message,	solution is slowly deposited into cavities and veins in older,溶液は古い体の空洞や静脈にゆっくりと沈着します。,,
Message,	rock.,ロック。,,
Message,"	By and large, the only skill the alchemists of Ankh-Morpork had",概して、アンク・モルポークの錬金術師が持っていた唯一のスキル,,
Message,	discovered so far was the ability to turn gold into less gold.,これまでに発見されたのは、金をより少ない金に変える能力でした。,,
Message,	Said to be a doppelganger sent to inflict divine punishment,天罰を与えるために送り込まれたドッペルゲンガーだという,,
Message,	for alignment violations.,アライメント違反の場合。,,
Message,	Altars are of three types:,祭壇には次の 3 つのタイプがあります。,,
Message,	1.  In Temples.  These are for Sacrifices [...].  The stone,1. 寺院内。これらは犠牲のためのものです[...]。石,,
Message,"	top will have grooves for blood, and the whole will be covered",上部には血液のための溝があり、全体が覆われます,,
Message,	with _dry brown stains of a troubling kind_ from former,以前の_厄介な種類の乾燥した茶色の汚れ_が付いています,,
Message,	Sacrifices.,犠牲。,,
Message,	To every man upon this earth,この地球上のすべての人へ,,
Message,	Death cometh soon or late;,死は遅かれ早かれやって来ます。,,
Message,	And how can man die better,そしてどうすれば人間はより良く死ぬことができるのか,,
Message,	Than facing fearful odds,恐ろしい確率に直面するよりも,,
Message,	For the ashes of his fathers,父親たちの遺灰のために,,
Message,	And the temples of his gods?,そして彼の神々の神殿は？,,
Message,"	The Shinto sun goddess, Amaterasu Omikami is the central",神道の太陽神である天照大神が中心です,,
Message,	figure of Shintoism and the ancestral deity of the imperial,神道と皇祖神の姿,,
Message,	house.  One of the daughters of the primordial god Izanagi,家。原初の神イザナギの娘の一人。,,
Message,"	and said to be his favourite offspring, she was born from",そして彼のお気に入りの子孫と言われている、彼女はから生まれました,,
Message,	his left eye.,彼の左目。,,
Message,"	""Tree sap,"" Wu explained, ""often flows over insects and traps",「樹液は昆虫や罠の上に流れることが多い」とウー氏は説明した。,,
Message,	them.  The insects are then perfectly preserved within the,彼ら。昆虫は内部で完全に保存されます。,,
Message,	fossil.  One finds all kinds of insects in amber - including,化石。琥珀の中にはあらゆる種類の昆虫が見つかります。,,
Message,"	biting insects that have sucked blood from larger animals.""",より大きな動物から血を吸った刺咬昆虫。」,,
Message,"	Get thee hence, nor come again,",さあ、もう来ないでください、,,
Message,"	Mix not memory with doubt,",記憶と疑いを混同しないでください、,,
Message,"	Pass, thou deathlike type of pain,",過ぎ去れ、死のような痛みよ、,,
Message,	Pass and cease to move about!,通り過ぎて動き回るのをやめてください！,,
Message,	'Tis the blot upon the brain,「これは脳のしみだ」,,
Message,	That will show itself without.,それはそれなしで表示されます。,,
Message,		...,...,,
Message,"	For, Maud, so tender and true,",モード、とても優しくて誠実だから、,,
Message,	As long as my life endures,私の命が続く限り,,
Message,"	I feel I shall owe you a debt,",私はあなたに借りがあると感じています、,,
Message,	That I never can hope to pay;,それを支払うことは決して望めません。,,
Message,	And if ever I should forget,そしてもし忘れるべきなら,,
Message,	That I owe this debt to you,この借りはあなたにあるということ,,
Message,	And for your sweet sake to yours;,そしてあなたの甘いお酒のために。,,
Message,"	O then, what then shall I say? -",ああ、それでは、何と言えばいいでしょうか？ -,,
Message,"	If ever I should forget,",万が一忘れてしまったとしても、,,
Message,	May God make me more wretched,神が私をもっと惨めにしますように,,
Message,	Than ever I have been yet!,これまで以上に私はまだ行っています！,,
Message,	This mysterious talisman is the object of your quest.  It is,この神秘的なタリスマンがあなたの探求の対象です。それは,,
Message,	said to possess powers which mere mortals can scarcely,普通の人間にはほとんど得られない力を持っていると言われている,,
Message,"	comprehend, let alone utilize.  The gods will grant the gift of",活用するどころか、理解することもできません。神々は次のような贈り物を与えてくれるでしょう,,
Message,	immortality to the adventurer who can deliver it from the,冒険者に不死を届けることができる,,
Message,	depths of Moloch's Sanctum and offer it on the appropriate high,モロクの聖域の深さ、適切な高さでそれを提供します,,
Message,	altar on the Astral Plane.,アストラル界の祭壇。,,
Message,"	He answered and said unto them, he that soweth the good seed",彼は答えて彼らに言った、「良い種を蒔く人は」,,
Message,"	is the Son of man; the field is the world, and the good seed",人の子です。畑は世界、そして良い種,,
Message,	are the children of the kingdom; but the weeds are the,彼らは王国の子供たちです。しかし、雑草は,,
Message,	children of the wicked one; the enemy that sowed them is the,邪悪な者の子供たち。彼らに種を蒔いた敵は、,,
Message,	devil; the harvest is the end of the world; and the reapers,悪魔;収穫は世界の終わりです。そして刈り取る者たち,,
Message,	are the angels.  As therefore the weeds are gathered and,天使たちです。こうして雑草が集まってきて、,,
Message,	burned in the fire; so shall it be in the end of this world.,火で焼かれた。この世の終わりにもそうなるだろう。,,
Message,	[...]  So shall it be at the end of the world; the angels,[...] 世界の終わりもそうなるだろう。天使たち,,
Message,"	shall come forth, and sever the wicked from among the just,",出てきて、正しい者の中から邪悪な者を断ち切るであろう、,,
Message,	and shall cast them into the furnace of fire; there shall be,そして彼らを火の炉に投げ込むであろう。あるだろう,,
Message,	wailing and gnashing of teeth.,泣き声と歯ぎしり。,,
Message,	Cold wind blows.,冷たい風が吹きます。,,
Message,	The gods look down in anger on this poor child.,神々はこの哀れな子供を怒りの目で見下ろしています。,,
Message,	Why so unforgiving?,なぜそんなに容赦がないのでしょうか？,,
Message,	And why so cold?,そして、なぜそんなに寒いのでしょうか？,,
Message,"	An Egyptian god of war and a great hunter, few gods can match",エジプトの戦争の神と偉大な狩人、これに匹敵する神はほとんどいません。,,
Message,"	his fury.  Unlike many gods of war, he is a force for good.",彼の怒り。多くの軍神とは異なり、彼は善のための力です。,,
Message,"	The wrath of Anhur is slow to come, but it is inescapable",アンフールの怒りはゆっくりとやってくるが、それは避けられない,,
Message,	once earned.  Anhur is a mighty figure with four arms.  He,一度獲得したもの。アンフールは4本の腕を持つ強力な人物です。彼,,
Message,	is often seen with a powerful lance that requires both of,の両方を必要とする強力なランスでよく見られます。,,
Message,	his right arms to wield and which is tipped with a fragment,彼の右腕は振るうことができ、その先端には破片が付いています,,
Message,"	of the sun.  He is married to Mehut, a lion-headed goddess.",太陽の。彼はライオンの頭の女神メフトと結婚しています。,,
Message,"	The twin city of Ankh-Morpork, foremost of all the cities",アンクとモルポークの双子の都市、すべての都市の中で最も重要な都市,,
Message,"	bounding the Circle Sea, was as a matter of course the home",サークル海に面した、当然のことながら家だった,,
Message,"	of a large number of gangs, thieves' guilds, syndicates and",多数のギャング、盗賊ギルド、シンジケート、,,
Message,	similar organisations.  This was one of the reasons for its,同様の組織。これがその理由の 1 つでした,,
Message,	wealth.  Most of the humbler folk on the widdershin side of,富。ウィダーシン側の謙虚な人々のほとんどは、,,
Message,"	the river, in Morpork's mazy alleys, supplemented their",モーポークの迷路の路地にある川が彼らの生活を補った,,
Message,	meagre incomes by filling some small role for one or other,誰かの小さな役割を果たすことでわずかな収入を得る,,
Message,	of the competing gangs.,競合するギャングの。,,
Message,"	A primordial Babylonian-Akkadian deity, Anshar is mentioned",原初のバビロニア・アッカドの神、アンシャルについて言及されている,,
Message,	in the Babylonian creation epic _Enuma Elish_ as one of a,バビロニアの創造叙事詩「エヌマ・エリシュ」では、,,
Message,	pair of offspring (with Kishar) of Lahmu and Lahamu.  Anshar,ラフムとラハムの（キシャルとの）子孫のペア。アンシャール,,
Message,	is linked with heaven while Kishar is identified with earth.,キシャルは天と結びついており、キシャルは地と同一視されています。,,
Message,	This giant variety of the ordinary ant will fight just as,この普通のアリの巨大な品種は、同じように戦うでしょう。,,
Message,"	fiercely as its small, distant cousin.  Various varieties",遠く離れた小さないとこのように激しく。いろいろな品種,,
Message,"	exist, and they are known and feared for their relentless",彼らは存在し、その執拗な攻撃で知られ、恐れられています。,,
Message,	persecution of their victims.,彼らの犠牲者に対する迫害。,,
Message,"	Anu was the Babylonian god of the heavens, the monarch of",アヌはバビロニアの天の神であり、バビロニアの君主でした。,,
Message,"	the north star.  He was the oldest of the Babylonian gods,",北極星。彼はバビロニアの神々の中で最古のものであり、,,
Message,"	the father of all gods, and the ruler of heaven and destiny.",すべての神々の父であり、天と運命の支配者。,,
Message,	Anu features strongly in the _atiku_ festival in,アヌは _atiku_ フェスティバルで強くフィーチャーされています,,
Message,"	Babylon, Uruk and other cities.",バビロン、ウルク、その他の都市。,,
Message,"	The most highly evolved of all the primates, as shown by",すべての霊長類の中で最も高度に進化した動物。,,
Message,	all their anatomical characters and particularly the,すべての解剖学的特徴、特に,,
Message,"	development of the brain.  Both arboreal and terrestrial,",脳の発達。樹上性も陸生性も、,,
Message,	the apes have the forelimbs much better developed than,類人猿は前肢がはるかに発達しています,,
Message,	the hind limbs.  Tail entirely absent.  Growth is slow,後肢。尾は完全にありません。成長が遅い,,
Message,	and sexual maturity reached at quite an advanced age.,そして性的成熟はかなりの年齢で達した。,,
Message,	Aldo the gorilla had a plan.  It was a good plan.  It was,ゴリラのアルドには計画がありました。良い企画でした。そうだった,,
Message,	right.  He knew it.  He smacked his lips in anticipation as,右。彼はそれを知っていました。彼は期待して唇を鳴らした。,,
Message,	he thought of it.  Yes.  Apes should be strong.  Apes should,彼はそれを考えた。はい。猿は強くなければなりません。類人猿はこうすべきだ,,
Message,	be masters.  Apes should be proud.  Apes should make the,マスターになってください。猿は誇りに思うべきだ。類人猿は、,,
Message,	Earth shake when they walked.  Apes should _rule_ the Earth.,彼らが歩くと地球が揺れる。猿は地球を_統治すべき_です。,,
Message,"	Archeology is the search for fact, not truth. [...]",考古学は真実ではなく事実の探求です。 [...],,
Message,"	So forget any ideas you've got about lost cities, exotic travel,",だから、失われた都市、エキゾチックな旅行、,,
Message,	and digging up the world. We do not follow maps to buried,そして世界を掘り起こす。私たちは埋もれる地図をたどらない,,
Message,"	treasure, and X never, ever, marks the spot.",宝物であり、X がその場所をマークすることは決してありません。,,
Message,"	""I cannot be having with archeological excavations, myself,""",「私自身、考古学的発掘には携わることができません。」,,
Message,"	I said.  ""The fellows who dig them only ever find tiny walls",私は言いました。 「それを掘る仲間は小さな壁しか見つけられない,,
Message,"	and a few bits of broken pottery, and then they get all",割れた陶器の破片もいくつかあれば、すべてが手に入る,,
Message,	excited and swear that they have just made the most,興奮して最高の成果を上げたと誓う,,
Message,"	important discovery of the century, the ruins of a mile-high",世紀の重要な発見、高さ1マイルの遺跡,,
Message,	gold-covered temple to Frogmore the God of Bike-Saddle,自転車サドルの神フログモアを祀る金で覆われた寺院,,
Message,"	Fixtures or some such.""",備品とかそういうの。」,,
Message,"	""I think you will find,"" said Mr Rune, ""that they do this",「わかると思うよ」とルーン氏は言った、「彼らがこんなことをしているのは」,,
Message,	in order to secure further government funding for their,彼らのためのさらなる政府資金を確保するために,,
Message,"	diggings and so remain in employment.""",採掘作業を行っているため、雇用は継続します。」,,
Message,"	""That is a rather cynical view,"" I said.",「それはかなり皮肉な見方ですね」と私は言った。,,
Message,	Archons are the predominant inhabitants of the heavens.,アルコンは天界の主な住民です。,,
Message,"	However unusual their appearance, they are not generally",たとえその外観がどれほど異常であっても、一般的にはそうではありません,,
Message,	evil.  They are beings at peace with themselves and their,悪。彼らは自分自身と自分自身に対して平和な存在です。,,
Message,	surroundings.,周囲。,,
Message,"	Arioch, the patron demon of Elric's ancestors; one of the most",アリオク、エルリックの先祖の守護悪魔。最も多いものの一つ,,
Message,"	powerful of all the Dukes of Hell, who was called Knight of",地獄の公爵の中で最も強力で、騎士と呼ばれた,,
Message,"	the Swords, Lord of the Seven Darks, Lord of the Higher Hell",剣、七つの闇の主、高層地獄の主,,
Message,	and many more names besides.,他にもたくさんの名前があります。,,
Message,	Ashikaga Takauji was a daimyo of the Minamoto clan who,足利尊氏は源氏の大名でした。,,
Message,	joined forces with the Go-Daigo to defeat the Hojo armies.,後大御所と力を合わせて北条軍を破った。,,
Message,	Later when Go-Daigo attempted to reduce the powers of the,その後、ゴダイゴが権力を減らそうとしたとき、,,
Message,	samurai clans he rebelled against him.  He defeated Go-,彼は武士の氏族たちに反逆した。彼はゴーを破った――,,
Message,	Daigo and established the emperor Komyo on the throne.,大御所を即位させ、光明天皇を即位させた。,,
Message,	Go-Daigo eventually escaped and established another,後Daigoは最終的に逃亡し、別の組織を設立しました,,
Message,	government in the town of Yoshino.  This period of dual,吉野町政府。この二重の時代,,
Message,	governments was known as the Nambokucho.,政府は南北朝として知られていました。,,
Message,	It is said that Asmodeus is the overlord over all of hell.,アスモデウスは地獄全体の支配者であると言われています。,,
Message,"	His appearance, unlike many other demons and devils, is",彼の外見は、他の多くの悪魔や悪魔とは異なります。,,
Message,	human apart from his horns and tail.  He can freeze flesh,角と尻尾を除けば人間。彼は肉を凍らせることができる,,
Message,	with a touch.,タッチで。,,
Message,	The evil demon who appears in the Apocryphal book of _Tobit_,_Tobit_ の外典に登場する邪悪な悪魔,,
Message,	and is derived from the Persian _Aeshma_.  In _Tobit_ Asmodeus,ペルシア語の「Aeshma」に由来します。 _Tobit_ アスモデウスで,,
Message,"	falls in love with Sara, daughter of Raguel, and causes the",ラグエルの娘サラと恋に落ち、,,
Message,"	death of seven husbands in succession, each on his bridal night.",連続して7人の夫が初夜に亡くなった。,,
Message,	He was finally driven from Egypt through a charm made by Tobias,彼はトビアスの作ったお守りによって最終的にエジプトから追い出されました。,,
Message,"	of the heart and liver of a fish burned on perfumed ashes, as",香油の灰の上で焼かれた魚の心臓と肝臓。,,
Message,"	described by Milton in _Paradise Lost_ (IV, 167-71).  Hence",ミルトンによって「失楽園」(IV、167-71) で説明されています。したがって、,,
Message,	Asmodeus often figures as the spirit of matrimonial jealousy,アスモデウスはしばしば夫婦間の嫉妬の霊として現れる,,
Message,	or unhappiness.,あるいは不幸。,,
Message,	The consecrated ritual knife of a Wiccan initiate (one of four,ウィッカ修練者の聖別された儀式用ナイフ (4 つのうちの 1 つ),,
Message,"	basic tools, together with the wand, chalice and pentacle).",基本的なツール、杖、聖杯、五芒星など）。,,
Message,"	Traditionally, the athame is a double-edged, black-handled,",伝統的に、アテメは両刃で柄が黒く、,,
Message,	cross-hilted dagger of between six and eighteen inches length.,長さ6インチから18インチの間の十字柄の短剣。,,
Message,	A belt made from a twisted braid of silken threads of gold wound,金の絹糸を撚り合わせて編んだベルト,,
Message,"	around her waist, and a dark-handled knife rested on a slant at",彼女の腰の周りには、黒い柄のナイフが斜めに置かれていました。,,
Message,	her hip through a loop in the belt.,彼女の腰をベルトのループに通します。,,
Message,"	She arched her brows. ""You should know better, dear godchild.",彼女は眉をひそめた。 「あなたはもっとよく知っているはずです、親愛なる名付け子よ。,,
Message,	You know I cannot speak what is untrue.  During our last,私が真実でないことを話すことができないことを知っています。最後に,,
Message,	encounter I returned to Faerie with great power and upset vital,出会い、私は大きな力でフェアリーに戻り、バイタルを動揺させました,,
Message,"	balances.  Those balances had to be redressed, and your debt was",バランスがとれています。これらの残高は返済されなければなりませんでした、そしてあなたの借金は,,
Message,"	the mechanism that the Queen chose to employ.""",女王が採用することを選んだ仕組みだ。」,,
Message,"	I frowned at her for a minute.  ""Returned with great power.""  My",私は一瞬彼女を見て眉をひそめた。すごいパワーで帰ってきました。私の,,
Message,"	eyes fell to the knife at her waist.  ""That thing the vampires",目が腰のナイフに落ちた。 「それは吸血鬼のことだ」,,
Message,"	gave you?""",あげたの？」,,
Message,"	She rested her fingers lightly on the knife's hilt.  ""Don't",彼女はナイフの柄に軽く指を置いた。 「やめてください,,
Message,	cheapen it.  This athame was no creation of theirs.  And it was,安くしてください。このアテメは彼らが作ったものではありません。そしてそれは,,
Message,"	less a gift than a trade.""",贈り物というよりは取引だ。」,,
Message,"	""Amoracchius and that thing are in the same league?""  Gulp.  My",「アモラキウスとあれは同類なんですか？」ゴクゴク。私の,,
Message,	faerie godmother was dangerous enough without a big-time,フェアリー・ゴッドマザーは大事なことをしなくても十分危険だった,,
Message,	artifact of magic.,魔法のアーティファクト。,,
Message,"	Athene was the offspring of Zeus, and without a mother.  She",アテネはゼウスの子孫であり、母親はいませんでした。彼女,,
Message,	sprang forth from his head completely armed.  Her favourite,彼の頭から完全に武装した状態で飛び出た。彼女のお気に入り,,
Message,"	bird was the owl, and the plant sacred to her is the olive.",鳥はフクロウであり、彼女にとって神聖な植物はオリーブです。,,
Message,"	A mundane salamander, harmless.",無害なありふれたサンショウウオ。,,
Message,"	The ""lord of the flies"" is a translation of the Hebrew",「蝿の王」はヘブライ語の翻訳です。,,
Message,	Ba'alzevuv (Beelzebub in Greek).  It has been suggested that,バアルゼブブ（ギリシャ語でベルゼブブ）。ということが示唆されている,,
Message,	it was a mistranslation of a mistransliterated word which,それは誤訳された単語の誤訳でした。,,
Message,"	gave us this pungent and suggestive name of the Devil, a",この刺激的で挑発的な悪魔の名前を私たちに与えてくれました。,,
Message,"	devil whose name suggests that he is devoted to decay,",その名前が彼が腐敗に専念していることを示唆している悪魔、,,
Message,"	destruction, demoralization, hysteria and panic...",破壊、士気の低下、ヒステリー、パニック…。,,
Message,	...  It came to the edge of the fire and the light faded as,... それは火の端に来て、光は消えていきました。,,
Message,	if a cloud had bent over it.  Then with a rush it leaped,雲がその上で曲がっていたら。それから急いで飛び跳ねた,,
Message,"	the fissure.  The flames roared up to greet it, and wreathed",亀裂。炎はそれを迎えるために轟音を立てて渦巻いた,,
Message,	about it; and a black smoke swirled in the air.  Its streaming,それについて;そして黒い煙が空気中に渦巻いた。そのストリーミング,,
Message,"	mane kindled, and blazed behind it.  In its right hand",たてがみが燃え上がり、その後ろで燃え上がりました。その右手には,,
Message,	was a blade like a stabbing tongue of fire; in its left it,それは刺すような火の舌のような刃だった。その左側にあるのは,,
Message,	held a whip of many thongs.,たくさんのTバックの鞭を持っていました。,,
Message,"	'Ai, ai!' wailed Legolas.  'A Balrog!  A Balrog is come!'",「アイ、アイ！」レゴラスは叫んだ。 「バルログだ！バルログが来たよ！』,,
Message,"	Extinct rhinos include a variety of forms, the most",絶滅したサイにはさまざまな形態が含まれますが、最も多いのは,,
Message,	spectacular being _Baluchitherium_ from the Oligocene of,漸新世の壮観な存在 _Baluchitherium_,,
Message,"	Asia, which is the largest known land mammal.  Its body, 18",アジア最大の既知の陸生哺乳類。その本体、18,,
Message,"	feet high at the shoulder and carried on massive limbs,",足は肩の位置まで高く、大きな手足で運ばれ、,,
Message,	allowed the 4-foot-long head to browse on the higher branches,長さ4フィートの頭が高い枝の上をブラウズできるようにした,,
Message,"	of trees.  Though not as enormous, the titanotheres of the",木の。それほど巨大ではありませんが、,,
Message,"	early Tertiary were also large perissodactyls, _Brontotherium_",第三紀初期には大型奇蹄目動物、_ブロントテリウム_もありました,,
Message,	of the Oligocene being 8 feet high at the shoulder.,漸新世の肩の高さは8フィートでした。,,
Message,"	In Irish folklore and that of the Western Highlands of Scotland,",アイルランドの民間伝承とスコットランドの西高地の民間伝承では、,,
Message,	a female fairy who announces her presence by shrieking and,叫び声を上げて自分の存在を知らせる女性の妖精。,,
Message,	wailing under the windows of a house when one of its occupants,家の住人の一人が家の窓の下で泣き叫んでいる,,
Message,	is awaiting death.  The word is a phonetic spelling of the,死を待っている。この単語は、,,
Message,"	Irish _beansidhe_, a woman of the fairies.",アイルランド人のビーンサイド、妖精の女性。,,
Message,"	They dressed alike -- in buckskin boots, leathern breeks and",彼らは同じような服装をしていた――鹿革のブーツ、革製のブリークを履いており、,,
Message,"	deerskin shirts, with broad girdles that held axes and short",鹿革のシャツ、軸を保持する幅広のガードルと短い,,
Message,	swords; and they were all gaunt and scarred and hard-eyed;,剣。そして彼らはみなやつれて、傷があり、目が固かった。,,
Message,	sinewy and taciturn.,頑固で寡黙。,,
Message,"	They were wild men, of a sort, yet there was still a wide",彼らはある種の野性的な男たちだったが、それでもまだ幅の広いものがあった。,,
Message,	gulf between them and the Cimmerian.  They were sons of,彼らとキンメリア人との間にある湾。彼らはの息子たちでした,,
Message,"	civilization, reverted to a semi-barbarism.  He was a",文明は半野蛮に逆戻りした。彼は,,
Message,	barbarian of a thousand generations of barbarians.  They had,千世代にわたる野蛮人の中の野蛮人。彼らは持っていました,,
Message,"	acquired stealth and craft, but he had been born to these",ステルスとクラフトを獲得したが、彼はこれらを持って生まれてきた,,
Message,	things.  He excelled them even in lithe economy of motion.,もの。彼は、動きのしなやかさでも彼らを上回っていました。,,
Message,"	They were wolves, but he was a tiger.",彼らはオオカミでしたが、彼はトラでした。,,
Message,"	A bat, flitting in the darkness outside, took the wrong turn",外の暗闇の中を飛び回るコウモリが道を間違えた,,
Message,	as it made its nightly rounds and came in through the window,それが毎晩巡回して窓から入ってきたとき,,
Message,	which had been left healthfully open.  It then proceeded to,健全に開いたままになっていました。その後、次のように進みました。,,
Message,	circle the room in the aimless fat-headed fashion habitual,目的もなくいつものデブ頭のファッションで部屋を歩き回る,,
Message,"	with bats, who are notoriously among the less intellectually",知性が低いことで有名なコウモリと,,
Message,"	gifted of God's creatures.  Show me a bat, says the old",神の生き物から与えられたもの。コウモリを見せて、と老人は言います,,
Message,"	proverb, and I will show you something that ought to be in",ことわざ、あるべきものをお見せします,,
Message,	some kind of a home.,ある種の家。,,
Message,"	Probably most commonly associated with trapping, the leghold",おそらくトラップに最も一般的に関連付けられているのは、足掛かりです,,
Message,	trap is a rather simple mechanical trap.  It is made up of two,トラップはかなり単純な機械式トラップです。 2つで構成されています,,
Message,"	jaws, a spring of some sort, and a trigger in the middle.  When",顎、ある種のバネ、そして真ん中にトリガーがあります。いつ,,
Message,"	the animal steps on the trigger the trap closes around the leg,",動物が引き金を踏むと、罠が足の周りで閉じられます。,,
Message,	holding the animal in place.  Usually some kind of lure is used,動物を所定の位置に保持します。通常、何らかのルアーが使用されます,,
Message,"	to position the animal, or the trap is set on an animal trail.",動物の位置を決めるか、動物の足跡に罠が設置されます。,,
Message,"	Traditionally, leghold traps had tightly closing ""teeth"" to make",従来、足掛けトラップは「歯」をしっかりと閉じて、,,
Message,	sure the animal stayed in place.  The teeth also made sure the,確かに動物はその場に留まりました。歯も確実に,,
Message,	animal could not move the leg in the trap and ruin their fur.,動物は罠の中で足を動かすことができず、毛皮を傷めることができませんでした。,,
Message,"	However, this resulted in many animals gnawing off legs in order",しかし、その結果、多くの動物が順番に足をかじってしまいました。,,
Message,"	to escape.  More modern traps have a gap called an ""offset jaw""",逃げるために。より現代的なトラップには「オフセットジョー」と呼ばれる隙間があります。,,
Message,"	and work more like a handcuff.  They grip above the paw, making",そして手錠のように機能します。彼らは足の上を掴んで、,,
Message,	sure the animal cannot pull out but does not destroy the leg.,動物が抜け出すことはなく、脚を破壊しないことを確認してください。,,
Message,	This also allows the trapper to release unwanted catches.,これにより、わな猟師は不要な獲物を放すこともできます。,,
Message,	This giant variety of its useful normal cousin normally,通常、この有用な通常のいとこの巨大な品種,,
Message,"	appears in small groups, looking for raw material to produce",小さなグループに分かれて出現し、生産する原料を探しています,,
Message,	the royal jelly needed to feed their queen.  On rare,女王蜂に栄養を与えるためにローヤルゼリーが必要でした。まれに,,
Message,"	occasions, one may stumble upon a bee-hive, in which the",場合によっては、蜂の巣に遭遇することもあります。,,
Message,"	queen bee is being well provided for, and guarded against",女王蜂には十分な餌が与えられ、守られています,,
Message,	intruders.,侵入者。,,
Message,	[ The Creator ] has an inordinate fondness for beetles.,[ 創造主 ] はカブトムシが異常に好きです。,,
Message,	The common name for the insects with wings shaped like,のような形の羽を持つ昆虫の通称。,,
Message,"	shields (_Coleoptera_), one of the ten sub-species into",シールド (_鞘翅目_)、10 亜種のうちの 1 つ,,
Message,	which the insects are divided.  They are characterized by,昆虫が分かれているもの。それらの特徴は、,,
Message,	the shields (the front pair of wings) under which the back,盾 (前部の翼のペア)、その下に背中,,
Message,	wings are folded.,翼は折りたたまれています。,,
Message,"	""A bell, book and candle job.""",「ベルと本とキャンドルの仕事。」,,
Message,"	The Bursar sighed.  ""We tried that, Archchancellor.""",バーサールはため息をついた。 「私たちはそれを試してみました、大宰相。」,,
Message,	The Archchancellor leaned towards him.,大宰相は彼のほうに身をかがめた。,,
Message,"	""Eh?"" he said.",「え？」彼は言い​​ました。,,
Message,"	""I _said_, we tried that Archchancellor,"" said the Bursar loudly,",「私は言った、我々はあの大法官を試してみた」とバーサールは大声で言った。,,
Message,"	directing his voice at the old man's ear.  ""After dinner, you",声を老人の耳に向けた。 「夕食後、あなたは,,
Message,	remember?  We used Humptemper's _Names of the Ants_ and rang Old,覚えて？私たちはハンプテンパーの「アリの名前」を使用して、オールドを鳴らしました。,,
Message,"	Tom.""*",トム。」*,,
Message,"	""Did we, indeed.  Worked, did it?""",「確かに、私たちはうまくいきましたね。うまくいきましたね？」,,
Message,"	""_No_, Archchancellor.""",「_いいえ_、大宰相。」,,
Message,	* Old Tom was the single cracked bronze bell in the University,* オールド・トムは大学にあるひびの入った単一の銅鐘でした,,
Message,	bell tower.,鐘楼。,,
Message,	Hear the sledges with the bells --,鐘の鳴るそりの音を聞いてください --,,
Message,	    Silver bells!,銀の鐘！,,
Message,	What a world of merriment their melody foretells!,彼らのメロディーはなんと陽気な世界を予感させてくれるのでしょう。,,
Message,"	How they tinkle, tinkle, tinkle,",彼らはどのようにチリンチリン、チリンチリン、,,
Message,	    In the icy air of night!,夜の冷たい空気の中で！,,
Message,	While the stars that oversprinkle,降り注ぐ星たちながら,,
Message,"	All the heavens, seem to twinkle",すべての天がきらめくようだ,,
Message,	    With a crystalline delight;,水晶のような喜びとともに。,,
Message,"	Keeping time, time, time,",時間を守って、時間を、時間を守って、,,
Message,"	In a sort of Runic rhyme,",一種のルーン韻で、,,
Message,	To the tintinabulation that so musically wells,音楽的によく似合うティンティナブレーションへ,,
Message,"	From the bells, bells, bells, bells,",鐘、鐘、鐘、鐘から、,,
Message,"	    Bells, bells, bells --",鐘、鐘、鐘 --,,
Message,	From the jingling and the tinkling of the bells.,チリンチリンと鐘の音から。,,
Message,"	On this particular day Blind Io, by dint of constant vigilance",この特別な日、ブラインド・イオ、絶え間ない警戒のおかげで,,
Message,"	the chief of the gods, sat with his chin on his hand",神々の長は手にあごを当てて座っていた,,
Message,	and looked at the gaming board on the red marble table in,そして、赤い大理石のテーブルの上にあるゲームボードを眺めました。,,
Message,"	front of him.  Blind Io had got his name because, where his",彼の前で。ブラインド・イオの名前の由来は、,,
Message,"	eye sockets should have been, there were nothing but two",眼窩はあるべきだった、2つしかなかった,,
Message,"	areas of blank skin.  His eyes, of which he had an impressively",空白の皮膚の領域。彼の目は印象的だった,,
Message,"	large number, led a semi-independent life of their",多くの人が半独立した生活を送っていた,,
Message,	own.  Several were currently hovering above the table.,自分の。いくつかは現在テーブルの上に浮かんでいます。,,
Message,	These giant amoeboid creatures look like nothing more than,これらの巨大なアメーバ状の生き物は、次のように見えます。,,
Message,"	puddles of slime, but they both live and move, feeding on",スライムの水たまりですが、両方とも生きて動き、餌を食べます,,
Message,	metal or wood as well as the occasional dungeon explorer to,金属や木、そして時折ダンジョンを探索する人もいます。,,
Message,	supplement their diet.,彼らの食事を補う。,,
Message,	But we were not on a station platform.  We were on the track ahead,しかし、私たちは駅のホームにいませんでした。私たちは前の道にいた,,
Message,"	as the nightmare, plastic column of fetid black iridescence oozed",悪夢のように、悪臭を放つ黒い虹色のプラスチックの柱がにじみ出た,,
Message,"	tightly onward through its fifteen-foot sinus, gathering unholy",15フィートの洞穴をしっかりと進み、不浄なものが集まります,,
Message,"	speed and driving before it a spiral, re-thickening cloud of the",スピードと、その前にスパイラルで再び厚くなる雲が走ります。,,
Message,"	pallid abyss vapor.  It was a terrible, indescribable thing vaster",青白い深淵の蒸気。それはもっと恐ろしい、言葉では言い表せないものでした,,
Message,	than any subway train -- a shapeless congeries of protoplasmic,どの地下鉄よりも形のない原形質の集合体,,
Message,"	bubbles, faintly self-luminous, and with myriads of temporary eyes",泡、ほのかに自発光し、無数の一時的な目を持つ,,
Message,	forming and unforming as pustules of greenish light all over the,体全体に緑色がかった光の膿疱として形成されたり形成されなかったりします。,,
Message,"	tunnel-filling front that bore down upon us, crushing the frantic",トンネルを埋め尽くした前線が私たちに襲いかかり、熱狂的な人々を打ち砕いた,,
Message,	penguins and slithering over the glistening floor that it and its,ペンギンとその輝く床の上を這う,,
Message,	kind had swept so evilly free of all litter.,種類はゴミを徹底的に取り除いていました。,,
Message,	I'd planned how to prevent the lock from sealing behind me; it,私は自分の後ろで鍵が閉まらないようにする方法を計画していました。それ,,
Message,"	required a temporary sacrifice, not cleverness.  I used the door",必要なのは賢さではなく一時的な犠牲だった。ドアを使いました,,
Message,"	itself to help me cut off a portion of my body, after shunting all",それ自体が、すべてをシャントした後、体の一部を切り取るのに役立ちます。,,
Message,"	memory from the piece to be abandoned.  The piece, looking",放棄される作品の記憶。その作品、見てみると,,
Message,"	inexpressibly dear and forlorn for a bit of blue jelly, would",言葉では言い表せないほど愛おしく、少しのブルーゼリーが寂しくなるだろう,,
Message,	force open the outer door until I returned and rejoined it.,私が戻って再び加わるまで、外側のドアを無理やり開けました。,,
Message,	Bone devils attack with weapons and with a great hooked tail,ボーンデビルは武器と大きなかぎ状の尾で攻撃します,,
Message,	which causes a loss of strength to those they sting.,それは彼らが刺したものに体力の喪失を引き起こします。,,
Message,"	On waking, he found himself on the green knoll whence he had",目覚めると、彼は自分がそこから来た緑の丘の上にいることに気づきました。,,
Message,	first seen the old man of the glen.  He rubbed his eyes -- it,グレンの老人を初めて見た。彼は目をこすった――それは,,
Message,	was a bright sunny morning.  The birds were hopping and,明るく晴れた朝だった。鳥たちが飛び跳ねていて、,,
Message,"	twittering among the bushes, and the eagle was wheeling aloft,",茂みの中でさえずり、鷲が空高く飛び回っていました。,,
Message,"	and breasting the pure mountain breeze.  ""Surely,"" thought Rip,",清らかな山風を胸に感じます。 「確かに」とリップは思った、,,
Message,"	""I have not slept here all night.""  He recalled the occurrences",「私はここで一晩中寝ていません。」彼はその出来事を思い出した,,
Message,	before he fell asleep.  The strange man with a keg of liquor --,彼が眠りにつく前に。酒樽を持った奇妙な男――,,
Message,	the mountain ravine -- the wild retreat among the rocks -- the,山の渓谷 -- 岩の間の荒涼とした隠れ家 --,,
Message,"	woe-begone party at ninepins -- the flagon -- ""Oh! that flagon!",ナインピンズで悲惨なパーティーが始まった -- フラゴン -- 「ああ、あのフラゴンだ！,,
Message,"	that wicked flagon!"" thought Rip -- ""what excuse shall I make",あの邪悪なフラゴン！」とリップは思った――「どんな言い訳をすればいいんだろう」,,
Message,"	to Dame Van Winkle!""",ヴァン・ウィンクル夫人に！」,,
Message,"		[ Rip Van Winkle, a Posthumous Writing",[ リップヴァンウィンクル、遺作,,
Message,"		  of Diedrich Knickerbocker, by Washington Irving ]",ディードリッヒ・ニッカーボッカーの物語、ワシントン・アーヴィング著],,
Message,"	I worked the lever well under, and stretched my back; the end",私はレバーをしっかり下に動かし、背中を伸ばしました。終わり,,
Message,"	of the stone rose up, and I kicked the fulcrum under.  Then,",石の部分が持ち上がったので、私はその支点を蹴りました。それから、,,
Message,"	when I was going to bear down, I remembered there was",我慢しようとしたとき、あることを思い出した,,
Message,"	something to get out from below; when I let go of the lever,",下から何かが出てくる。レバーを放すと、,,
Message,"	the stone would fall again.  I sat down to think, on the root",石はまた落ちてくるだろう。根元に座って考えた,,
Message,"	of the oak tree; and, seeing it stand about the ground, I saw",樫の木のこと。そして、それが地面の周りに立っているのを見て、私は見ました。,,
Message,	my way.  It was lucky I had brought a longer lever.  It would,私のやり方。長いレバーを持ってきて良かったです。そうなるだろう,,
Message,	just reach to wedge under the oak root.,オークの根の下に差し込むだけです。,,
Message,"	Bearing it down so far would have been easy for a heavy man,",ここまで耐えるのは、体重の重い人にとっては簡単だっただろうが、,,
Message,	but was a hard fight for me.  But this time I meant to do it,しかし、私にとっては厳しい戦いでした。でも今回はそうするつもりだった,,
Message,"	if it killed me, because I knew it could be done.  Twice I",たとえそれが私を殺したとしても、それができると知っていたからです。二度私は,,
Message,"	got it nearly there, and twice the weight bore it up again;",ほぼそこまで到達しましたが、2倍の重さで再び持ち上がりました。,,
Message,"	but when I flung myself on it the third time, I heard in my",でも、三度目に飛びついたとき、私の心の中で聞こえました。,,
Message,	ears the sea-sound of Poseidon.  Then I knew this time I,ポセイドンの海の音が聞こえます。そしたら今度はわかったのですが、,,
Message,	would do it; and so I did.,そうするでしょう。そして私もそうしました。,,
Message,"	Brigit (Brigid, Bride, Banfile), which means the Exalted One,",Brigit（ブリギッド、花嫁、バンファイル）は高貴な者を意味し、,,
Message,	was the Celtic (continental European and Irish) fertility,ケルト人（ヨーロッパ大陸とアイルランド人）の豊饒であった,,
Message,	goddess.  She was originally celebrated on February first in,女神。彼女はもともと2月1日に祝われました,,
Message,"	the festival of Imbolc, which coincided with the beginning",始まりと同時に行われたインボルクの祭り,,
Message,	of lactation in ewes and was regarded in Scotland as the date,雌羊の授乳期の日付であり、スコットランドではその日付とみなされていました。,,
Message,	on which Brigit deposed the blue-faced hag of winter.  The,その上でブリギットは冬の青い顔をしたババアを追放した。の,,
Message,	Christian calendar adopted the same date for the Feast of St.,キリスト教の暦では、聖ペテロの祝日と同じ日付が採用されました。,,
Message,	Brigit.  There is no record that a Christian saint ever,ブリギット。キリスト教の聖人が誕生したという記録はない,,
Message,"	actually existed, but in Irish mythology she became the",実際には存在していましたが、アイルランドの神話では彼女は,,
Message,	midwife to the Virgin Mary.,聖母マリアの助産師。,,
Message,"	Bugbears are relatives of goblins, although they tend to be",バグベアはゴブリンの親戚ですが、,,
Message,	larger and more hairy.  They are aggressive carnivores and,より大きくて毛深い。彼らは攻撃的な肉食動物であり、,,
Message,	sometimes kill just for the treasure their victims may be,犠牲者になるかもしれない宝のためだけに人を殺すこともある,,
Message,	carrying.,運ぶ。,,
Message,"	A classical Mesoamerican Aztec god, also known as Mixcoatl-",ミックスコアトルとしても知られる古典的なメソアメリカのアステカの神。,,
Message,"	Camaxtli (the Cloud Serpent), Camaxtli is the god of war.  He",カマックストリ (雲の蛇)、カマックストリは戦争の神です。彼,,
Message,	is also a deity of hunting and fire who received human,人間を迎え入れた狩猟と火の神でもある,,
Message,"	sacrifice of captured prisoners.  According to tradition, the",捕虜の犠牲。伝統によれば、,,
Message,	sun god Tezcatlipoca transformed himself into Mixcoatl-Camaxtli,太陽神テスカトリポカはミックスコアトル・カマックストリに変身した,,
Message,	to make fire by twirling the sacred fire sticks.,神聖な火の棒を回して火を起こすこと。,,
Message,	The seat of Arthur's power in medieval romance.  The name is,中世ロマンスにおけるアーサー王の権力の座。名前は,,
Message,	of unknown origin and refers to the castle but also includes,起源は不明で、城を指しますが、以下も含まれます。,,
Message,"	the surrounding town.  ...  Camelot appears, most significantly,",周囲の町。 ...キャメロットが登場しますが、最も重要なことは、,,
Message,	as a personal capital as opposed to a permanent or national,永続的または国家的資本ではなく、個人的資本として,,
Message,	one.  It is Arthur's and Arthur's alone.  There are no previous,1つ。それはアーサーとアーサーだけのものです。以前のものはありません,,
Message,"	lords and Arthur's successor, Constantine, does not take up",領主でありアーサー王の後継者であるコンスタンティヌスはこれを受け入れません,,
Message,	residence there.  Camelot is actually said to have been,そこの住居。キャメロットは実際にあったと言われています,,
Message,	demolished after Arthur and Lancelot were gone by Mark.  Fazio,アーサーとランスロットがマークがいなくなった後、取り壊されました。ファジオ,,
Message,"	degli Uberti, the Italian poet, claims to have seen the ruins",イタリアの詩人デリ・ウベルティは、その遺跡を見たと主張している,,
Message,	in the 14th century.,14世紀に。,,
Message,"	Imagine a sealed container, so perfectly constructed that no",非常に完璧に構造された密閉容器を想像してみてください。,,
Message,	physical influence can pass either inwards or outwards across its,物理的な影響は、内部または外部に伝わる可能性があります。,,
Message,"	walls.  Imagine that inside the container is a cat, and also a",壁。コンテナの中には猫がいて、,,
Message,	device that can be triggered by some quantum event.  If that event,何らかの量子イベントによってトリガーできるデバイス。もしあの出来事が,,
Message,"	takes place, then the device smashes a phial containing cyanide and",その後、装置はシアン化物の入った瓶を粉砕し、,,
Message,"	the cat is killed.  If the event does not take place, the cat lives",猫が殺される。イベントが起こらなければ猫は生き続ける,,
Message,"	on.  In Schroedinger's original version, the quantum event was the",の上。シュレーディンガーの元のバージョンでは、量子イベントは,,
Message,"	decay of a radioactive atom.  ...  To the outside observer, the cat",放射性原子の崩壊。 ...外部の観察者、猫に対して,,
Message,"	is indeed in a linear combination of being alive and dead, and only",確かに、生きていることと死んでいることの直線的な組み合わせの中にあり、そしてただ,,
Message,	when the container is finally opened would the cat's state vector,コンテナが最終的に開かれたとき、猫の状態ベクトルはどうなるでしょうか,,
Message,"	collapse into one or the other.  On the other hand, to a (suitably",どちらか一方に崩壊します。一方、(適切には,,
Message,"	protected) observer inside the container, the cat's state-vector",protected) コンテナ内の観察者、猫の状態ベクトル,,
Message,"	would have collapsed much earlier, and the outside observer's",もっと早く崩壊していただろうし、外部の観察者は,,
Message,	linear combination has no relevance.,線形結合には関連性がありません。,,
Message,	Well-known quadruped domestic animal from the family of,の家族の有名な四足家畜,,
Message,"	predatory felines (_Felis ochreata domestica_), with a thick,",捕食性のネコ科動物 (_Felis ochreatadomestica_)、太い、,,
Message,	soft pelt; often kept as a pet.  Various folklores have the,柔らかい毛皮。ペットとして飼われることが多い。さまざまな民間伝承には、,,
Message,	cat associated with magic and the gods of ancient Egypt.,古代エジプトの魔法や神々と関係のある猫。,,
Message,	So Ulthar went to sleep in vain anger; and when the people,そこでウルタールは無駄な怒りを抱いて眠りについた。そして人々が,,
Message,	awakened at dawn - behold!  Every cat was back at his,夜明けに目覚めた - 見よ！どの猫も自分のところに戻ってきました,,
Message,"	accustomed hearth!  Large and small, black, grey, striped,",慣れた囲炉裏！大小、黒、グレー、ストライプ、,,
Message,"	yellow and white, none was missing.  Very sleek and fat did",黄色と白、どれも欠けていませんでした。とても滑らかで太かったです,,
Message,"	the cats appear, and sonorous with purring content.",猫が現れ、ゴロゴロと喉を鳴らしながら朗々と鳴きます。,,
Message,	Now it was light enough to leave.  Moon-Watcher picked up,今では出発できるほど明るくなりました。ムーンウォッチャーを拾った,,
Message,	the shriveled corpse and dragged it after him as he bent,しなびた死体を引きずりながら、身をかがめた彼の後を追いかけた,,
Message,"	under the low overhang of the cave.  Once outside, he",洞窟の低い張り出しの下にあります。外に出ると、彼は,,
Message,	threw the body over his shoulder and stood upright - the,体を肩に投げて直立した -,,
Message,	only animal in all this world able to do so.,この世でそんなことができる動物だけです。,,
Message,"	Among his kind, Moon-Watcher was almost a giant.  He was",彼の種族の中でも、ムーン・ウォッチャーはほとんど巨人だった。彼はそうだった,,
Message,"	nearly five feet high, and though badly undernourished",身長は5フィート近くあり、極度の栄養不足にもかかわらず、,,
Message,"	weighed over a hundred pounds.  His hairy, muscular body",重さは百ポンドを超えていました。彼の毛むくじゃらで筋肉質な体,,
Message,"	was halfway between ape and man, but his head was already",猿と人間の中間だったが、彼の頭はすでに,,
Message,"	much nearer to man than ape.  The forehead was low, and",猿よりもはるかに人間に近い。額が低くて、,,
Message,"	there were ridges over the eye sockets, yet he unmistakably",眼窩には隆起があったが、彼は間違いなく,,
Message,	held in his genes the promise of humanity.,彼の遺伝子には人類の約束が宿っていた。,,
Message,	'Twas in a land unkempt of life's red dawn;,そこは人生の赤い夜明けのない土地にあった。,,
Message,	Where in his sanded cave he dwelt alone;,砂で覆われた洞窟の中で、彼は一人で住んでいました。,,
Message,"	Sleeping by day, or sometimes worked upon",日中は寝ているか、時々仕事をしている,,
Message,	His flint-head arrows and his knives of stone;,彼のフリントヘッドの矢と石のナイフ。,,
Message,"	By night stole forth and slew the savage boar,",夜になるとこっそり出てきて、その獰猛な猪を殺しました。,,
Message,"	So that he loomed a hunter of loud fame,",それで彼は大きな名声を持った狩人に見えた、,,
Message,"	And many a skin of wolf and wild-cat wore,",そして多くのオオカミやヤマネコの皮をかぶって、,,
Message,	And counted many a flint-head to his name;,そして彼の名には多くの火打石の頭が数えられました。,,
Message,"	Wherefore he walked the envy of the band,",それゆえに彼はバンドの羨望の的となった。,,
Message,"	Hated and feared, but matchless in his skill.",嫌われ、恐れられているが、その腕前は無類。,,
Message,"	Till lo! one night deep in that shaggy land,",楽しみまで！ある夜、あの毛むくじゃらの土地の奥深くで、,,
Message,	He tracked a yearling bear and made his kill;,彼は一歳のクマを追跡し、仕留めた。,,
Message,"	Then over-worn he rested by a stream,",それから彼は疲れ果てて川のほとりで休んだ。,,
Message,	And sank into a sleep too deep for dream.,そして夢を見るには深すぎる眠りに落ちた。,,
Message,	Of all the monsters put together by the Greek imagination,ギリシャの想像力によってまとめられたすべての怪物の中で,,
Message,	the Centaurs (Kentauroi) constituted a class in themselves.,ケンタウロス（Kentauroi）はそれ自体で階級を構成していました。,,
Message,"	Despite a strong streak of sensuality, in their make-up,",彼らのメイクアップには官能性が強く漂っているにもかかわらず、,,
Message,"	their normal behaviour was moral, and they took a kindly",彼らの通常の行動は道徳的であり、親切な態度をとった,,
Message,	thought of man's welfare.  The attempted outrage of Nessos on,人間の福祉を考えた。ネッソスの暴行未遂事件,,
Message,"	Deianeira, and that of the whole tribe of Centaurs on the",デイアネイラと、その上のケンタウロス族全体の,,
Message,"	Lapith women, are more than offset by the hospitality of",ラピスの女性たちは、ホスピタリティあふれるおもてなしで相殺されてしまいます。,,
Message,"	Pholos and by the wisdom of Cheiron, physician, prophet,",フォロスと、医師であり預言者であるケイロンの知恵によって、,,
Message,"	lyrist, and the instructor of Achilles.  Further, the",作詞家、アキレスの講師。さらに、,,
Message,"	Centaurs were peculiar in that their nature, which united the",ケンタウルスは、その性質において特異であり、それが人々を団結させた。,,
Message,"	body of a horse with the trunk and head of a man, involved",馬の胴体に人間の胴体と頭が絡んだもの,,
Message,	an unthinkable duplication of vital organs and important,重要な器官の考えられない重複,,
Message,	members.  So grotesque a combination seems almost un-Greek.,メンバー。とてもグロテスクなこの組み合わせは、ほとんどギリシャ的ではないように思えます。,,
Message,	These strange creatures were said to live in the caves and,これらの奇妙な生き物は洞窟に住んでいると言われています。,,
Message,"	clefts of the mountains, myths associating them especially",山の裂け目、特にそれらに関連する神話,,
Message,	with the hills of Thessaly and the range of Erymanthos.,テッサリアの丘とエリマントスの山々。,,
Message,"	I observed here, what I had often seen before, that certain",私はここで、以前によく見たことを観察しました。,,
Message,	districts abound in centipedes.  Here they have light,地域にはムカデがたくさんいます。ここには光がある,,
Message,	reddish bodies and blue legs; great myriapedes are seen,赤みがかった体と青い足。大きな多足類が見られます,,
Message,"	crawling every where.  Although they do no harm, they excite",どこでも這う。害はありませんが、興奮させます,,
Message,	in man a feeling of loathing.  Perhaps our appearance,人間の中に嫌悪感が生まれます。もしかしたら私たちの姿も,,
Message,	produces a similar feeling in the elephant and other large,ゾウや他の大型動物でも同様の感覚を生み出します。,,
Message,"	animals.  Where they have been much disturbed, they",動物。彼らが非常に動揺しているところでは、,,
Message,"	certainly look upon us with great distrust, as the horrid",確かに私たちを恐ろしいものとして、大きな不信の目で見ているでしょう。,,
Message,	biped that ruins their peace.,彼らの平和を台無しにする二足歩行。,,
Message,"		[ Travels and Researches in South Africa,",[ 南アフリカへの旅行と調査、,,
Message,			by Dr. David Livingstone ],デビッド・リヴィングストン博士著],,
Message,"	Cerberus, (or Kerberos in Greek), was the three-headed dog",ケルベロス（ギリシャ語でケルベロス）は、三つの頭を持つ犬でした。,,
Message,"	that guarded the Gates of Hell.  He allowed any dead to enter,",地獄の門を守っていた者たち。彼は死者の侵入を許可し、,,
Message,	and likewise prevented them all from ever leaving.  He was,そして同様に、彼ら全員が決して離れることを妨げました。彼はそうだった,,
Message,	bested only twice:  once when Orpheus put him to sleep by,たった2回だけ殴られた：1回目はオルフェウスが彼を眠らせたとき,,
Message,"	playing bewitching music on his lyre, and the other time when",竪琴で魅惑的な音楽を演奏したり、またある時は,,
Message,	Hercules confronted him and took him to the world of the,ヘラクレスは彼に立ち向かい、彼を世界へ連れて行きました。,,
Message,	living (as his twelfth and last labor).,（彼の12回目の、そして最後の仕事として）生きている。,,
Message,	A small lizard perched on a brown stone.  Feeling threatened by,茶色の石の上に小さなトカゲが止まっています。 ～に脅かされていると感じる,,
Message,"	the approach of human beings along the path, it metamorphosed",道に沿って人間が近づき、それは変容した,,
Message,"	into a stingray beetle, then into a stench-puffer, then into a",アカエイカブトムシに、次に悪臭フグに、そして,,
Message,	fiery salamander.,燃えるようなサラマンダー。,,
Message,	Bink smiled.  These conversions weren't real.  It had assumed,ビンクは微笑んだ。これらの変換は現実のものではありませんでした。それは想定していた,,
Message,"	the forms of obnoxious little monsters, but not their essence.",不快な小さな怪物の形をしていますが、その本質はそうではありません。,,
Message,"	It could not sting, stink or burn.  It was a chameleon, using",刺すことも、臭いことも、燃えることもありませんでした。それはカメレオンでした、,,
Message,	its magic to mimic creatures of genuine threat.,本物の脅威の生き物を模倣するその魔法。,,
Message,	Yet as it shifted into the form of a basilisk it glared at him,それがバジリスクの姿に変わりながら彼を睨みつけた,,
Message,	with such ferocity that Bink's mirth abated.  If its malice,あまりの凶暴さにビンクの陽気さは静まった。それが悪意なら,,
Message,"	could strike him, he would be horribly dead.",もし彼を襲えば、彼は恐ろしい死に方をするだろう。,,
Message,"	When an ancient Greek died, his soul went to the nether world:",古代ギリシャ人が死ぬと、彼の魂は冥界へ行きました。,,
Message,"	the Hades.  To reach the nether world, the souls had to cross",ハデス。冥界にたどり着くために魂は渡らなければならなかった,,
Message,"	the river Styx, the river that separated the living from the",スティクス川、生者と人間を隔てた川,,
Message,"	dead.  The Styx could be crossed by ferry, whose shabby ferry-",死んだ。スティクス川はフェリーで渡ることができましたが、そのみすぼらしいフェリーは、,,
Message,"	man, advanced in age, was called Charon.  The deceased's next-",高齢の男はカロンと呼ばれた。死者の次は――,,
Message,"	of-kin would place a coin under his tongue, to pay the ferry-",親族はフェリーの代金を支払うために舌の下にコインを置くだろう-,,
Message,	man.,男。,,
Message,	Dantes rapidly cleared away the earth around the chest.  Soon,ダンテスは胸の周りの土を素早く取り除いた。すぐ,,
Message,"	the center lock appeared, then the handles at each end, all",中央のロックが表示され、次に両端のハンドルが表示されます。,,
Message,	delicately wrought in the manner of that period when art made,芸術が作られた当時のやり方で繊細に作られています,,
Message,	precious even the basest of metals.  He took the chest by the,最も卑金属であっても貴重です。彼は胸を掴んだ,,
Message,"	two handles and tried to lift it, but it was impossible.  He",二つのハンドルを持って持ち上げようとしましたが、無理でした。彼,,
Message,	tried to open it; it was locked.  He inserted the sharp end,それを開こうとしました。ロックされていました。彼は鋭い端を差し込んだ,,
Message,	of his pickaxe between the chest and the lid and pushed down,ツルハシを胸と蓋の間に差し込み、押し下げた,,
Message,"	on the handle.  The lid creaked, then flew open.",ハンドルに。蓋がきしむ音を立てて、勢いよく開いた。,,
Message,	Dantes was seized with a sort of giddy fever.  He cocked his,ダンテスは一種のめまいがするほどの熱に襲われた。彼は腰を上げた,,
Message,	gun and placed it beside him.  Then he closed his eyes like,銃を持って彼の横に置きました。それから彼はこうやって目を閉じた,,
Message,"	a child, opened them and stood dumbfounded.",子供がそれを開けて、呆然と立ち尽くした。,,
Message,	The chest was divided into three compartments.  In the first,胸部は3つのコンパートメントに分かれていました。最初に,,
Message,"	were shining gold coins.  In the second, unpolished gold",輝いていた金貨でした。 2番目は、磨かれていない金です。,,
Message,"	ingots packed in orderly stacks.  From the third compartment,",整然と積み上げられたインゴット。 3番目のコンパートメントから、,,
Message,"	which was half full, Dantes picked up handfuls of diamonds,",それは半分いっぱいだったので、ダンテスはダイヤモンドを一握り拾い上げました。,,
Message,	pearls and rubies.  As they fell through his fingers in a,真珠とルビー。それらが彼の指の間を抜け落ちたとき、,,
Message,"	glittering cascade, they gave forth the sound of hail beating",きらめく滝、雹を打つ音を響かせた,,
Message,	against the windowpanes.,窓ガラスに対して。,,
Message,	A character in Chinese mythology noted for bringing about the,中国の神話に登場する人物で、,,
Message,	end of a terrible drought which threatened the survival of,の存続を脅かしたひどい干ばつの終わり,,
Message,	the people.  He achieved this by means of sprinkling the,人々。彼はこれを、,,
Message,"	earth with water from a bowl, using the branch of a tree to",ボウルから水を入れて土を作り、木の枝を使って,,
Message,"	do so.  He became the heavenly controller of the rain, and",そうしてください。彼は雨を司る天の支配者となり、,,
Message,	lived with other celestial beings in their paradise on Mount,山の上の楽園で他の天人たちと暮らしていた,,
Message,	Kunlun.,崑崙。,,
Message,	Tiamat is said to be the mother of evil dragonkind.  She is,ティアマトは邪悪な竜族の母であると言われています。彼女は,,
Message,	extremely vain.,極めて虚しい。,,
Message,	A pale yellow variety of crystalline quartz resembling topaz.,トパーズに似た淡黄色の結晶質クォーツです。,,
Message,	It was a warm spring night when a fist knocked at the door so,拳がドアをノックしたのは暖かい春の夜だった,,
Message,	hard that the hinges bent.,ヒンジが曲がってしまうほど。,,
Message,	A man opened it and peered out into the street. There was,男がそれを開けて通りを覗いた。ありました,,
Message,	mist coming off the river and it was a cloudy night. He might,川から霧が立ち込め、曇りの夜でした。彼はそうかもしれない,,
Message,	as well have tried to see through white velvet.,同様に、白いベルベットを通して見ることも試みました。,,
Message,	But he thought afterwards that there had been shapes out,しかし、彼はその後、形が見えてきたと思いました,,
Message,"	there, just beyond the light spilling out into the road. A",道路にこぼれる光のすぐ先に。あ,,
Message,"	lot of shapes, watching him carefully. He thought maybe",たくさんの形をして、彼を注意深く観察してください。彼はもしかしたらと思った,,
Message,	there'd been very faint points of light...,非常にかすかな光点がありました...,,
Message,"	There was no mistaking the shape right in front of him,",目の前のその姿に間違いはなかったが、,,
Message,	though. It was big and dark red and looked like a child's,けれど。大きくて濃い赤で子供のように見えた,,
Message,	clay model of a man. Its eyes were two embers.,男性の粘土モデル。その目は二つの残り火だった。,,
Message,"	Hither came Conan, the Cimmerian, black-haired, sullen-eyed,",そこへ、黒髪で不機嫌な目をしたキンメリア人のコナンがやって来た。,,
Message,"	sword in hand, a thief, a reaver, a slayer, with gigantic",剣を手に、泥棒、略奪者、殺人者、巨大な武器を持って,,
Message,"	melancholies and gigantic mirth, to tread the jeweled",憂鬱と巨大な歓喜、宝石を踏むために,,
Message,	thrones of the Earth under his sandalled feet.,サンダルを履いた足の下には地球の王座があった。,,
Message,	I wandered lonely as a cloud,雲のように孤独にさまよった,,
Message,"	That floats on high o'er vales and hills,",高い谷や丘の上に浮かぶもの、,,
Message,"	When all at once I saw a crowd,",突然人だかりが見えたとき、,,
Message,"	A host, of golden daffodils;",黄金の水仙のホスト。,,
Message,"	Beside the lake, beneath the trees,",湖のほとり、木々の下、,,
Message,	Fluttering and dancing in the breeze.,風になびいて踊ります。,,
Message,	Darzee and his wife only cowered down in the nest without,ダージーと彼の妻は何もせずに巣の中でうずくまるだけでした。,,
Message,"	answering, for from the thick grass at the foot of the bush",藪のふもとの濃い草の中から、と答えた。,,
Message,	there came a low hiss -- a horrid cold sound that made,低いヒスという音が聞こえた――恐ろしく冷たい音がした。,,
Message,	Rikki-tikki jump back two clear feet.  Then inch by inch out of,リッキ・ティッキは2フィート後ろに飛び退く。それからインチずつ外していきます,,
Message,"	the grass rose up the head and spread hood of Nag, the big",草が頭まで上がり、大きなナグのフードを広げました。,,
Message,"	black cobra, and he was five feet long from tongue to tail.",黒いコブラで、舌から尾までの長さは5フィートでした。,,
Message,"	When he had lifted one-third of himself clear of the ground,",彼が体の三分の一を地面から持ち上げたとき、,,
Message,	he stayed balancing to and fro exactly as a dandelion-tuft,彼はまさにタンポポの房のように前後にバランスを取り続けた,,
Message,"	balances in the wind, and he looked at Rikki-tikki with the",風にバランスをとりながら、彼はリッキー・ティッキを見つめた。,,
Message,"	wicked snake's eyes that never change their expression,",表情を変えない邪悪な蛇の目、,,
Message,	whatever the snake may be thinking of.,蛇が考えていることは何でも。,,
Message,	'Who is Nag?' said he.  '_I_ am Nag.  The great God Brahm put,「ナグって誰？」と彼は言いました。 「私はナグです。」偉大な神ブラームが置いた,,
Message,"	his mark upon all our people, when the first cobra spread his",最初のコブラが彼の痕跡を私たちのすべての人々に広めたとき、,,
Message,"	hood to keep the sun off Brahm as he slept.  Look, and be",ブラームが眠っているときに日差しを防ぐためにフードをかぶった。見て、そうしてください,,
Message,	afraid!',恐れている！',,
Message,"	Once in a great while, when the positions of the stars are",たまに、星の位置が変わるとき、,,
Message,"	just right, a seven-year-old rooster will lay an egg.  Then,",ちょうど、7歳の雄鶏が卵を産むでしょう。それから、,,
Message,"	along will come a snake, to coil around the egg, or a toad,",卵に巻き付くヘビやヒキガエルがやって来ます。,,
Message,"	to squat upon the egg, keeping it warm and helping it to",卵の上にしゃがみ込み、卵を温めて卵が熟すのを助ける,,
Message,"	hatch.  When it hatches, out comes a creature called basilisk,",ハッチ。孵化するとバジリスクという生き物が出てきますが、,,
Message,"	or cockatrice, the most deadly of all creatures.  A single",またはコカトリス、すべての生き物の中で最も致命的です。シングル,,
Message,"	glance from its yellow, piercing toad's eyes will kill both",黄色の刺すようなヒキガエルの目から一瞥すれば、両方とも死ぬだろう,,
Message,	man and beast.  Its power of destruction is said to be so,人間と獣。その破壊力は凄まじいと言われています,,
Message,	great that sometimes simply to hear its hiss can prove fatal.,素晴らしいのは、シューという音を聞くだけで致命的な場合があるということです。,,
Message,	Its breath is so venomous that it causes all vegetation,その息は非常に有毒で、あらゆる植物を蝕みます。,,
Message,	to wither.,枯れる。,,
Message,"	There is, however, one creature which can withstand the",しかし、それに耐えることができる生き物が1つだけあります。,,
Message,"	basilisk's deadly gaze, and this is the weasel.  No one knows",バジリスクの恐ろしい視線、そしてこれがイタチだ。誰も知りません,,
Message,"	why this is so, but although the fierce weasel can slay the",なぜそうなるのか、しかし獰猛なイタチは人を殺すことができますが、,,
Message,"	basilisk, it will itself be killed in the struggle.  Perhaps",バジリスク、それ自体が闘争で殺されるでしょう。多分,,
Message,	the weasel knows the basilisk's fatal weakness:  if it ever,イタチはバジリスクの致命的な弱点を知っています。,,
Message,	sees its own reflection in a mirror it will perish instantly.,鏡に映った自分自身を見ると、即座に消滅してしまいます。,,
Message,"	But even a dead basilisk is dangerous, for it is said that",しかし、死んだバジリスクでさえも危険であると言われています。,,
Message,	merely touching its lifeless body can cause a person to,その生命のない体に触れるだけで、人は次のような症状を引き起こす可能性があります。,,
Message,	sicken and die.,病気になって死ぬ。,,
Message,"	  [ Mythical Beasts, by Deirdre Headon (The Leprechaun Library)",[ Mythical Beasts、ディアドラ・ヒードン著 (レプラコーン図書館),,
Message,		and other sources ],およびその他の情報源],,
Message,"	The coin bears the likeness of Belwit the Flat, along with the",コインにはベルウィット・ザ・フラットの肖像が描かれています。,,
Message,"	inscriptions, ""One Zorkmid,"" and ""699 GUE [ Great Underground",碑文、「One Zorkmid」および「699 GUE [Great Underground]」,,
Message,"	Empire ].""  On the other side, the coin depicts Egreth Castle,",帝国]。」 コインの反対側にはイーグレス城が描かれており、,,
Message,"	and says ""In Frobs We Trust"" in several languages.",そしていくつかの言語で「In Frobs We Trust」と言う。,,
Message,	[Scene: Mr. Moon and Gilbert enter tavern and discover many,[シーン: ミスター・ムーンとギルバートが居酒屋に入り、多くのことを発見する,,
Message,	corpses strewn about the place; Blind Pew is sole survivor.],死体がその場所に散らばっていた。ブラインド・ピューは唯一の生存者である。],,
Message,	Blind Pew:  Evening.  Sounded as though there has been a bit,ブラインドピュー: 夕方。少しあったように聞こえました,,
Message,	            of a squabble.,口論の。,,
Message,	 Mr. Moon:  Squabble?  They're all dead.,ムーン氏: 口論？彼らは全員死んでいる。,,
Message,	Blind Pew:  Oh.  Must have been more of a tiff then.,ブラインドピュー: ああ。その時はもっと大変だっただろう。,,
Message,"		[ Yellowbeard, directed by Mel Damski, screenplay",[ 黄ひげ、メル・ダムスキー監督、脚本,,
Message,"		  by Graham Chapman, Peter Cook, Bernard McKenna ]",グラハム・チャップマン、ピーター・クック、バーナード・マッケンナ著],,
Message,"	You couldn't escape the pointy hat, though. There was nothing magical",しかし、とんがり帽子から逃れることはできませんでした。魔法みたいなものは何もなかった,,
Message,	about a pointy hat except that it said that the woman underneath it,とんがり帽子についてですが、その下には女性がいると書かれていました。,,
Message,	was a witch. People paid attention to a pointy hat.,魔女だった。人々はとんがり帽子に注目しました。,,
Message,	The cope is a liturgical vestment which may be worn by any,コープは典礼の祭服であり、誰でも着用できます。,,
Message,"	rank of the clergy.  Copes are made in all liturgical colours,",聖職者の階級。コープはあらゆる典礼色で作られています。,,
Message,"	and are like a very long mantle or cloak, fastened at the breast",非常に長いマントかマントのようなもので、胸で締められています。,,
Message,	by a clasp.,留め金で。,,
Message,	He was dressed in a flowing gown with fur tippets which had,彼は毛皮のティペットが付いた流れるようなガウンを着ていました。,,
Message,"	the signs of the zodiac embroidered over it, with various",その上に星座の刺繍が施されており、,,
Message,"	cabalistic signs, such as triangles with eyes in them, queer",目が入った三角形などの陰謀的な兆候、奇妙なもの,,
Message,"	crosses, leaves of trees, bones of birds and animals, and a",十字架、木の葉、鳥や動物の骨、,,
Message,	planetarium whose stars shone like bits of looking-glass with,星が鏡の破片のように輝いていたプラネタリウム,,
Message,"	the sun on them.  He had a pointed hat like a dunce's cap, or",彼らの上に太陽が降り注ぐ。彼は劣等生の帽子のようなとんがり帽子をかぶっていた、あるいは,,
Message,"	like the headgear worn by ladies of that time, except that",当時の女性がかぶっていたかぶりものと同じですが、,,
Message,	the ladies were accustomed to have a bit of veil floating,女性たちはベールが少し浮いていることに慣れていた,,
Message,	from the top of it.,その上から。,,
Message,"	""A wizard!"" Dooley exclaimed, astounded.",「魔法使いだ！」ドゥーリーは驚いて叫んだ。,,
Message,"	""At your service, sirs,"" said the wizard.  ""How","「よろしくお願いします」と魔法使いは言いました。 ""どうやって",,
Message,	perceptive of you to notice.  I suppose my hat rather gives me,あなたが気づくのに敏感です。私の帽子はむしろ私に与えてくれると思います,,
Message,"	away.  Something of a beacon, I don't doubt.""  His hat was",離れて。何かの灯台のようなものだと私は疑いません。」 彼の帽子は,,
Message,"	pretty much that, tall and cone-shaped with stars and crescent",背が高く、星と三日月のある円錐形をしている,,
Message,"	moons all over it.  All in all, it couldn't have been more",その上に月があります。全体として、これ以上のものはありえませんでした,,
Message,	wizardish.,魔法使いのような。,,
Message,	A mythical feathered serpent.  The couatl are very rare.,神話上の羽の生えた蛇。コアトルは非常にまれです。,,
Message,	This carnivore is known for its voracious appetite and,この肉食動物はその貪欲な食欲で知られており、,,
Message,	inflated view of its own intelligence.,自分自身の知性についての誇張された見方。,,
Message,"	A big animal with the appearance of a lizard, constituting",トカゲのような姿をした大きな動物で、,,
Message,"	an order of the reptiles (_Loricata_ or _Crocodylia_), the",爬虫類の目 (_Loricata_ または _Crocodylia_)、,,
Message,"	crocodile is a large, dangerous predator native to tropical",ワニは熱帯原産の大型で危険な捕食者です,,
Message,	and subtropical climes.  It spends most of its time in large,そして亜熱帯気候。ほとんどの時間を広大な場所で過ごします,,
Message,	bodies of water.,水域。,,
Message,	How doth the little crocodile,小さなワニはどうしますか,,
Message,"	    Improve his shining tail,",輝く尻尾を改良し、,,
Message,	And pour the waters of the Nile,そしてナイル川の水を注ぎます,,
Message,	    On every golden scale!,あらゆる黄金の天秤に！,,
Message,	How cheerfully he seems to grin,彼はなんて楽しそうに笑っているんだろう,,
Message,"	    How neatly spreads his claws,",なんと綺麗に爪を広げているのですね、,,
Message,"	And welcomes little fishes in,",そして小さな魚たちを歓迎し、,,
Message,	    With gently smiling jaws!,優しく微笑む顎と一緒に！,,
Message,"	Croesus (in Greek: Kroisos), the wealthy last king of Lydia;",クロイソス（ギリシャ語:クロイソス）、リディアの裕福な最後の王。,,
Message,"	his empire was destroyed when he attacked Cyrus in 549 BC,",彼の帝国は紀元前549年にキュロスを攻撃したときに破壊されました。,,
Message,"	after the Oracle of Delphi (q.v.) had told him: ""if you attack",デルフィの神託者（同節）が彼にこう告げた後、「もしあなたが攻撃すれば、,,
Message,"	the Persians, you will destroy a mighty empire"".  Herodotus",ペルシア人よ、あなたは強大な帝国を破壊するでしょう。」 ヘロドトス,,
Message,"	relates of his legendary conversation with Solon of Athens,",アテネのソロンとの伝説的な会話について語っています。,,
Message,	who impressed upon him that being rich does not imply being,彼は、金持ちであるということは、,,
Message,	happy and that no one should be considered fortunate before,幸せであり、それ以前は誰も幸運だと考えるべきではありません,,
Message,	his death.,彼の死。,,
Message,"	Warily Conan scanned his surroundings, all of his senses alert",コナンは用心深く周囲を眺め、五感を研ぎ澄ませた,,
Message,"	for signs of possible danger.  Off in the distance, he could",起こり得る危険の兆候に備えて。遠く離れたところで、彼はできるだろう,,
Message,	see the familiar shapes of the Camp of the Duali tribe.,デュアリ族のキャンプの見慣れた形状をご覧ください。,,
Message,"	Suddenly, the hairs on his neck stand on end as he detects the",突然、彼の首の毛が逆立った。,,
Message,"	aura of evil magic in the air.  Without thought, he readies",空中に漂う邪悪な魔法のオーラ。彼は何も考えずに準備を整える,,
Message,"	his weapon, and mutters under his breath:",彼の武器を手に取り、小声でつぶやいた。,,
Message,"	""By Crom, there will be blood spilt today.""",「クロムのせいで、今日は血が流れるだろう」,,
Message,"	    [ Conan the Avenger, by Robert E. Howard, Bjorn Nyberg,",[ コナン・ザ・アベンジャー、ロバート・E・ハワード、ビョルン・ニーベリ著、,,
Message,		and L. Sprague de Camp ],と L. スプラーグ デ カンプ],,
Message,	You look into one of these and see _vapours swirling like,これらの 1 つを覗いてみると、蒸気が渦巻いているのが見えます。,,
Message,	clouds_.  These shortly clear away to show a sort of video,雲_。これらはすぐに消えて、一種のビデオが表示されます,,
Message,	without sound of something that is going to happen to you,あなたに何かが起こる音もなく,,
Message,	soon.  It is seldom good news.,すぐ。良いニュースはめったにありません。,,
Message,"	Curses are longstanding ill-wishings which, in Fantasyland,",呪いは長年の悪意であり、ファンタジーランドでは、,,
Message,	often manifest as semisentient.  They have to be broken or,多くの場合、半知覚として現れます。壊れなければなりません。,,
Message,	dispelled.  The method varies according to the type and,払拭されました。種類や種類によって方法は異なりますが、,,
Message,	origin of the Curse:,呪いの起源:,,
Message,	4.  Curses on Rings and Swords.  You have problems.  Rings,4. 指輪と剣の呪い。問題があります。指輪,,
Message,"	have to be returned whence they came, preferably at over a",できれば1日以上で、来たときと同じ状態で返却する必要があります。,,
Message,"	thousand degrees Fahrenheit, and the Curse means you won't",華氏千度、そして呪いはあなたがそうしないことを意味します,,
Message,	want to do this.  Swords usually resist all attempts to,これをやりたいです。剣は通常、あらゆる試みに抵抗します。,,
Message,	raise their Curses.  Your best source is to hide the Sword,彼らの呪いを上げます。一番の情報源は剣を隠すことだ,,
Message,	or give it to someone you dislike.,もしくは嫌いな人にあげたり。,,
Message,"	A pack of snow-white, red-eared spectral hounds which",雪のように白く、耳が赤いスペクトル猟犬の群れ。,,
Message,	sometimes took part in the kidnappings and raids the,時々誘拐や襲撃に参加した,,
Message,	inhabitants of the underworld sometimes make on this world,冥界の住人は時々この世に現れる,,
Message,	(the Wild Hunt).  They are associated in Wales with the sounds,（ワイルドハント）。ウェールズではそれらは音と結びついています。,,
Message,"	of migrating wild geese, and are said to be leading the souls",渡りをする雁の群れで、魂を導いていると言われています。,,
Message,	of the damned to hell.  The phantom chase is usually heard or,地獄に落ちた者たちの。通常、ファントムチェイスが聞こえたり、,,
Message,	seen in midwinter and is accompanied by a howling wind.,真冬に見られ、うなる風を伴います。,,
Message,"	And after he had milked his cattle swiftly,",そして彼は牛の乳を急いで搾った後、,,
Message,	he again took hold of two of my men,彼は再び私の部下二人を捕まえた,,
Message,	and had them as his supper.,そしてそれを夕食として食べました。,,
Message,"	Then I went, with a tub of red wine,",それから私は赤ワインの入った桶を持って行きました、,,
Message,"	to stand before the Cyclops, saying:",サイクロプスの前に立ってこう言いました。,,
Message,"	""A drop of wine after all this human meat,",「人間の肉を食べた後のワインを一滴、,,
Message,	so you can taste the delicious wine,美味しいワインを味わっていただけますように,,
Message,"	that is stored in our ship, Cyclops.""",それは私たちの船、サイクロプスに保管されています。」,,
Message,	He took the tub and emptied it.,彼は浴槽を手に取って空にしました。,,
Message,	He appreciated the priceless wine that much,彼はその貴重なワインをとても高く評価した,,
Message,	that he promptly asked me for a second tub.,彼はすぐに私に2番目の浴槽を要求したと言いました。,,
Message,"	""Give it"", he said, ""and give me your name as well"".",「それをください」と彼は言いました、「それからあなたの名前も私に教えてください」。,,
Message,"	Thrice I filled the tub,",浴槽に水を三度も入れましたが、,,
Message,"	and after the wine had clouded his mind,",そしてワインのせいで彼の心が曇ってしまった後、,,
Message,"	I said to him, in a tone as sweet as honey:",私は彼に、蜂蜜のように甘い声で言いました。,,
Message,"	""You have asked my name, Cyclops?  Well,",「私の名前を聞きましたか、サイクロプス？,,
Message,"	my name is very well known.  I'll give it to you,",私の名前はとてもよく知られています。あげますよ、,,
Message,	if you give me the gift you promised me as a guest.,ゲストとして約束したプレゼントをくれたら。,,
Message,	My name is Nobody.  All call me thus:,私の名前はノーバディです。皆は私をこう呼んでいます。,,
Message,"	my father and my mother and my friends.""",父も母も友達も。」,,
Message,	Ruthlessly he answered to this:,冷酷にも彼はこう答えた。,,
Message,"	""Nobody, I will eat you last of all;",「誰も、私は最後にあなたを食べます。,,
Message,	your host of friends will completely precede you.,あなたの友人のホストが完全にあなたより先に来ます。,,
Message,"	That will be my present to you, my friend.""",それがあなたへのプレゼントになります、友よ。」,,
Message,"	And after these words he fell down backwards,",そしてこれらの言葉の後、彼は後ろ向きに倒れ込みました。,,
Message,	restrained by the all-restrainer Hupnos.,全拘束者ハプノスに拘束される。,,
Message,	His monstrous neck slid into the dust;,彼の巨大な首が塵の中に滑り落ちた。,,
Message,	the red wine squirted from his throat;,赤ワインが喉から噴き出しました。,,
Message,	the drunk vomited lumps of human flesh.,酔って嘔吐した人肉の塊。,,
Message,"	... But he ruled rather by force and fear, if they might",... しかし、彼はむしろ武力と恐怖によって支配した。,,
Message,	avail; and those who perceived his shadow spreading over the,利用する;そして彼の影が周囲に広がるのを見た人々は、,,
Message,	world called him the Dark Lord and named him the Enemy; and,世界は彼を暗黒卿と呼び、敵と名付けました。そして,,
Message,	he gathered again under his government all the evil things of,彼は再び自分の政府の下にあらゆる邪悪なものを集めた,,
Message,"	the days of Morgoth that remained on earth or beneath it,",地上またはその地下に残ったモルゴスの日々、,,
Message,	and the Orcs were at his command and multiplied like flies.,そしてオークたちは彼の命令に従い、ハエのように増えた。,,
Message,	Thus the Black Years began ...,こうして暗黒時代が始まった…,,
Message,"	A terrible deity, whose very name was capable of producing the",その名そのものが、,,
Message,	most horrible effects.  He is first mentioned by the 4th-century,最も恐ろしい影響。彼が最初に言及されるのは 4 世紀までです。,,
Message,"	Christian writer, Lactantius, who in doing so broke with the",キリスト教作家ラクタンティウスは、そうすることで宗教と決別した。,,
Message,	superstition that the very reference to Demogorgon by name,まさにデモゴルゴンを名前で言及しているという迷信,,
Message,	brought death and disaster.,死と災難をもたらした。,,
Message,"	Demogorgon, the prince of demons, wallows in filth and can",悪魔の王子デモゴルゴンは汚物の中にうずくまって、,,
Message,	spread a quickly fatal illness to his victims while rending,引き裂きながら犠牲者に急速に致命的な病気を広めた,,
Message,"	them.  He is a mighty spellcaster, and he can drain the life",彼ら。彼は強力な呪文使いであり、命を消耗させることができます,,
Message,	of mortals with a touch of his tail.,尻尾に触れるだけで定命の者たちを攻撃します。,,
Message,	It is often very hard to discover what any given Demon looks,特定のデーモンがどのような外観をしているかを見つけるのは非常に難しいことがよくあります,,
Message,"	like, apart from a general impression of large size, huge",大きいという一般的な印象とは別に、巨大な,,
Message,"	fangs, staring eyes, many limbs, and an odd color; but all",牙、見つめる目、たくさんの手足、そして奇妙な色。でもすべて,,
Message,"	accounts agree that Demons are very powerful, very Magic (in",デーモンは非常に強力で、非常に魔法であるという点で意見が一致しています（,,
Message,"	a nonhuman manner), and made of some substance that can squeeze",非人間的な方法）、そして圧迫できる何らかの物質で作られています,,
Message,	through a keyhole yet not be pierced with a Sword.  This makes,鍵穴を通っても、剣で突き刺されることはありません。これにより、,,
Message,"	them difficult to deal with, even on the rare occasions when",まれな場合であっても、それらに対処するのは困難です。,,
Message,	they are friendly.,彼らはフレンドリーです。,,
Message,	Think not that I am come to send peace on earth:  I came not to,私が地上に平和をもたらすために来たとは思わないでください。私は平和をもたらすために来たのではありません。,,
Message,"	send peace, but a sword.",平和を送りますが、剣を送ります。,,
Message,	Here was a sight to beat all: a man in the prime of life rambling,ここにはすべてを打ち負かす光景があった：働き盛りの男がとりとめなく走り回っていた,,
Message,"	barefoot down the wilderness road, dressed in raggedy pantaloons",ぼろぼろのパンタロンを着て、裸足で荒野の道を歩く,,
Message,"	sewn out of two meal sacks, a shirt so tattered and scrappish",二つの食事袋を縫い合わせて、シャツはボロボロでボロボロだった,,
Message,	that its owner had a proud choice of holes to stick his arms,その所有者は腕を突き刺すための穴を誇りを持って選んでいたということ,,
Message,"	through, and -- the crowning glory -- a hat in the exact",そして――最高の栄光――まさに帽子,,
Message,"	likeness of a tin mush pot, somewhat dented, but snugly fitted,",ブリキのマッシュポットに似ており、多少へこんでいますが、ぴったりとフィットしています。,,
Message,"	with the handle turned to one side, as if it were the very",ハンドルを片側に向けて、あたかもそれがまさにそのものであるかのように、,,
Message,	latest and smartest of fashions.,最新かつ最もスマートなファッション。,,
Message,	The hardest known mineral (with a hardness of 10 on Mohs' scale).,知られている中で最も硬い鉱物（モース硬度 10）。,,
Message,	It is an allotropic form of pure carbon that has crystallized in,結晶化した純粋な炭素の同素体です。,,
Message,"	the cubic system, usually as octahedra or cubes, under great",立方体系、通常は八面体または立方体として、大規模な条件下で,,
Message,	pressure.,プレッシャー。,,
Message,"	The diamond, _adamas_ or _dyamas_, is a transparent stone, like",ダイヤモンド、_adamas_ または _dyamas_ は、次のような透明な石です。,,
Message,"	crystal, but having the colour of polished iron, but it cannot",結晶ですが、磨かれた鉄の色をしていますが、それはできません,,
Message,"	be destroyed by iron, fire or any other means, unless it is",そうでない場合を除き、鉄、火、またはその他の手段で破壊することはできません。,,
Message,	placed in the hot blood of a goat; with sharp pieces of diamond,ヤギの熱血の中に入れられます。鋭いダイヤモンドの破片で,,
Message,	other stones are engraved and polished.  It is no greater than,他の石は彫刻され、磨かれています。それ以上ではありません,,
Message,"	a small nut.  There are six kinds, however Adamant attracts",小さなナット。 6種類あるけどアダマントが魅力,,
Message,	metal; it expels venom; it produces amber (and is efficacious,金属;それは毒を排出します。琥珀を生成します（そして効果的です）,,
Message,	against empty fears and for those resisting spells).  It is,空虚な恐怖に対して、そして呪文に抵抗する人々のために）。それは,,
Message,"	found in India, in Greece and in Cyprus, where magicians make",インド、ギリシャ、キプロスで発見され、魔術師が,,
Message,	use of it.  It gives you courage; it averts apparitions; it,それの使用。それはあなたに勇気を与えます。それは幻影を避けます。それ,,
Message,	removes anger and quarrels; it heals the mad; it defends you,怒りや口論を取り除きます。それは狂った人を癒します。それはあなたを守る,,
Message,	from your enemies.  It should be set in gold or silver and worn,敵から。ゴールドまたはシルバーにセットして着用する必要があります,,
Message,	on the left arm.  It is likewise found in Arabia.,左腕に。アラビアでも同様に見られます。,,
Message,	The most famous and the first to be named of the imaginary,最も有名であり、最初に名前が付けられた架空の人物,,
Message,"	""minerals"" of Star Trek is dilithium. ... Because of this",スタートレックの「鉱物」はダイリチウムです。 ... このため,,
Message,"	mineral's central role in the storyline, a whole mythology",ストーリーライン、神話全体における鉱物の中心的な役割,,
Message,"	surrounds it.  It is, however, a naturally occurring substance",それを囲みます。ただし、天然に存在する物質ですので、,,
Message,"	within the mythology, as there are various episodes that",神話の中には様々なエピソードがあるので、,,
Message,	make reference to the mining of dilithium deposits. ...,ダイリチウム鉱床の採掘について言及する。 ...,,
Message,	This name itself is imaginary and gives no real information on,この名前自体は架空のものであり、実際の情報は提供されません。,,
Message,	the structure or make-up of this substance other than that this,それ以外のこの物質の構造または構成,,
Message,	version of the name implies a lithium and iron-bearing,名前のバージョンは、リチウムと鉄を含むことを意味します,,
Message,"	aluminosilicate of some sort.  That said, the real mineral that",ある種のアルミノケイ酸塩。つまり、本物のミネラルは、,,
Message,	most closely matches the descriptive elements of this name is,この名前の説明要素に最もよく一致するのは、,,
Message,	ferroholmquistite which is a dilithium triferrodiallosilicate.,トリフェロジアロケイ酸ジリチウムであるフェロホルムキスティタイト。,,
Message,	If one goes on the premise that nature follows certain general,自然が特定の一般的なものに従うという前提に立つなら、,,
Message,"	norms, then one could extrapolate that dilithium might have a",基準を考慮すると、ダイリチウムには次のような性質があると推測できます。,,
Message,	similar number of silicon atoms in its structure.,その構造内のシリコン原子の数は同様です。,,
Message,	Keeping seven (i.e. hepto) ferrous irons and balancing the,7 つの鉄（ヘプト）鉄を維持し、バランスをとります。,,
Message,	oxygens would give a theoretical formula of Li2Fe7Al2Si8O27.,酸素の理論式は Li2Fe7Al2Si8O27 になります。,,
Message,"	A mineral with this composition could theoretically exist,",この組成の鉱物は理論的には存在する可能性がありますが、,,
Message,	although it is doubtful that it would possess the more fantastic,それがもっと素晴らしいものを持っているかどうかは疑わしいが、,,
Message,	properties ascribed to dilithium.,ダイリチウムに起因する特性。,,
Message,"	A wolflike wild dog, Canis dingo, of Australia, having a",オーストラリアのオオカミのような野犬、カニス・ディンゴ。,,
Message,"	reddish- or yellowish-brown coat, believed to have been",赤みがかった、または黄褐色の毛皮であったと考えられています。,,
Message,	introduced by the aborigines.,先住民によって導入された。,,
Message,		[ Webster's Encyclopedic Unabridged Dictionary,[ ウェブスター百科事典全抄訳,,
Message,		    of the English Language ],英語の,,
Message,"	Ask not, what your magic can do to it.  Ask what it can do","Ask not, what your magic can do to it.何ができるかを尋ねる",,
Message,	to your magic.,あなたの魔法に。,,
Message,"	The Roman ruler of the underworld and fortune, similar to the",ローマの冥界と富の支配者。,,
Message,"	Greek Hades.  Every hundred years, the Ludi Tarentini were",ギリシャのハデス。百年ごとに、ルディ・タレンティーニは,,
Message,	celebrated in his honor.  The Gauls regarded Dis Pater as,彼の名誉のために祝われました。ガリア人はディス・パテルを,,
Message,"	their ancestor.  The name is a contraction of the Latin Dives,",彼らの先祖。名前はラテン語の Dives を縮めたもので、,,
Message,"	""the wealthy"", Dives Pater, ""the wealthy father"", or ""Fater",「裕福な人」、ダイブ・ペイター、「裕福な父親」、または「フェイター」,,
Message,"	Wealth"".  It refers to the wealth of precious stone below the",富」。それは、以下の宝石の富を指します。,,
Message,	earth.,地球。,,
Message,	This strange creature appears to be mutant form of puma (aka,この奇妙な生き物はピューマ (別名) の突然変異体であるようです。,,
Message,	cougar or mountain lion) which lives in underground settings,クーガーまたはピューマ）地下に生息する,,
Message,	rather than outdoor wilderness.  It is capable of exchanging,屋外の荒野ではなく。交換可能です,,
Message,	positions with people or creatures in its path and is not,進路上に人や生き物がいる位置にいますが、そうではありません,,
Message,	fooled by displaced images of others.,他人の置き換えられたイメージに騙される。,,
Message,"	The djinn are genies from the elemental plane of Air.  There,",ジンは空気の元素界から来た魔神です。そこには、,,
Message,"	among their kind, they have their own societies.  They are",彼らは同じ種族の中でも独自の社会を持っています。彼らです,,
Message,	sometimes encountered on earth and may even be summoned here,時々地球上で遭遇し、ここに召喚されることもあります,,
Message,	to perform some service for powerful wizards.  The wizards,強力なウィザードに対して何らかのサービスを実行するため。魔法使いたち,,
Message,"	often leave them about for later service, safely tucked away",多くの場合、後の作業のために安全な場所に保管しておきます。,,
Message,"	in a flask or lamp.  Once in a while, such a tool is found by",フラスコやランプの中。時々、そのようなツールが見つかります,,
Message,"	a lucky rogue, and some djinn are known to be so grateful",幸運なならず者、そして一部のジンはとても感謝していることで知られています,,
Message,	when released that they might grant their rescuer a wish.,解放されるとき、彼らは救助者の願いを叶えてくれるかもしれないと。,,
Message,"	A domestic animal, the _tame dog_ (_Canis familiaris_), of",家畜、_飼いならされた犬_ (_Canis familiais_),,
Message,"	which numerous breeds exist.  The male is called a dog,",数多くの品種が存在します。雄は犬と呼ばれますが、,,
Message,	while the female is called a bitch.  Because of its known,一方、女性は雌犬と呼ばれます。知られているので、,,
Message,"	loyalty to man and gentleness with children, it is the",人間への忠誠心と子供たちへの優しさ、それが,,
Message,	world's most popular domestic animal.  It can easily be,世界で最も人気のある家畜。それは簡単にできます,,
Message,	trained to perform various tasks.,さまざまなタスクを実行するために訓練されています。,,
Message,	Through me you pass into the city of woe:,あなたは私を通して悲惨な街に入ります。,,
Message,	Through me you pass into eternal pain:,私を通してあなたは永遠の苦しみに陥る。,,
Message,	Through me among the people lost for aye.,私を通して、失われた人々の中にいます。,,
Message,	Justice the founder of my fabric mov'd:,私のファブリックの創設者であるジャスティスはこう言いました。,,
Message,"	To rear me was the task of power divine,",私を育てるのは神の力の仕事でした、,,
Message,"	Supremest wisdom, and primeval love.",至高の知恵と原初の愛。,,
Message,"	Before me things create were none, save things",私の前では、創造するものは何もありませんでした、ものを保存します,,
Message,"	Eternal, and eternal I endure.",永遠に、そして永遠に、私は耐えます。,,
Message,	All hope abandon ye who enter here.,ここに入る者たちをすべて見捨てることを望みます。,,
Message,"	    [ The Inferno, from The Divine Comedy of Dante Alighieri,",[ インフェルノ、ダンテ・アリギエーリの神曲より、,,
Message,	      translated by H.F. Cary ],H.F.ケーリー訳],,
Message,"	""Then we can only give thanks that this is Antarctica, where",「ならば、ここが南極であることに感謝するほかない。,,
Message,"	there is not one, single, solitary, living thing for it to",それができるのは、単一の、孤独な、生き物ではありません。,,
Message,"	imitate, except these animals in camp.""",キャンプにいるこれらの動物を除いて、真似してください。」,,
Message,"	""Us,"" Blair giggled. ""It can imitate us. Dogs can't make four",「私たちよ」ブレアはくすくすと笑った。 「犬は私たちの真似をすることができます。犬は4つ作ることはできません」,,
Message,	hundred miles to the sea; there's no food. There aren't any,海まで数百マイル。食べ物がない。何もありません,,
Message,	skua gulls to imitate at this season. There aren't any,この季節に真似したいオオカモメ。何もありません,,
Message,	penguins this far inland. There's nothing that can reach the,ペンギンはここまで内陸にいます。到達できるものは何もない,,
Message,	sea from this point - except us. We've got brains. We can do,ここからは海です - 私たちを除いて。私たちには頭脳がある。私たちにはできる,,
Message,	it. Don't you see - it's got to imitate us - it's got to be one,それ。わかりませんか - それは私たちを真似する必要があります - それは一つでなければなりません,,
Message,	of us - that's the only way it can fly an airplane - fly a plane,私たちの - それが飛行機を飛ばす唯一の方法です - 飛行機を飛ばします,,
Message,"	for two hours, and rule - be - all Earth's inhabitants. A world",2時間、そして地球上のすべての住民を支配することになります。世界,,
Message,	for the taking - if it imitates us!,それが私たちを模倣するなら、取ってください！,,
Message,	Xander: Let go!  I have to kill the demon bot!,ザンダー: 放して！デーモンボットを殺さなければなりません！,,
Message,"	Xander Double (grabbing the gun): Anya, get out of the way.",ザンダー・ダブル (銃を掴む): アーニャ、そこから離れて。,,
Message,	Buffy: Xander!,バフィー：ザンダー！,,
Message,"	Xander Double: That's all right, Buffy.  I have him.",ザンダー・ダブル: 大丈夫です、バフィー。私には彼がいます。,,
Message,"	Xander: No, Buffy, I'm me.  Help me!",ザンダー: いいえ、バフィー、私は私です。助けて！,,
Message,"	Anya: My gun, he's got my gun.",アーニャ: 私の銃、彼は私の銃を持っています。,,
Message,	Riley: You own a gun?,ライリー: 銃を持っていますか?,,
Message,"	Buffy: Xander, gun holding Xander, give it to me.",バフィー: ザンダー、銃を持ったザンダー、それをくれ。,,
Message,"	Anya: Buffy, which one's real?",アーニャ: バフィー、どれが本物?,,
Message,	Xander: I am.,ザンダー：そうですよ。,,
Message,"	Xander Double: No, _I_ am.",ザンダー・ダブル: いいえ、私はそうです。,,
Message,	In the West the dragon was the natural enemy of man.  Although,西洋ではドラゴンは人間の天敵でした。それでも,,
Message,"	preferring to live in bleak and desolate regions, whenever it",いつでも荒涼とした荒涼とした地域に住むことを好む,,
Message,	was seen among men it left in its wake a trail of destruction,人類の間で目撃され、その後に破壊の痕跡を残した,,
Message,	and disease.  Yet any attempt to slay this beast was a perilous,そして病気。しかし、この獣を殺そうとする試みは危険でした。,,
Message,	undertaking.  For the dragon's assailant had to contend,引き受けること。ドラゴンの襲撃者は戦わなければならなかったからだ,,
Message,	not only with clouds of sulphurous fumes pouring from its fire,硫黄の煙が火から噴き出すだけではありません。,,
Message,"	breathing nostrils, but also with the thrashings of its tail,",鼻で呼吸するだけでなく、尻尾をバタバタと叩きながらも、,,
Message,	the most deadly part of its serpent-like body.,蛇のような体の最も致命的な部分。,,
Message,"	""One whom the dragons will speak with,"" he said, ""that is a",「ドラゴンが話すであろう人、それは,,
Message,"	dragonlord, or at least that is the center of the matter.  It's",ドラゴンロード、少なくともそれが問題の中心です。その,,
Message,"	not a trick of mastering the dragons, as most people think.",ほとんどの人が考えているように、ドラゴンをマスターするためのトリックではありません。,,
Message,"	Dragons have no masters.  The question is always the same, with",ドラゴンにはマスターがいません。質問は常に同じです。,,
Message,	a dragon:  will he talk to you or will he eat you?  If you can,ドラゴン: 彼はあなたに話しかけますか、それともあなたを食べますか?できれば,,
Message,"	count upon his doing the former, and not doing the latter, why",彼は前者を実行し、後者を実行しないと期待しているのですが、なぜですか,,
Message,"	then you're a dragonlord.""",ならば君は竜王だ。」,,
Message,"	Stephen had argued, and the expert armorer had grudgingly",スティーブンは反論したが、熟練の甲冑師はしぶしぶこう言った。,,
Message,"	admitted, that dragonscale shield or armor, provided it proved",証明できれば、竜鱗の盾や鎧を認めた,,
Message,"	feasible to make at all, ought to offer some real, practical",まったく実現可能であり、実際的で実用的なものを提供するはずです,,
Message,	advantages over any metal breastplate or shield -- gram for,あらゆる金属製の胸当てやシールドに勝る利点 -- グラム単位,,
Message,"	gram of weight, such a defense would probably be a lot",体重グラム、そのような防御はおそらくかなりの量になるだろう,,
Message,	tougher and more protective than any human smiths could,人間の鍛冶屋よりもタフで防御力が高い,,
Message,	make of steel.,スチール製。,,
Message,"		[ The Last Book of Swords: Shieldbreaker's Story,",[ 最後の剣の書: シールドブレイカーの物語、,,
Message,			by Fred Saberhagen ],フレッド・セイバーヘイゲン著],,
Message,	And now the youth,そして今の若者は,,
Message,"	was to enter the line of battle with his lord,",主君とともに戦列に加わることになっていたが、,,
Message,	his first time to be tested as a fighter.,彼が戦闘機としてテストされるのは初めてだ。,,
Message,	His spirit did not break and the ancestral blade,彼の精神は折れず、祖先の刃は,,
Message,"	would keep its edge, as the dragon discovered",ドラゴンが発見したように、その優位性を保つだろう,,
Message,	as soon as they came together in combat.,彼らが戦闘で一緒になるとすぐに。,,
Message,"	Many travelers have seen the drums of the great apes, and",多くの旅行者が類人猿の太鼓を見たことがあるでしょう。,,
Message,	some have heard the sounds of their beating and the noise of,殴る音や騒音を聞いた人もいます。,,
Message,"	the wild, weird revelry of these first lords of the jungle,",ジャングルの最初の支配者たちのワイルドで奇妙な大騒ぎ、,,
Message,"	but Tarzan, Lord Greystoke, is, doubtless, the only human",しかし、ターザン、グレイストーク卿は間違いなく唯一の人間です,,
Message,"	being who ever joined in the fierce, mad, intoxicating revel",激しく、狂った、酩酊の宴に参加したことのある人,,
Message,	of the Dum-Dum.,ダムダムの。,,
Message,"	A dunce cap, also variously known as a dunce hat, dunce's",劣等生キャップ、劣等生帽子、劣等生帽子としても知られる、劣等生の帽子,,
Message,"	cap, or dunce's hat, is a tall conical hat.  In popular",キャップ、または劣等生の帽子は、背の高い円錐形の帽子です。人気の,,
Message,"	culture, it is typically made of paper and often marked with",文化的には、通常は紙でできており、次のようなマークが付いていることがよくあります。,,
Message,"	a D, and given to schoolchildren to wear as punishment for",D で、学童に罰として着用するために与えられました。,,
Message,"	being stupid or lazy.  While this is now a rare practice,",愚かであるか怠け者であること。今ではこのような行為は稀になりましたが、,,
Message,	it is frequently depicted in popular culture such as,などの大衆文化で頻繁に描かれています。,,
Message,	children's cartoons.,子供の漫画。,,
Message,	At once as far as Angels kenn he views,すぐにエンジェルスケンまで彼は見渡す,,
Message,"	The dismal Situation waste and wilde,",悲惨な状況は荒廃し、荒々しく、,,
Message,"	A Dungeon horrible, on all sides round",恐ろしいダンジョン、四方八方が丸い,,
Message,"	As one great Furnace flam'd, yet from those flames",一つの大きな炉が燃え上がったように、それでもその炎から,,
Message,"	No light, but rather darkness visible",光はなく、むしろ闇が見える,,
Message,"	Serv'd only to discover sights of woe,",悲惨な光景を発見するためだけに奉仕され、,,
Message,"	Regions of sorrow, doleful shades, where peace",悲しみの領域、憂鬱な色合い、そして平和な領域,,
Message,"	And rest can never dwell, hope never comes",そして安息は決して住めない、希望は決して訪れない,,
Message,	That comes to all; but torture without end,それはすべてに当てはまります。しかし終わりのない拷問,,
Message,"	Still urges, and a fiery Deluge, fed",まだ衝動があり、激しい大洪水があり、満たされている,,
Message,	With ever-burning Sulphur unconsum'd:,燃え続ける硫黄が消費されずに:,,
Message,	Such place Eternal Justice had prepar'd,永遠の正義が用意したそのような場所,,
Message,"	For those rebellious, here their Prison ordain'd",反逆者たちのために、ここに彼らの刑務所が定められた,,
Message,"	In utter darkness, and their portion set",完全な暗闇の中で、彼らの取り分は設定されました,,
Message,	As far remov'd from God and light of Heav'n,神と天国の光から遠く離れたところにある,,
Message,	As from the Center thrice to th' utmost Pole.,中心から3回目の極点までのように。,,
Message,"	Dwarfs have faces like men (ugly men, with wrinkled, leathery",ドワーフは男性のような顔をしています（醜い男性、しわがあり、革のようです）,,
Message,"	skins), but are generally either flat-footed, duck-footed, or",皮）、しかし一般的には扁平足、アヒル足、または,,
Message,"	have feet pointing backwards.  They are of the earth, earthy,",足を後ろに向けています。彼らは土のものであり、土のようなものであり、,,
Message,	living in the darkest of caverns and venturing forth only,最も暗い洞窟に住み、ただ外へ向かって冒険するだけ,,
Message,"	with the cloaks by which they can make themselves invisible,",彼らは自分自身を見えなくすることができるマントを着て、,,
Message,"	and others disguised as toads.  Miners often come across them,",ヒキガエルに変装した人もいます。鉱山労働者はよくそれらに遭遇します。,,
Message,	and sometimes establish reasonably close relations with them.,そして時には彼らと適度に緊密な関係を築くこともあります。,,
Message,	... The miners of Cornwall were always delighted to hear a,... コーンウォールの鉱山労働者たちは、この声を聞くといつも喜んでいた。,,
Message,"	bucca busily mining away, for all dwarfs have an infallible",ブッカはせっせと採掘をしている、すべてのドワーフは絶対確実なものを持っているから,,
Message,	nose for precious metals.,貴金属の鼻。,,
Message,"	Among other things, dwarfs are rightly valued for their skill",とりわけ、ドワーフはそのスキルによって正当に評価されています,,
Message,	as blacksmiths and jewellers: they made Odin his famous spear,鍛冶屋や宝石商として: 彼らはオーディンを彼の有名な槍にしました,,
Message,"	Gungnir, and Thor his hammer; for Freya they designed a",グングニルとトールのハンマー。フレイヤのために彼らは,,
Message,"	magnificent necklace, and for Frey a golden boar.  And in their",素晴らしいネックレス、そしてフレイには金の猪。そして彼らの中で,,
Message,"	spare time they are excellent bakers.  Ironically, despite",暇なときは、彼らは素晴らしいパン屋です。皮肉なことに、にも関わらず,,
Message,"	their odd feet, they are particularly fond of dancing.  They",彼らは足が奇形で、特にダンスが好きです。彼らは,,
Message,"	can also see into the future, and consequently are excellent",未来も見えるので優秀です,,
Message,	meteorologists.  They can be free with presents to people,気象学者。人々にプレゼントすれば無料になれる,,
Message,"	they like, and a dwarvish gift is likely to turn to gold in",彼らは気に入っており、ドワーフの贈り物はやがて金に変わる可能性があります。,,
Message,	the hand.  But on the whole they are a snappish lot.,手。しかし、全体としては、それらは非常に速いものです。,,
Message,"	That's how they all came to start, jogging off from the inn one",そうやってみんなは宿屋からジョギングを始めたんだ,,
Message,"	fine morning just before May, on laden ponies; and Bilbo was",5月直前の晴れた朝、荷物を積んだポニーに乗って。そしてビルボは,,
Message,	wearing a dark-green hood (a little weather-stained) and a,濃い緑色のフード（少し風雨で汚れています）をかぶっており、,,
Message,	dark-green cloak borrowed from Dwalin.  They were too large for,ドワリンから借りた深緑色のマント。それらは大きすぎました,,
Message,"	him, and he looked rather comic.",彼はかなり滑稽に見えた。,,
Message,"	In after days, when because of the triumph of Morgoth Elves and",数日後、モルゴスエルフの勝利により、,,
Message,"	Men became estranged, as he most wished, those of the Elven-race",彼が最も望んでいたように、人々はエルフ族の人々から疎遠になった,,
Message,"	that lived still in Middle-earth waned and faded, and Men usurped",中つ国にまだ生きていたものは衰退し、色褪せ、そして人間が簒奪した,,
Message,	the sunlight.  Then the Quendi wandered in the lonely places of the,太陽の光。それからクエンディは人里離れた場所をさまよった。,,
Message,"	great lands and the isles, and took to the moonlight and the",偉大な土地や島々、そして月明かりや,,
Message,"	starlight, and to the woods and the caves, becoming as shadows",星の光も森も洞窟も影になって,,
Message,"	and memories, save those who ever and anon set sail into the West",そして思い出よ、これまでそしてこれからも西へ出航した人々を救ってください,,
Message,	and vanished from Middle-earth.  But in the dawn of years Elves,そして中つ国から姿を消した。しかし、夜明けにエルフは,,
Message,"	and Men were allies and held themselves akin, and there were some",そして人間は同盟者であり、自分たちを同類だと考えていました、そして、いくつかの人々はそうでした,,
Message,"	among Men that learned the wisdom of the Eldar, and became great",エルダールの知恵を学び、偉大になった人々の間で,,
Message,	and valiant among the captains of the Noldor.  And in the glory,ノルドールの船長の中でも勇敢です。そして栄光の中で,,
Message,"	and beauty of the Elves, and in their fate, full share had the",そしてエルフの美しさ、そして彼らの運命において、すべての分け前は、,,
Message,"	offspring of elf and mortal, Earendil, and Elwing, and Elrond",エルフと定命の者、エレンディル、エルウィング、エルロンドの子孫,,
Message,	their child.,彼らの子供。,,
Message,	The behaviour of eels in fresh water extends the air of,淡水でのウナギの行動は、,,
Message,"	mystery surrounding them.  They move freely into muddy, silty",彼らを取り巻く謎。彼らは泥だらけのシルトの中を自由に移動します,,
Message,"	bottoms of lakes, lying buried in the daylight hours in summer.",夏の日中に湖の底に埋もれている。,,
Message,"	[...]  Eels are voracious carnivores, feeding mainly at",[...] ウナギは貪欲な肉食動物であり、主に次の場所で食事をします。,,
Message,	night and consuming a wide variety of fishes and invertebrate,夜間、さまざまな魚や無脊椎動物を食べる,,
Message,"	creatures.  Contrary to earlier thinking, eels seek living",生き物たち。これまでの考えに反して、ウナギは生きることを求めている,,
Message,	rather than dead creatures and are not habitual eaters of,死んだ生き物ではなく、常食者ではありません。,,
Message,	carrion.,腐肉。,,
Message,	... Even as they stepped over the threshold a single clear,...敷居をまたいだとしても、一発クリア,,
Message,	voice rose in song.,歌の中で声が上がった。,,
Message,"		A Elbereth Gilthoniel,",エルベレス・ギルソニエル、,,
Message,		silivren penna miriel,シリレン・ペンナ・ミリエル,,
Message,		o menel aglar elenath!,おお、メネル・アグラー・エレナス！,,
Message,		Na-chaered palan-diriel,ナ・チェレド・パラン・ディリエル,,
Message,"		o galadhremmin ennorath,",おおガラドレンミン・エノラス、,,
Message,"		Fanuilos, le linnathon",ファヌイロス、ル・リンナソン,,
Message,"		nef aear, si nef aearon!",ネフ・アーロン、ネフ・アーロン！,,
Message,"	Frodo halted for a moment, looking back.  Elrond was in his",フロドは一瞬立ち止まり、振り返った。エルロンドは彼の中にいた,,
Message,	chair and the fire was on his face like summer-light upon the,椅子に座ると、彼の顔には夏の光のように火が燃えていた。,,
Message,	trees.  Near him sat the Lady Arwen.  [...],木々。彼の近くにレディ・アルウェンが座っていた。 [...],,
Message,"	He stood still enchanted, while the sweet syllables of the",甘い音節が聞こえる中、彼はうっとりしながら立ち止まった。,,
Message,	elvish song fell like clear jewels of blended word and melody.,エルフの歌は言葉とメロディーが混ざり合った透明な宝石のように聞こえた。,,
Message,"	""It is a song to Elbereth,"" said Bilbo.  ""They will sing that,",「これはエルベレスへの歌だよ」とビルボは言った。 「彼らはこう歌うだろう、,,
Message,"	and other songs of the Blessed Realm, many times tonight.",など、至福の国の歌を今夜何度も。,,
Message,"	Come on!""","来て！""",,
Message,"	South-American fish (_Gymnotus electricus_), living in fresh",新鮮な環境に生息する南米の魚 (_Gymnotus electricus_),,
Message,"	water.  Shaped like a serpent, it can grow up to 2 metres.",水。蛇のような形をしており、最大2メートルまで成長することもあります。,,
Message,	This eel is known for its electrical organ which enables it,このウナギは、電気器官を備えていることで知られています。,,
Message,	to paralyse creatures up to the size of a horse.,馬ほどの大きさまでの生き物を麻痺させる。,,
Message,	Elementals are manifestations of the basic nature of the,エレメンタルは、その基本的な性質の現れです。,,
Message,"	universe.  There are four known forms of elementals:  air, fire,",宇宙。エレメンタルには、空気、火、,,
Message,"	water, and earth.  Some mystics have postulated the necessity",水と土。神秘主義者の中には、その必要性を仮定している人もいる,,
Message,"	for a fifth type, the spirit elemental, but none have ever",5番目のタイプはスピリットエレメンタルですが、これまでに存在したものはありません,,
Message,"	been encountered, at least on this plane of existence.",少なくともこの存在面では遭遇しました。,,
Message,	The Elves sat round the fire upon the grass or upon the sawn,エルフたちは火を囲んで草の上、または鋸で切った薪の上に座っていた,,
Message,	rings of old trunks.  Some went to and fro bearing cups and,古いトランクのリング。ベアリングカップを行ったり来たりする人もいましたが、,,
Message,	pouring drinks; others brought food on heaped plates and,飲み物を注ぐ。他の人は皿を山盛りにして食べ物を持ってきました。,,
Message,	dishes.,食器。,,
Message,"	""This is poor fare,"" they said to the hobbits; ""for we are",「これはひどいものだ」と彼らはホビットたちに言った。 「だって私たちは,,
Message,	lodging in the greenwood far from our halls.  If ever you are,私たちのホールから遠く離れた緑の森に宿泊しています。もしそうなら,,
Message,"	our guests at home, we will treat you better.""",ご在宅のお客様、より良いおもてなしをさせていただきます。」,,
Message,"	""It seems to me good enough for a birthday-party,"" said Frodo.",「誕生日パーティーには十分だと思うよ」とフロドは言った。,,
Message,"	Pippin afterwards recalled little of either food or drink, for",その後、ピピンは食べ物も飲み物もほとんど覚えていませんでした。,,
Message,"	his mind was filled with the light upon the elf-faces, and the",彼の心はエルフの顔に当たる光で満たされていた。,,
Message,	sound of voices so various and so beautiful that he felt in a,声の響きはとても多様で、とても美しいので、彼は心の中で感じました。,,
Message,	waking dream.  [...],目覚めた夢。 [...],,
Message,"	Sam could never describe in words, nor picture clearly to",サムは言葉で説明することも、明確にイメージすることもできませんでした。,,
Message,"	himself, what he felt or thought that night, though it remained",彼自身、その夜感じたこと、考えたこと、それは残っていたが,,
Message,	in his memory as one of the chief events of his life.  The,彼の人生の主要な出来事の一つとして記憶に残っています。の,,
Message,"	nearest he ever got was to say: ""Well, sir, if I could grow",彼がこれまでに一番言いたかったことはこう言うことだった、「そうですね、もし私が成長できたら」,,
Message,"	apples like that, I would call myself a gardener.  But it was",そんなリンゴなら、私は自分を庭師と呼びたいと思います。しかし、そうでした,,
Message,"	the singing that went to my heart, if you know what I mean.""",私の言っている意味が分かるなら、私の心に響く歌でした。」,,
Message,	'Put off that mask of burning gold,「その燃えるような黄金のマスクを脱いでください」,,
Message,	With emerald eyes.',エメラルド色の瞳で。』,,
Message,"	'O no, my dear, you make so bold",「ああ、いや、あなた、あなたはとても大胆です」,,
Message,"	To find if hearts be wild and wise,",心が野生的で賢明であるかどうかを知るために、,,
Message,	And yet not cold.',それでいて寒くない』,,
Message,"	'I would but find what's there to find,",「私は見つけられるものだけを見つけたいと思います、,,
Message,	Love or deceit.',愛か、それとも欺瞞か。』,,
Message,"	'It was the mask engaged your mind,",「それはマスクがあなたの心を魅了したのです、,,
Message,"	And after set your heart to beat,",そして、心臓を鼓動させた後、,,
Message,	Not what's behind.',後ろにあるものではありません。』,,
Message,"	'But lest you are my enemy,",「しかし、あなたが私の敵にならないように、,,
Message,	I must enquire.',尋ねなければなりません。』,,
Message,"	'O no, my dear, let all that be;",「ああ、いいえ、愛する人よ、すべてをそのままにしておきなさい。,,
Message,"	What matter, so there is but fire",何が問題かというと、火しかない,,
Message,"	In you, in me?'",あなたの中で、私の中で？,,
Message,	Presently we reached a place where the beach narrowed; the sea,やがて私たちは浜が狭くなった場所に到着した。海,,
Message,"	almost came up to the foot of the cliffs, leaving a passage no",ほとんど崖のふもとまで来て、通路が残っていませんでした。,,
Message,	wider than a couple of yards.  Between two projecting rocks we,数ヤードより広い。突き出た二つの岩の間で私たちは,,
Message,	caught sight of the entrance to a dark tunnel.,暗いトンネルの入り口が見えた。,,
Message,"	There, on a slab of granite, appeared two mysterious letters,",そこの花崗岩の板の上に、二つの不思議な文字が現れました。,,
Message,"	half eaten away by time -- the two initials of the bold,",半分は時間によって蝕まれていきます -- 太字の 2 つのイニシャル、,,
Message,	adventurous traveller:,冒険好きな旅行者:,,
Message,			A.S.,として。,,
Message,"	'A.S.,' cried my uncle. 'Arne Saknussemm! Arne Saknussemm again!'",「ああ、」叔父が叫びました。 「アルネ・サクヌセム！」またアルネ・サクヌセム！,,
Message,"	[...] at the sight of those two letters, carved there three",[...] その 2 つの文字を見て、そこに 3 つ刻まれました,,
Message,"	hundred years before, I stood in utter stupefaction.  Not",百年前、私は完全に茫然と立ち尽くしていました。ない,,
Message,	only was the signature of the learned alchemist legible on,学んだ錬金術師の署名だけが判読できた,,
Message,"	the rock, but I held in my hand the dagger which had traced it.",しかし私は岩をなぞった短剣を手に持っていました。,,
Message,"	Without showing the most appalling bad faith, I could no longer",最も恐ろしい悪意を示さなければ、私はもうそれを行うことができませんでした,,
Message,	doubt the existence of the traveller and the reality of his,旅行者の存在と彼の現実を疑う,,
Message,	journey.,旅。,,
Message,"		[ Journey to the Centre of the Earth, by Jules Verne,",[地球の中心への旅、ジュール・ヴェルヌ著、,,
Message,		  translated by Robert Baldick ],ロバート・バルディック訳],,
Message,	The asclepieion at Epidaurus was the most celebrated healing,エピダウロスのアスクレピイオンは最も有名な治癒でした,,
Message,"	center of the Classical world, the place where ill people went",古典世界の中心、病人が行く場所,,
Message,	in the hope of being cured.  To find out the right cure for,治ることを願って。正しい治療法を見つけるには,,
Message,"	their ailments, they spent a night in the enkoimitiria, a big",彼らは病気のため、大きなエンコイミティリアで一夜を過ごしました。,,
Message,"	sleeping hall.  In their dreams, the god himself (Asclepius)",寝床。彼らの夢の中で、神自身（アスクレピオス）,,
Message,	would advise them what they had to do to regain their health.,健康を取り戻すために何をしなければならないかをアドバイスするでしょう。,,
Message,	There are also mineral springs in the vicinity which may have,近くには鉱泉もあります。,,
Message,	been used in healing.,治癒に使用されてきました。,,
Message,	Erinyes are the Furies of ancient myth.,Erinyes は古代神話のフューリーです。,,
Message,	(Erinys is the singular form.),(Erinys は単数形です。),,
Message,"	Holy and pure, from Zeus Khthonios born",神聖で純粋、ゼウスから生まれたクトニオス,,
Message,"	and Persephone, whom lovely locks adorn:",そしてペルセポネは美しい髪で飾られています。,,
Message,"	Whose piercing sight, with vision unconfin'd,",その鋭い視線は、視界が制限されておらず、,,
Message,	surveys the deeds of all the impious kind:,あらゆる不敬虔な行為を調査します。,,
Message,"	On Fate attendant, punishing the race",種族を罰する運命の従者について,,
Message,	(with wrath severe) of deeds unjust and base.,（激しい怒りを込めて）不当で卑劣な行為。,,
Message,"	Dark-colour'd queens, whose glittering eyes are bright",暗い色の女王、その輝く瞳は明るい,,
Message,"	with dreadful, radiant, life-destroying, light:",恐ろしく、輝かしく、生命を破壊するような光で:,,
Message,"	Eternal rulers, terrible and strong,",永遠の支配者、恐ろしくも強い、,,
Message,"	to whom revenge, and tortures dire belong.",復讐と悲惨な拷問は誰に属するのか。,,
Message,"		[ LXIX. To the Furies, The Orphic Hymns,",[LXIX。怒りの者たちへ、オルフェックの賛美歌、,,
Message,		  translated by Thomas Taylor ],トーマス・テイラー訳],,
Message,"	The two-headed giant, or ettin, is a vicious and unpredictable",双頭の巨人、またはエッティンは凶暴で予測不能な存在です。,,
Message,	hunter that stalks by night and eats any meat it can catch.,夜に徘徊し、捕まえられた肉を食べる狩猟者。,,
Message,"	At first only its tip was visible, but then it rose, straight,",最初は先端だけが見えていましたが、やがてまっすぐに立ち上がり、,,
Message,"	proud, all that was noble and great and wondrous.  The tip of",誇り高く、高貴で偉大で素晴らしいことすべてでした。の先端,,
Message,"	the blade pointed toward the moon, as if it would cleave it",刃はまるで月を切り裂くかのように月に向けられた,,
Message,	in two.  The blade itself gleamed like a beacon in the night.,2つに。刃自体が夜の灯台のように輝いた。,,
Message,	There was no light source for the sword to be reflecting,剣が反射する光源がなかった,,
Message,"	from, for the moon had darted behind a cloud in fear.  The",というのは、月が恐怖のあまり雲の向こうに飛び出してしまったからである。の,,
Message,	sword was glowing from the intensity of its strength and,剣はその力の強さから光り、,,
Message,"	power and knowledge that it was justice incarnate, and that",それは正義の化身であるという力と知識、,,
Message,	after a slumber of uncounted years its time had again come.,数え切れないほどの長い眠りの後、その時が再びやって来た。,,
Message,"	After the blade broke the surface, the hilt was visible, and",刃が表面を破壊した後、柄が見えました。,,
Message,"	holding the sword was a single strong, yet feminine hand,",剣を握るのは、力強くも女性的な一本の手だった。,,
Message,	wearing several rings that bore jewels sparkling with the,キラキラと輝く宝石をあしらった指輪をいくつか着けている,,
Message,	blue-green color of the ocean.,青緑色の海の色。,,
Message,	This is a powerful amulet of ESP.  In addition to its standard,これはESPの強力なお守りです。その標準に加えて、,,
Message,"	powers, it regenerates the energy of anyone who carries",力、それはそれを運ぶ人のエネルギーを再生します,,
Message,"	it, allowing them to cast spells more often.  It also reduces",それにより、より頻繁に呪文を唱えることができるようになります。また、減少します,,
Message,"	any spell damage to the person who carries it by half, and",それを持っている人への呪文ダメージは半分になります、そして,,
Message,"	protects from magic missiles.  Finally, when invoked it has",マジックミサイルから守ります。最後に、呼び出されると、,,
Message,	the power to instantly open a portal to any other area of the,他のエリアへのポータルを即座に開く力,,
Message,"	dungeon, allowing its invoker to travel quickly between",ダンジョン、その呼び出し者がダンジョン間を素早く移動できるようにする,,
Message,	areas.,地域。,,
Message,	The Eyes of the Overworld is a rather obscure artifact.,Eyes of the Overworld は、あまり知られていないアーティファクトです。,,
Message,	These magical lenses push the wearer's view sense into the,これらの魔法のレンズは、着用者の視覚感覚を世界に押し込みます。,,
Message,"	""overworld"" -- another name for a segment of the Astral Plane.",「オーバーワールド」 -- アストラル界の一部の別名。,,
Message,"	Usually, there is nothing to be seen.  However, the wearer",通常、何も表示されません。ただし、着用者は、,,
Message,"	is also able to look back and see the area around herself,",また、自分の周囲を振り返って見ることができ、,,
Message,	much like looking on a map.  Why anyone would want to ...,地図で見るのと同じです。なぜ誰もがそうしたいのでしょうか...,,
Message,	was full of Carlists who had to get out of Spain.  One of,スペインから出国しなければならないカーリストたちでいっぱいだった。の 1 つ,,
Message,"	'Let him be for a while,' said Cohen.  'I reckon the fish",「しばらく放っておいてください」とコーエン氏は言った。 「魚だと思います」,,
Message,	disagreed with him.',彼の意見には反対だった。』,,
Message,"	'Don't see why,' said Truckle.  'I pulled him out before it'd",「理由が分からない」とトラックル氏は言った。 「そうなる前に私は彼を引き上げた」,,
Message,	hardly chewed him.  And he must've dried out nicely in that,ほとんど噛まなかった。そして彼はその中でうまく乾いたに違いない,,
Message,"	corridor.  You know, the one where the flames shot up out of",廊下。ほら、炎が吹き上がった場所だよ,,
Message,	the floor unexpectedly.',思いがけず床に落ちた。,,
Message,	'I reckon our bard wasn't expecting flames to shoot out of,「うちの吟遊詩人は炎が吹き出すとは予想していなかったんだろうね」,,
Message,"	the floor unexpectedly,' said Cohen.",予想外に床に衝撃が走った」とコーエン氏は語った。,,
Message,"	Truckle shrugged theatrically.  '_Well_, if you're not going",トラックルは芝居っぽく肩をすくめた。 「_まあ_、行かないなら,,
Message,"	to expect unexpected flames, what's the point of going",予期せぬ炎上を期待するのに何の意味があるの？,,
Message,	_anywhere_?',_どこでも_？',,
Message,"	Some say the world will end in fire,",世界は火で終わると言う人もいますが、,,
Message,	Some say in ice.,氷の中だと言う人もいます。,,
Message,	From what I've tasted of desire,私が味わった欲望から,,
Message,	I hold with those who favor fire.,私は火を好む人々の意見を支持します。,,
Message,"	But if it had to perish twice,",しかし、もしそれが二度滅びなければならなかったとしたら、,,
Message,	I think I know enough of hate,憎しみについては十分に知っていると思う,,
Message,	To say that for destruction ice,破壊氷に対してそれを言うのは,,
Message,	Is also great,も素晴らしいです,,
Message,	And would suffice.,それで十分でしょう。,,
Message,"	With an anxiety that almost amounted to agony, I collected",悶絶に近い不安を抱えながら集めた,,
Message,"	the instruments of life around me, that I might infuse a spark",私の周りの人生の道具たちに火花を吹き込むために,,
Message,	of being into the lifeless thing that lay at my feet.  It was,私の足元に横たわる生命のないものの中に入り込むことを。そうだった,,
Message,	already one in the morning; the rain pattered dismally against,もう午前1時。雨が陰惨にパラパラと降っていた,,
Message,"	the panes, and my candle was nearly burnt out, when, by the",窓ガラスが壊れて、ろうそくが燃え尽きそうになったとき、,,
Message,"	glimmer of the half-extinguished light, I saw the dull yellow",半分消えた光の輝き、鈍い黄色が見えた,,
Message,"	eye of the creature open; it breathed hard, and a convulsive",生き物の目は開いています。息が荒くなり、けいれんを起こした,,
Message,	motion agitated its limbs.,その動きはその手足を揺さぶった。,,
Message,"	How can I describe my emotions at this catastrophe, or how",この大惨事に対する私の感情をどう説明すればよいでしょうか。,,
Message,	delineate the wretch whom with such infinite pains and care I,私がこれほどまでに無限の苦痛と気遣いを抱いている惨めな人物を描写してください,,
Message,"	had endeavoured to form?  His limbs were in proportion, and I",形成しようと努めましたか？彼の手足は比例しており、私は,,
Message,	had selected his features as beautiful.  Beautiful!--Great God!,彼の特徴を美しいと選んだのです。美しい！ -- 偉大なる神よ！,,
Message,	His yellow skin scarcely covered the work of muscles and,彼の黄色い肌は筋肉の働きをほとんど覆っておらず、,,
Message,"	arteries beneath; his hair was of a lustrous black, and",その下の動脈。彼の髪は光沢のある黒色で、,,
Message,	flowing; his teeth of a pearly whiteness; but these luxuriances,流れる;彼の歯は真珠のような白さだった。しかし、これらの贅沢は,,
Message,"	only formed a more horrid contrast with his watery eyes, that",彼の涙ぐんだ目とのより恐ろしいコントラストを形成するだけでした、,,
Message,	seemed almost of the same colour as the dun white sockets in,ダンホワイトのソケットとほぼ同じ色に見えました。,,
Message,"	which they were set, his shrivelled complexion and straight",彼のしわが寄った顔色とまっすぐな,,
Message,	black lips.,黒い唇。,,
Message,"	Floating eyes, not surprisingly, are large, floating eyeballs",浮いている目は、当然のことながら、大きく浮いている目玉です。,,
Message,	which drift about the dungeon.  Though not dangerous in and,ダンジョン内を漂うもの。危険ではありませんが、,,
Message,"	of themselves, their power to paralyse those who gaze at",自分自身、見つ​​める者を麻痺させる力,,
Message,	their large eye in combat is widely feared.  Many are the,戦闘中の彼らの大きな目は広く恐れられています。多くは、,,
Message,"	tales of those who struck a floating eye, were paralysed by",浮遊した目に衝撃を受けて麻痺した人々の物語,,
Message,"	its mystic powers, and then nibbled to death by some other",その神秘的な力、そして他の何者かによって噛み殺された,,
Message,	creature that lurked around nearby.,近くに潜んでいた生き物。,,
Message,	The fog comes,霧が来る,,
Message,	on little cat feet.,小さな猫の足に。,,
Message,	It sits looking,それは座って見ています,,
Message,	over harbor and city,港と街の上空,,
Message,	on silent haunches,静かなお尻の上で,,
Message,	and then moves on.,そして次に進みます。,,
Message,"	to red. ""_You will die painfully when you most expect it._",赤に。 「_あなたが最も期待していたときに、苦しみながら死ぬことになります。_,,
Message,	Rest! This little Fountain runs,休む！この小さな噴水が流れています,,
Message,	Thus for aye: -- It never stays,したがって、アイにとって： -- それは決して留まることはありません,,
Message,"	For the look of summer suns,",夏の太陽の表情に合わせて、,,
Message,	Nor the cold of winter days.,冬の日の寒さもありません。,,
Message,"	Whose'er shall wander near,",誰が近くをさまよいますか、,,
Message,"	When the Syrian heat is worst,",シリアの暑さが最悪のとき、,,
Message,"	Let him hither come, nor fear",恐れずに来させてください,,
Message,	Lest he may not slake his thirst:,喉の渇きが癒されないように。,,
Message,	He will find this little river,彼はこの小さな川を見つけるだろう,,
Message,"	Running still, as bright as ever.",相変わらず明るく、静かに走っています。,,
Message,"	Let him drink, and onward hie,",彼に飲ませて、そして次はハイ、,,
Message,"	Bearing but in thought, that I,",耐えながらも考えていると、私は、,,
Message,"	Erotas, bade the Naiad fall,",エロタスよ、ナイアドの堕落を命じた、,,
Message,	And thank the great god Pan for all!,そして偉大な神パンに感謝します！,,
Message,	One hot summer's day a Fox was strolling through an orchard,ある暑い夏の日、一匹のキツネが果樹園を散歩していました。,,
Message,	till he came to a bunch of Grapes just ripening on a vine,ちょうど蔓に実ったばかりのブドウの房に来るまでは,,
Message,"	which had been trained over a lofty branch. ""Just the thing",それは高い枝の上で訓練されていました。 「まさにそのこと,,
Message,"	to quench my thirst,"" quoth he. Drawing back a few paces, he",喉の渇きを癒すために」と彼は言いました。,,
Message,"	took a run and a jump, and just missed the bunch. Turning",走ったりジャンプしたりして、ほんの少しミスをしただけだった。旋回,,
Message,"	round again with a One, Two, Three, he jumped up, but with",ワン、ツー、スリーでもう一度ラウンドすると、彼は飛び上がったが、,,
Message,	no greater success. Again and again he tried after the,これ以上の成功はない。彼は何度も何度も挑戦した後、,,
Message,"	tempting morsel, but at last had to give it up, and walked",ひと口食べたくなったが、ついにあきらめて歩いた,,
Message,"	away with his nose in the air, saying: ""I am sure they are",鼻を高く上げて立ち去り、こう言いました。,,
Message,"	sour.""","酸っぱい。""",,
Message,	They say this is edible.  Some adventurers have strange tastes.,これは食べられるそうです。冒険者の中には奇妙な趣味を持つ者もいる。,,
Message,"	Fungi, division of simple plants that lack chlorophyll, true",菌類、クロロフィルを欠く単純な植物の分裂、本当の,,
Message,"	stems, roots, and leaves.  Unlike algae, fungi cannot",茎、根、葉。藻類とは異なり、菌類はできません,,
Message,"	photosynthesize, and live as parasites or saprophytes.  The",光合成し、寄生虫または腐生植物として生きます。の,,
Message,	division comprises the slime molds and true fungi.  True,部門は粘菌と真菌で構成されます。真実,,
Message,	fungi are multicellular (with the exception of yeasts); the,真菌は多細胞です（酵母を除く）。の,,
Message,	body of most true fungi consists of slender cottony,ほとんどの真菌類の体は細い綿状で構成されています,,
Message,"	filaments, or hyphae.  All fungi are capable of asexual",フィラメント、または菌糸。すべての菌類は無性生殖能力を持つ,,
Message,"	reproduction by cell division, budding, fragmentation, or",細胞分裂、出芽、断片化、または,,
Message,	spores.  Those that reproduce sexually alternate a sexual,胞子。有性生殖を行うものは、性的生殖を交互に行います。,,
Message,	generation (gametophyte) with a spore-producing one.  The,胞子を生成する世代（配偶体）。の,,
Message,"	four classes of true fungi are the algaelike fungi (e.g.,",真の菌類の 4 つのクラスは、藻類のような菌類です (例:,,
Message,"	black bread mold and downy mildew), sac fungi (e.g., yeasts,",黒パンカビおよびベト病）、嚢菌（例、酵母、,,
Message,"	powdery mildews, truffles, and blue and green molds such as",うどんこ病、トリュフ、青カビ、緑カビなど,,
Message,"	Penicillium), basidium fungi (e.g., mushrooms and puffballs)",ペニシリウム）、担子菌（キノコやタンポポなど）,,
Message,"	and imperfect fungi (e.g., species that cause athlete's foot",および不完全な真菌（例、水虫の原因となる種）,,
Message,	and ringworm).  Fungi help decompose organic matter (important,そして白癬）。菌類は有機物（重要な物質）の分解を助けます。,,
Message,"	in soil renewal); are valuable as a source of antibiotics,",土壌更新において）;抗生物質の供給源として貴重であり、,,
Message,"	vitamins, and various chemicals; and for their role in",ビタミン、およびさまざまな化学物質。そして彼らの役割について,,
Message,"	fermentation, e.g., in bread and alcoholic beverage",パンやアルコール飲料などの発酵,,
Message,	production.,生産。,,
Message,"	And so it came to pass that while Man ruled on Earth, the",そして、人間が地球を支配している間、,,
Message,"	gargoyles waited, lurking, hidden from the light.  Reborn",ガーゴイルは光から隠れて待ちました。生まれ変わる,,
Message,"	every 600 years in Man's reckoning of time, the gargoyles",人間の時間計算では600年ごとにガーゴイルが出現する,,
Message,	joined battle against Man to gain dominion over the Earth.,地球の支配権を得るために人類との戦いに加わった。,,
Message,"	In each coming, the gargoyles were nearly destroyed by Men",来るたびに、ガーゴイルは人間によってほとんど破壊されました,,
Message,	who flourished in greater numbers.  Now it has been so many,より多くの人々が繁栄しました。今ではとても多くなりました,,
Message,	hundreds of years that it seems the ancient statues and,何百年もの間、古代の彫像のように見えます。,,
Message,	paintings of gargoyles are just products of Man's,ガーゴイルの絵は単なる人間の産物です,,
Message,"	imagination.  In this year, with Man's thoughts turned toward",想像。この一年、マンの想いを込めて,,
Message,"	the many ills he has brought among himself, Man has forgotten",彼が自分自身にもたらした多くの病気を、人は忘れてしまった,,
Message,"	his most ancient adversary, the gargoyles.",彼の最も古い敵、ガーゴイル。,,
Message,		[ Excerpt from the opening narration to the movie,[ 映画のオープニングナレーションより抜粋,,
Message,"		    _Gargoyles_, written by Stephen and Elinor Karpf ]",_ガーゴイル_、スティーブン・カープフとエリノア・カーフ著],,
Message,"	""Place of Torment.""  The Valley of Hinnom, south-west of",「拷問の場所」。ヒンノムの谷、南西,,
Message,"	Jerusalem, where Solomon, king of Israel, built ""a high place"",",イスラエルの王ソロモンが「高き所」を建てたエルサレム、,,
Message,"	or place of worship, for the gods Chemosh and Moloch.  The",または神ケモシュとモロクの礼拝所。の,,
Message,	valley came to be regarded as a place of abomination because,谷は忌まわしい場所とみなされるようになった。,,
Message,	some of the Israelites sacrificed their children to Moloch,イスラエル人の中には自分の子供たちをモロクに犠牲として捧げた人もいた,,
Message,	there.  In a later period it was made a refuse dump and,そこには。後期にはゴミ捨て場となり、,,
Message,	perpetual fires were maintained there to prevent pestilence.,そこでは疫病を防ぐために絶えず火が維持されていました。,,
Message,"	Thus, in the New Testament, Gehenna became synonymous with hell.",したがって、新約聖書では、ゲヘナは地獄と同義語になりました。,,
Message,"	Despite its popularity (or perhaps because of it), the",その人気にもかかわらず（あるいはおそらくそのおかげで）、,,
Message,	gelatinous cube is also widely known as one of the sillier,ゼラチン状の立方体は、愚かなものの 1 つとしても広く知られています。,,
Message,	role-playing monsters.  It is something of a commentary on the,ロールプレイングモンスター。についての解説のようなものです,,
Message,	ubiquity of treasure-laden dungeons in the Dungeons & Dragons,ダンジョンズ&ドラゴンズには宝が詰まったダンジョンが遍在している,,
Message,"	universe, as the cube is a creature specifically adapted to a",立方体は宇宙に特に適応した生き物であるため、,,
Message,"	dungeon ecosystem.  10 feet to the side, it travels through",ダンジョンの生態系。横10フィート、それは通り抜けます,,
Message,"	standard 10-foot by 10-foot dungeon corridors, cleaning up",標準的な 10 フィート×10 フィートのダンジョンの廊下、清掃,,
Message,	debris and redistributing treasure by excreting indigestible,消化できない物質を排泄することで瓦礫と宝物を再分配する,,
Message,	metal items.,金属アイテム。,,
Message,	These very odd people have mastered the ability to insert gene,この非常に奇妙な人々は、遺伝子を挿入する能力を習得しました,,
Message,"	sequences from one organism into another, usually triggering",ある生物から別の生物への連鎖、通常は引き金を引く,,
Message,	immediate mutations in the subject.  Far from needing an,被験者の即時突然変異。必要どころか、,,
Message,"	elaborate laboratory to accomplish such abominations, a mere",そのような忌まわしいことを達成するための精巧な実験室、単なる,,
Message,	touch seems to be all that is necessary.,必要なのはタッチだけのようです。,,
Message,"	""I thought the whole point of genetic engineering was to avoid",「遺伝子工学の要点は、次のことを避けることだと思っていました。,,
Message,"	the random waste of natural evolution, and replace it with",自然進化の無駄を無駄にして、それを次のものに置き換えます。,,
Message,"	the efficiency of reason,"" Miles piped up.  All three haut-",理性の効率性だ」とマイルズが声を上げた。,,
Message,"	women turned to stare at him in astonishment, as if a potted",女たちは驚いて振り向いて彼を見つめた。,,
Message,	plant had suddenly offered a critique of its fertilization,植物は突然その受精について批判を始めた,,
Message,"	routine.  ""Or ... so it seems to me,"" Miles trailed off in",ルーティーン。 「それとも……私にはそのように思えます」とマイルズは後ずさりした。,,
Message,	a much smaller voice.,はるかに小さな声。,,
Message,"	Forthwith that image vile of fraud appear'd,",すぐにその卑劣な詐欺のイメージが現れ、,,
Message,"	His head and upper part expos'd on land,",彼の頭と上半身は陸地に露出しており、,,
Message,	But laid not on the shore his bestial train.,しかし、彼の獣の列車は海岸に置かれませんでした。,,
Message,"	His face the semblance of a just man's wore,",彼の顔は正義の人のように見え、,,
Message,	So kind and gracious was its outward cheer;,その外見上の歓声はとても親切で慈悲深いものでした。,,
Message,	The rest was serpent all: two shaggy claws,残りはすべて蛇でした：毛むくじゃらの爪が2本,,
Message,"	Reach'd to the armpits, and the back and breast,",脇の下、背中、胸まで届き、,,
Message,"	And either side, were painted o'er with nodes",そしてどちらの側にもノードが描かれていました,,
Message,	And orbits.  Colours variegated more,そして軌道。カラーもさらに多彩に,,
Message,	Nor Turks nor Tartars e'er on cloth of state,トルコ人もタタール人も国旗に乗らない,,
Message,"	With interchangeable embroidery wove,",交換可能な刺繍織りで、,,
Message,	Nor spread Arachne o'er her curious loom.,アラクネを彼女の好奇心旺盛な織機に広げることもなかった。,,
Message,"	As ofttimes a light skiff, moor'd to the shore,",しばしば軽い船が岸に係留され、,,
Message,"	Stands part in water, part upon the land;",一部は水中に、一部は陸地に立っています。,,
Message,"	Or, as where dwells the greedy German boor,",あるいは、貪欲なドイツの貧乏人がどこに住んでいるかのように、,,
Message,	The beaver settles watching for his prey;,ビーバーは獲物をじっと見つめています。,,
Message,"	So on the rim, that fenc'd the sand with rock,",それで、縁には砂を石で囲い、,,
Message,	Sat perch'd the fiend of evil.  In the void,悪の悪魔が座っていた。虚空の中で,,
Message,"	Glancing, his tail upturn'd its venomous fork,",ちらりと見ると、彼の尻尾は毒のフォークを上に向け、,,
Message,	With sting like scorpion's arm'd.  Then thus my guide:,サソリの腕のような針で。それから私のガイドは次のようになります。,,
Message,"	""Now need our way must turn few steps apart,",「今必要なのは、我々の道は数歩離れたところにある必要がある、,,
Message,"	Far as to that ill beast, who couches there.""",そこに寝そべっているあの病気の獣については。」,,
Message,	And now the souls of the dead who had gone below came swarming,そして今、下に行った死者の魂が群がって来た,,
Message,"	up from Erebus -- fresh brides, unmarried youths, old men",エレボスから上がって -- 新鮮な花嫁、未婚の若者、老人,,
Message,"	with life's long suffering behind them, tender young girls",人生の長い苦しみを抱えた、優しい若い娘たちよ,,
Message,"	still nursing this first anguish in their hearts, and a great",彼らはまだこの最初の苦しみを心の中で抱えており、,,
Message,"	throng of warriors killed in battle, their spear-wounds gaping",戦いで殺された戦士の群れ、彼らの槍の傷は大きく開いていた,,
Message,	yet and all their armour stained with blood.  From this,しかし、彼らの鎧はすべて血で汚れていました。これから,,
Message,"	multitude of souls, as they fluttered to and fro by the",多くの魂が、そのそばをあちこちに飛び回っていました。,,
Message,"	trench, there came a moaning that was horrible to hear.",塹壕に入ると、聞くも恐ろしいうめき声が聞こえてきた。,,
Message,	Panic drained the blood from my cheeks.,パニックで頬から血が噴き出しました。,,
Message,"	The forces of the gloom know each other, and are strangely",暗闇の力はお互いを知っていて、不思議なことに,,
Message,	balanced by each other.  Teeth and claws fear what they cannot,お互いにバランスが取れています。歯と爪はできないものを恐れる,,
Message,"	grasp.  Blood-drinking bestiality, voracious appetites, hunger",把握する。血を飲む獣姦、貪欲な食欲、飢え,,
Message,"	in search of prey, the armed instincts of nails and jaws which",獲物を求めて、爪と顎の武装本能が働きます。,,
Message,"	have for source and aim the belly, glare and smell out",ソースを持ってお腹を狙い、睨みつけて匂いを嗅ぐ,,
Message,	uneasily the impassive spectral forms straying beneath a,不安げに、無表情なスペクトルの形が下をさまよいます。,,
Message,"	shroud, erect in its vague and shuddering robe, and which seem",曖昧で震えるローブを着て直立した聖骸布、そしてそれはまるで,,
Message,	to them to live with a dead and terrible life.  These,彼らは死んだ恐ろしい人生を生きることになる。これら,,
Message,"	brutalities, which are only matter, entertain a confused fear",単なる物質である残虐行為は、混乱した恐怖を楽しませる,,
Message,	of having to deal with the immense obscurity condensed into an,に凝縮された計り知れない曖昧さに対処しなければならないということ,,
Message,	unknown being.  A black figure barring the way stops the wild,未知の存在。行く手を阻む黒い人影が野生を止める,,
Message,	beast short.  That which emerges from the cemetery intimidates,獣短い。墓地から出てくるものは威嚇する,,
Message,	and disconcerts that which emerges from the cave; the,そして洞窟から出てくるものを混乱させます。の,,
Message,	ferocious fear the sinister; wolves recoil when they encounter,邪悪なものに対する猛烈な恐怖。オオカミは遭遇するとひるむ,,
Message,	a ghoul.,グール。,,
Message,"	Giants have always walked the earth, though they are rare in",巨人は常に地球上を歩いてきましたが、現在ではまれです。,,
Message,	these times.  They range in size from little over nine feet,この頃。サイズは9フィートをわずかに超えるものまであります,,
Message,	to a towering twenty feet or more.  The larger ones use huge,20フィート以上の高さまで。大きいものは巨大なものを使用します,,
Message,"	boulders as weapons, hurling them over large distances.  All",岩を武器として使用し、遠くまで投げ飛ばします。全て,,
Message,"	types of giants share a love for men - roasted, boiled, or",巨人の種類は、ローストしたり、煮たり、男性を愛する傾向があります。,,
Message,	fried.  Their table manners are legendary.,揚げたもの。彼らのテーブルマナーは伝説的です。,,
Message,"	...  And then a gnome came by, carrying a bundle, an old",...すると、ノームが古い束を運んでやって来ました。,,
Message,	fellow three times as large as an imp and wearing clothes of,インプの 3 倍の大きさで、インプの服を着ている仲間,,
Message,"	a sort, especially a hat.  And he was clearly just as frightened",一種、特に帽子。そして彼も明らかに同じように怯えていた,,
Message,	as the imps though he could not go so fast.  Ramon Alonzo,小鬼のように、彼はそれほど速く走ることはできませんでした。ラモン・アロンゾ,,
Message,	saw that there must be some great trouble that was vexing,何か大きな厄介な問題があるに違いないとわかった,,
Message,"	magical things; and, since gnomes speak the language of men, and",魔法のもの。そしてノームは人間の言葉を話すので、,,
Message,"	will answer if spoken to gently, he raised his hat, and asked",優しく話しかけられたら答えるよ、と彼は帽子をかぶって尋ねた。,,
Message,	of the gnome his name.  The gnome did not stop his hasty,ノームの彼の名前。ノームは性急な行動を止めなかった,,
Message,	shuffle a moment as he answered 'Alaraba' and grabbed the rim,彼が「アララバ」と答えてリムを掴むと、少し足を引きずった。,,
Message,	of his hat but forgot to doff it.,帽子を脱いだのに脱ぐのを忘れた。,,
Message,"	'What is the trouble, Alaraba?'  said Ramon Alonzo.",「どうしたの、アララバ？」とラモン・アロンゾは語った。,,
Message,	'White magic.  Run!'  said the gnome ..,「白魔術。走る！'ノームは言いました。,,
Message,"	""Muggles have garden gnomes, too, you know,"" Harry told Ron as",「マグルにもガーデンノームがいるのね」ハリーはロンにこう言った。,,
Message,	they crossed the lawn.,彼らは芝生を横切りました。,,
Message,"	""Yeah, I've seen those things they think are gnomes,"" said Ron,",「そうだ、彼らがノームだと思っているものを見たことがある」とロンは言った。,,
Message,"	bent double with his head in a peony bush, ""like fat little",牡丹の薮に頭を突っ込んで二重に腰をかがめ、「太った小人のようだ」,,
Message,"	Santa Clauses with fishing rods...""",釣り竿を持ったサンタクロース…」,,
Message,"	There was a violent scuffling noise, the peony bush shuddered,",激しい喧嘩の音がして、牡丹の茂みが震えました。,,
Message,"	and Ron straightened up.  ""This is a gnome,"" he said grimly.",そしてロンは背筋を伸ばした。 「これはノームだ」と彼は険しい表情で言った。,,
Message,"	""Geroff me! Gerroff me!"" squealed the gnome.",「ゲロフ、私！ ゲロフ、私！」ノームは叫びました。,,
Message,	It was certainly nothing like Santa Claus.  It was small and,それは確かにサンタクロースのようなものではありませんでした。小さかったし、,,
Message,"	leathery looking, with a large, knobby, bald head exactly like",革のような見た目で、大きくてこぶ状の禿げた頭はまさにそれと同じです,,
Message,	a potato.  Ron held it at arm's length as it kicked out at him,ジャガイモ。それが彼に向かって蹴り出されるとき、ロンはそれを腕の長さで保持した,,
Message,	with its horny little feet; he grasped it around the ankles,角質の小さな足で。彼はそれを足首のあたりで掴んだ,,
Message,	and turned it upside down.,そしてそれをひっくり返しました。,,
Message,"	Now goblins are cruel, wicked, and bad-hearted.  They make",今のゴブリンは残忍で、邪悪で、意地悪です。彼らは作る,,
Message,"	no beautiful things, but they make many clever ones.  They",美しいものはありませんが、多くの賢いものを作ります。彼らは,,
Message,	can tunnel and mine as well as any but the most skilled,最も熟練した者以外はトンネルや採掘ができる,,
Message,"	dwarves, when they take the trouble, though they are usually",ドワーフは、普段はそうしているが、面倒なことをするときは、,,
Message,"	untidy and dirty.  Hammers, axes, swords, daggers, pickaxes,",乱雑で汚い。ハンマー、斧、剣、短剣、つるはし、,,
Message,"	tongs, and also instruments of torture, they make very well,",トングや拷問器具もとてもよくできています。,,
Message,"	or get other people to make to their design, prisoners and",あるいは、他の人に自分のデザインに合わせて作ってもらうこともできます。,,
Message,	slaves that have to work till they die for want of air and,空気が足りないために死ぬまで働かなければならない奴隷たちと、,,
Message,	light.,ライト。,,
Message,"	Goddesses and Gods operate in ones, threesomes, or whole",女神と神々は一人、三人、あるいは全体で活動する,,
Message,	pantheons of nine or more (see Religion).  Most of them claim,9 つ以上のパンテオン (宗教を参照)。彼らのほとんどは主張します,,
Message,"	to have made the world, and this is indeed a likely claim in",が世界を作ったと考えられており、これは確かにありそうな主張です。,,
Message,	the case of threesomes or pantheons:  Fantasyland does have,三人組や神殿の場合: ファンタジーランドにはあります,,
Message,	the air of having been made by a committee.  But all Goddesses,委員会が作ったような雰囲気。しかし、すべての女神は,,
Message,"	and Gods, whether they say they made the world or not, have",そして神は、自分たちが世界を作ったと言うかどうかにかかわらず、,,
Message,	very detailed short-term plans for it which they are determined,非常に詳細な短期計画が決定されている,,
Message,	to carry out.  Consequently they tend to push people into the,実行すること。その結果、彼らは人々を,,
Message,"	required actions by the use of coincidence or Prophecy, or just",偶然や予言、あるいは単なる利用による必要な行動,,
Message,	by narrowing down your available choices of what to do next:,次に何をするかについて利用可能な選択肢を絞り込みます。,,
Message,"	if a deity is pushing you, things will go miserably badly until",神があなたを押しているなら、物事は悲惨な方向に進むでしょう。,,
Message,	there is only one choice left to you.,あなたに残された選択肢は 1 つだけです。,,
Message,"	The bellows he set away from the fire, and gathered all the tools",彼はふいごを火から遠ざけ、すべての道具を集めました,,
Message,	wherewith he wrought into a silver chest; and with a sponge wiped,それで彼は銀の箱を作りました。そしてスポンジで拭くと,,
Message,"	he his face and his two hands withal, and his mighty neck and",彼の顔と両手、そしてその強大な首と,,
Message,"	shaggy breast, and put upon him a tunic, and grasped a stout staff,",毛むくじゃらの胸をして、チュニックを着て、丈夫な杖を握り、,,
Message,	and went forth halting; but there moved swiftly to support their,そして立ち止まりながら出て行った。しかし、彼らを支援するために迅速に動いた,,
Message,	lord handmaidens wrought of gold in the semblance of living maids.,生きているメイドの姿をした金で造られた主の侍女たち。,,
Message,"	In them is understanding in their hearts, and in them speech and",彼らの心の中には理解があり、彼らの中に言葉や言葉があり、,,
Message,"	strength, and they know cunning handiwork by gift of the immortal",彼らは力強さを持ち、不死の賜物による狡猾な手仕事を知っている,,
Message,	gods.,神々。,,
Message,"	""The original story harks back, so they say, to the sixteenth",「元の物語は、彼らが言うところによると、16世紀のことを思い出させます」,,
Message,"	century.  Using long-lost formulas from the Kabbala, a rabbi is",世紀。カバラの長い間失われていた公式を使用すると、ラビは次のようになります。,,
Message,	said to have made an artificial man -- the so-called Golem -- to,人造人間、いわゆるゴーレムを作ったと言われている。,,
Message,	help ring the bells in the Synagogue and for all kinds of other,シナゴーグやその他あらゆる種類の鐘を鳴らすのを手伝ってください。,,
Message,	menial work.,単純作業。,,
Message,"	""But he hadn't made a full man, and it was animated by some sort",「しかし、彼はまだ完全な人間になっておらず、それはある種の刺激によって動かされたものでした」,,
Message,"	of vegetable half-life.  What life it had, too, so the story",野菜の半減期について。それがどんな人生を送ったのか、そしてその物語も,,
Message,"	runs, was only derived from the magic charm placed behind its",走るのは、その後ろに置かれた魔法のお守りからのみ派生したものです。,,
Message,"	teeth each day, that drew down to itself what was known as the",毎日歯が、いわゆる,,
Message,	`free sidereal strength of the universe.',「宇宙の自由な恒星の強さ」。,,
Message,"	""One evening, before evening prayers, the rabbi forgot to take",「ある晩、夕方の祈りの前に、ラビは飲み物を忘れてしまいました。,,
Message,"	the charm out of the Golem's mouth, and it fell into a frenzy.",ゴーレムの口から魅力が漏れると、ゴーレムは狂乱に陥りました。,,
Message,"	It raged through the dark streets, smashing everything in its",それは暗い街路を猛威を振るい、あらゆるものを破壊した,,
Message,"	path, until the rabbi caught up with it, removed the charm, and",ラビが追いつき、お守りを取り除くまで、その道を進みました。,,
Message,"	destroyed it.  Then the Golem collapsed, lifeless.  All that was",それを破壊した。するとゴーレムは倒れ、息絶えた。それはすべて,,
Message,"	left of it was a small clay image, which you can still see in",その左側には小さな粘土像があり、今でも見ることができます。,,
Message,"	the Old Synagogue."" ...",古いシナゴーグです。」,,
Message,"	""Who'd care to dig 'em,"" said the old, old man,",「誰がそんなものを掘りたがるだろうか」と老人、老人は言いました。,,
Message,"	""Those six feet marked in chalk?",「チョークでマークされたあの6フィート？,,
Message,"	Much I talk, more I walk;",話すことが多くなり、歩くことも増えます。,,
Message,"	Time I were buried,"" said the old, old man.",私が埋葬されるときだ」と老人、老人は言った。,,
Message,	Why had I been wearing Grayswandir?  Would another weapon have,なぜ私はグレイスワンディルを着ていたのですか？別の武器があっただろうか,,
Message,	affected a Logrus-ghost as strongly?  Had it really been my,ログルスゴーストにも同様に強い影響を与えましたか？それが本当に私のものだったとしたら,,
Message,"	father, then, who had brought me here?  And had he felt I might",お父さん、それでは誰が私をここに連れてきたのですか？そしてもし彼が私がそうするだろうと感じていたら,,
Message,	need the extra edge his weapon could provide?  I wanted to,彼の武器が提供できる追加のエッジが必要ですか?したかった,,
Message,"	think so, to believe that he had been more than a Pattern-ghost.",そう考えると、彼が単なるパターン幽霊以上の存在だったとは信じられない。,,
Message,	The gremlin is a highly intelligent and completely evil,グレムリンは高度な知性を備えた完全な悪です,,
Message,	creature.  It lives to torment other creatures and will go,生き物。他の生き物を苦しめるために生きている、そして去っていく,,
Message,	to great lengths to inflict pain or cause injury.,痛みを与えたり、怪我をさせたりするために、長時間使用すること。,,
Message,"	Suddenly, Wilson thought about war, about the newspaper",突然、ウィルソンは戦争について、新聞について考えました。,,
Message,	stories which recounted the alleged existence of creatures in,の生き物の存在について詳述した物語,,
Message,	the sky who plagued the Allied pilots in their duties.  They,任務において連合軍パイロットを悩ませた空。彼らは,,
Message,"	called them gremlins, he remembered.  Were there, actually,",彼らをグレムリンと呼んでいた、と彼は思い出した。実際、そこにあったのでしょうか？,,
Message,"	such beings?  Did they, truly, exist up here, never falling,",そんな存在？彼らは本当にここに存在し、決して落ちなかったのでしょうか、,,
Message,"	riding on the wind, apparently of bulk and weight, yet",風に乗って、明らかに大きくて重いのに、,,
Message,	impervious to gravity?,重力の影響を受けない？,,
Message,	He was thinking that when the man appeared again.,そう思っていると、再び男が現れた。,,
Message,	These electronically based creatures are not native to this,これらの電子ベースの生き物は、この世界にネイティブではありません。,,
Message,	universe.  They appear to come from a world whose laws of,宇宙。彼らは、次のような法則が適用される世界から来たようです。,,
Message,	motion are radically different from ours.,動きは私たちの動きとは根本的に異なります。,,
Message,"	Tron looked to his mate and pilot.  ""I'm going to check on",トロンは相棒とパイロットに目を向けた。 「確認してみます,,
Message,"	the beam connection, Yori.  You two can keep a watch out for",ビーム接続、ヨリ。二人で見守っていてね,,
Message,"	grid bugs.""  Tron paced forward along the slender catwalk",グリッドのバグです。」トロンは細いキャットウォークに沿って前進しました,,
Message,"	that still seemed awfully insubstantial to Flynn, though he",フリンにとってそれはまだひどく実体がないように思えたが、,,
Message,"	knew it to be amazingly sturdy.  He gazed after Tron, asking",驚くほど頑丈であることが分かりました。彼はトロンを見つめて尋ねた。,,
Message,"	himself what in the world a grid bug was, and hoping that the",彼自身、グリッドのバグとは一体何なのか、そして、,,
Message,	beam connection -- to which he'd given no thought whatsoever,ビーム接続 -- 彼はまったく考えていなかった,,
Message,"	until this moment -- was healthy and sound.""",この瞬間までは――健康で健全だった。」,,
Message,"	Hachi was a dog that went with his master, a professor, to",ハチは主人である教授と一緒に行った犬でした。,,
Message,"	the Shibuya train station every morning.  In the afternoon,",毎朝渋谷駅へ。午後に、,,
Message,	when his master was to return from work Hachi would be there,主人が仕事から帰ってくるとハチがそこにいるだろう,,
Message,"	waiting.  One day his master died at the office, and did not",待っている。ある日、彼の主人が事務所で亡くなりました。,,
Message,	return.  For over ten years Hachi returned to the station,戻る。 10年以上ぶりにハチは駅に戻ってきた,,
Message,	every afternoon to wait for his master.  When Hachi died a,毎日午後は主人を待ちます。ハチが亡くなったとき,,
Message,	statue was erected on the station platform in his honor.  It,彼を讃えて駅のプラットホームに銅像が建てられた。それ,,
Message,	is said to bring you luck if you touch his statue.,彼の像に触れると幸運が訪れると言われています。,,
Message,"	All at once, and without further warning, my reason forsook me",突然、何の前触れもなく、私の理性は私を見捨てた,,
Message,"	altogether, and I started from Fr. Moffitt's house to go to my",そして私は神父から始めました。モフィットの家に行きます,,
Message,"	boarding place.  The sidewalks were to me one mass of living,",乗車場所。私にとって歩道は一つの生命の塊であり、,,
Message,"	moving, howling, and ferocious animals.  Bears, lions, tigers,",動き、吠え、凶暴な動物。クマ、ライオン、トラ、,,
Message,"	wolves, jaguars, leopards, pumas -- all wild beasts of all climes",オオカミ、ジャガー、ヒョウ、ピューマ -- あらゆる気候のあらゆる野生動物,,
Message,	-- were frothing at the mouth around me and striving to get to me.,――彼らは私の周囲の口から泡を立てて、私に近づこうと努めていました。,,
Message,"	Recollect that while all this was hallucination, it was just as",これはすべて幻覚だったが、それはまさに幻覚だったということを思い出してください。,,
Message,	real as if it had been an undeniable and awful reality.,あたかもそれが否定できない恐ろしい現実であるかのように、現実的でした。,,
Message,"	the gloom.  When he returned, the being called Twoflower was",暗闇。彼が戻ってきたとき、トゥーフラワーと呼ばれる存在は,,
Message,"	I swear by Apollo the physician, and Aesculapius, and Health,",私は医師アポロンとアスクレピオスと健康に誓って、,,
Message,"	and All-heal, and all the gods and goddesses, that, according",そしてすべてを癒してください、そしてすべての神々と女神たち、それに従って、,,
Message,"	to my ability and judgment, I will keep this Oath and this",私の能力と判断力に従って、私はこの誓いとこれを守ります,,
Message,	stipulation -- to reckon him who taught me this Art equally dear,規定 -- この芸術を私に教えてくれた彼も同様に大切なものだと考えてください,,
Message,"	to me as my parents, to share my substance with him, and relieve",両親としての私に、私の本質を彼と共有し、安心させるために,,
Message,	his necessities if required; to look upon his offspring in the,必要に応じて彼の必需品。で自分の子孫を見るために,,
Message,"	same footing as my own brothers, and to teach them this art, if",もし私自身の兄弟たちと同じ立場で、彼らにこの芸術を教えることができれば,,
Message,"	they shall wish to learn it, without fee or stipulation; and",彼らは料金も条件もなしにそれを学びたいと思うだろう。そして,,
Message,"	that by precept, lecture, and every other mode of instruction,",教訓、講義、その他あらゆる指導方法によって、,,
Message,"	I will impart a knowledge of the Art to my own sons, and those",私は自分の息子たちに芸術の知識を伝えます。,,
Message,"	of my teachers, and to disciples bound by a stipulation and oath",私の教師たち、そして規定と誓いに縛られた弟子たちへ,,
Message,"	according to the law of medicine, but to none others.  I will",医学の法則に従っていますが、それ以外の誰にも当てはまりません。私はします,,
Message,"	follow that system of regimen which, according to my ability and",私の能力に応じて、その養生体系に従い、,,
Message,"	judgment, I consider for the benefit of my patients, and abstain",私は患者の利益を考慮し、判断を棄権します。,,
Message,	from whatever is deleterious and mischievous.  [...],有害でいたずらなものから。 [...],,
Message,"	PHYSICIAN, n.  One upon whom we set our hopes when ill and our",医師、n.私たちが病気のときに希望を託す人、そして私たちの,,
Message,	dogs when well.,元気なときは犬。,,
Message,"	The other three drew in their breath sharply, and the dark,",他の三人は息を大きく吸い込み、暗闇が、,,
Message,	powerful man who stood at the head of the sarcophagus whispered:,石棺の先頭に立った力強い男がささやきました。,,
Message,"	""The Heart of Ahriman!""  The other lifted a quick hand",「アーリマンの心臓！」もう一人は素早く手を上げた,,
Message,"	for silence.  Somewhere a dog began howling dolefully, and a",沈黙のために。どこかで犬が悲しげに遠吠えし始めました。,,
Message,	stealthy step padded outside the barred and bolted door. ...,鉄格子とボルトで締められたドアの外側にこっそりと足が埋められていた。 ...,,
Message,	But none looked aside from the mummy case over which the man,しかし、男が捜査したミイラ事件から目をそむける者はいなかった。,,
Message,	in the ermine-trimmed robe was now moving the great flaming,オコジョのトリミングされたローブを着て、今、大きな炎が動いていた,,
Message,"	jewel, while he muttered an incantation that was old when",宝石、彼は古い呪文をつぶやきながら、,,
Message,"	Atlantis sank.  The glare of the gem dazzled their eyes, so",アトランティスは沈没した。宝石の輝きが彼らの目を眩ませたので、,,
Message,	that they could not be sure what they saw; but with a,彼らは自分たちが何を見たのか確信が持てなかった。しかし、,,
Message,"	splintering crash, the carven lid of the sarcophagus burst",砕けるような衝撃、石棺の彫刻された蓋が破裂,,
Message,	outward as if from some irresistible pressure applied from,まるで何か抗えない圧力がかかっているかのように外側へ,,
Message,"	within and the four men, bending eagerly forward, saw the",中に入ると、四人の男が熱心に前かがみになって、,,
Message,"	occupant -- a huddled, withered, wizened shape, with dried",居住者 -- 体が丸まり、しおれ、しわが寄った形で、乾燥した状態。,,
Message,	brown limbs like dead wood showing through moldering bandages.,枯れ木のような茶色の手足が、カビの生えた包帯を通して見えている。,,
Message,"	""Bring that thing back?"" muttered the small dark man who",「あれを返して？」小さな黒い男がつぶやいた。,,
Message,"	stood on the right, with a short, sardonic laugh.  ""It is",彼は右側に立って、短く皮肉っぽく笑いました。 「それは,,
Message,"	ready to crumble at a touch.  We are fools ---""",触れただけで崩れる準備ができています。我々は愚か者だ――」,,
Message,"	But suddenly they started forward in a rigid, fixed stare,",しかし突然、彼らは厳格な視線を向けながら前進し始めました。,,
Message,	and his lips parted in amazement.  At the same instant Lestrade,そして彼の唇は驚いて離れた。その瞬間、レストレード,,
Message,	gave a yell of terror and threw himself face downward upon the,彼は恐怖の叫び声を上げ、その上にうつ伏せに身を投げた。,,
Message,"	ground.  I sprang to my feet, my inert hand grasping my pistol,",地面。私は飛び起きて、元気のない手でピストルを握りました。,,
Message,	my mind paralyzed by the dreadful shape which had sprung out,湧き出た恐ろしい形に私の心は麻痺した,,
Message,"	upon us from the shadows of the fog.  A hound it was, an",霧の影から私たちを襲いました。それは猟犬でした、,,
Message,"	enormous coal-black hound, but not such a hound as mortal eyes",巨大な石炭のように黒い猟犬だが、人間の目のような猟犬ではない,,
Message,"	have ever seen.  Fire burst from its open mouth, its eyes",今まで見たことがある。開いた口と目から火が噴き出す,,
Message,"	glowed with a smouldering glare, its muzzle and hackles and",くすぶるような眩しさで輝き、その銃口とハックルは、,,
Message,	dewlap were outlined in flickering flame.  Never in the,ゆらめく炎の中にデュラップの輪郭が描かれていました。決して,,
Message,	delirious dream of a disordered brain could anything more,混乱した脳の錯乱した夢以上のものはないだろう,,
Message,"	savage, more appalling, more hellish be conceived than that",それよりも野蛮で、もっと恐ろしい、もっと地獄のようなことが考えられるだろう,,
Message,	dark form and savage face which broke upon us out of the wall,壁から突き出た暗い姿と野蛮な顔,,
Message,	of fog.,霧の。,,
Message,	A helmet which allows the wearer to detect sentient creatures,着用者が感覚を持った生き物を感知できるヘルメット,,
Message,"	within a modest radius, or within the whole level when blind.",適度な半径内、または盲目の場合はレベル全体内。,,
Message,	A helmet which changes the wearer's alignment while worn.,着用中にアライメントを変化させるヘルメット。,,
Message,	Alignment will change back when the helmet is taken off.,ヘルメットを脱ぐとアライメントは元に戻ります。,,
Message,"	A helmet which confers the ""warning"" property, sensing the",を感知して「警戒」の性質を持たせたヘルメット。,,
Message,	strength of threats posed by unseen hostile creatures.,目に見えない敵対的な生き物によってもたらされる脅威の強さ。,,
Message,"	A helm he set on his head, high of crystal; thereon was many",彼は頭に水晶の高い兜をかぶせた。そこにはたくさんの,,
Message,"	gemstone, all encompassed with gold; it was Uther's, the noble",宝石、すべてが金で包まれています。それは貴族ユーサーのものだった,,
Message,"	king's; it was named Goswhit, each other unlike.",王のもの。お互いに似ていないので、それはゴスウィットと名付けられました。,,
Message,	Messenger and herald of the Olympians.  Being required to do,オリンピアンのメッセンジャーおよび伝令。することが求められている,,
Message,"	a great deal of travelling and speaking in public, he became",多くの旅行と人前での講演を経て、彼はこうなった。,,
Message,"	the god of eloquence, travellers, merchants, and thieves.  He",雄弁、旅行者、商人、泥棒の神。彼,,
Message,"	was one of the most energetic of the Greek gods, a",ギリシャの神々の中で最も精力的な神の一人でした。,,
Message,	Machiavellian character full of trickery and sexual vigour.,策略と性的活力に満ちたマキャベリのような性格。,,
Message,"	Like other Greek gods, he is endowed with not-inconsiderable",他のギリシャの神々と同様に、彼は無視できないほどの恩恵を受けています。,,
Message,	sexual prowess which he directs towards countryside nymphs.,彼が田舎のニンフに向けた性的能力。,,
Message,"	He is a god of boundaries, guardian of graves and patron deity",境界の神、墓守、守護神である。,,
Message,	of shepherds.  He is usually depicted as a handsome young,羊飼いの。彼は通常、ハンサムな若者として描かれます,,
Message,	man wearing winged golden sandals and holding a magical,翼のある金色のサンダルを履き、魔法の杖を持った男,,
Message,"	herald's staff consisting of intertwined serpents, the",絡み合った蛇からなる伝令の杖、,,
Message,	kerykeion.  He is reputedly the only being able to find his way,ケリケイオン。彼は自分の道を見つけることができる唯一の人物だと言われています,,
Message,	to the underworld ferry of Charon and back again.  He is said,カロンの冥界フェリーに行き、また戻ってきます。彼はそう言われています,,
Message,"	to have invented, among other things, the lyre, Pan's Pipes,",とりわけ、竪琴、パンズパイプを発明したこと、,,
Message,"	numbers, the alphabet, weights and measures, and sacrificing.",数字、アルファベット、度量衡、そして犠牲。,,
Message,"	""Hezrou"" is the common name for the type II demon.  It is",「ヘズロウ」はⅡ種悪魔の通称。それは,,
Message,"	among the weaker of demons, but still quite formidable,",悪魔の中では弱いものの、それでも非常に手ごわい存在です。,,
Message,	mostly due to the stench.,主に悪臭が原因です。,,
Message,"	Greek physician, recognized as the father of medicine.  He",ギリシアの医師、医学の父と称される。彼,,
Message,"	is believed to have been born on the island of Cos, to have",コス島で生まれたと考えられています。,,
Message,"	studied under his father, a physician, to have traveled for",医師である父親のもとで学び、,,
Message,"	some time, perhaps studying in Athens, and to have then",しばらくの間、おそらくアテネで勉強し、その時は,,
Message,"	returned to practice, teach, and write at Cos.  The",大学で練習、指導、執筆活動に戻りました。,,
Message,	Hippocratic or Coan school that formed around him was of,彼を中心に形成されたヒポクラテス学派やコーアン学派は次のようなものでした。,,
Message,	enormous importance in separating medicine from superstition,医学を迷信から切り離すことが非常に重要である,,
Message,"	and philosophic speculation, placing it on a strictly",そして哲学的思索、それを厳密に置く,,
Message,	scientific plane based on objective observation and critical,客観的観察と批判に基づいた科学的平面,,
Message,	deductive reasoning.,演繹的推論。,,
Message,"	Hobbits are an unobtrusive but very ancient people, more",ホビットは目立たないが非常に古い民族です。,,
Message,	numerous formerly than they are today; for they love peace,現在よりも以前は数多くありました。彼らは平和を愛しているから,,
Message,	and quiet and good tilled earth:  a well-ordered and well-,そして静かでよく耕された土地、整然とした、よく整備された土地。,,
Message,	farmed countryside was their favourite haunt.  They do not,耕作された田園地帯は彼らのお気に入りの居場所でした。彼らはそうではありません,,
Message,	and did not understand or like machines more complicated,そして、より複雑な機械を理解していないか、好きではありませんでした,,
Message,"	than a forge-bellows, a water-mill, or a handloom, although",鍛冶ふいご、水車、手織り機よりも優れていますが、,,
Message,	they were skillful with tools.  Even in ancient days they,彼らは道具の使い方が上手でした。古代においてさえ、彼らは,,
Message,"	were, as a rule, shy of ""the Big Folk"", as they call us, and",彼らは原則として、私たちを「ビッグ・フォーク」と呼ぶことを恥ずかしがり、そして,,
Message,	now they avoid us with dismay and are becoming hard to find.,今では彼らは狼狽して私たちを避け、見つけるのが難しくなりました。,,
Message,	Hobgoblin.  Used by the Puritans and in later times for,ホブゴブリン。ピューリタンによって、そしてその後の時代には,,
Message,"	wicked goblin spirits, as in Bunyan's ""Hobgoblin nor foul",バニヤンの「ホブゴブリンも汚い」にあるような、邪悪なゴブリンの霊。,,
Message,"	friend"", but its more correct use is for the friendly spirits",「友達」ですが、より正しい使い方は友好的な精神に対してです。,,
Message,"	of the brownie type.  In ""A midsummer night's dream"" a",ブラウニータイプ。 「真夏の夜の夢」では、,,
Message,	fairy says to Shakespeare's Puck:,妖精はシェイクスピアのパックにこう言います。,,
Message,"		Those that Hobgoblin call you, and sweet Puck,",ホブゴブリンがあなたと呼ぶ人たち、そしてかわいいパック、,,
Message,"		You do their work, and they shall have good luck:",あなたが彼らの仕事をすれば、彼らは幸運を得るでしょう。,,
Message,		Are you not he?,あなたは彼ではないですか？,,
Message,	and obviously Puck would not wish to be called a hobgoblin,そして明らかにパックはホブゴブリンと呼ばれることを望んでいないでしょう,,
Message,	if that was an ill-omened word.,それが不吉な言葉だったら。,,
Message,"	Hobgoblins are on the whole, good-humoured and ready to be",ホブゴブリンは全体的に機嫌が良く、準備ができています。,,
Message,"	helpful, but fond of practical joking, and like most of the",役に立ちますが、悪ふざけが好きで、ほとんどの人と同じように、,,
Message,	fairies rather nasty people to annoy.  Boggarts hover on the,妖精はむしろ迷惑な厄介な人々です。ボガートは上にホバリングします,,
Message,	verge of hobgoblindom.  Bogles are just over the edge.,ホブゴブリン寸前。ボーグルは限界を超えています。,,
Message,"	One Hob mentioned by Henderson, was Hob Headless who haunted",ヘンダーソンが言及したホブの一人は、幽霊が出たホブ・ヘッドレスでした。,,
Message,"	the road between Hurworth and Neasham, but could not cross",ハーワースとニーシャムの間の道路、しかし横断できなかった,,
Message,"	the little river Kent, which flowed into the Tess.  He was",テス川に流れ込む小さな川ケント川。彼はそうだった,,
Message,	exorcised and laid under a large stone by the roadside for,悪魔祓いをして、道端の大きな石の下に寝かせた。,,
Message,	ninety-nine years and a day.  If anyone was so unwary as to,九十九年と一日。もし誰かがそこまで不注意だったら,,
Message,"	sit on that stone, he would be unable to quit it for ever.",その石の上に座ると、彼は永遠にそれをやめることはできないでしょう。,,
Message,"	The ninety-nine years is nearly up, so trouble may soon be",99年も終わりに近づいているので、すぐに問題が起こるかもしれません,,
Message,	heard of on the road between Hurworth and Neasham.,ハーワースとニーシャムの間の道で聞いた。,,
Message,"	""We want a word with you,"" said Ligur (in a tone of voice",「私たちはあなたと話したいのです」とリガーは言った（声のトーンで）,,
Message,"	intended to imply that ""word"" was synonymous with ""horrifically",「単語」が「恐ろしいほど」と同義であることをほのめかすことが意図されていました。,,
Message,"	painful eternity""), and the squat demon pushed open the office",痛みを伴う永遠」）そしてしゃがんだ悪魔がオフィスを押し開けた,,
Message,	door.,ドア。,,
Message,"	The bucket teetered, then fell neatly on Ligur's head.",バケツはぐらぐらと揺れ、それからリグルさんの頭の上にきれいに落ちた。,,
Message,	Drop a lump of sodium in water.  Watch it flame and burn and,ナトリウムの塊を水に落とします。炎が燃え上がるのを見て、,,
Message,"	spin around crazily, flaring and sputtering.  This was like",狂ったように回転し、燃え上がり、スパッタリングします。これは次のようなものでした,,
Message,"	that, just nastier.",それはもっとひどいです。,,
Message,	The demon peeled and flared and flickered.  Oily brown smoke,悪魔は皮をむいて燃え上がり、ちらつきました。油っぽい茶色の煙,,
Message,"	oozed from it, and it screamed and it screamed and it screamed.",そこからにじみ出て、叫び、叫び、叫びました。,,
Message,"	Then it crumpled, folded in on itself, and what was left lay",それからそれはしわになり、折り畳まれ、残ったものは横たわりました,,
Message,"	glistening on the burnt and blackened circle of carpet, looking",焼けて黒ずんだカーペットの輪の上で輝いて、見ている,,
Message,	like a handful of mashed slugs.,一握りのすりつぶされたナメクジのように。,,
Message,"	""Hi,"" said Crowley to Hastur, who had been walking behind Ligur,",「こんにちは」リグルの後ろを歩いていたハスターにクロウリーが言った。,,
Message,	and had unfortunately not been so much as splashed.,残念ながら飛び散るほどではありませんでした。,,
Message,	There are some things that are unthinkable; there are some,考えられないこともいくつかあります。いくつかあります,,
Message,	depths that not even demons would believe other demons would,悪魔ですら他の悪魔が信じないほどの深さ,,
Message,	stoop to.,かがむ。,,
Message,"	"". . . Holy water.  You bastard,"" said Hastur.  ""You complete",「……聖水だ。この野郎」とハスターは言った。 「完了しました,,
Message,"	_bastard_.  He hadn't never done nothing to _you_.""",_ろくでなし_。彼はあなたに対して何もしなかったわけではありません。」,,
Message,"	""Yet,"" corrected Crowley.",「それでも」とクロウリーは訂正した。,,
Message,	A homunculus is a creature summoned by a mage to perform some,ホムンクルスは、魔術師が何らかの行動を起こすために召喚する生き物です。,,
Message,	particular task.  They are particularly good at spying.  They,特定のタスク。彼らは特にスパイ活動に優れています。彼らは,,
Message,"	are smallish creatures, but very agile.  They can put their",小さい生き物ですが、とても機敏です。彼らは自分の,,
Message,"	victims to sleep with a venomous bite, but due to their size,",犠牲者は毒に噛まれたまま眠ることになりますが、その大きさのため、,,
Message,	the effect does not last long on humans.,人間に対する影響は長くは続きません。,,
Message,"	""Tothapis cut him off.  'Be still and hearken.  You will travel",「トサピスは彼を切り捨てた。『じっとして、耳を傾けなさい。あなたは旅に出るのです』,,
Message,	aboard the sacred wingboat.  Of it you may not have heard; but,神聖な翼の船に乗って。あなたはそれについて聞いたことがないかもしれません。しかし,,
Message,	it will bear you thither in a night and a day and a night.,一昼夜かけてそこまで連れて行ってくれるだろう。,,
Message,"	With you will go a homunculus that can relay your words to me,",あなたの言葉を私に伝えることができるホムンクルスがあなたと一緒に行きます、,,
Message,"	and mine to you, across the leagues between at the speed of",そして私のものをあなたに、リーグを超えて、,,
Message,"	thought.'""","考え。'""",,
Message,"	The infant Zeus was fed with goat's milk by Amalthea,",幼いゼウスはアマルテアによってヤギの乳を与えられ、,,
Message,"	daughter of Melisseus, King of Crete.  Zeus, in gratitude,",クレタ島王メリッセウスの娘。ゼウスは感謝の気持ちを込めて、,,
Message,"	broke off one of the goat's horns, and gave it to Amalthea,",ヤギの角を一本折ってアマルテアに与えた。,,
Message,	promising that the possessor should always have in abundance,所有者が常に豊富に持つことを約束する,,
Message,	everything desired.,望むものすべて。,,
Message,	When Amalthea's horn,アマルテアの角笛が鳴るとき,,
Message,"	O'er hill and dale the rose-crowned flora pours,",丘と谷にバラの冠をかぶった植物が流れ込み、,,
Message,"	And scatters corn and wine, and fruits and flowers.",そしてトウモロコシとワイン、果物と花をまき散らします。,,
Message,"	These devils lack any real special abilities, though they",これらの悪魔には特別な能力はありませんが、,,
Message,	are quite difficult to kill.,殺すのはかなり難しい。,,
Message,	King Richard III: A horse! a horse! my kingdom for a horse!,リチャード３世：馬だ！馬だ！私の馬のための王国！,,
Message,"	Catesby: Withdraw, my lord; I'll help you to a horse.",ケイツビー: 撤退してください、閣下。馬のお手伝いをします。,,
Message,"	King Richard III: Slave, I have set my life upon a cast,",リチャード三世: 奴隷よ、私は自分の命をギブスの上に置きました。,,
Message,	                  And I will stand the hazard of the die:,そして、私は死の危険にも耐えます。,,
Message,	                  I think there be six Richmonds in the field;,フィールドには 6 つのリッチモンドがあると思います。,,
Message,	                  Five have I slain to-day instead of him.,今日は彼の代わりに私が5人を殺した。,,
Message,	                  A horse! a horse! my kingdom for a horse!,馬だ！馬だ！私の馬のための王国！,,
Message,"	[Pestilence:] And I saw when the Lamb opened one of the seals,",[疫病:] そして、小羊が封印の一つを開いたとき、私は見ました。,,
Message,"	and I heard, as it were the noise of thunder, one of the four",そして私は、まるで雷の音のように、4つの音のうちの1つを聞きました。,,
Message,"	beasts saying, Come and see.  And I saw, and behold a white",獣たちは「来て見なさい」と言っています。そして私は見た、そして見よ、白いものを見た,,
Message,	horse: and he that sat on him had a bow; and a crown was given,馬：そして、その上に座っていた人は弓を持っていました。そして王冠が与えられた,,
Message,"	unto him: and he went forth conquering, and to conquer.",そして彼は征服し、征服するために出て行った。,,
Message,"	[War:] And when he had opened the second seal, I heard the",[戦争:] そして彼が第二の封印を解いたとき、私は次のような声を聞きました。,,
Message,"	second beast say, Come and see.  And there went out another",二番目の獣は言う、「来て見なさい」。そしてまた出てきた,,
Message,	horse that was red: and power was given to him that sat thereon,赤い馬: そして、それに座っている彼には力が与えられました,,
Message,"	to take peace from the earth, and that they should kill one",地球から平和を奪い、一人を殺すべきだと,,
Message,	another: and there was given unto him a great sword.,別の者：そして彼に大きな剣が与えられました。,,
Message,"	[Famine:] And when he had opened the third seal, I heard the",[飢餓:] そして彼が第三の封印を解いたとき、私は次のような声を聞きました。,,
Message,"	third beast say, Come and see.  And I beheld, and lo a black",第三の獣は言う、「来て見なさい」。そして私は黒人を見た,,
Message,	horse; and he that sat on him had a pair of balances in his,馬;そして彼の上に座っていた彼は天秤を一対持っていました,,
Message,"	hand.  And I heard a voice in the midst of the four beasts say,",手。そして私は四匹の獣の真ん中でこう言う声を聞いた。,,
Message,"	A measure of wheat for a penny, and three measures of barley",小麦 1 メジャーで 1 ペニー、大麦 3 メジャー,,
Message,	for a penny; and see thou hurt not the oil and the wine.,ペニーのために。油とワインを傷つけないようにしてください。,,
Message,"	[Death:] And when he had opened the fourth seal, I heard the",[死亡:]そして彼が第四の封印を解いたとき、私は次のような声を聞きました。,,
Message,"	voice of the fourth beast say, Come and see.  And I looked, and",四番目の獣の声が言う、「来て見なさい」。そして私は見て、そして,,
Message,"	behold a pale horse: and his name that sat on him was Death,",見よ、青ざめた馬。その上に乗っていた彼の名前は死だった。,,
Message,	and Hell followed with him.  And power was given unto them over,そして地獄も彼に続いた。そして彼らに力が与えられた,,
Message,"	the fourth part of the earth, to kill with sword, and with",地球の4番目の部分、剣と剣で殺すこと,,
Message,"	hunger, and with death, and with the beasts of the earth.",飢えと死と地上の獣たち。,,
Message,"	The first of five mythical Chinese emperors, Huan Ti is known",中国の神話上の 5 人の皇帝の最初の皇帝、桓帝が知られています。,,
Message,"	as the yellow emperor.  He rules the _moving_ heavens, as",黄帝として。彼は動く天を支配します。,,
Message,"	opposed to the _dark_ heavens.  He is an inventor, said to",_暗い_天に反対します。彼は発明家であると言われています,,
Message,"	have given mankind among other things, the wheel, armour, and",人類にとりわけ車輪、鎧、そして鎧を与えてきました。,,
Message,	the compass.  He is the god of fortune telling and war.,コンパス。占いと戦いの神です。,,
Message,"	Huehuetotl, or Huhetotl, which means Old God, was the Aztec",ウェウェトトル、または古き神を意味するフヘトトルはアステカ族でした。,,
Message,	(classical Mesoamerican) god of fire.  He is generally,（古典的メソアメリカ）火の神。彼は一般的には,,
Message,	associated with paternalism and one of the group classed,パターナリズムに関連しており、分類されるグループの1つ,,
Message,	as the Xiuhtecuhtli complex.  He is known to send his,シウテクトリ複合体として。彼は自分のメッセージを送ることで知られている,,
Message,	minions to wreak havoc upon ordinary humans.,普通の人間に大混乱をもたらすミニオン。,,
Message,"	Humanoids are all approximately the size of a human, and may",ヒューマノイドはすべて人間とほぼ同じ大きさであり、,,
Message,	be mistaken for one at a distance.  They are usually of a,遠くにいる人と間違えられます。彼らは通常、,,
Message,"	tribal nature, and will fiercely defend their lairs.  Usually",部族の性質を持っており、彼らの隠れ家を激しく守ります。いつもの,,
Message,"	hostile, they may even band together to raid and pillage",敵対的であり、団結して襲撃や略奪を行うこともある,,
Message,	human settlements.,人間の集落。,,
Message,	These strange creatures live mostly on the surface of the,これらの奇妙な生き物は主に地球の表面に住んでいます。,,
Message,"	earth, gathering together in societies of various forms, but",地球にはさまざまな形の社会が集まっていますが、,,
Message,	occasionally a stray will descend into the depths and commit,時々野良者が深みに降りて犯します,,
Message,"	mayhem among the dungeon residents who, naturally, often",ダンジョンの住人の間で騒乱が起こるのは当然のことながら、,,
Message,	resent the intrusion of such beasts.  They are capable of,そのような獣の侵入に憤慨しています。彼らができるのは、,,
Message,"	using weapons and magic, and it is even rumored that the",武器や魔法を使うとの噂もある。,,
Message,	Wizard of Yendor is a member of this species.,イェンドールの魔法使いはこの種のメンバーです。,,
Message,"	What of the hunting, hunter bold?",狩猟はどうですか、ハンターボールド？,,
Message,"	Brother, the watch was long and cold.",兄さん、時計は長くて冷たかったよ。,,
Message,	What of the quarry ye went to kill?,あなたがたは採石場の何を殺しに行ったのですか？,,
Message,"	Brother, he crops in the jungle still.",兄さん、彼はまだジャングルで農作物を作っています。,,
Message,	Where is the power that made your pride?,あなたの誇りを作った力はどこにありますか？,,
Message,"	Brother, it ebbs from my flank and side.",兄さん、それは私の脇腹と横から引いていきます。,,
Message,	Where is the haste that ye hurry by?,あなたが急ぐ速さはどこにあるのですか？,,
Message,"	Brother, I go to my lair to die.",兄さん、私は死ぬために自分の隠れ家に行きます。,,
Message,"	Ice, white ice, like a winding-sheet, sheathing each smoke-grimed wall;",氷、白い氷、まるで巻いたシートのように、煙で汚れた壁を覆っていた。,,
Message,"	Ice on the stove-pipe, ice on the bed, ice gleaming over all;",ストーブのパイプに氷が、ベッドに氷が、全身に氷が光っています。,,
Message,"	Sparkling ice on the dead man's chest, glittering ice in his hair,",死んだ男の胸には氷がきらめき、髪には氷がきらきらと輝き、,,
Message,"	Ice on his fingers, ice in his heart, ice in his glassy stare;",彼の指には氷が、彼の心には氷が、彼のガラスのような視線には氷が宿っている。,,
Message,"	Hard as a log and trussed like a frog, with his arms and legs outspread.",丸太のように硬く、腕と足を広げたカエルのようにトラスになっています。,,
Message,"	I gazed at the coffin I'd brought for him, and I gazed at the gruesome dead,",私は彼のために持ってきた棺を見つめ、凄惨な死者たちを見つめた。,,
Message,"	And at last I spoke: ""Bill liked his joke; but still, goldarn his eyes,",そして最後に私はこう言いました、「ビルは彼の冗談が好きだった、しかしそれでも彼の目は輝いていた、,,
Message,"	A man had ought to consider his mates in the way he goes and dies.""",男は自分が行き、死ぬとき、仲間のことを考慮すべきだった。」,,
Message,	I have eaten,食べました,,
Message,	the plums,プラム,,
Message,	that were in,入っていた,,
Message,	the icebox,アイスボックス,,
Message,	and which,そしてどれ,,
Message,	you were probably,あなたはおそらくそうでした,,
Message,	saving,節約,,
Message,	for breakfast,朝食用,,
Message,	Forgive me,私を許して,,
Message,	they were delicious,美味しかったです,,
Message,	so sweet,とても甘い,,
Message,	and so cold,そしてとても寒い,,
Message,"	Ice devils are large semi-insectoid creatures, who are",アイスデビルは大きな半昆虫のような生き物で、,,
Message,"	equally at home in the fires of Hell and the cold of Limbo,",地獄の火の中でも辺獄の寒さの中でも同様にくつろぎます。,,
Message,	and who can cause the traveller to feel the latter with just,そして誰が旅行者に後者の感情を抱かせることができるでしょうか？,,
Message,	a touch of their tail.,彼らの尻尾に触れてください。,,
Message,	Another clever translation [of the _Asterix_ character names],[_Asterix_ のキャラクター名の] 別の賢い翻訳,,
Message,"	is that of Idefix.  An _idee fixe_ is a ""fixed idea"", i.e.",アイデフィックスのものです。 _idee fixe_ は「固定されたアイデア」です。,,
Message,"	an obsession, a dogma.  The translation, Dogmatix, manages to",強迫観念、独断。 Dogmatix という翻訳では、次のことが可能です。,,
Message,"	conserve the ""fixed idea"" meaning and also include the syllable",「固定観念」の意味を保持し、音節も含める,,
Message,"	dog -- perfect, given that the character is a dog who has very",犬 -- キャラクターが非常に優れた能力を持つ犬であることを考えると、完璧です。,,
Message,	strong views on the environment (he howls whenever he sees an,環境について強い見解を持っている（彼は環境を見るたびに遠吠えする）,,
Message,	uprooted tree).,根こそぎにされた木）。,,
Message,	 ... imps ... little creatures of two feet high that could,... インプ ... 高さ 2 フィートの小さな生き物,,
Message,	gambol and jump prodigiously; ...,ギャンブルをしたり、驚くほどジャンプしたりする。 ...,,
Message,	An 'imp' is an off-shoot or cutting.  Thus an 'ymp tree' was,「インプ」とは派生または切断のことです。したがって、「ymp ツリー」は,,
Message,"	a grafted tree, or one grown from a cutting, not from seed.",接ぎ木された木、または種からではなく挿し木から育てられた木。,,
Message,"	'Imp' properly means a small devil, an off-shoot of Satan,",「インプ」とは正確には小悪魔、サタンの派生を意味します。,,
Message,	but the distinction between goblins or bogles and imps from,しかし、ゴブリンまたはボーグルとインプの区別は,,
Message,"	hell is hard to make, and many in the Celtic countries as",地獄を作るのは難しく、多くのケルト諸国では,,
Message,	well as the English Puritans regarded all fairies as devils.,また、イギリスのピューリタンはすべての妖精を悪魔とみなしていました。,,
Message,	The fairies of tradition often hover uneasily between the,伝統の妖精たちは、しばしば不安そうに世界と世界の間をさまよっています。,,
Message,	ghostly and the diabolic state.,幽霊的で悪魔的な状態。,,
Message,	The incubus and succubus are male and female versions of the,インキュバスとサキュバスは、,,
Message,"	same demon, one who lies with a human for its own purposes,",同じ悪魔であり、自らの目的のために人間と共謀する者、,,
Message,	usually to the detriment of the mortals who are unwise in,通常、賢明でない定命の者に不利益をもたらす。,,
Message,	their dealings with them.,彼らと彼らのやり取り。,,
Message,	A minute invertebrate animal; one of the class _Insecta_.,微小な無脊椎動物。 _Insecta_ クラスの 1 つ。,,
Message,	The true insects or hexapods have the body divided into a,本物の昆虫または六脚類は、体がいくつかの部分に分かれています。,,
Message,"	head, a thorax of 3 segments, each of which bears a pair of",頭、胸部は 3 つの部分からなり、それぞれに一対の,,
Message,"	legs, and an abdomen of 7 to 11 segments, and in development",脚、腹部は 7 ～ 11 節であり、発達中です。,,
Message,	usually pass through a metamorphosis.  There are usually 2,通常は変態を経ます。通常は2つあります,,
Message,"	pairs of wings, sometimes one pair or none.",翼のペア、場合によっては 1 ペア、またはまったくないこともあります。,,
Message,		[ Webster's Comprehensive International Dictionary,[ ウェブスターの国際総合辞典,,
Message,"	Else, if thou refuse to let my people go, behold, to morrow",そうでなければ、もしあなたが私の民を行かせることを拒否するなら、見よ、明日へ,,
Message,	will I bring the locusts into thy coast:,イナゴをあなたの海岸に連れて行きますか？,,
Message,"	And they shall cover the face of the earth, that one cannot",そして彼らは地球の表面を覆い、人ができないようにするでしょう。,,
Message,	be able to see the earth:  and they shall eat the residue of,地球が見えるようになる：そして彼らはその残りを食べるだろう,,
Message,"	that which is escaped, which remaineth unto you from the hail,",逃れられたもの、雹からあなたに残ったもの、,,
Message,	and shall eat every tree which groweth for you out of the field:,そしてあなたのために野から生えてくるすべての木を食べるでしょう。,,
Message,"	And they shall fill thy houses, and the houses of all thy",そして彼らはあなたの家とあなたのすべての家を満たします。,,
Message,"	servants, and the houses of all the Egyptians; which neither",しもべたち、そしてエジプト人全員の家。どちらでもない,,
Message,"	thy fathers, nor thy fathers' fathers have seen, since the day",あなたの父親も、あなたの父親の父親も、その日以来見たことがありません,,
Message,	that they were upon the earth unto this day.  And he turned,彼らは今日まで地球上にいたのです。そして彼は振り返った,,
Message,"	himself, and went out from Pharaoh.",自らも言ってファラオのもとから出て行った。,,
Message,"	""You are fettered, "" said Scrooge, trembling.  ""Tell me why?""",「あなたには足かせがついています」とスクルージは震えながら言った。 「理由を教えてください。」,,
Message,"	""I wear the chain I forged in life,"" replied the Ghost.  ""I","「私は生前に作った鎖を着けています」と幽霊は答えました。 ""私",,
Message,"	made it link by link, and yard by yard; I girded it on of my",リンクごとに、ヤードごとに作りました。私はそれを身に着けました,,
Message,"	own free will, and of my own free will I wore it.  Is its",自分の自由意志で、自分の自由意志でそれを着ました。それは,,
Message,"	pattern strange to you?""",パターンはあなたにとって奇妙ですか？」,,
Message,	Scrooge trembled more and more.,スクルージはますます震えました。,,
Message,"	""Or would you know,"" pursued the Ghost, ""the weight and",「それとも、重さと,,
Message,	length of the strong coil you bear yourself?  It was full as,自分で担ぐ強力なコイルの長さは？としていっぱいでした,,
Message,"	heavy and as long as this, seven Christmas Eves ago.  You",重くてこんなに長い、7年前のクリスマスイブ。あなた,,
Message,"	have laboured on it, since.  It is a ponderous chain!""",それ以来、それに取り組んできました。それは重い鎖だ！」,,
Message,"	Stone walls do not a prison make,",石の壁は刑務所を作るものではありません、,,
Message,	  Nor iron bars a cage;,鉄格子が檻を作ることもありません。,,
Message,	Minds innocent and quiet take,無邪気で静かな心,,
Message,	  That for an hermitage;,それは庵の場合です。,,
Message,"	If I have freedom in my love,",もし私の愛に自由があるなら、,,
Message,"	  And in my soul am free,",そして私の魂は自由です、,,
Message,	Angels alone that soar above,天高く舞い上がる天使だけ,,
Message,	  Enjoy such liberty.,そんな自由を楽しんでください。,,
Message,	Ishtar (the star of heaven) is the Mesopotamian goddess of,イシュタル（天の星）はメソポタミアの女神です。,,
Message,	fertility and war.  She is usually depicted with wings and,豊饒と戦争。彼女は通常翼を持って描かれますが、,,
Message,"	weapon cases at her shoulders, carrying a ceremonial double-",彼女の肩には武器ケースがあり、儀式用の影を背負っている。,,
Message,"	headed mace-scimitar embellished with lion heads, frequently",頻繁にライオンの頭で飾られた頭付きのメイスシミター,,
Message,	being accompanied by a lion.  She is symbolized by an eight-,ライオンを連れている。彼女は 8 で象徴されています。,,
Message,	pointed star.,尖った星。,,
Message,"	Now Issek of the Jug, whom Fafhrd chose to serve, was once",さて、ファフルドが仕えることを選んだ水差しのイセクは、かつては,,
Message,"	of the most lowly and unsuccessful of the gods, godlets",神々の中で最も卑しく失敗した神、ゴドレットの,,
Message,"	rather, in Lankhmar.  He had dwelt there for about thirteen",むしろランクマールで。彼はそこに約13年間住んでいた,,
Message,"	years, during which time he had traveled only two squares up",何年もの間、彼はわずか2平方メートル上を移動しただけだった,,
Message,"	the Street of the Gods and was now back again, ready for",神々の通り、そして今再び戻ってきて、準備ができていました,,
Message,"	oblivion.  He is not to be confused with Issek the Armless,",忘却。彼を腕のないイセクと混同しないでください。,,
Message,"	Issek of the Burnt Legs, Flayed Issek, or any other of the",焼けた足のイセク、皮をむかれたイセク、またはその他の,,
Message,	numerous and colorfully mutilated divinities of that name.,その名前の、色とりどりに切断された数多くの神々。,,
Message,"	Indeed, his unpopularity may have been due in part to the",確かに、彼の不人気の原因の一部は、,,
Message,	fact that the manner of his death -- racking -- was not,彼の死に方――苦悩――はそうではなかったという事実,,
Message,"	deemed particularly spectacular. ... However, after Fafhrd",特に壮観であると考えられています。 ……しかし、ファフルドのその後,,
Message,"	became his acolyte, things somehow began to change.",彼の侍者になったとき、状況はどういうわけか変わり始めました。,,
Message,	The shopkeeper of the lighting shop in the town level of the,の町レベルにある照明店の店主。,,
Message,"	gnomish mines is a tribute to Izchak Miller, a founding member",gnomish Mines は創設メンバーの Izchak Miller へのオマージュです,,
Message,	of the NetHack development team and a personal friend of a large,NetHack 開発チームのメンバーであり、大規模な企業の個人的な友人でもあります。,,
Message,"	number of us.  Izchak contributed greatly to the game, coding a",私たちの数。 Izchak はゲームに大きく貢献し、,,
Message,	large amount of the shopkeep logic (hence the nature of the tribute),大量の店主ロジック (したがって、トリビュートの性質),,
Message,"	as well as a good part of the alignment system, the prayer code and",アライメントシステムの大部分、祈りのコードと同様に、,,
Message,"	the rewrite of ""hell"" in the 3.1 release.  Izchak was a professor",3.1 リリースの「hell」の書き換え。イシュチャクは教授だった,,
Message,"	of Philosophy, who taught at many respected institutions, including",哲学の博士号を取得し、以下のような多くの評判の高い教育機関で教鞭をとりました。,,
Message,"	MIT and Stanford, and who also worked, for a period of time, at",MIT とスタンフォードで、一時期働いていた人もいます。,,
Message,"	Xerox PARC.  Izchak was the first ""librarian"" of the NetHack project,",ゼロックスPARC。 Izchak は NetHack プロジェクトの最初の「ライブラリアン」でした。,,
Message,"	and was a founding member of the DevTeam, joining in 1986 while he",開発チームの創設メンバーであり、1986 年に参加しました。,,
Message,	was working at the University of Pennsylvania (hence our former,彼はペンシルベニア大学で働いていました（したがって、私たちの前任者は,,
Message,"	mailing list address).  Until the 3.1.3 release, Izchak carefully",メーリングリストのアドレス）。 3.1.3 リリースまで、Izchak は慎重に,,
Message,	kept all of the code synchronized and arbitrated disputes between,すべてのコードの同期を維持し、間の紛争を仲裁しました。,,
Message,	members of the development teams.  Izchak Miller passed away at the,開発チームのメンバー。イシュチャク・ミラー氏が死去,,
Message,"	age of 58, in the early morning hours of April 1, 1994 from",58歳、1994年4月1日早朝,,
Message,	complications due to cancer.  We then dedicated NetHack 3.2 in his,がんによる合併症。その後、私たちは NetHack 3.2 を彼のプロジェクトに捧げました。,,
Message,	memory.,メモリ。,,
Message,"	""Beware the Jabberwock, my son!",「ジャバウォックに気をつけろ、息子よ！,,
Message,"	  The jaws that bite, the claws that catch!",噛む顎、捕まえる爪！,,
Message,"	Beware the Jubjub bird, and shun",ジャブジャブ鳥に注意して避けてください,,
Message,"	  The frumious Bandersnatch!""",激怒のバンダースナッチ！」,,
Message,	He took his vorpal sword in hand;,彼はヴォーパルの剣を手に取りました。,,
Message,	  Long time the manxome foe he sought --,長い間、彼が探し求めていたマンクソームの敵――,,
Message,"	So rested he by the Tumtum tree,",そこで彼はトゥムトゥムの木のそばで休んだ。,,
Message,	  And stood awhile in thought.,そしてしばらく立ち止まって考えました。,,
Message,"	And, as in uffish thought he stood,",そして、思い悩んだように彼は立ち上がった、,,
Message,"	  The Jabberwock, with eyes of flame,",炎の目をもつジャバウォック、,,
Message,"	Came whiffling through the tulgey wood,",タルギーの森を音を立てて通り抜けて来た、,,
Message,	  And burbled as it came!,そしてそれが来たときのゴロゴロ！,,
Message,"	One, two! One, two! And through and through",一つ、二つ！一つ、二つ！そして徹底的に,,
Message,	  The vorpal blade went snicker-snack!,ヴォーパルの刃が爆笑した！,,
Message,"	He left it dead, and with its head",彼はそれを死んだままにし、その頭も残した,,
Message,	  He went galumphing back.,彼は元気よく帰っていった。,,
Message,	Sweet in the rough weather,荒天には甘い,,
Message,	  The voice of the turtle-dove,キジバトの声,,
Message,	'Beautiful altogether,「全体的に美しい,,
Message,	  Is my Love.,私の愛です。,,
Message,	  His Hands are open spread for love,彼の手は愛のために広げられています,,
Message,	And full of jacinth stones,そしてジャシンス石がいっぱい,,
Message,	  As the apple-tree among trees of the grove,果樹園の木々に囲まれたリンゴの木のように,,
Message,	Is He among the sons.',彼は息子たちの中にいますか。』,,
Message,"	In Asiatic folktale, jackal provides for the lion; he scares",アジアの民話では、ジャッカルがライオンを養います。彼は怖がる,,
Message,"	up game, which the lion kills and eats, and receives what is",ライオンが殺して食べ、あるものを受け取る獲物を獲る,,
Message,	left as reward.  In stories from northern India he is,報酬として残しました。北インドの物語では彼は,,
Message,"	sometimes termed ""minister to the king,"" i.e. to the lion.",「王の大臣」、つまりライオンの大臣と呼ばれることもあります。,,
Message,	From the legend that he does not kill his own food has arisen,自分の食べ物を殺さないという伝説から生まれた,,
Message,	the legend of his cowardice.  Jackal's heart must never be,彼の卑怯者の伝説。ジャッカルの心は決してあってはならない,,
Message,"	eaten, for instance, in the belief of peoples indigenous to",たとえば、先住民族の信仰の中で食べられています。,,
Message,	the regions where the jackal abounds. ... In Hausa Negro,ジャッカルがたくさんいる地域。 ... ハウサ・ネグロで,,
Message,	folktale Jackal plays the role of sagacious judge and is,民話のジャッカルは賢明な裁判官の役割を果たしており、,,
Message,"	called ""O Learned One of the Forest.""  The Bushmen say that",「おお、森の学んだ者よ」と呼ばれています。ブッシュマンはこう言う,,
Message,"	Jackal goes around behaving the way he does ""because he is",ジャッカルはいつものように振る舞っている。,,
Message,"	Jackal"".","ジャッカル""。",,
Message,"	A large boot extending over the knee, acting as protective",膝の上まで伸びる大きなブーツが保護機能を果たします。,,
Message,"	armour for the leg, worn by troopers in the 17th and 18th",17世紀と18世紀に兵士が着用した脚用の鎧,,
Message,	centuries and later.  It is still the type of boot worn by,何世紀も後も。それは今でも履かれているブーツのタイプです,,
Message,	the Household Cavalry and was adopted by fishermen and others,近衛騎兵隊として採用され、漁師などに採用されました。,,
Message,"	before the advent of gum boots.  Figuratively, _to be under the",ガムブーツが登場する前。比喩的に言えば、_下にあること,,
Message,	jack-boot_ is to be controlled by a brutal military regime.,jack-boot_ は残忍な軍事政権によって管理されることになります。,,
Message,	Nothing grew among the ruins of the city.  The streets were,都市の廃墟の中には何も成長しなかった。街路は,,
Message,"	broken and the walls of the houses had fallen, but there were",壊れて家の壁は落ちましたが、,,
Message,	no weeds flowering in the cracks and it seemed that the city,隙間には雑草も咲いておらず、まるで街のようだった,,
Message,	had but recently been brought down by an earthquake.  Only,つい先日、地震で倒壊してしまいました。のみ,,
Message,"	one thing still stood intact, towering over the ruins.  It",あるものがまだ無傷のままで、遺跡の上にそびえ立っていた。それ,,
Message,"	was a gigantic statue of white, gray and green jade - the",それは白、灰色、緑の翡翠でできた巨大な像でした。,,
Message,	statue of a naked youth with a face of almost feminine beauty,ほとんど女性的な美しさの顔をした裸の若者の像,,
Message,	that turned sightless eyes toward the north.,それは見えない目を北に向けた。,,
Message,"	""The eyes!"" Duke Avan Astran said.  ""They're gone!""",「目が！」アヴァン・アストラン公爵は言った。 「彼らはいなくなってしまった！」,,
Message,"	Large, flesh-eating animal of the cat family, of Central and",中部および中部に属するネコ科の大型の肉食動物。,,
Message,	South America.  This feline predator (_Panthera onca_) is,南アメリカ。このネコ科の捕食者 (_Panthera onca_) は、,,
Message,	sometimes incorrectly called a panther.,誤ってパンサーと呼ばれることもあります。,,
Message,	I do not care to share the seas,海を共有する気はない,,
Message,	With jellyfishes such as these;,このようなクラゲと一緒に。,,
Message,	Particularly Portuguese.,特にポルトガル語。,,
Message,"	  [ Lines on Meeting a Portuguese Man-o'-war while Bathing,",[ 入浴中にポルトガル人のマンオーウォーに出会った際のセリフ、,,
Message,	      by Michael Flanders ],マイケル・フランダース著],,
Message,"	Little is known about the Faceless Lord, even the correct",無貌の主については、正しいことさえもほとんど知られていない,,
Message,	spelling of his name.  He does not have a physical form as,彼の名前の綴り。 He does not have a physical form as,,
Message,"	we know it, and those who have peered into his realm claim",私たちはそれを知っています、そして彼の領域を覗いた人たちは主張します,,
Message,	he is a slime-like creature who swallows other creatures,彼は他の生き物を飲み込むスライムのような生き物です,,
Message,"	alive, spits acidic secretions, and causes disease in his",生きていて、酸性の分泌物を吐き、病気を引き起こします。,,
Message,	victims which can be almost instantly fatal.,ほぼ即死となる可能性のある犠牲者。,,
Message,	The C ration was a predecessor of the K ration.,C レーションは K レーションの前身でした。,,
Message,	The K ration was the [ Quartermaster Subsistence Research,K レーションは [補給官の生存調査] でした。,,
Message,	and Development Laboratory's ] answer to the demand for an,と開発研究所の] の要求に対する答えです。,,
Message,"	individual, easy-to-carry ration that could be used in",個別の持ち運びに便利な食料で、,,
Message,	assault and combat operations.  It was noted for compactness,攻撃および戦闘作戦。コンパクトさで注目されました,,
Message,	and superior packaging and was acknowledged as the ration,優れた包装と配給品として認められました,,
Message,	that provided the greatest variety of nutritionally balanced,栄養バランスのとれた多種多様なものを提供する,,
Message,	components within the smallest space.,最小のスペース内にコンポーネントを配置します。,,
Message,"		[ Special Rations for the Armed Forces, 1946-53,",[ 軍隊のための特別食糧、1946 年から 1953 年まで、,,
Message,		  by Franz A. Koehler ],フランツ・A・ケーラー著],,
Message,	The kabuto is the helmet worn by the samurai.  It was,兜は武士がかぶる兜です。そうだった,,
Message,	characterized by a prominent beaked front which jutted out over,突き出た目立つくちばしのある前面が特徴です,,
Message,	the brow to protect the wearer's face; a feature that gives,着用者の顔を保護するための眉。を与える機能,,
Message,	rise to their modern Japanese name of 'shokaku tsuki kabuto',現代日本名「翔鶴月兜」に至る,,
Message,	(battering-ram helmet).  Their main constructional element,（破城槌ヘルメット）。その主な構成要素,,
Message,"	was an oval plate, the shokaku bo, slightly domed for the",それは楕円形のプレート、翔鶴棒で、わずかにドーム状でした。,,
Message,	head with a narrow prolongation in front that curved forwards,前方に湾曲した、前方に細く伸びた頭部,,
Message,	and downwards where it developed a pronounced central,そして下方では顕著な中心部が発達しました,,
Message,	fold.  Two horizontal strips encircling the head were riveted,折り畳み。頭を囲む2つの水平ストリップはリベットで留められていました,,
Message,"	to this frontal strip:  the lower one, the koshimaki (hip",この前部のストリップに、下のストリップ、腰巻（ヒップ）,,
Message,"	wrap), formed the lower edge of the helmet bowl; the other,",ラップ）、ヘルメットボウルの下端を形成します。もう一方、,,
Message,"	the do maki (body wrap), was set at about the level of the",胴巻きは、約のレベルに設定されました。,,
Message,	temples.  Filling the gaps between these strips and the shokaku,寺院。この帯と翔鶴の間の隙間を埋める,,
Message,"	bo were small plates, sometimes triangular but more commonly",ボーは小さな皿で、三角形の場合もありますが、より一般的には,,
Message,	rectangular in shape.  Because the front projected so,長方形の形。フロントがこんなに張り出してるので,,
Message,"	far from the head, the triangular gap beneath was filled by",頭から遠く離れたその下の三角形の隙間は、,,
Message,"	a small plate, the shoshaku tei ita, whose rear edge bent",後端が曲がった小皿「正尺亭板」,,
Message,	downwards into a flange that rested against the forehead.,額に当たるフランジに下向きに差し込みます。,,
Message,	I noticed that all the plants were attached to the soil by,すべての植物が土にくっついていることに気づきました。,,
Message,"	an almost imperceptible bond.  Devoid of roots, they seemed",ほとんど知覚できない絆。根が無いように見えた,,
Message,"	not to require any nourishment from sand, soil, or pebble.",砂、土、小石からの栄養を必要としないこと。,,
Message,	All they required was a point of support -- nothing else.,彼らが必要としたのはサポートポイントだけであり、他には何も必要ありませんでした。,,
Message,"	These plants are self-propagated, and their existence depends",これらの植物は自家繁殖し、その存在が左右されます。,,
Message,	entirely on the water that supports and nourishes them.,それらを支え、栄養を与えるのは完全に水の上です。,,
Message,"	Most of them do not sprout leaves, but sprout blades of",それらのほとんどは葉を発芽させませんが、葉を発芽させます。,,
Message,"	various whimsical shapes, and their colors are limited to",さまざまな奇抜な形とその色は限られています,,
Message,"	pink, carmine, green, olive, fawn, and brown.  I had the",ピンク、カーマイン、グリーン、オリーブ、フォーン、ブラウン。私は持っていました,,
Message,	opportunity to observe once more -- not the dried specimens,乾燥標本ではなく、もう一度観察する機会,,
Message,"	I had studied on the _Nautilus_ -- but the fresh, living",私はノーチラス号で研究していましたが、新鮮で生きている,,
Message,	specimens in their native setting.,本来の環境での標本。,,
Message,	The ki-rin is a strange-looking wingless flying creature.,キリンは、翼のない飛行する奇妙な生き物です。,,
Message,"	It has scales, a mane like a lion, a tail, four legs with",鱗、ライオンのようなたてがみ、尾、そして4本の脚があります。,,
Message,"	hooves, and a horn like a unicorn's.  It is brightly colored,",ひづめとユニコーンのような角。鮮やかな色合いなので、,,
Message,	and can usually be found flying in the sky looking for good,そして通常は良いものを探して空を飛んでいるのを見つけることができます,,
Message,	deeds to reward.,報われる行為。,,
Message,	Ector took both his sons to the church before which the,エクターは息子二人を教会に連れて行きました。,,
Message,"	anvil had been placed.  There, standing before the anvil, he",金床が置かれていました。そこで、金床の前に立って、彼は,,
Message,"	commanded Kay:  ""Put the sword back into the steel if you",ケイに命じた：「もしあなたがそうするなら、剣を鋼鉄の中に戻しなさい」,,
Message,"	really think the throne is yours!""  But the sword glanced",王位はあなたのものだと本当に思っています！」 しかし、剣はちらっと見えました。,,
Message,"	off the steel.  ""Now it is your turn"", Ector said facing",スチールから外します。 「今度はあなたの番です」とエクターは向かい合って言った,,
Message,	Arthur.,アーサー。,,
Message,	The young man lifted the sword and thrust with both arms; the,若者は剣を持ち上げ、両腕で突きました。の,,
Message,	blade whizzed through the air with a flash and drilled the,刃が閃光とともに空中を旋回し、穴をあけた。,,
Message,	metal as if it were mere butter.  Ector and Kay dropped to,まるで単なるバターであ​​るかのような金属。エクターとケイはここに落ちた,,
Message,	their knees before Arthur.,彼らの膝はアーサーの前にあった。,,
Message,"	""Why, father and brother, do you bow before me?"", Arthur asked",「なぜ、父さん、兄さん、あなたは私の前でお辞儀をするのですか？」とアーサーは尋ねた。,,
Message,	with wonder in his voice.,彼の声には驚きが隠されていた。,,
Message,"	""Because now I know for sure that you are the king, not only",「なぜなら、今私はあなたが王であることを確信しているからです。,,
Message,"	by birth but also by law"", Ector said.  ""You are no son of",生まれだけでなく法律によっても」とエクターは言った。「あなたは次の息子ではありません。」,,
Message,"	mine nor are you Kay's brother.  Immediately after your birth,",私のものでも、あなたはケイの兄弟でもありません。生まれてすぐ、,,
Message,	Merlin the Wise brought you to me to be raised safely.  And,賢者マーリンがあなたを安全に育てるために私のところに連れてきました。そして,,
Message,"	though it was me that named you Arthur when you were baptized,",あなたが洗礼を受けたときにアーサーと名付けたのは私ですが、,,
Message,	you are really the son of brave king Uther Pendragon and queen,あなたは本当に勇敢な王ユーサー・ペンドラゴンと女王の息子です,,
Message,"	Igraine...""",イグレイン…」,,
Message,"	And after these words, the lord rose and went to see the arch-",そしてこれらの言葉の後、領主は立ち上がってアーチを見に行きました。,,
Message,	bishop to impart to him what had passed.,司教は彼に過ぎ去ったことを伝えるよう命じた。,,
Message,"	   [ Van Gouden Tijden Zingen de Harpen, by Vladimir Hulpach,",[ ファン・ゴーデン・タイデン・ジンゲン・デ・ハーペン、ウラジミール・フルパッハ著、,,
Message,"		Emanuel Frynta, and Vackav Cibula ]",エマヌエル・フリンタ、ヴァツァフ・チブラ],,
Message,"	Here lies the noble fearless knight,",ここに高貴な恐れを知らぬ騎士が横たわっている、,,
Message,	Whose valour rose to such a height;,その勇気はそのような高みに達しました。,,
Message,"	When Death at last had struck him down,",ついに死が彼を襲ったとき、,,
Message,	His was the victory and renown.,彼のものは勝利と名声だった。,,
Message,"	He reck'd the world of little prize,",彼は世界にはほとんど賞金がないと考えていたが、,,
Message,	And was a bugbear in men's eyes;,そして男性の目には虫けらのような存在でした。,,
Message,	But had the fortune in his age,しかし彼の年齢には幸運があった,,
Message,	To live a fool and die a sage.,愚か者として生き、賢者として死ぬこと。,,
Message,	The race of kobolds are reputed to be an artificial creation,コボルドの種族は人工的に創造されたものであると言われている,,
Message,	of a master wizard (demi-god?).  They are about 3' tall with,マスターウィザード（半神？）の。彼らの身長は約3フィートで、,,
Message,	a vaguely dog-like face.  They bear a violent dislike of the,どことなく犬っぽい顔。彼らは暴力的な嫌悪感を抱いている,,
Message,"	Elven race, and will go out of their way to cause trouble",種族はエルフで、トラブルを起こすためには手段を選ばない,,
Message,	for Elves at any time.,いつでもエルフのために。,,
Message,	The Kops are a brilliant concept.  To take a gaggle of inept,コップスは素晴らしいコンセプトです。無能の悪口を言うには,,
Message,	policemen and display them over and over again in a series of,警察官を一連の中で何度も繰り返し表示します。,,
Message,	riotously funny physical punishments plays equally well to the,騒々しいほど面白い体罰も同様に効果的です,,
Message,	peanut gallery and the expensive box seats.  People hate cops.,ピーナッツギャラリーと高価なボックス席。人々は警官を憎んでいる。,,
Message,	Even people who have never had anything to do with cops hate,警察と全く関わりのない人でも嫌がる,,
Message,"	them.  Of course, we count on them to keep order and to protect",彼ら。もちろん、私たちは彼らが秩序を保ち、保護することを期待しています,,
Message,"	us when we need protecting, and we love them on television shows",私たちが保護する必要があるとき、私たちはテレビ番組で彼らを愛しています,,
Message,"	in which they have nerves of steel and hearts of gold, but in",彼らは鋼の神経と黄金の心を持っていますが、,,
Message,"	the abstract, as a nation, collectively we hate them.  They are",抽象的に言えば、国家として、私たちは集合的に彼らを憎んでいます。彼らです,,
Message,	too much like high school principals.  We're very happy to see,高校の校長先生に似すぎ。とても嬉しいです,,
Message,"	their pants fall down, and they look good to us with pie on",彼らのズボンは落ちます、そして彼らはパイを着て私たちによく見えます,,
Message,	their faces.  The Keystone Kops turn up--and they get punished,彼らの顔。キーストーン警察が現れ、罰を受ける,,
Message,"	for it, as they crash into each other, fall down, and suffer",ぶつかり合い、倒れ、苦しみながらも,,
Message,	indignity after indignity.  Here is pure movie satisfaction.,屈辱に次ぐ屈辱。ここには純粋な映画の満足感がある。,,
Message,	The Kops are very skillfully presented.  The comic originality,コップスは非常に巧みに表現されています。漫画のオリジナリティ,,
Message,	and timing in one of their chase scenes requires imagination,彼らの追跡シーンではタイミングが想像力を必要とする,,
Message,"	to think up, talent to execute, understanding of the medium,",考える力、実行する才能、媒体の理解、,,
Message,"	and, of course, raw courage to perform.  The Kops are madmen",そしてもちろん、演奏するための生の勇気。警官は狂人だ,,
Message,"	presented as incompetents, and they're madmen rushing around",無能として扱われ、彼らは狂人として走り回っている,,
Message,"	in modern machines.  What's more, the machines they were operating",現代の機械では。さらに、彼らが操作していた機械は、,,
Message,	in their routines were newly invented and not yet experienced,彼らのルーチンは新しく発明されたものであり、まだ経験されていません,,
Message,"	by the average moviegoer.  (In the early days of automobiles,",平均的な映画ファンによると。 （自動車の黎明期には、,,
Message,	it was reported that there were only two cars registered in all,報告されたところによると、登録されている車は全部で2台だけだったという。,,
Message,"	of Kansas City, and they ran into each other.  There is both",カンザスシティで、彼らは偶然出会った。両方あります,,
Message,"	poetry and philosophy in this fact, but most of all, there is",この事実には詩や哲学も含まれますが、何よりも重要なことは、,,
Message,	humor.  Sennett got the humor.),ユーモア。セネットにはユーモアがある。),,
Message,"	""I am not a coward!"" he cried.  ""I'll dare Thieves' House",「私は卑怯者なんかじゃない！」彼は泣きました。 「泥棒の家に挑戦してみます」,,
Message,	and fetch you Krovas' head and toss it with blood a-drip at,そしてクロヴァスの首を持ってきて血を滴らせて投げつけるんだ,,
Message,"	Vlana's feet.  I swear that, witness me, Kos the god of",ヴラナの足。誓う、証しせよ、コスの神よ,,
Message,"	dooms, by the brown bones of Nalgron my father and by his",運命、父ナルグロンの褐色の骨によって、そして彼の,,
Message,"	sword Graywand here at my side!""",剣グレイワンドがここにいます！」,,
Message,	A Japanese harp.,日本の琴。,,
Message,	Out from the water a long sinuous tentacle had crawled; it,水の中から長く曲がりくねった触手が這い出てきました。それ,,
Message,	was pale-green and luminous and wet.  Its fingered end had,淡い緑色で、明るく、湿っていた。その指付き端には,,
Message,"	hold of Frodo's foot, and was dragging him into the water.",フロドの足を掴み、水の中に引きずり込んでいた。,,
Message,	Sam on his knees was now slashing at it with a knife.  The,サムはひざまずいてナイフでそれを切りつけようとしていた。の,,
Message,"	arm let go of Frodo, and Sam pulled him away, crying out",フロドから腕を放すと、サムは叫びながらフロドを引き離した,,
Message,	for help.  Twenty other arms came rippling out.  The dark,助けのために。さらに20本の腕が波打って出てきた。暗闇,,
Message,"	water boiled, and there was a hideous stench.",水が沸騰し、ひどい悪臭が漂いました。,,
Message,"	Blind Io took up the dice-box, which was a skull whose various",盲目のイオはサイコロ箱を取り上げました。それはさまざまな種類の頭蓋骨でした。,,
Message,"	orifices had been stoppered with rubies, and with several of",開口部にはルビーといくつかの宝石で栓がされていました。,,
Message,	his eyes on the Lady he rolled three fives.  She smiled.  This,彼の目は貴婦人に向けられ、彼は三度五の字を打った。彼女は微笑んだ。これ,,
Message,"	was the nature of the Lady's eyes:  they were bright green,",それが貴婦人の目の性質でした。明るい緑色でした。,,
Message,"	lacking iris or pupil, and they glowed from within.",虹彩や瞳孔はなく、内側から輝いていました。,,
Message,"	The room was silent as she scrabbled in her box of pieces and,",彼女が破片の入った箱をかき集めている間、部屋は静まり返りました。,,
Message,"	from the very bottom, produced a couple that she set down on",どん底から、彼女が決めたカップルを生み出した,,
Message,"	the board with two decisive clicks.  The rest of the players,",決定的な 2 回のクリックでボードを固定します。残りの選手たちは、,,
Message,"	as one God, craned forward to peer at them.",一人の神のように、前に身をかがめて彼らを見つめた。,,
Message,"	""A wenegade wiffard and fome fort of clerk,"" said Offler the",「悪党のウィファードであり、事務員の砦だ」とオフラーは言った。,,
Message,"	Crocodile God, hindered as usual by his tusks.  ""Well,","ワニ神、いつものように牙に邪魔される。 ""良い、",,
Message,"	weally!""  With one claw he pushed a pile of bone-white tokens",とてもよかった！」彼は一本の爪で真っ白なトークンの山を押し込んだ。,,
Message,	into the centre of the table.,テーブルの中央に。,,
Message,	The Lady nodded slightly.  She picked up the dice-cup and held,レディは軽くうなずいた。彼女はサイコロカップを手に取り、握った,,
Message,"	it as steady as a rock, yet all the Gods could hear the three",それは岩のように安定していましたが、すべての神々はその3つの音を聞くことができました,,
Message,	cubes rattling about inside.  And then she sent them bouncing,中で立方体がカタカタ音を立てる。そして彼女は彼らを跳ね飛ばしました,,
Message,	across the table.,テーブルの向こう側。,,
Message,	A six.  A three.  A five.,6。 ３つ目。 5つ目。,,
Message,"	Something was happening to the five, however.  Battered by the",しかし、5人の身に何かが起こっていた。に打ちのめされた,,
Message,"	chance collision of several billion molecules, the die flipped",数十億の分子が偶然衝突し、サイコロがひっくり返った,,
Message,"	onto a point, spun gently and came down a seven.  Blind Io",ポイントに乗り、軽くスピンして7で降りた。ブラインド・イオ,,
Message,	picked up the cube and counted the sides.,立方体を手に取り、面を数えました。,,
Message,"	""Come _on_,"" he said wearily, ""Play fair.""",「さあ、」彼は疲れた様子で言った、「公平にプレーしてください。」,,
Message,"	Your heart is intact, your brain is not badly damaged, but the rest",あなたの心臓は無傷で、脳はひどく損傷していませんが、残りの部分は,,
Message,	of your injuries are comparable to stepping on a land mine.  You'd,あなたの怪我は地雷を踏むのに匹敵します。あなたならそうするだろう,,
Message,"	never walk again, and you'd be in great pain.  You would come to",二度と歩くことはできません。そうすればひどい痛みを伴うでしょう。あなたはここに来るでしょう,,
Message,	wish you had not survived.,あなたが生き残らなかったらよかったのに。,,
Message,	You are on the edge of a breath-taking view.  Far below you,あなたは息を呑むような景色の端にいます。あなたのはるか下に,,
Message,"	is an active volcano, from which great gouts of molten lava",活火山であり、そこから大量の溶岩が噴出する,,
Message,"	come surging out, cascading back down into the depths.  The",湧き出て、滝のように深みに落ちていきます。の,,
Message,	glowing rock fills the farthest reaches of the cavern with a,光る岩が洞窟の最果てを満たしている。,,
Message,"	blood-red glare, giving everything an eerie, macabre appearance.",血のように赤い輝きが、あらゆるものに不気味で不気味な外観を与えます。,,
Message,	The air is filled with flickering sparks of ash and a heavy,空気はちらつく灰の火花と重い音で満たされています。,,
Message,"	smell of brimstone.  The walls are hot to the touch, and the",硫黄の匂い。壁を触ると熱く、,,
Message,	thundering of the volcano drowns out all other sounds.,火山の雷鳴は他のすべての音をかき消します。,,
Message,	Embedded in the jagged roof far overhead are myriad twisted,頭上のギザギザの屋根には無数のねじれが埋め込まれている,,
Message,"	formations composed of pure white alabaster, which scatter the",純白のアラバスターで構成された地層が、,,
Message,	murky light into sinister apparitions upon the walls.  To one,暗い光が壁に不気味な幽霊を映す。一つに,,
Message,"	side is a deep gorge, filled with a bizarre chaos of tortured",側面は深い峡谷で、拷問の奇妙な混沌で満たされています。,,
Message,	rock which seems to have been crafted by the devil himself.,悪魔が自ら作ったような岩。,,
Message,	An immense river of fire crashes out from the depths of the,巨大な火の川が深淵から流れ出す。,,
Message,"	volcano, burns its way through the gorge, and plummets into a",火山が峡谷を焼き尽くし、地表に急落する,,
Message,"	bottomless pit far off to your left.  To the right, an immense",左手の遠くに底なしの穴があります。右側には巨大な,,
Message,	geyser of blistering steam erupts continuously from a barren,不毛の地から猛烈な蒸気の間欠泉が継続的に噴出する,,
Message,"	island in the center of a sulfurous lake, which bubbles",泡立つ硫黄湖の中心にある島,,
Message,	ominously.  The far right wall is aflame with an incandescence,不気味に。右端の壁が白熱で燃えている,,
Message,"	of its own, which lends an additional infernal splendor to the",それ自体が地獄のような素晴らしさをさらに与えます。,,
Message,"	already hellish scene.  A dark, forboding passage exits to the",もう地獄のような光景。暗く不気味な通路が出口へ出ます。,,
Message,	south.,南。,,
Message,"	They had splendid heads, fine shoulders, strong legs, and",彼らは素晴らしい頭、立派な肩、強い脚を持っていました。,,
Message,	straight tails.  The spots on their bodies were jet-black and,まっすぐな尾。彼らの体の斑点は真っ黒で、,,
Message,	mostly the size of a two-shilling piece; they had smaller,ほとんどが 2 シリング片の大きさです。彼らはもっと小さかった,,
Message,"	spots on their heads, legs, and tails.  Their noses and eye-",頭、足、尾に斑点があります。彼らの鼻と目は、,,
Message,	rims were black.  Missis had a most winning expression.,リムは黒でした。ミスは最も勝ち気な表情をしていた。,,
Message,"	Pongo, though a dog born to command, had a twinkle in his",ポンゴは命令するために生まれた犬ですが、彼の心にはきらめきがありました。,,
Message,"	eye.  They walked side by side with great dignity, only",目。彼らはとても威厳を持って並んで歩きましたが、,,
Message,	putting the Dearlys on the leash to lead them over crossings.,ディアリーたちをリードにつないで横断歩道を渡らせます。,,
Message,	The Larvae (Lemures) are Roman spirits of deceased family,幼虫（レムレス）は亡くなった家族のローマの霊です,,
Message,	members.  These malignant spirits dwell throughout the house,メンバー。これらの悪霊は家中に住んでいます,,
Message,	and frighten the inhabitants.  People tried to reconcile or,そして住民を怖がらせます。人々は和解しようとしたり、,,
Message,	avert the Larvae with strange ceremonies which took place on,に行われた奇妙な儀式で幼虫を回避します。,,
Message,"	May 9, 11, and 13; this was called the ""Feast of the Lemures"".",5月9日、11日、13日。これは「レムレスの祝日」と呼ばれていました。,,
Message,"	The master of the house usually performed these ceremonies,",通常、家の主人がこれらの儀式を執り行いましたが、,,
Message,	either by offering black beans to the spirits or chasing them,黒豆を精霊に捧げるか、精霊を追いかけることによって,,
Message,	away by making a lot of noise.  Their counterparts are the,大きな音を立てて遠ざけてください。彼らの対応者は、,,
Message,"	Lares, friendly and beneficent house spirits.",ラレス、フレンドリーで慈悲深い家の精霊。,,
Message,"	... the leucrocotta, a wild beast of extraordinary swiftness,",... レウクロコッタ、並外れた素早さを持つ野獣、,,
Message,"	the size of the wild ass, with the legs of a Stag, the neck,",野生のロバほどの大きさで、鹿の足と首があり、,,
Message,"	tail, and breast of a lion, the head of a badger, a cloven",ライオンの尾と胸、アナグマの頭、裂けた動物,,
Message,"	hoof, the mouth slit up as far as the ears, and one continuous",ひづめ、口は耳まで裂けており、継続的に鳴っています。,,
Message,"	bone instead of teeth; it is said, too, that this animal can",歯の代わりに骨。この動物はできるとも言われています,,
Message,	imitate the human voice.,人間の声を真似します。,,
Message,	The Irish Leprechaun is the Faeries' shoemaker and is known,アイルランドのレプラコーンは妖精の靴屋として知られています。,,
Message,	under various names in different parts of Ireland:,アイルランドのさまざまな地域でさまざまな名前で呼ばれています。,,
Message,"	Cluricaune in Cork, Lurican in Kerry, Lurikeen in Kildare",コークのクルリコーヌ、ケリーのルリカン、キルデアのルリキーン,,
Message,	and Lurigadaun in Tipperary.  Although he works for the,そしてティペラリーのルリガダウン。彼はその会社で働いているにもかかわらず、,,
Message,"	Faeries, the Leprechaun is not of the same species.  He is",妖精、レプラコーンは同じ種ではありません。彼は,,
Message,"	small, has dark skin and wears strange clothes.  His nature",小柄で、肌の色が黒く、奇妙な服を着ています。彼の性質,,
Message,	has something of the manic-depressive about it:  first he,躁鬱的なところがある：まず彼は,,
Message,"	is quite happy, whistling merrily as he nails a sole on to a",彼はとても幸せで、足の裏を足の裏に釘付けにしながら楽しそうに口笛を吹きます。,,
Message,"	shoe; a few minutes later, he is sullen and morose, drunk",靴;数分後、彼は酔って不機嫌で不機嫌になった,,
Message,	on his home-made heather ale.  The Leprechaun's two great,彼の自家製ヘザーエールで。レプラコーンの二大偉人,,
Message,"	loves are tobacco and whiskey, and he is a first-rate con-man,",タバコとウィスキーが大好きで、一流の詐欺師です。,,
Message,"	impossible to out-fox.  No one, no matter how clever, has ever",アウトフォックスは不可能。どんなに賢い人でも、これまで誰も,,
Message,	managed to cheat him out of his hidden pot of gold or his,彼を騙して、隠していた金の壺や彼のものを引き出すことに成功した,,
Message,	magic shilling.  At the last minute he always thinks of some,魔法のシリング。土壇場になると彼はいつもあることを考える,,
Message,	way to divert his captor's attention and vanishes in the,捕虜の注意をそらす方法を講じて、,,
Message,	twinkling of an eye.,目の輝き。,,
Message,		[ A Field Guide to the Little People,[ リトル・ピープルへのフィールドガイド,,
Message,		    by Nancy Arrowsmith & George Moorse ],ナンシー・アロースミス & ジョージ・ムーア著],,
Message,"	But on its heels ere the sunset faded, there came a second",しかし、その直後、夕日が沈む前に、第二の瞬間がやって来た,,
Message,"	apparition, striding with incredible strides and halting when",幻影、信じられないほどの大股開きで立ち止まり、,,
Message,	it loomed almost upon me in the red twilight-the monstrous mummy,赤い夕暮れの中で、それはほとんど私に迫ってきました - 巨大なミイラ,,
Message,	of some ancient king still crowned with untarnished gold but,まだ汚れのない黄金の冠をかぶった古代の王のものだが、,,
Message,	turning to my gaze a visage that more than time or the worm had,私の視線に目を向けると、時間や虫が持っていた以上の表情があった,,
Message,"	wasted. Broken swathings flapped about the skeleton legs, and",無駄だった。壊れた包帯が骸骨の脚の周りではためき、,,
Message,"	above the crown that was set with sapphires and orange rubies, a",サファイアとオレンジのルビーがセットされたリューズの上には、,,
Message,"	black something swayed and nodded horribly; but, for an instant,",黒い何かが震え、恐ろしくうなずいた。しかし、一瞬、,,
Message,"	I did not dream what it was.  Then, in its middle, two oblique",それが何なのかは夢にも思わなかった。そして、その真ん中に斜めに2本,,
Message,"	and scarlet eyes opened and glowed like hellish coals, and two",そして緋色の目が開いて地獄の石炭のように輝いた、そして二つ,,
Message,"	ophidian fangs glittered in an ape-like mouth.  A squat, furless,",オフィディアンの牙が猿のような口の中で光っていた。ずんぐりした、毛皮のない、,,
Message,	shapeless head on a neck of disproportionate extent leaned,不釣り合いに傾いた首の上に形のない頭,,
Message,"	unspeakably down and whispered in the mummy's ear. Then, with",言葉にならないほど落ち込んで、ミイラの耳元でささやきました。それから、,,
Message,"	one stride, the titanic lich took half the distance between us,",一歩歩くと、巨大なリッチが私たちの間の距離の半分を占めました。,,
Message,	and from out the folds of the tattered sere-cloth a gaunt arm,そしてぼろぼろのセレクロスの襞からは、やせ細った腕が現れた,,
Message,"	arose, and fleshless, taloned fingers laden with glowering gems,",肉のない鉤爪の指が立ち上がり、輝く宝石を積んでいた、,,
Message,	reached out and fumbled for my throat . . .,手を伸ばして喉を探りました。 。 。,,
Message,"	The chamber was of unhewn rock, round, as near as might",その部屋は切り出されていない岩でできており、限りなく丸く、,,
Message,"	be, eighteen or twenty feet across, and gay with rich",直径18フィートか20フィートで、金持ちで同性愛者であること,,
Message,	variety of fern and moss and lichen.  The fern was in,さまざまなシダ、コケ、地衣類。シダが入っていました,,
Message,"	its winter still, or coiling for the spring-tide; but",冬はまだ、あるいは春の潮に向かって巻いている。しかし,,
Message,"	moss was in abundant life, some feathering, and some",苔は豊かに生えていて、羽毛が生えていたり、,,
Message,"	gobleted, and some with fringe of red to it.",ゴブレット状のものや、赤い縁取りのあるものもあります。,,
Message,"	Strange creatures formed from energy rather than matter,",物質ではなくエネルギーから形成された奇妙な生き物、,,
Message,	lights are given to self-destructive behavior when battling,戦闘中の自己破壊的な行動に光が与えられる,,
Message,	foes.,敵。,,
Message,"	Lizards, snakes and the burrowing amphisbaenids make up the",トカゲ、ヘビ、そして穴を掘るアンフィスベニ科の動物が構成されています。,,
Message,"	order Squamata, meaning the scaly ones.  The elongate, slim,",鱗状のものを意味する有鱗目。細長く、スリムで、,,
Message,	long-tailed bodies of lizards have become modified to enable,トカゲの長い尾の体は、,,
Message,	them to live in a wide range of habitats.  Lizards can be,彼らは広範囲の生息地に生息します。トカゲは、,,
Message,"	expert burrowers, runners, swimmers and climbers, and a few",穴掘りの専門家、ランナー、水泳選手、登山家、そして数名,,
Message,"	can manage crude, short-distance gliding on rib-supported",リブサポートで粗雑な短距離滑走を管理できる,,
Message,"	""wings"".  Most are carnivores, feeding on invertebrate and",「翼」。ほとんどは肉食動物で、無脊椎動物を食べます。,,
Message,"	small vertebrate prey, but others feed on vegetation.",小さな脊椎動物が獲物ですが、他の動物は植物を食べます。,,
Message,"	Loki, or Lopt, is described in Snorri's _Edda_ as being",ロキ、またはロプトは、スノッリの _Edda_ の中で次のように説明されています。,,
Message,"	""pleasing and handsome in appearance, evil in character, and",「見た目は楽しくてハンサムだが、性格は邪悪で、,,
Message,"	very capricious in behaviour"".  He is the son of the giant",行動がとても気まぐれだ」 彼は巨人の息子だ,,
Message,	Farbauti and of Laufey.,ファルバウティとラウフェイ。,,
Message,"	Loki is the Norse god of cunning, evil, thieves, and fire.",ロキは北欧の狡知、悪、泥棒、火の神です。,,
Message,	He hated the other gods and wanted to ruin them and overthrow,彼は他の神々を憎み、彼らを破滅させ、打倒しようとしました。,,
Message,"	the universe.  He committed many murders.  As a thief, he",宇宙。彼は多くの殺人を犯した。泥棒としての彼は、,,
Message,"	stole Freyja's necklace, Thor's belt and gauntlets of power,",フレイヤのネックレス、トールのベルト、そして力のガントレットを盗み、,,
Message,"	and the apples of youth.  Able to shapechange at will, he is",そして青春の林檎。自在に姿を変えることができる彼は、,,
Message,"	said to have impersonated at various times a mare, flea, fly,",さまざまな時期に、雌馬、ノミ、ハエ、,,
Message,"	falcon, seal, and an old crone.  As a mare he gave birth to",ハヤブサ、アザラシ、そして老婆。彼が産んだ牝馬として,,
Message,	Odin's horse Sleipnir.  He also allegedly sired the serpent,オーディンの愛馬スレイプニル。彼はまた蛇を産んだと言われている,,
Message,"	Midgard, the mistress of the netherworld, Hel, and the wolf",ミズガルズ、冥界の女主人、ヘルと狼,,
Message,"	Fenrir, who will devour the sun at Ragnarok.",ラグナロクで太陽を貪るフェンリル。,,
Message,	This legendary bow grants ESP when carried and can reflect magical,この伝説的な弓は、携行するとESPを付与し、魔法を反射することができます。,,
Message,	attacks when wielded.  When invoked it provides a supply of arrows.,装備すると攻撃します。呼び出すと矢が供給されます。,,
Message,	Lord Carnarvon was a personality who could have been produced,カーナーヴォン卿は生み出された可能性のある人物だった,,
Message,"	nowhere but in England, a mixture of sportsman and collector,",スポーツマンとコレクターが混在するイギリス以外にはない、,,
Message,"	gentleman and world traveler, a realist in action and a",紳士であり世界旅行者であり、行動的な現実主義者であり、,,
Message,	romantic in feeling.  ...  In 1903 he went for the first time,ロマンチックな感じ。 ... 1903年に彼は初めて行きました。,,
Message,	to Egypt in search of a mild climate and while there visited,穏やかな気候を求めてエジプトに渡り、滞在中に,,
Message,	the excavation sites of several archaeological expeditions.,いくつかの考古学探検の発掘現場。,,
Message,	...  In 1906 he began his own excavations.,... 1906 年に彼は独自の発掘調査を開始しました。,,
Message,"	Lord Sato was the family head of the Taro Clan, and a mighty",佐藤公は太郎氏の当主であり、権力者でした。,,
Message,"	daimyo.  He is a loyal servant of the Emperor, and will do",大名。彼は皇帝の忠実な臣下であり、必ずやります,,
Message,	everything in his power to further the imperial cause.,帝国の大義を推進するために彼の力のすべてを注ぎます。,,
Message,"	Yet first was the world in the southern region, which was",しかし、最初は南部地域の世界でした。,,
Message,	named Muspell; it is light and hot; that region is glowing,ムスペルと名付けられた。軽くて暑いです。その地域は輝いています,,
Message,"	and burning, and impassable to such as are outlanders and",燃えていて、よそ者や外国人などは通行できません。,,
Message,	have not their holdings there.  He who sits there at the,そこには彼らの保有物はありません。そこに座っている彼は、,,
Message,"	land's-end, to defend the land, is called Surtr; he brandishes",土地を守るための土地の端はスルトと呼ばれます。彼は振りかざす,,
Message,"	a flaming sword, and at the end of the world he shall go forth",燃える剣、そして世界の終わりに彼は出て行くだろう,,
Message,"	and harry, and overcome all the gods, and burn all the",そして急いで、すべての神々に打ち勝ち、すべてを焼き尽くしてください。,,
Message,	world with fire.,火のある世界。,,
Message,"	""[...]  We'll succeed and you'll get all the fortune you came",「[...] 私たちは成功します、そしてあなたはこれまでに得たすべての財産を手に入れるでしょう,,
Message,"	seeking.""",求めています。」,,
Message,"	Jack shook his head dismally.  ""You'll be better off without",ジャックは憂鬱そうに首を横に振った。 「ないほうがいいよ」,,
Message,"	me,"" he said.  ""I'm nothing but bad luck.  It's because I'm",「私は運が悪いだけです。」と彼は言った。それは私だからです,,
Message,	cursed.  A farmer I met on the way to the city cursed me.  He,呪われた。街に向かう途中で出会った農夫が私を罵りました。彼,,
Message,"	said, 'I curse you Jack.  May you never know wealth.  May all",「ジャックを呪うよ」と言いました。あなたが富を決して知ることがないように。皆さんもどうぞ,,
Message,"	that you wish for be denied you.'""",あなたが否定されることを望んでいることを。」,,
Message,"	""What a horrid man,"" said Eddie.  ""Why did he curse you like",「なんてひどい男なんだ」とエディは言った。 「なぜ彼はあなたをあんなふうに呪ったのですか,,
Message,"	that?""","それ？""",,
Message,"	Jack shrugged [...].  ""Bad grace, I suppose.  Just because I",ジャックは肩をすくめた[...]。 「悪い恩寵だと思います。ただ私が,,
Message,"	shot off his ear and made him jump into a pit full of spikes.""",耳を撃ち落とし、トゲだらけの穴に飛び込ませた。」,,
Message,"		[ the hollow chocolate bunnies of the apocalypse,",[黙示録の中空のチョコレートバニー、,,
Message,		    by Robert Rankin ],ロバート・ランキン著],,
Message,"	Lugh, or Lug, was the sun god of the Irish Celts.  One of his",ルー、またはルーグはアイルランドのケルト人の太陽神でした。彼の一人,,
Message,	weapons was a rod-sling which worshippers sometimes saw in,武器は崇拝者が時々目にしたロッドスリングでした。,,
Message,"	the sky as a rainbow.  As a tribal god, he was particularly",空が虹のように。部族の神として、彼は特に,,
Message,"	skilled in the use of his massive, invincible spear, which",巨大で無敵の槍の使い方に熟練しており、,,
Message,	fought on its own accord.  One of his epithets is _lamfhada_,自らの意思で戦った。彼の形容詞の 1 つは _lamfhada_ です,,
Message,	(of the long arm).  He was a young and apparently more,（長い腕の）。彼は若かったし、明らかにそれ以上だった,,
Message,"	attractive deity than Dagda, the father of the gods.  Being",神々の父であるダグダよりも魅力的な神。いる,,
Message,"	able to shapeshift, his name translates as lynx.",姿を変えることができ、彼の名前はオオヤマネコと訳されます。,,
Message,	These dungeon scavengers are very adept at blending into the,これらのダンジョンスカベンジャーは、ダンジョンに溶け込むのが非常に上手です。,,
Message,	surrounding walls and ceilings of the dungeon due to the,ダンジョンの周囲の壁や天井は、,,
Message,	stone-like coloring of their skin.,肌の石のような色。,,
Message,"	In 1573, the Parliament of Dole published a decree, permitting",1573 年、ドール議会は法令を公布し、次のことを許可しました。,,
Message,	the inhabitants of the Franche-Comte to pursue and kill a,フランシュ＝コンテの住民が追撃して殺害する,,
Message,"	were-wolf or loup-garou, which infested that province,",その地方にはびこる狼男やルー・ガルー、,,
Message,"	""notwithstanding the existing laws concerning the chase.""",「追跡に関する現行法にもかかわらず。」,,
Message,"	The people were empowered to ""assemble with javelins,",人々は「槍を持って集合し、,,
Message,"	halberds, pikes, arquebuses and clubs, to hunt and pursue the",ハルバード、パイク、火縄銃、棍棒を使って狩猟し、追跡します。,,
Message,"	said were-wolf in all places where they could find it, and to",狼男は見つけられる限りのあらゆる場所で言いました。,,
Message,"	take, burn, and kill it, without incurring any fine or other",罰金などを課さずに、それを採取し、燃やし、殺してください。,,
Message,"	penalty.""  The hunt seems to have been successful, if we may",ペナルティ。」 できれば、狩りは成功したようだ,,
Message,	judge from the fact that the same tribunal in the following,同じ法廷が以下の事実から判断する,,
Message,"	year condemned to be burned a man named Giles Garnier, who",この年、ジャイルズ・ガルニエという男に火刑の判決が下された。,,
Message,	ran on all fours in the forest and fields and devoured little,森や野原を四つん這いで走り、少しずつ食べた,,
Message,"	children, ""even on Friday.""  The poor lycanthrope, it appears,",子どもたち、「金曜日でも」。哀れな獣人は、どうやら、,,
Message,	had as slight respect for ecclesiastical feasts as the French,フランス人と同じくらい教会の祝祭に対してわずかな敬意を持っていた,,
Message,"	pig, which was not restrained by any feeling of piety from",豚は、いかなる敬虔な感情にも拘束されませんでした。,,
Message,	eating infants on a fast day.,断食日に幼児を食べること。,,
Message,"	To dream of seeing a lynx, enemies are undermining your",オオヤマネコを見る夢は、敵があなたの心を蝕んでいます。,,
Message,"	business and disrupting your home affairs.  For a woman,",ビジネスと家庭の混乱を引き起こします。女性にとって、,,
Message,	this dream indicates that she has a wary woman rivaling her,この夢は、彼女にライバルとなる警戒心のある女性がいることを示しています,,
Message,"	in the affections of her lover. If she kills the lynx, she",恋人の愛情の中で。オオヤマネコを殺せば、彼女は,,
Message,	will overcome her rival.,彼女のライバルに勝つだろう。,,
Message,"	  [...] In Dehenbarth (that now South Wales is hight,",[...] デヘンバルト（今は南ウェールズが最高地である、,,
Message,"	  What time King Ryence reigned, and dealed right)",ライエンス王が統治し、正しい行動をとった時代),,
Message,"	  The great magician Merlin had devised,",偉大な魔術師マーリンが考案した、,,
Message,"	  By his deep science, and hell-dreaded might,",彼の深い科学と恐ろしい力によって、,,
Message,"	  A looking-glass, right wondrously aguised,",まさに不思議な装いをした鏡、,,
Message,	Whose virtues through the wide world soon were solemnized.,その美徳はすぐに世界中で厳かに讃えられることになりました。,,
Message,	It virtue had to show in perfect sight,その美徳は完璧な視界で示されなければならなかった,,
Message,"	  Whatever thing was in the world contained,",世界にどんなものが含まれていたとしても、,,
Message,"	  Betwixt the lowest earth and heaven's height,",最低の地と天の高さの間で、,,
Message,	  So that it to the looker appertained;,そのようにして、見ている人にはそれが現れました。,,
Message,"	  Whatever foe had wrought, or friend had fained,",敵がどんなことをしたとしても、友人がどんな失敗をしたとしても、,,
Message,"	  Therein discovered was, nor aught might pass,",そこで発見されたのは、何も通過することはできなかった、,,
Message,	  Nor aught in secret from the same remained;,また、秘密裏に残ったものは何もありませんでした。,,
Message,	A highly enchanted athame said to hold the power to channel,チャネリングする力を持つと言われている高度に魔法がかけられたアテメ,,
Message,	and direct magical energy.,そして魔力を直接与える。,,
Message,	It is rumoured that these strange creatures can be harmed by,これらの奇妙な生き物は次のような害を受ける可能性があると噂されています。,,
Message,	domesticated canines only.,飼いならされたイヌ科のみ。,,
Message,"	Normally called Manannan, Ler's son was the patron of",通常はマナンナンと呼ばれるレルの息子は、,,
Message,	merchants and sailors.  Manannan had a sword which never,商人と船員。マナンナンは決して持っていなかった剣を持っていました,,
Message,"	failed to slay, a boat which propelled itself wherever its",殺すのに失敗した、どこまでも進んでいくボート,,
Message,"	owner wished, a horse which was swifter than the wind, and",飼い主が願ったのは、風よりも速い馬、そして,,
Message,	magic armour which no sword could pierce.  He later became,いかなる剣も貫くことのできない魔法の鎧。彼は後にこうなった,,
Message,"	god of the sea, beneath which he lived in Tir na nOc, the",海の神であり、その下で彼はティル・ナ・ノックに住んでいました。,,
Message,	underworld.,地下世界。,,
Message,"	Manes or Di Manes (""good ones"") is the euphemistic description",Manes または Di Manes (「良いもの」) は婉曲的な表現です,,
Message,"	of the souls of the deceased, worshipped as divinities.  The",死者の魂を神として崇拝するもの。の,,
Message,"	formula D.M. (= Dis Manibus; ""dedicated to the Manes-gods"")",式 D.M. (= Dis Manibus; 「マネスの神々に捧げられた」),,
Message,	can often be found on tombstones.  Manes also means,墓石によく見られます。マネスという意味もあります,,
Message,	metaphorically 'underworld' or 'realm of death'.  Festivals,比喩的に「冥界」または「死の世界」。祭り,,
Message,"	in honor of the dead were the Parentalia and the Feralia,",死者に敬意を表してパレンタリアとフェラリアがいた。,,
Message,	celebrated in February.,2月に祝われました。,,
Message,"	The gnats of the dungeon, these swarming monsters are rarely",ダンジョンのブヨ、これらの群がるモンスターはめったに存在しません,,
Message,	seen alone.,一人で見られた。,,
Message,"	First insisting on recognition as supreme commander, Marduk",まず最高司令官マルドゥクとしての承認を主張,,
Message,"	defeated the Dragon, cut her body in two, and from it created",ドラゴンを倒し、体を真っ二つに切り、そこから創造した,,
Message,"	heaven and earth, peopling the world with human beings who not",天と地、世界の人々とそうでない人間,,
Message,	unnaturally showed intense gratitude for their lives.  The,不自然に彼らの命に対して強い感謝の意を示した。の,,
Message,"	gods were also properly grateful, invested him with many",神々もきちんと感謝し、彼に多くの恩恵を与えた,,
Message,"	titles, and eventually permitted themselves to be embodied in",タイトル、そして最終的には自分自身を体現することを許可しました,,
Message,"	him, so that he became supreme god, plotting the whole course",彼が最高神になるように、すべての計画を立てた,,
Message,	of known life from the paths of the planets to the daily,惑星の経路から日常生活に至るまでの既知の生命について,,
Message,	events in the lives of men.,男性の人生における出来事。,,
Message,"	The marilith has a torso shaped like that of a human female,",マリリスは人間の女性のような胴体を持ち、,,
Message,"	and the lower body of a great snake.  It has multiple arms,",そして大蛇の下半身。腕が複数あるので、,,
Message,	and can freely attack with all of them.  Since it is,それらすべてで自由に攻撃できます。ですので,,
Message,"	intelligent enough to use weapons, this means it can cause",武器を使用できるほど知能が高いということは、,,
Message,	great damage.,大きなダメージ。,,
Message,"	The god of war, and one of the most prominent and worshipped",戦争の神であり、最も著名で崇拝されているものの一つ,,
Message,"	gods.  In early Roman history he was a god of spring, growth in",神々。初期のローマの歴史では、彼は春、成長の神でした。,,
Message,"	nature, and fertility, and the protector of cattle.  Mars is",自然、繁殖力、牛の守護者。火星は,,
Message,	also mentioned as a chthonic god (earth-god) and this could,また、chthonicの神（地球の神）としても言及されており、これは可能性があります,,
Message,	explain why he became a god of death and finally a god of war.,なぜ彼が死神になり、最終的には軍神になったのかを説明してください。,,
Message,	He is the son of Jupiter and Juno.,彼はジュピターとジュノーの息子です。,,
Message,"	""What else can we do? None of this is fast enough."" ""It will have",「他に何ができるでしょうか?どれも十分な速さではありません。」 「それはあるだろう,,
Message,"	to be."" He stood up, a tall, broad wall of a man.  ""Why don't you",」彼は立ち上がった、高くて広い男の壁。,,
Message,"	ask around, see if anyone in the neighborhoods knows anything",周りに聞いて、近所の人が何か知っているかどうかを確認してください,,
Message,	about martial arts.  You need more than a book or two to learn,武道について。学ぶには1冊や2冊以上の本が必要です,,
Message,"	good dependable unarmed combat.""",信頼できる非武装戦闘が得意です。」,,
Message,"	He strolled down the stairs, followed by a number of assassins.",彼は階段をぶらぶらと下り、その後に何人かの暗殺者が続いた。,,
Message,"	When he was directly in front of Ymor he said: ""I've come for",イーモールの目の前にいたとき、彼はこう言いました。,,
Message,"	the tourist."" ...",観光客よ。」,,
Message,"	""One step more and you'll leave here with fewer eyeballs than",「あと一歩行けば、もっと少ない目玉でここを出られるだろう」,,
Message,"	you came with,"" said the thiefmaster.  ""So sit down and have",「あなたも一緒に来たのよ」と泥棒マスターは言いました。,,
Message,"	a drink, Zlorf, and let's talk about this sensibly.  _I_",飲み物を飲みなさい、ズロルフ、そしてこのことについて賢明に話しましょう。 _私_,,
Message,	thought we had an agreement.  You don't rob -- I don't kill.,私たちは合意を得たと思った。あなたは盗みません、私は殺しません。,,
Message,"	Not for payment, that is,"" he added after a pause.",つまり、支払いのためではない」と彼は少し間を置いて付け加えた。,,
Message,	Zlorf took the proffered beer.,ズロルフは差し出されたビールを飲みました。,,
Message,"	""So?"" he said.  ""I'll kill him.  Then you rob him.  Is he that","""それで？""彼は言い​​ました。 「私は彼を殺します。そしてあなたは彼から金を奪います。彼はそれですか？」",,
Message,"	funny looking one over there?""",そこにいるのは面白い人ですか？」,,
Message,"	""Yes.""","""はい。""",,
Message,"	Zlorf stared at Twoflower, who grinned at him.  He shrugged.",ズロルフはトゥーフラワーを見つめ、ツーフラワーは彼に笑いかけた。彼は肩をすくめた。,,
Message,	He seldom wasted time wondering why people wanted other people,彼は、なぜ人々が他の人々を求めるのかを考えて時間を無駄にすることはほとんどありませんでした,,
Message,	dead.  It was just a living.,死んだ。それはただの生活でした。,,
Message,"	""Who is your client, may I ask?"" said Ymor.",「あなたのクライアントは誰ですか、聞いてもいいですか？」とイーモアは言いました。,,
Message,"	Zlorf held up a hand.  ""Please!"" he protested.  ""Professional","ズロフは手を上げた。 ""お願いします！""彼は抗議した。 ""プロ",,
Message,"	etiquette.""","エチケット。""",,
Message,	This skeleton key was fashioned in ages past and imbued with,このスケルトンキーは昔に作られ、魂が吹き込まれています。,,
Message,	a powerful magic which allows it to open any lock.  When,あらゆる錠前を開くことができる強力な魔法。いつ,,
Message,"	carried, it grants its owner warning, teleport control, and",運ぶと、所有者に警告、テレポート制御を許可し、,,
Message,"	reduces all physical damage by half.  Finally, when invoked,",あらゆる物理ダメージを半減する。最後に呼び出されると、,,
Message,	it has the ability to disarm any trapped lock.,閉じ込められたロックを解除する機能があります。,,
Message,	There was a flutter of wings at the window.  Ymor shifted his,窓辺で羽ばたきが聞こえた。イーモアは彼の,,
Message,"	bulk out of the chair and crossed the room, coming back with",一斉に椅子から立ち上がって部屋を横切り、一緒に戻ってきた,,
Message,	a large raven.  After he'd unfastened the message capsule from,大きなカラス。彼がメッセージカプセルを外した後、,,
Message,	its leg it flew up to join its fellows lurking among the,その脚は、森の中に潜んでいる仲間たちに加わるために飛び上がった。,,
Message,	rafters.  Withel regarded it without love.  Ymor's ravens were,垂木。ウィゼルはそれを愛なしに見ていた。イーモールのカラスは,,
Message,"	notoriously loyal to their master, to the extent that Withel's",ウィゼルの主人に忠実であることで悪名高い。,,
Message,	one attempt to promote himself to the rank of greatest thief,自分自身を最大の泥棒のランクに昇進させようとする試み,,
Message,	in Ankh-Morpork had cost their master's right hand man his,アンク・モルポークでは主人の右腕を失った,,
Message,"	left eye.  But not his life, however.  Ymor never grudged a",左目。しかし、彼の人生はそうではありません。イーモアは決して恨んだことはありません,,
Message,	man his ambitions.,彼の野心。,,
Message,"	Any large, elephantlike mammal of the genera Mammut, Mastodon,",マムート属、マストドン属の象に似た大型の哺乳動物。,,
Message,"	etc., from the Oligocene and Pleistocene epochs, having",漸新世と更新世の時代から、,,
Message,	conical projections on the molar teeth.,奥歯にある円錐形の突起。,,
Message,	A mattock is an agricultural tool similar to a mining pick.,マトックは採掘用ピックに似た農具です。,,
Message,	It is distinguished by the head terminating in a broader blade,頭部の先端が幅広の刃になっているのが特徴です。,,
Message,"	rather than a narrow spike, which makes it particularly suitable",狭いスパイクではなく、特に適しています,,
Message,	for breaking up moderately hard ground. ... During the Middle,適度に硬い地面を砕くのに。 ...途中,,
Message,"	Ages of Europe, the mattock served as an improvised shafted",ヨーロッパの時代、マトックは即興のシャフトとして機能しました,,
Message,	weapon for the poorer classes.,貧しい階級のための武器。,,
Message,"	Some hae meat and canna eat,",ヘーミートやカンナを食べることもあるし、,,
Message,	And some would eat that want it;,そして、それを望んで食べる人もいます。,,
Message,"	But we hae meat, and we can eat,",しかし、私たちは肉を食べます、そして食べることができます、,,
Message,	Sae let the Lord be thankit.,サエは主に感謝しましょう。,,
Message,"	Medusa, one of the three Gorgons, is the only one of her",3 人のゴルゴンの 1 人であるメドゥーサは、彼女の唯一のゴルゴンです。,,
Message,	sisters to have assumed mortal form and inhabited the dungeon,姉妹たちは人間の姿をとってダンジョンに住んでいた,,
Message,	world.,世界。,,
Message,	When Perseus was grown up Polydectes sent him to attempt the,ペルセウスが成長したとき、ポリデクテスは彼に、,,
Message,"	conquest of Medusa, a terrible monster who had laid waste the",世界を荒廃させた恐ろしい怪物、メドゥーサの征服,,
Message,	country.  She was once a beautiful maiden whose hair was her,国。彼女はかつて美しい乙女でした、その髪は彼女でした,,
Message,"	chief glory, but as she dared to vie in beauty with Minerva,",最高の栄光ですが、ミネルヴァと美においてあえて競い合ったように、,,
Message,	the goddess deprived her of her charms and changed her,女神は彼女の魅力を奪い、彼女を変えた,,
Message,	beautiful ringlets into hissing serpents.  She became a cruel,シューシュー音を立てる蛇に美しい巻き毛が入ります。彼女は残酷になった,,
Message,	monster of so frightful an aspect that no living thing could,いかなる生物も成し得ないほど恐ろしい側面を持つ怪物,,
Message,	behold her without being turned into stone.  All around the,石に変えられていない彼女を見てください。周りすべて,,
Message,	cavern where she dwelt might be seen the stony figures of men,彼女が住んでいた洞窟には、石のような人々の姿が見えるかもしれない,,
Message,	and animals which had chanced to catch a glimpse of her and,そして偶然彼女を垣間見た動物たちと、,,
Message,"	had been petrified with the sight.  Perseus, favoured by",その光景を見て愕然としていた。ペルセウスのお気に入り,,
Message,"	Minerva and Mercury, the former of whom lent him her shield",ミネルヴァとマーキュリー、前者は彼に盾を貸してくれた,,
Message,"	and the latter his winged shoes, approached Medusa while she",そして後者は翼のついた靴でメドゥーサに近づいた。,,
Message,"	slept and taking care not to look directly at her, but guided",彼女を直視しないように注意しながら寝ていましたが、誘導されました,,
Message,"	by her image reflected in the bright shield which he bore, he",彼が背負った明るい盾に映る彼女の姿によって、彼は,,
Message,"	cut off her head and gave it to Minerva, who fixed it in the",彼女の首を切り落としてミネルヴァに渡し、ミネルヴァはそれを直した。,,
Message,	middle of her Aegis.,イージスの真ん中。,,
Message,"	Roman god of commerce, trade and travellers.  He is commonly",ローマの商業、貿易、旅行者の神。彼は普通に,,
Message,	depicted carrying a caduceus (a staff with two snakes,カドゥケウス（二匹の蛇がついた杖）を運んでいる姿が描かれている,,
Message,	intertwining around it) and a purse.,その周りに絡み合っています）と財布。,,
Message,"	The ancestors of the modern day chameleon, these creatures can",現代のカメレオンの祖先であるこれらの生き物は、,,
Message,	assume the form of anything in their surroundings.  They may,周囲にあるあらゆるものの形をとります。彼らはそうかもしれない,,
Message,	assume the shape of objects or dungeon features.  Unlike the,オブジェクトやダンジョンの特徴の形状を想定します。とは異なり、,,
Message,"	chameleon though, which assumes the shape of another creature",ただし、カメレオンは別の生き物の形をとります,,
Message,"	and goes in hunt of food, the mimic waits patiently for its",そして餌を探しに行き、ミミックは辛抱強く餌を待ちます。,,
Message,	meals to come in search of it.,それを求めてやってくる食事。,,
Message,"	This creature has a humanoid body, tentacles around its",この生き物は人型の体を持ち、その周りに触手が生えています。,,
Message,"	covered mouth, and three long fingers on each hand.  Mind",口は覆われており、それぞれの手に3本の長い指があります。心,,
Message,"	flayers are telepathic, and love to devour intelligent beings,",フレイヤーはテレパシー能力があり、知的存在を貪り食うのが大好きです。,,
Message,"	especially humans.  If they hit their victim with a tentacle,",特に人間。彼らが触手で被害者を殴ると、,,
Message,"	the mind flayer will slowly drain it of all intelligence,",マインドフレイヤーはゆっくりとすべての知性を吸い取っていきます。,,
Message,	eventually killing its victim.,最終的には被害者を殺害します。,,
Message,	Made by Dwarfs.  The Rule here is that the Mine is either long,ドワーフによって作られました。ここでのルールは、鉱山が長いかどうかです。,,
Message,	deserted or at most is inhabited by a few survivors who will,無人か、せいぜい少数の生存者が住んでいます。,,
Message,	make confused claims to have been driven out/decimated by humans/,人間によって追い出された/絶滅した/という混乱した主張をする,,
Message,"	other Dwarfs/Minions of the Dark Lord.  Inhabited or not, this",他のドワーフ/暗黒卿の手下。人が住んでいるかどうか、これは,,
Message,"	Mine will be very complex, with many levels of galleries,",私のものは非常に複雑になり、多くのレベルのギャラリーが含まれます。,,
Message,	beautifully carved and engineered.  What was being mined here,美しく彫刻され、設計されています。ここで何が採掘されていたのか,,
Message,"	is not always evident, but at least some of the time it will",常に明らかになるわけではありませんが、少なくともいつかは明らかになるでしょう,,
Message,"	appear to have been Jewels, since it is customary to find",見つけるのが習慣なので、宝石だったようです。,,
Message,"	unwanted emeralds, etc., still embedded in the rock of the",不要なエメラルドなどがまだ岩の中に埋め込まれています。,,
Message,"	walls.  Metal will also be present, but only when made up into",壁。金属も存在しますが、それは構成された場合のみです。,,
Message,	armor and weapons (_wondrous_).,鎧と武器 (_wonderous_)。,,
Message,"	The Minotaur was a monster, half bull, half human, the",ミノタウロスは半分牛、半分人間の怪物でした。,,
Message,	offspring of Minos' wife Pasiphae and a wonderfully beautiful,ミノスの妻パシパエの子孫であり、驚くほど美しい,,
Message,	bull. ...  When the Minotaur was born Minos did not kill him.,ブル。 ...ミノタウロスが生まれたとき、ミノスは彼を殺さなかった。,,
Message,"	He had Daedalus, a great architect and inventor, construct a",彼は偉大な建築家であり発明家であるダイダロスに、,,
Message,	place of confinement for him from which escape was impossible.,そこは彼にとって、脱出不可能な監禁場所だった。,,
Message,"	Daedalus built the Labyrinth, famous throughout the world.",ダイダロスは世界中で有名な迷宮を建設しました。,,
Message,"	Once inside, one would go endlessly along its twisting paths",中に入ると、曲がりくねった道を延々と進みます,,
Message,	without ever finding the exit.,出口が見つからないまま。,,
Message,"	Originating in India (Mitra), Mithra is a god of light who",インド（ミトラ）に起源を持つミトラは、光の神です。,,
Message,	was translated into the attendant of the god Ahura Mazda in,ではアフラ・マズダー神の従者と訳されました。,,
Message,	the light religion of Persia; from this he was adopted as,ペルシャの光宗教。このことから彼はとして養子縁組された,,
Message,	the Roman deity Mithras.  He is not generally regarded as a,ローマの神ミトラス。彼は一般的には人間とはみなされていない,,
Message,	sky god but a personification of the fertilizing power of,空の神ですが、肥沃な力の化身です。,,
Message,"	warm, light air.  According to the _Avesta_, he possesses",暖かくて軽い空気。 _Avesta_によると、彼は次のようなものを持っています。,,
Message,"	10,000 eyes and ears and rides in a chariot drawn by white","10,000の目と耳が白人の引く戦車に乗る",,
Message,"	horses.  Mithra, according to Zarathustra, is concerned with",馬。ツァラトゥストラによれば、ミスラは次のことに関心を持っています。,,
Message,	the endless battle between light and dark forces:  he,光と闇の勢力の間の終わりのない戦い：彼は,,
Message,	represents truth.  He is responsible for the keeping of oaths,真実を表します。彼には誓いを守る責任がある,,
Message,	and contracts.  He is attributed with the creation of both,そして契約書。彼は両方の創造に貢献したと考えられています,,
Message,"	plants and animals.  His chief adversary is Ahriman, the",動植物。彼の主な敵はアーリマンです。,,
Message,	power of darkness.,闇の力。,,
Message,"	    [ The Encyclopaedia of Myths and Legends of All Nations,",[ すべての国の神話と伝説の百科事典、,,
Message,		by Herbert Spencer Robinson and Knox Wilson ],ハーバート・スペンサー・ロビンソンとノックス・ウィルソン著],,
Message,	This helm of brilliance performs all of the normal functions,この輝きの兜は通常の機能をすべて果たします,,
Message,"	of a helm of brilliance, but also has the ability to protect",輝きの兜ですが、守る力も持っています。,,
Message,"	anyone who carries it from fire.  When invoked, it boosts",それを火から運ぶ者。発動するとブーストする,,
Message,"	the energy of the invoker, allowing them to cast more spells.",発動者のエネルギーを強化し、より多くの呪文を唱えることができるようになります。,,
Message,"	Forged by the dwarves Eitri and Brokk, in response to Loki's",ロキの意志に応じて、ドワーフのエイトリとブロックによって鍛造されました。,,
Message,"	challenge, Mjollnir is an indestructible war hammer.  It has",挑戦、ミョルニアは不滅の戦槌です。それは持っています,,
Message,	two magical properties:  when thrown it always returned to,2 つの魔法の特性: 投げると必ず元に戻ります。,,
Message,	Thor's hand; and it could be made to shrink in size until it,トールの手。までサイズを縮小することもできます。,,
Message,	could fit inside Thor's shirt.  Its only flaw is that it has,トールのシャツの中に収まるかもしれない。その唯一の欠点は、,,
Message,	a short handle.  The other gods judged Mjollnir the winner of,短いハンドル。他の神々はミョルニルを勝者と判断した,,
Message,"	the contest because, of all the treasures created, it alone had",なぜなら、作成されたすべての宝物の中で、それだけが,,
Message,	the power to protect them from the giants.  As the legends,巨人から身を守る力。伝説として,,
Message,"	surrounding Mjollnir grew, it began to take on the quality of",周囲のミョルニアが成長し、その性質を帯び始めた,,
Message,"	""vigja"", or consecration.  Thor used it to consecrate births,",「ヴィジャ」、または奉献。トールは出産を神聖にするためにそれを使用しました。,,
Message,"	weddings, and even to raise his goats from the dead.  In the",結婚式、そして死んだヤギを生き返らせることさえ。で,,
Message,	Norse mythologies Mjollnir is considered to represent Thor's,北欧神話のミョルニルはトールの象徴であると考えられています,,
Message,"	governance over the entire cycle of life - fertility, birth,",生殖能力、誕生、生命のサイクル全体にわたる統治,,
Message,"	destruction, and resurrection.",破壊と復活。,,
Message,	Mog is known as the Spider God.  Mog resembles a four-limbed,モグは蜘蛛の神として知られています。四肢に似ているモグよ,,
Message,"	spider with a handsome, if not entirely human, face.",完全に人間ではないにしても、ハンサムな顔をしたクモ。,,
Message,"	Mold, multicellular organism of the division Fungi, typified",カビ、菌類に代表される部門の多細胞生物,,
Message,	by plant bodies composed of a network of cottony filaments.,綿状のフィラメントのネットワークで構成される植物体によって。,,
Message,	The colors of molds are due to spores borne on the filaments.,カビの色はフィラメントに付着した胞子によるものです。,,
Message,"	Most molds are saprophytes.  Some species (e.g., penicillium)",ほとんどのカビは腐生植物です。一部の種（ペニシリウムなど）,,
Message,	are used in making cheese and antibiotics.,チーズや抗生物質の製造に使用されます。,,
Message,"	And the Lord spake unto Moses, saying,",そこで主はモーセにこう言われた。,,
Message,"	Again, thou shalt say to the children of Israel, Whosoever",もう一度、あなたはイスラエルの子らに言うべきだ、誰であろうと,,
Message,"	he be of the children of Israel, or of the strangers that",彼はイスラエルの子らか、あるいは異邦人の子孫である。,,
Message,"	sojourn in Israel, that giveth any of his seed unto Molech;",イスラエルに滞在し、イスラエルは彼の子孫をモレクに与えます。,,
Message,	he shall surely be put to death: the people of the land shall,彼は必ず死刑に処される、その地の民は,,
Message,	stone him with stones.,彼を石で石で打ちなさい。,,
Message,"	And I will set my face against that man, and will cut him off",そして私はその男に顔を向けて、彼を切り落とします,,
Message,	from among his people; because he hath given of his seed unto,彼の民の中から。なぜなら彼は自分の種を彼らに与えたからです,,
Message,"	Molech, to defile my sanctuary, and to profane my holy name.",モレク、私の聖所を汚し、私の聖なる名を汚す。,,
Message,	And if the people of the land do any ways hide their eyes,そしてもしその土地の人々が何らかの方法で目を隠したとしても,,
Message,"	from the man, when he giveth of his seed unto Molech, and kill",男がモレクに自分の種を与えて殺すときから,,
Message,	him not:,彼はそうではありません：,,
Message,"	Then I will set my face against that man, and against his",それから私はあの人に対して、そして彼の人に対して顔を向けるつもりです,,
Message,"	family, and will cut him off, and all that go a whoring after",家族、そして彼と絶縁するだろう、そしてその後はすべて売春婦になるだろう,,
Message,"	him, to commit whoredom with Molech, from among their people.",彼は、民の中からモレクと淫行を犯すことになった。,,
Message,"	One day, an army general invited the Buddhist monk I-Hsiu",ある日、陸軍大将が僧侶イーシュウを招いた。,,
Message,"	(literally, ""One Rest"") to his military head office for a",（文字通り「一休み」）軍の本部に行って、,,
Message,	dinner.  I-Hsiu was not accustomed to wearing luxurious,夕食。イシュウは豪華な服を着ることに慣れていなかった,,
Message,	clothings and so he just put on an old ordinary casual,服もそうだったので、彼は古い普通のカジュアルな服を着ただけです,,
Message,"	robe to go to the military base.  To him, ""form is void"".",軍事基地に行くためのローブ。彼にとって、「形は空虚」なのです。,,
Message,"	As he approached the base, two soldiers appeared before him",彼が基地に近づくと、二人の兵士が彼の前に現れた,,
Message,"	and shouted, ""Where does this beggar came from?  Identify",そして叫びました、「この物乞いはどこから来たのですか？身元を特定してください」,,
Message,"	yourself!  You do not have permission to be around here!""",自分自身！あなたにはここにいる許可がありません！」,,
Message,"	""My name is I-Hsiu Dharma Master.  I am invited by your",「私の名前はイーシュウ・ダルマ・マスターです。私はあなたのご招待です。,,
Message,"	general for a supper.""",夕食には一般的です。」,,
Message,"	The two soldiers examined the monk closely and said, ""You",二人の兵士は僧侶を詳しく調べてこう言いました。,,
Message,	liar.  How come my general invites such a shabby monk to,嘘つき。どうして私の将軍はそのようなみすぼらしい僧侶を招待するのでしょうか？,,
Message,	dinner?  He invites the very solemn venerable I-Hsiu to our,夕食？彼は非常に厳粛な尊いイーシュウを私たちの集会に招待します。,,
Message,"	base for a great ceremony today, not you.  Now, get out!""",今日の素晴らしいセレモニーの拠点はあなたではありません。さあ、出て行け！」,,
Message,	I-Hsiu was unable to convince the soldiers that he was,イシュウは兵士たちに自分がそうだと納得させることができなかった。,,
Message,"	indeed the invited guest, so he returned to the temple",まさに招待客だったので、彼は神殿に戻りました,,
Message,	and changed to a very formal solemn ceremonial robe for,そして非常にフォーマルな厳粛な儀式用のローブに着替えました。,,
Message,"	the dinner.  And as he returned to the military base, the",夕食。そして彼が軍事基地に戻ると、,,
Message,"	soldiers observed that he was such a great Buddhist monk,",兵士たちは彼がとても偉大な仏教僧であることに気づきました。,,
Message,	let him in with honour.,名誉を持って彼を中に入れてください。,,
Message,"	At the dinner, I-Hsiu sat in front of the table full of",夕食のとき、イーシュウはたくさんの食べ物でいっぱいのテーブルの前に座りました。,,
Message,"	food but, instead of putting the food into his mouth, he",しかし、彼は食べ物を口に入れる代わりに、,,
Message,	picked up the food with his chopsticks and put it into,食べ物を箸でつまみ、中に入れた,,
Message,"	his sleeves.  The general was curious, and whispered to",彼の袖。将軍は興味を持ってこうささやきました。,,
Message,"	him, ""This is very embarrassing.  Do you want to take",彼「とても恥ずかしいです。撮りますか？」,,
Message,	some food back to the temple?  I will order the cook to,神殿に食べ物を持ち帰る？私は料理人にこう命令します,,
Message,"	prepare some take out orders for you.""  ""No"" replied the",テイクアウトの注文をいくつか用意してください」と言うと、「いいえ」と答えました。,,
Message,"	monk.  ""When I came here, I was not allowed into the",モンク。 「私がここに来たとき、私は中に入ることを許可されませんでした」,,
Message,	base by your soldiers until I wear this ceremonial robe.,私がこの儀式用のローブを着るまで、あなたの兵士たちに基地を任せてください。,,
Message,	You do not invite me for a dinner.  You invite my robe.,あなたは私を夕食に招待しません。あなたは私のローブを招待します。,,
Message,"	Therefore, my robe is eating the food, not me.""",したがって、食べ物を食べているのは私ではなく、私のローブです。」,,
Message,"		[ Dining with a General - a Zen Buddhism Koan,",[ 将軍との食事 - 禅宗の公案、,,
Message,		  translation by Yiu-man Chan ],チャン・ユマン訳],,
Message,"	""Listen, man-cub,"" said the Bear, and his voice rumbled like",「聞いて、この子熊」とクマは言いました、そして彼の声はまるで地鳴りのようなものでした,,
Message,"	thunder on a hot night.  ""I have taught thee all the Law of",暑い夜に雷が鳴る。 「私はあなたにすべての法則を教えました。,,
Message,	the Jungle for all the peoples of the jungle--except the,ジャングルは、ジャングルに住むすべての人々のためのものです。,,
Message,	Monkey-Folk who live in the trees.  They have no law.  They,木々の中に住む猿の民。彼らには法律がありません。彼らは,,
Message,"	are outcasts.  They have no speech of their own, but use the",はぐれ者です。彼らは自分自身の言葉を持っていませんが、,,
Message,"	stolen words which they overhear when they listen, and peep,",彼らが聞いたり覗き見したりするときに盗み聞きした言葉、,,
Message,	and wait up above in the branches.  Their way is not our way.,そして上の枝で待ちます。彼らのやり方は私たちのやり方ではありません。,,
Message,	They are without leaders.  They have no remembrance.  They,彼らにはリーダーがいません。彼らには記憶がありません。彼らは,,
Message,	boast and chatter and pretend that they are a great people,自慢したりおしゃべりしたり、自分たちが偉大な人々であるかのように振る舞う,,
Message,"	about to do great affairs in the jungle, but the falling of",ジャングルで大事業を行おうとしていたが、,,
Message,	a nut turns their minds to laughter and all is forgotten.,狂人は心を笑いに変え、すべてを忘れてしまいます。,,
Message,	We of the jungle have no dealings with them.  We do not drink,ジャングルに住む私たちには彼らとは関わりがありません。私たちは飲みません,,
Message,	where the monkeys drink; we do not go where the monkeys go;,猿が水を飲む場所。私たちは猿が行くところには行きません。,,
Message,"	we do not hunt where they hunt; we do not die where they die....""",彼らが狩る場所で私たちは狩りをしません。彼らが死ぬところで、私たちは死ぬわけではない……」,,
Message,"	The morning star was a medieval weapon resembling a mace, but",モーニングスターはメイスに似た中世の武器でしたが、,,
Message,	with a large spike on the end and smaller spikes around the,端に大きなスパイクがあり、周囲に小さなスパイクが付いています。,,
Message,	circumference.  It was also known as the goedendag (from the,周。それはゲーデンダグとしても知られていました（,,
Message,"	Dutch word for ""good day"") and the holy water sprinkler (from",オランダ語で「良い一日」を意味する）と聖水スプリンクラー（,,
Message,	its resemblance to the aspergillum sometimes used in the,で時々使用されるアスペルギルムに似ています。,,
Message,	Catholic Mass).  It was used by both cavalry and infantry;,カトリックミサ）。それは騎兵と歩兵の両方によって使用されました。,,
Message,	the horseman's weapon typically had a shorter haft than the,騎手の武器は通常、騎手より短い柄を持っていました。,,
Message,"	footman's, which might be up to six feet long.  It came into",従軍用のもので、長さは最大6フィートにもなる可能性があります。入ってきました,,
Message,	use in the beginning of the 14th century.,14世紀初頭に使用されました。,,
Message,"	The name ""morning star"" is often erroneously applied to the",「明けの明星」という名前は、しばしば誤って適用されます。,,
Message,"	military flail (also known as the therscol), a similar weapon,",同様の武器である軍用フレイル (サーコルとしても知られる)、,,
Message,	but with the head attached by a short chain.,ただし、頭は短い鎖でつながれています。,,
Message,"		[ Dictionary of Medieval Knighthood and Chivalry,",[中世の騎士道と騎士道辞典、,,
Message,		  by Bradford Broughton ],ブラッドフォード・ブロートン著],,
Message,"	... the Mumak of Harad was indeed a beast of vast bulk, and",...ハラドのムマクは確かに巨大な体格の獣でした。,,
Message,	the like of him does not walk now in Middle-Earth; his kin,彼のような者は今中つ国を歩いていない。彼の親族,,
Message,	that live still in latter days are but memories of his girth,末日にまだ生きているのは彼の胴回りの思い出にすぎない,,
Message,"	and majesty.  On he came, ... his great legs like trees,",and majesty.彼はやって来た、...彼の大きな足は木のように、,,
Message,"	enormous sail-like ears spread out, long snout upraised like",巨大な帆のような耳が広がり、長い鼻はまるでのように突き上げられています。,,
Message,"	a huge serpent about to strike, his small red eyes raging.",巨大な大蛇が今にも襲い掛かろうとしており、彼の小さな赤い目は荒れ狂っていた。,,
Message,	His upturned hornlike tusks ... dripped with blood.,彼の上向きの角のような牙は...血が滴っていた。,,
Message,	But for an account of the manner in which the body was,しかし、遺体の様子については、,,
Message,"	bandaged, and a list of the unguents and other materials",包帯、軟膏およびその他の材料のリスト,,
Message,"	employed in the process, and the words of power which were",その過程で採用された力強い言葉,,
Message,"	spoken as each bandage was laid in its place, we must have",それぞれの包帯が所定の位置に置かれながら話されました。,,
Message,	recourse to a very interesting papyrus which has been edited,編集された非常に興味深いパピルスに頼る,,
Message,	and translated by M. Maspero under the title of Le Rituel de,M. マスペロによって『Le Rituel de』というタイトルで翻訳されました。,,
Message,	l'Embaumement. ...,エンボーマン。 ...,,
Message,	Everything that could be done to preserve the body was now,体を保存するためにできることはすべて今行われました,,
Message,"	done, and every member of it was, by means of the words of",完了し、そのメンバー全員が、の言葉によって完了しました。,,
Message,"	power which changed perishable substances into imperishable,",朽ちるものを朽ちないものに変える力、,,
Message,	protected to all eternity; when the final covering of purple,永遠に保護されます。最後に紫を覆うとき,,
Message,"	or white linen had been fastened upon it, the body was ready",あるいは白い亜麻布がその上に固定されており、体は準備ができていました,,
Message,	for the tomb.,お墓のために。,,
Message,	He held a white cloth -- it was a serviette he had brought,彼は白い布を持っていました -- それは彼が持ってきたナプキンでした,,
Message,"	with him -- over the lower part of his face, so that his",彼と一緒に -- 彼の顔の下半分を覆うように、,,
Message,"	mouth and jaws were completely hidden, and that was the",口と顎は完全に隠されていました、そしてそれは,,
Message,	reason for his muffled voice.  But it was not that which,彼のくぐもった声の理由。しかし、それはそうではありませんでした,,
Message,	startled Mrs. Hall.  It was the fact that all his forehead,ホール夫人は驚いた。それは彼の額がすべてだったという事実でした,,
Message,"	above his blue glasses was covered by a white bandage, and",彼の青い眼鏡の上は白い包帯で覆われていました、そして,,
Message,"	that another covered his ears, leaving not a scrap of his",別の人が耳を塞いで、彼の音の一部を残さなかった,,
Message,"	face exposed excepting only his pink, peaked nose.  It was",顔はピンク色のとがった鼻だけを除いて露出していた。そうだった,,
Message,"	bright, pink, and shiny just as it had been at first.  He",明るく、ピンク色で、最初と同じように輝いていました。彼,,
Message,"	wore a dark-brown velvet jacket with a high, black, linen-",彼は濃い茶色のベルベットのジャケットを着ていました。,,
Message,	lined collar turned up about his neck.  The thick black,裏地付きの襟が首のあたりでめくれ上がっていました。濃厚な黒は,,
Message,"	hair, escaping as it could below and between the cross",髪は、十字架の下と十字架の間で可能な限り逃げます,,
Message,"	bandages, project in curious tails and horns, giving him",包帯を巻いて、奇妙な尾と角を突き出し、彼に与えます,,
Message,	the strangest appearance conceivable.,考えられる限り最も奇妙な外観。,,
Message,	The naga is a mystical creature with the body of a snake and,ナーガは蛇の体を持つ神秘的な生き物で、,,
Message,	the head of a man or woman.  They will fiercely protect the,男性または女性の頭。彼らは厳しく守るだろう,,
Message,	territory they consider their own.  Some nagas can be forced,彼らは自分たちの領域だと考えています。一部のナーガは強制される場合があります,,
Message,	to serve as guardians by a spellcaster of great power.,強大な力を持つ呪術師によって守護者として働くこと。,,
Message,"	A Japanese pole-arm, fitted with a curved single-edged blade.",湾曲した片刃の刃を備えた日本製のポールアーム。,,
Message,"	The blades ranged in length from two to four feet, mounted on",ブレードの長さは 2 フィートから 4 フィートで、,,
Message,	shafts about four to five feet long.  The naginata were cut,シャフトの長さは約4〜5フィートです。薙刀が切れた,,
Message,"	with a series of short grooves near to the tang, above which",タングの近くに一連の短い溝があり、その上に,,
Message,"	the back edge was thinned, but not sharpened, so that the",後端は薄くなりましたが、鋭くはしていませんでした。,,
Message,	greater part of the blade was a flattened diamond shape in,刃の大部分は平らなダイヤモンド型でした。,,
Message,"	section.  Seen in profile, the curve is slight or non-",セクション。横顔で見ると、湾曲はわずかであるか、まったくありません。,,
Message,"	existent near the tang, becoming more pronounced towards the",タングの近くに存在し、タングに向かうにつれてより顕著になります。,,
Message,	point.,ポイント。,,
Message,"	""With his naginata he killed five, but with the sixth it",「彼は薙刀で５人を殺したが、６人目で殺された」,,
Message,"	snapped asunder in the midst and, flinging it away, he drew",真ん中でばらばらになり、それを投げ飛ばして、彼は絵を描いた,,
Message,"	his sword, wielding it in the zigzag style, the interlacing,",彼の剣は、ジグザグに交差させて振るい、,,
Message,"	cross, reversed dragonfly, waterwheel, and eight-sides-at-",十字、逆とんぼ、水車、八面六臂,,
Message,	once styles of fencing and cutting down eight men; but as he,かつてはフェンシングで8人を斬り倒すスタイルだった。しかし彼としては,,
Message,"	brought down the ninth with a mighty blow on the helmet, the",ヘルメットに強烈な一撃を加えて9番を倒した。,,
Message,"	blade snapped at the hilt.""",刃が柄のところで折れた。」,,
Message,	Not only do these demons do physical damage with their claws,これらの悪魔は爪で物理的なダメージを与えるだけではありません,,
Message,"	and bite, but they are capable of using magic as well.",噛みつきますが、魔法も使うことができます。,,
Message,	Nalzok is Moloch's cunning and unfailingly loyal battle,ナルゾクはモロクの狡猾で忠実な戦いです,,
Message,"	lieutenant, to whom he trusts the command of warfare when he",彼は中尉に戦闘指揮を委ねている。,,
Message,	does not wish to exercise it himself.  Nalzok is a major,自分自身はそれを行使したくない。ナルゾクは少佐,,
Message,"	demon, known to command the undead.  He is hungry for power,",アンデッドを指揮することで知られる悪魔。彼は権力に飢えており、,,
Message,	and secretly covets Moloch's position.  Moloch doesn't trust,そして密かにモロクの地位を切望している。モロクは信用しない,,
Message,"	him, but, trusting his own power enough, chooses to allow",しかし、彼は自分の力を十分に信頼して、許可することを選択しました,,
Message,	Nalzok his position because he is useful.,ナルゾクは役に立つから彼の地位を奪う。,,
Message,"	1.  Valley between Duesseldorf and Elberfeld in Germany,",1. ドイツのデュッセルドルフとエルバーフェルトの間の谷、,,
Message,	where an ancient skull of a prehistoric ancestor to modern,先史時代の祖先から現代までの古代の頭蓋骨が展示されている場所,,
Message,	man was found.  2.  Human(oid) of the race mentioned above.,男が見つかった。 2. 上記種族の人間（イド）。,,
Message,"	Neferet the Green holds office in her hidden tower, only",緑のネフェレトは彼女の隠れた塔で執務を行っていますが、,,
Message,"	reachable by magical means, where she teaches her apprentices",魔法の手段で到達でき、そこで彼女は弟子たちを教えています,,
Message,"	the enigmatic skills of occultism.  Despite her many years, she",オカルティズムの謎めいたスキル。長年にもかかわらず、彼女は,,
Message,"	continues to investigate new spells, especially those involving",新しい呪文、特に次のような呪文の研究を続けています。,,
Message,	translocation.  It is further rumored that when she was an,転座。さらに噂されているのは、彼女が幼少の頃、,,
Message,"	apprentice herself, she accidentally turned her skin green, and",彼女は自分自身を訓練し、誤って肌を緑色にしてしまい、,,
Message,	has kept it that way ever since.,それ以来ずっとそうし続けています。,,
Message,"	(kinds of) small animal, like a lizard, which spends most of",トカゲのような小動物（の種類）で、大部分の時間を費やします。,,
Message,	its time in the water.,水の中の時間です。,,
Message,"	""Fillet of a fenny snake,",「フェニーヘビの切り身、,,
Message,	In the cauldron boil and bake;,大釜で沸騰させて焼きます。,,
Message,"	Eye of newt and toe of frog,",イモリの目とカエルのつま先、,,
Message,"	Wool of bat and tongue of dog,",コウモリの毛糸と犬の舌、,,
Message,"	Adder's fork and blind-worm's sting,",アダーのフォークとブラインドワームの針、,,
Message,"	Lizard's leg and howlet's wing,",トカゲの足とハウレットの翼、,,
Message,"	For a charm of powerful trouble,",強力なトラブルのお守りとして、,,
Message,"	Like a hell-broth boil and bubble.""",地獄のスープの沸騰と泡のようだ。」,,
Message,	A Japanese broadsword.,日本のブロードソード。,,
Message,"	The Norns were the three Norse Fates, or the goddesses of fate.",ノルンは北欧の 3 人の運命、または運命の女神でした。,,
Message,"	Female giants, they brought the wonderful Golden Age to an end.",女巨人たち、彼らは素晴らしい黄金時代に終止符を打った。,,
Message,"	They cast lots over the cradle of every child that was born,",彼らは生まれたすべての子供の揺りかごをくじ引きに掛け、,,
Message,"	and placed gifts in the cradle.  Their names were Urda,",そしてゆりかごにプレゼントを置きました。彼らの名前はウルダ、,,
Message,"	Verdandi, and Skuld, representing the past, the present, and",過去、現在、そして現在を表すヴェルダンディとスクルド,,
Message,"	the future.  Urda and Verdandi were kindly disposed, but Skuld",未来。ウルダとヴェルダンディは親切に対応してくれたが、スクルドは,,
Message,	was cruel and savage.  Their tasks were to sew the web of,残酷で野蛮だった。彼らの仕事は、網を縫うことでした。,,
Message,"	fate, to water the sacred ash, Yggdrasil, and to keep it in",運命、聖なる灰、ユグドラシルに水を注ぎ、それを保持するために,,
Message,	good condition by placing fresh earth around it daily.  In her,毎日新鮮な土を周囲に置くことで良好な状態になります。彼女の中で,,
Message,"	fury, Skuld often spoiled the work of her sisters by tearing",激怒したスクルドは、しばしば姉妹たちの仕事を台無しにしてしまいました。,,
Message,	the web to shreds.,ウェブがズタズタに。,,
Message,"	A female creature from Roman and Greek mythology, the nymph",ローマとギリシャの神話に登場する女性の生き物、ニンフ,,
Message,"	occupied rivers, forests, ponds, etc.  A nymph's beauty is",川、森、池などを占領します。ニンフの美しさは,,
Message,	beyond words:  an ever-young woman with sleek figure and,言葉では言い表せない、すらりとした体型と、いつまでも若々しい女性。,,
Message,"	long, thick hair, radiant skin and perfect teeth, full lips",長くて太い髪、輝く肌、完璧な歯、ふっくらした唇,,
Message,"	and gentle eyes.  A nymph's scent is delightful, and her",そして優しい瞳。ニンフの香りは心地よく、彼女は,,
Message,"	long robe glows, hemmed with golden threads and embroidered",長いローブは金色の糸で縁取られ、刺繍が施され、輝きます。,,
Message,	with rainbow hues of unearthly magnificence.  A nymph's,この世のものとは思えないほどの壮大な虹色。ニンフの,,
Message,"	demeanour is graceful and charming, her mind quick and witty.",立ち振る舞いは優雅で魅力的で、頭の回転が速く機知に富んでいます。,,
Message,	Theseus felt her voice pulling him down into fathoms of,テセウスは彼女の声が彼を深淵へと引きずり込むのを感じた,,
Message,"	sleep.	The song was the skeleton of his dream, and the dream",寝る。その歌は彼の夢の骨格であり、その夢は,,
Message,"	was full of terror.  Demon girls were after him, and a bull-",恐怖でいっぱいだった。彼を狙う魔族の少女たちと、一頭の牛――,,
Message,	man was goring him.  Everywhere there was blood.  There was,男は彼を追いかけていた。どこにでも血がありました。ありました,,
Message,	pain.  There was fear.	But his head was in the nymph's lap,痛み。恐怖がありました。でも彼の頭はニンフの膝の上にあった,,
Message,"	and her musk was about him, her voice weaving the dream.  He",そして彼女の麝香が彼の周りに漂い、彼女の声が夢を織り成した。彼,,
Message,	knew then that she had been sent to tell him of something,そのとき、彼女は彼に何かを伝えるために遣わされたのだとわかった,,
Message,	dreadful that was to happen to him later.  Her song was a,恐ろしいことが後に彼に起こることになった。彼女の歌は,,
Message,"	warning.  But she had brought him a new kind of joy, one that",警告。しかし、彼女は彼に新しい種類の喜びをもたらしました。,,
Message,"	made him see everything differently.  The boy, who was to",彼にすべてを違った見方で見させた。することになった少年は、,,
Message,"	become a hero, suddenly knew then what most heroes learn",ヒーローになって、ほとんどのヒーローが学ぶことをそのとき突然知った,,
Message,	later -- and some too late -- that joy blots suffering and,後になって――そして時には手遅れになっても――その喜びが苦しみを消し去り、,,
Message,	that the road to nymphs is beset by monsters.,ニンフへの道には怪物が立ちはだかっているということ。,,
Message,"	A volcanic glass, homogeneous in texture and having a low water",質感が均質で水分が少ない火山ガラス,,
Message,"	content, with a vitreous luster and a conchoidal fracture.  The",内容物はガラス質の光沢と軟骨様の亀裂を持っています。の,,
Message,"	color is commonly black, but may be some shade of red or brown,",色は通常黒ですが、赤や茶色の色合いがある場合もあります。,,
Message,	and cut sections sometimes appear to be green.  Like other,切断面が緑色に見えることもあります。他と同じように,,
Message,"	volcanic glasses, obsidian is a lava that has cooled too quickly",火山ガラス、黒曜石は急速に冷えた溶岩です,,
Message,	for the contained minerals to crystallize.  In chemical,含まれているミネラルが結晶化するためです。化学では,,
Message,	composition it is rich in silica and similar to granite.  It is,組成はシリカが豊富で花崗岩に似ています。それは,,
Message,"	favored by primitive peoples for knives, arrowheads, spearheads,",原始人がナイフ、矢尻、槍の先端として好んだもの。,,
Message,	and other weapons and tools.,およびその他の武器やツール。,,
Message,"	Also called Sigtyr (god of Victory), Val-father (father of",シグテュール（勝利の神）、ヴァルファーザー（神の父）とも呼ばれる。,,
Message,"	the slain), One-Eyed, Hanga-god (god of the hanged), Farma-",殺された者）、隻眼、ハンガ神（絞首刑の神）、ファーマ-,,
Message,"	god (god of cargoes), Hapta-god (god of prisoners), and",神（貨物の神）、ハプタ神（囚人の神）、,,
Message,	Othin.  He is the prime god of the Norsemen:  god of war and,オーシン。彼は北欧人の第一の神であり、戦争の神であり、,,
Message,"	victory, wisdom and prophecy, poetry, the dead, air and wind,",勝利、知恵と予言、詩、死者、空気と風、,,
Message,"	hospitality, and magic.",おもてなしと魔法。,,
Message,"	As the god of war and victory, Odin is ruler of the Valkyries,",戦争と勝利の神であるオーディンはワルキューレの支配者であり、,,
Message,"	warrior-maidens who lived in the halls of Valhalla in Asgard,",アスガルドのヴァルハラの広間に住んでいた戦士の乙女たち、,,
Message,	the hall of dead heroes where he held his court.,彼が法廷を開いた死者の英雄の間。,,
Message,	These chosen ones will defend the realm of the gods against,これらの選ばれた者たちは神の領域を守るでしょう,,
Message,"	the Frost Giants on the final day of reckoning, Ragnarok.",ラグナロク、最後の日のフロスト・ジャイアント。,,
Message,"	As god of the wind, Odin rides through the air on his eight-",風の神として、オーディンは 8 つの乗馬で空を飛びます。,,
Message,"	footed horse, Sleipnir, wielding Gungner, his spear, normally",脚のある馬、スレイプニル、通常は槍であるグングナーを振るう,,
Message,"	accompanied by his ravens, Hugin and Munin, who he would also",彼のカラスのフギンとムニンも同行しました。,,
Message,	use as his spies.,彼のスパイとして利用する。,,
Message,"	As a god of hospitality, he enjoys visiting the earth in",もてなしの神様として、地球を訪れるのを楽しんでいます。,,
Message,	disguise to see how people were behaving and to see how they,人々がどのように行動し、どのように行動しているかを知るために変装する,,
Message,"	would treat him, not knowing who he was.",彼が誰であるか知らずに彼を治療するだろう。,,
Message,	Odin is usually represented as a one-eyed wise old man with a,オーディンは通常、隻眼の賢い老人として表現されます。,,
Message,	long white beard and a wide-brimmed hat (he gave one of his,長く白いあごひげとつばの広い帽子（彼は自分の帽子の一つを与えた）,,
Message,"	eyes to Mimir, the guardian of the well of wisdom in Hel, in",ヘルの知恵の泉の守護者ミーミルに目を向ける。,,
Message,	exchange for a draught of knowledge).,知識の草稿と交換します）。,,
Message,"	Anyone who has met a gluttonous, nude, angry ogre, will not",大食いで、裸で、怒っている鬼に会ったことのある人は、決してそうではありません。,,
Message,	easily forget this encounter -- if he survives it at all.,この出会いを簡単に忘れてしまうだろう――たとえ生き残ったとしてもだ。,,
Message,	Both male and female ogres can easily grow as tall as three,オスのオーガもメスのオーガも、簡単に身長が 3 センチほどまで成長することがあります。,,
Message,	metres.  Build and facial expressions would remind one of a,メートル。体格と表情は、,,
Message,"	Neanderthal.  Its small, pointy, keen teeth are striking.",ネアンデルタール。小さくてとがった鋭い歯が印象的です。,,
Message,"	Since ogres avoid direct sunlight, their ragged, unfurry",鬼は直射日光を避けるため、ぼろぼろで毛が生えていません。,,
Message,	skin is as white as a sheet.  They enjoy coating their body,肌はシーツのように白い。彼らは自分の体をコーティングすることを楽しんでいます,,
Message,	with lard and usually wear nothing but a loin-cloth.  An elf,ラードを使用しており、通常はふんどしのみを着用しています。エルフ,,
Message,	would smell its rancid stench at ten metres distance.,10メートル離れたところでもその悪臭を嗅ぐだろう。,,
Message,	Ogres are solitary creatures:  very rarely one may encounter,オーガは孤独な生き物です。非常にまれに遭遇することがあります。,,
Message,	a female with two or three young.  They are the only real,2、3匹の子供を連れたメス。彼らだけが本物です,,
Message,"	carnivores among the humanoids, and its favourite meal is --",人型生物の中でも肉食動物で、好物は――,,
Message,	not surprisingly -- human flesh.  They sometimes ally with,当然のことですが、人間の肉です。彼らは時々同盟を結ぶ,,
Message,"	orcs or goblins, but only when they anticipate a good meaty",オークやゴブリン、ただし肉の多いものを期待している場合に限る,,
Message,	meal.,食事。,,
Message,"	During our watches below we overhauled our clothes, and made",以下の監視中に、私たちは衣服をオーバーホールし、,,
Message,	and mended everything for bad weather.  Each of us had made,そして悪天候に備えてすべてを修復しました。私たち一人一人が作った,,
Message,"	for himself a suit of oil-cloth or tarpaulin, and these we",自分自身のためにオイルクロスかターポリンのスーツを着ます、そして私たちはこれらを,,
Message,"	got out, and gave thorough coatings of oil or tar, and hung",外に出て油かタールを徹底的に塗って吊るした,,
Message,"	upon the stays to dry.  Our stout boots, too, we covered",そのまま乾燥させてください。頑丈なブーツもカバーしました,,
Message,	over with a thick mixture of melted grease and tar.  Thus we,溶けたグリースとタールの濃厚な混合物をその上に塗ります。こうして私たちは、,,
Message,	took advantage of the warm sun and fine weather of the,暖かい日差しと晴天を利用して、,,
Message,	Pacific to prepare for its other face.,太平洋はもう一つの顔に備えようとしている。,,
Message,"	Summer passed all too quickly.  On the last day of camp, Mr.",夏はあっという間に過ぎていきました。キャンプ最終日、Mr.,,
Message,	Brickle called his counselors together and paid them what he,ブリックルはカウンセラーを集めて、彼らに自分が支払った金額を支払った。,,
Message,	owed them.  Louis received one hundred dollars - the first,彼らに借りがありました。ルイは最初の100ドルを受け取りました,,
Message,"	money he had ever earned.  He had no wallet and no pockets,",彼が今まで稼いだお金。彼は財布もポケットも持っていなかったので、,,
Message,	so Mr. Brickle placed the money in a waterproof bag that had,そこでブリックル氏はそのお金を防水袋に入れました。,,
Message,"	a drawstring.  He hung this moneybag around Louis' neck,",巾着。彼はこのお金の入った袋をルイの首にかけました。,,
Message,"	along with the trumpet, the slate, the chalk pencil, and the",トランペット、スレート、チョークペンシル、そして,,
Message,	lifesaving medal.,救命メダル。,,
Message,	But at the end of the Third Age a troll-race not before seen,しかし、第三紀の終わりには、これまでに見たことのないトロル種族が出現しました。,,
Message,	appeared in southern Mirkwood and in the mountain borders of,ミルクウッド南部と山境に出現した。,,
Message,	Mordor.  Olog-hai they were called in the Black Speech.  That,モルドール。彼らは黒人スピーチで「オログハイ」と呼ばれました。それ,,
Message,"	Sauron bred them none doubted, though from what stock was not",サウロンは何の疑いもなくそれらを繁殖させましたが、その株からはそうではありませんでした,,
Message,	known.  Some held that they were not Trolls but giant Orcs;,知られています。彼らはトロールではなく巨大なオークであると主張する人もいました。,,
Message,	but the Olog-hai were in fashion of body and mind quite unlike,しかし、オログ・ハイの身体と精神はまったく異なっていました。,,
Message,"	even the largest of Orc-kind, whom they far surpassed in size",オーク種の中で最大のものでさえ、彼らのサイズをはるかに上回っていました,,
Message,"	and power.  Trolls they were, but filled with the evil will",そして力。彼らはトロルだったが、邪悪な意志に満ちていた,,
Message,"	of their master:  a fell race, strong, agile, fierce and",彼らの主人の、堕落した種族、強く、機敏で、獰猛で、,,
Message,"	cunning, but harder than stone.  Unlike the older race of the",狡猾だが石よりも硬い。古い種族とは異な​​り、,,
Message,"	Twilight they could endure the Sun....  They spoke little,",夕暮れ、彼らは太陽に耐えることができました...彼らはほとんど話しませんでした、,,
Message,	and the only tongue they knew was the Black Speech of Barad-dur.,そして彼らが知っていた唯一の言語はバラド・ドゥルの黒人のスピーチでした。,,
Message,"	Delphi under towering Parnassus, where Apollo's oracle was,",そびえ立つパルナッソスの下にあるデルフィ、アポロンの神託があった場所、,,
Message,	plays an important part in mythology.  Castalia was its,神話の中で重要な役割を果たしています。キャスタリアはその,,
Message,	sacred spring; Cephissus its river.  It was held to be the,神聖な泉。ケフィソスその川。となるように開催されました。,,
Message,"	center of the world, so many pilgrims came to it, from",世界の中心、非常に多くの巡礼者がそこにやって来ました。,,
Message,	foreign countries as well as Greece.  No other shrine rivaled,外国もギリシャも。他の神社に匹敵するものはありません,,
Message,	it.  The answers to the questions asked by the anxious,それ。不安な方からの質問にお答えします,,
Message,	seekers for Truth were delivered by a priestess who went into,真実を求める人々は、中に入った巫女によって救い出されました。,,
Message,	a trance before she spoke.,彼女が話す前にトランス状態になった。,,
Message,	This Orb is a crystal ball of exceptional powers.  When,このオーブは並外れた力を持った水晶玉です。いつ,,
Message,"	carried, it grants ESP, limits damage done by spells, and",これを運ぶとESPが付与され、呪文によるダメージが制限されます。,,
Message,	protects the carrier from magic missiles.  When invoked it,マジックミサイルから空母を守ります。呼び出されるとき,,
Message,	allows the carrier to become invisible.,キャリアが見えなくなるようにします。,,
Message,"	Some say that Odin himself created this ancient crystal ball,",オーディン自身がこの古代の水晶玉を作成したと言う人もいます。,,
Message,	although others argue that Loki created it and forged Odin's,ロキがそれを作成し、オーディンのものを偽造したと主張する人もいますが、,,
Message,"	signature on the bottom.  In any case, it is a powerful",底にサイン。とにかく威力が高いです,,
Message,	artifact.  Anyone who carries it is granted the gift of,アーチファクト。それを持ち歩く人には、次のような贈り物が与えられます。,,
Message,"	warning, and damage, both spell and physical, is partially",警告、ダメージは呪文と物理の両方で部分的に発生します,,
Message,	absorbed by the orb itself.  When invoked it has the power,オーブ自体に吸収される。発動すると力が宿る,,
Message,	to teleport the invoker between levels.,呼び出し者をレベル間でテレポートします。,,
Message,	The Great Goblin gave a truly awful howl of rage when he,大ゴブリンは、彼が言ったとき、本当に恐ろしい怒りの雄叫びを上げました。,,
Message,"	looked at it, and all his soldiers gnashed their teeth,",それを見て、兵士たちは全員歯ぎしりをした。,,
Message,"	clashed their shields, and stamped.  They knew the sword at",盾をぶつけ合い、踏み鳴らした。彼らは剣を知っていた,,
Message,"	once.  It had killed hundreds of goblins in its time, when",一度。当時は何百人ものゴブリンを殺していましたが、,,
Message,	the fair elves of Gondolin hunted them in the hills or did,ゴンドリンの美しいエルフたちは丘で彼らを狩ったか、,,
Message,"	battle before their walls.  They had called it Orcrist,",彼らの壁の前での戦い。彼らはそれをオルクリストと呼んでいましたが、,,
Message,"	Goblin-cleaver, but the goblins called it simply Biter.",ゴブリン包丁ですが、ゴブリンたちはそれを単にバイターと呼んでいました。,,
Message,	They hated it and hated worse any one that carried it.,彼らはそれを憎んでいましたが、それを運ぶ者をさらに憎んでいました。,,
Message,"	Orcus, Prince of the Undead, has a ram's head and a poison",アンデッドの王子オルクスは羊の頭と毒を持っています,,
Message,"	stinger.  He is most feared, though, for his powerful magic",スティンガー。しかし、彼はその強力な魔法のために最も恐れられています,,
Message,	abilities.  His wand causes death to those he chooses.,能力。彼の杖は彼が選んだ者に死をもたらす。,,
Message,"	goblins, but much bigger and more dangerous.  The average orc",ゴブリンですが、はるかに大きくて危険です。平均的なオーク,,
Message,	Orion was the son of Neptune. He was a handsome giant and a,オリオンはネプチューンの息子でした。彼はハンサムな巨人でした。,,
Message,	mighty hunter. His father gave him the power of wading,強力なハンター。彼の父親は彼に歩く力を与えた,,
Message,"	through the depths of the sea, or, as others say, of",海の深さを通して、あるいは他の人が言うように、,,
Message,	walking on its surface.,その表面を歩いています。,,
Message,"	He dwelt as a hunter with Diana (Artemis), with whom he",彼は狩人としてディアナ（アルテミス）と暮らし、,,
Message,"	was a favourite, and it is even said she was about to marry",お気に入りで、結婚間近とも言われていた,,
Message,"	him. Her brother was highly displeased and often chid her,",彼。彼女の兄は非常に不機嫌で、よく彼女をたしなめました。,,
Message,"	but to no purpose. One day, observing Orion wading through",しかし目的はありませんでした。ある日、そこを横切るオリオン座を観察して,,
Message,"	the sea with his head just above the water, Apollo pointed",アポロは頭を水面上に上げて海を指さした,,
Message,	it out to his sister and maintained that she could not hit,それを妹に伝え、彼女は攻撃できないと主張した,,
Message,	that black thing on the sea. The archer-goddess discharged,海の上にあるあの黒いもの。射手の女神が退院,,
Message,	a shaft with fatal aim. The waves rolled the dead body of,致命的な狙いを持ったシャフト。波が死体を転がした,,
Message,"	Orion to the land, and bewailing her fatal error with many",オリオンは地上へ、そして彼女の致命的な過ちを多くの人たちと嘆く,,
Message,"	tears, Diana placed him among the stars, where he appears",涙を流しながら、ダイアナは彼を星の中に置き、そこに彼が現れる,,
Message,"	as a giant, with a girdle, sword, lion's skin, and",巨人のように、帯、剣、ライオンの皮を身に着け、,,
Message,"	club. Sirius, his dog, follows him, and the Pleiads fly",クラブ。彼の犬のシリウスが彼を追いかけ、プレアデス星団が飛ぶ,,
Message,	before him.,彼の前で。,,
Message,	Owlbears are probably the crossbreed creation of a demented,フクロウベアはおそらく認知症の動物の雑種です,,
Message,"	wizard; given the lethal nature of this creation, it is quite",ウィザード;この創造物の致命的な性質を考えると、それは非常に危険です,,
Message,	likely the wizard who created them is no longer alive.  As,おそらくそれらを作成した魔術師はもう生きていません。として,,
Message,"	the name might already suggest, owlbears are a cross between",名前からすでに示唆されているかもしれませんが、フクロウベアは次のようなものを掛け合わせたものです。,,
Message,	a giant owl and a bear.  They are covered with fur and,巨大なフクロウとクマ。彼らは毛皮で覆われており、,,
Message,	feathers.,羽。,,
Message,"	A male servant or attendant; specifically, in chivalry,",男性の使用人または従者。特に騎士道においては、,,
Message,"	a lad or young man in training for knighthood, or a youth",騎士団の訓練を受けている少年または若者、または若者,,
Message,	of gentle parentage attending a royal or princely personage.,王室や王侯貴族に付き添う穏やかな家庭の子供たち。,,
Message,	_Pallium._  The Roman name for a square woollen cloak worn,_Pallium._ 着用する四角いウールのマントのローマ名,,
Message,"	by men in ancient Greece, especially by philosophers and",古代ギリシャの人たち、特に哲学者や,,
Message,"	courtesans, corresponding to the Roman toga.  Hence the",ローマのトーガに相当する遊女。したがって、,,
Message,"	Greeks called themselves _gens palliata,_ and the Romans",ギリシャ人は自分たちを「gens palliata」と呼び、ローマ人は自分たちを「gens palliata」と呼びました,,
Message,	called themselves _gens togata._,自分たちを_gens togata._と名乗った。,,
Message,"	And lo! almost where the ascent began,",そしてなんと！ほぼ登りが始まった場所で、,,
Message,"	A panther light and swift exceedingly,",とても軽くて素早いヒョウ、,,
Message,	Which with a spotted skin was covered o'er!,斑点のある皮膚で覆われたものは何ですか！,,
Message,"	And never moved she from before my face,",そして彼女は私の顔の前から決して動かなかった、,,
Message,"	Nay, rather did impede so much my way,",いや、むしろ私の道を大いに妨げた、,,
Message,	That many times I to return had turned.,何度も戻ってきました。,,
Message,"		[ Dante's Inferno, as translated",[ ダンテの地獄、翻訳,,
Message,		    by Henry Wadsworth Longfellow ],ヘンリー・ワズワース・ロングフェロー著],,
Message,"	Some players, who unconsciously perceive Paper as weak or a",一部のプレイヤーは、無意識のうちにペーパーを弱い、または弱いと認識しています。,,
Message,"	sign of surrender, will shy away from using it entirely or",降伏のしるし、それを完全に使用することを避けるか、,,
Message,	drop it from their game when they are falling behind.  On the,彼らが遅れをとっているとき、それをゲームから外してください。で,,
Message,"	other hand, Paper also connects with a player's perceptions",一方で、Paper はプレイヤーの認識にもつながります。,,
Message,	about writing.  There is a quiet power in the printed word.,書くことについて。活字には静かな力がある。,,
Message,"	It has the ability to lay off thousands of employees, declare",何千人もの従業員を解雇する能力があると宣言する,,
Message,"	war against nations, spread scandal or confess love.  Paper,",国家と戦争したり、スキャンダルを広めたり、愛を告白したり。紙、,,
Message,"	in short, has power over masses.  The fate of the entire world",一言で言えば、大衆を支配する力を持っています。全世界の運命,,
Message,"	is determined by print.  As such, some players perceive Paper",印刷によって決まります。そのため、一部のプレイヤーは紙を認識します,,
Message,"	as a subtle attack, the victory of modern culture over barbarism.",巧妙な攻撃、野蛮に対する現代文化の勝利として。,,
Message,	Such players may use Paper to assert their superiority and dignity.,そのようなプレイヤーは、自分の優位性と尊厳を主張するためにペーパーを使用することがあります。,,
Message,"		[ The Official Rock Paper Scissors Strategy Guide,",[ じゃんけん公式攻略ガイド、,,
Message,			by Douglas and Graham Walker ],ダグラスとグラハム・ウォーカー著],,
Message,"	Conan cried out sharply and recoiled, thrusting his companion",コナンは鋭い叫び声をあげ、のけぞり、仲間を突き飛ばした,,
Message,"	back.  Before them rose the great shimmering white form of Satha,",戻る。彼らの前に、大きくきらめく白いサタの姿が現れました。,,
Message,	an ageless hate in its eyes.  Conan tensed himself for one mad,その目には永遠の憎悪が宿っている。コナンは一発狂うほど緊張した,,
Message,	berserker onslaught -- to thrust the glowing faggot into that,バーサーカーの猛攻 -- 光るオカマをそこに突っ込むために,,
Message,	fiendish countenance and throw his life into the ripping sword-,凶悪な面持ちで、引き裂く剣に命を投げ込む――,,
Message,	stroke.  But the snake was not looking at him.  It was glaring,脳卒中。しかし、蛇は彼を見ていませんでした。ギラギラしてた,,
Message,"	over his shoulder at the man called Pelias, who stood with his",肩越しにペリアスという男に向かって言った。,,
Message,"	arms folded, smiling.  And in the great, cold, yellow eyes",腕を組んで微笑んでいる。そしてその大きくて冷たい黄色い瞳の中で,,
Message,	slowly the hate died out in a glitter of pure fear -- the only,ゆっくりと憎しみは純粋な恐怖のきらめきの中で消えていった――唯一のものは,,
Message,	time Conan ever saw such an expression in a reptile's eyes.,コナンが爬虫類の目にこんな表情を見たのは初めてだ。,,
Message,"	With a swirling rush like the sweep of a strong wind, the great",強風を吹き飛ばすような渦巻く勢いで、,,
Message,	snake was gone.,蛇がいなくなった。,,
Message,"	""What did he see to frighten him?"" asked Conan, eyeing his",「彼は何を見て彼を怖がらせたのでしょうか？」コナンは彼の目を見つめながら尋ねた。,,
Message,	companion uneasily.,不安そうな同伴者。,,
Message,"	""The scaled people see what escapes the mortal eye,"" answered",「鱗に覆われた人々は、人間の目から逃れるものを見るのです」と答えた,,
Message,"	Pelias cryptically.  ""You see my fleshy guise, he saw my naked",謎めいたペリアス。 「あなたは私の肉付きの良い姿を見ました、彼は私の裸を見ました,,
Message,"	soul.""","魂。""",,
Message,"	Ye Piercer doth look like unto a stalactyte, and hangeth",汝ら穿刺者は鍾乳石に似ている、そしてハンゲス,,
Message,	from the roofs of caves and caverns.  Unto the height of a,洞窟と洞穴の屋根から。の高さまで,,
Message,"	man, and thicker than a man's thigh do they grow, and in",人間、そして人間の太ももよりも太く成長し、,,
Message,"	groups do they hang.  If a creature doth pass beneath them,",グループはぶら下がっていますか？生き物がその下を通過した場合、,,
Message,"	they will by its heat and noise perceive it, and fall upon",彼らはその熱と騒音によってそれを認識し、襲いかかるだろう,,
Message,"	it to kill and devour it, though in any other way they move",それはそれを殺し、食い尽くすためですが、それ以外の方法で彼らは動きます,,
Message,	but exceeding slow.,しかし非常に遅い。,,
Message,"	They live in ""schools."" Many times they will wait for prey",彼らは「学校」に住んでいます。何度も彼らは獲物を待ちます,,
Message,	to come to the shallow water of the river. Then the large,川の浅瀬に来ます。それから大きいのは,,
Message,	group of piranhas will attack. These large groups are able,ピラニアの群れが襲いかかってきます。こうした大規模なグループでは、,,
Message,	to kill large animals... Their lower teeth fit perfectly,大きな動物を殺すために...下の歯がぴったりとフィットします,,
Message,"	into the spaces of their upper teeth, creating a tremendous",上の歯の隙間に侵入し、巨大な歯を生み出します。,,
Message,	vice-like bite... Piranhas are attracted to any disturbance,悪徳のような噛みつき...ピラニアはどんな妨害にも引き寄せられる,,
Message,	in the water.,水の中。,,
Message,"	Amid the thought of the fiery destruction that impended, the",差し迫った激しい破壊の思いの中で、,,
Message,	idea of the coolness of the well came over my soul like balm.,井戸の冷たさについての考えが、香油のように私の魂を襲いました。,,
Message,	I rushed to its deadly brink.  I threw my straining vision,私は死の瀬戸際まで急いだ。張りつめた視界を投げ捨てた,,
Message,	below.  The glare from the enkindled roof illumined its inmost,下に。燃え上がった屋根からの眩しさがその奥を照らした,,
Message,"	recesses.  Yet, for a wild moment, did my spirit refuse to",凹み。それでも、一瞬、私の精神はそれを拒否しました,,
Message,	comprehend the meaning of what I saw.  At length it forced --,私が見たものの意味を理解する。ついにそれは強制的に--,,
Message,	it wrestled its way into my soul -- it burned itself in upon my,それは私の魂の中に侵入し、私の心に焼きつきました,,
Message,	shuddering reason.  Oh! for a voice to speak! -- oh! horror! --,震える理由。おお！話す声のために！ -  おお！ホラー！ --,,
Message,	oh! any horror but this!,おお！これ以外のどんなホラーも！,,
Message,"	Pit fiends are among the more powerful of devils, capable of",ピットフィーンドは悪魔の中でもより強力な部類に属し、以下のことが可能です。,,
Message,	attacking twice with weapons as well as grabbing and crushing,武器による2回の攻撃と掴みと押しつぶし,,
Message,	the life out of those unwary enough to enter their,彼らの中に侵入するほど不注意な人たちの命は,,
Message,	domains.,ドメイン。,,
Message,	This is an ancient artifact made of an unknown material.  It,これは未知の素材で作られた古代の遺物です。それ,,
Message,"	is rectangular in shape, very thin, and inscribed with archaic",形は長方形で、非常に薄く、古風な文字が刻まれています。,,
Message,"	runes of power.  When carried, it grants the bearer ESP, reduces",力のルーン。運ぶと、ベアラーに ESP を付与し、,,
Message,"	incoming damage from spells by half, and protects from magic",魔法によるダメージを半減し、魔法から守る,,
Message,"	missile attacks.  Additionally, its power is such that when",ミサイル攻撃。さらに、その力は次のような場合にあります。,,
Message,"	invoked, it can charge other objects.",呼び出されると、他のオブジェクトに充電できます。,,
Message,"	Be bold,",大胆に、,,
Message,"	be bold,",大胆になってください、,,
Message,	but not too bold.,でも大胆すぎない。,,
Message,"	Or else your life's blood,",さもなければ、あなたの人生の血、,,
Message,	shall run cold.,寒くなるだろう。,,
Message,	People think I'm crazy to worry all the time;,人々は私がいつも心配しているなんて気が狂っていると思うでしょう。,,
Message,"	If you paid attention, you'd be worried too.",気をつけていたら、あなたも心配になるでしょう。,,
Message,"	You better pay attention, or this world we love so much",注意したほうがいいよ、そうでないと私たちが大好きなこの世界,,
Message,	Might just kill you.,あなたを殺すかもしれない。,,
Message,	Many of the weapons of the Middle Ages were poled or long-shafted,中世の武器の多くは棒状または長柄でした。,,
Message,"	arms.  Unlike the ancient spear or javelin, however, they were not",腕。しかし、古代の槍や槍とは異なり、それらはそうではありませんでした。,,
Message,	intended to be thrown.  Some were devices with simple single- or,投げられることを目的としている。単純な単一または,,
Message,"	double-edged blades and nothing more, while others combined",両刃の刃だけ、あるいはそれを組み合わせたものもあります,,
Message,"	the pick, spear, and hammer or axe all in one weapon.",つるはし、槍、ハンマーまたは斧がすべて 1 つの武器に組み込まれています。,,
Message,"	One morning, as Gregor Samsa was waking up from anxious dreams,",ある朝、グレゴール・ザムザが不安な夢から目覚めたとき、,,
Message,	he discovered that in bed he had been changed into a monstrous,彼はベッドの上で自分が怪物に変わってしまったことに気づいた,,
Message,"	verminous bug.  He lay on his armour-hard back and saw, as he",害虫。彼は鎧のように硬い背中に横たわり、見ていた。,,
Message,"	lifted his head up a little, his brown, arched abdomen divided",頭を少し上げ、茶色のアーチ状の腹部が割れた,,
Message,"	up into rigid bow-like sections.  From this height the blanket,",硬い弓状のセクションに分かれます。この高さから毛布を、,,
Message,"	just about ready to slide off completely, could hardly stay in",完全に滑り落ちてしまう寸前で、ほとんど留まらない,,
Message,"	place.  His numerous legs, pitifully thin in comparison to the",場所。彼の多数の足は、それに比べて哀れなほど細い。,,
Message,"	rest of his circumference, flickered helplessly before his eyes.",彼の周囲の残りの部分が、彼の目の前で無力にちらつきました。,,
Message,"		[ The Metamorphosis, by Franz Kafka,",[『変身』フランツ・カフカ著、,,
Message,			translated by Ian Johnston ],イアン・ジョンストン訳],,
Message,		Hey! now! Come hoy now! Whither do you wander?,おい！今！さあ、さあ！どこをさまよいますか？,,
Message,"		Up, down, near or far, here, there or yonder?",上、下、近く、それとも遠く、ここ、あそこ、それとも向こう？,,
Message,"		Sharp-ears, Wise-nose, Swish-tail and Bumpkin,",鋭い耳、賢い鼻、スウィッシュテール、そしてバンプキン、,,
Message,"		White-socks my little lad, and old Fatty Lumpkin!",私の小さな若者と、太ったランプキンの老人に白い靴下を履かせてください！,,
Message,	Tom called them one by one and they climbed over the brow and,トムは彼らを一人ずつ呼んで、彼らは額を乗り越えて、,,
Message,	stood in a line.  Then Tom bowed to the hobbits.,列に並んでいた。それからトムはホビットたちにお辞儀をしました。,,
Message,"	""Here are your ponies, now!"" he said.  ""They've more sense (in some",「さあ、ここにあなたのポニーがいます！」彼は言い​​ました。 「彼らはもっと分別がある（ある意味では）,,
Message,	ways) than you wandering hobbits have -- more sense in their noses.,方法) 放浪するホビットのあなたたちよりも、彼らの鼻は賢いのです。,,
Message,	For they sniff danger ahead which you walk right into; and if they,なぜなら、彼らはあなたがすぐに踏み入る前方の危険を嗅ぎつけるからです。そしてもし彼らが,,
Message,"	run to save themselves, then they run the right way.""",自分を救うために走れば、彼らは正しい道を走るのです。」,,
Message,"	Portals can be Mirrors, Pictures, Standing Stones, Stone",ポータルは鏡、写真、立石、石などになります。,,
Message,"	Circles, Windows, and special gates set up for the purpose.",そのために設置されたサークル、窓、特別なゲート。,,
Message,	You will travel through them both to distant parts of the,あなたはそれらの両方を通って、遠く離れた場所へ移動します。,,
Message,	continent and to and from our own world.  The precise manner,大陸と私たちの世界との間の往復。正確なやり方,,
Message,	of their working is a Management secret.,彼らの働きぶりは経営秘密だ。,,
Message,"	Poseido(o)n, lord of the seas and father of rivers and",ポセイドン（オ）ン、海の主であり、川と川の父,,
Message,"	fountains, was the son of Chronos and Rhea, brother of Zeus,",ファウンテンズはクロノスとゼウスの兄弟レアの息子でした。,,
Message,"	Hades, Hera, Hestia and Demeter.  His rank of ruler of the",ハデス、ヘラ、ヘスティア、デメテル。彼の統治者の地位,,
Message,"	waves he received by lot at the Council Meeting of the Gods,",神々の評議会でくじ引きで受け取った波、,,
Message,	at which Zeus took the upper world for himself and gave,そこでゼウスは上の世界を自分のものにして与えました。,,
Message,	dominion over the lower world to Hades.,下界をハデスに支配する。,,
Message,	Poseidon is associated in many ways with horses and thus is,ポセイドンは多くの点で馬と関連しているため、,,
Message,	the god of horses.  He taught men how to ride and manage the,馬の神様。彼は男性に乗り方と乗り方を教えました。,,
Message,	animal he invented and is looked upon as the originator and,彼が発明した動物であり、その創始者と見なされています。,,
Message,	guardian deity of horse races.,競馬の守護神。,,
Message,	His symbol is the familiar trident or three-pronged spear,彼のシンボルはおなじみの三叉の槍です。,,
Message,"	with which he can split rocks, cause or quell storms, and",それを使って岩を割ったり、嵐を引き起こしたり鎮めたりすることができる。,,
Message,"	shake the earth, a power which makes him the god of",大地を揺るがす、その力が彼を神たらしめる,,
Message,"	earthquakes as well.  Physically, he is shown as a strong and",地震も。肉体的には、彼は強く、,,
Message,"	powerful ruler, every inch a king.",強力な支配者、隅々まで王です。,,
Message,"	Whatever a man prays for, he prays for a miracle.  Every",人が何を祈るとしても、彼は奇跡を祈ります。毎,,
Message,"	prayer reduces itself to this:  Great God, grant that twice",祈りは次のようになります。「偉大な神よ、二度お許しください」,,
Message,	two be not four.,4 つではなく 2 つです。,,
Message,"	[...]  For the two priests were talking exactly like priests,",[...] というのは、二人の司祭はまさに司祭のように話していたからです。,,
Message,"	piously, with learning and leisure, about the most aerial",敬虔に、学びと余暇を持って、最も空中的なものについて,,
Message,	enigmas of theology.  The little Essex priest spoke the more,神学の謎。エセックスの小さな司祭はさらに語れば語るほど、,,
Message,"	simply, with his round face turned to the strengthening stars;",ただ、彼の丸い顔は力強い星に向けられていました。,,
Message,"	the other talked with his head bowed, as if he were not even",もう一人は、まるで平気であるかのように頭を下げて話しました,,
Message,	worthy to look at them.  But no more innocently clerical,それらを見る価値があります。でも、もう無邪気に事務的にするのはやめてください,,
Message,	conversation could have been heard in any white Italian cloister,イタリアの白い回廊ならどこでも会話が聞こえただろう,,
Message,	or black Spanish cathedral.  The first he heard was the tail of,または黒いスペイン大聖堂。最初に彼が聞いたのは、の尾音だった,,
Message,"	one of Father Brown's sentences, which ended:  ""... what they",ブラウン神父の文章の一つは、「...彼らが何をしたのか」で終わりました。,,
Message,	really meant in the Middle Ages by the heavens being,中世において、天とは実際に意味されていた,,
Message,"	incorruptible.""  The taller priest nodded his bowed head and",背の高い司祭は頭を下げてうなずき、,,
Message,"	said:  ""Ah, yes, these modern infidels appeal to their reason;",「ああ、そうです、この現代の異教徒たちは理性を訴えています。,,
Message,	but who can look at those millions of worlds and not feel that,しかし、その何百万もの世界を見て、それを感じない人がいるでしょうか。,,
Message,	there may well be wonderful universes above us where reason is,私たちの頭上には、理性が存在する素晴らしい宇宙があるかもしれません。,,
Message,"	utterly unreasonable?""",まったく無理ですか？」,,
Message,"	Opuntia, commonly called prickly pear, is a genus in the cactus",ウチワサボテンは、一般的にウチワサボテンと呼ばれ、サボテンの属です。,,
Message,"	family, Cactaceae. Prickly pears are also known as tuna (fruit),",家族、サボテン科。ウチワサボテンはマグロ（果物）とも呼ばれ、,,
Message,"	sabra, nopal (paddle, plural nopales) from the Nahuatl word",ナワトル語のサブラ、ノパル（パドル、複数形ノパレス）,,
Message,"	nopalli for the pads, or nostle, from the Nahuatl word nochtli",ナワトル語の単語 nochtli からのパッド、または鼻の nopalli,,
Message,	for the fruit; or paddle cactus.,果物のために。またはパドルサボテン。,,
Message,	Where am I?,私はどこにいるの？,,
Message,		In the Village.,村で。,,
Message,	What do you want?,なんでしょう？,,
Message,		Information.,情報。,,
Message,	Whose side are you on?,あなたはどちらの側ですか？,,
Message,		That would be telling.  We want information ...,それは伝わってくるでしょう。情報が欲しいのですが...,,
Message,		information ...,情報 ...,,
Message,	You won't get it.,わかりません。,,
Message,"		By hook or by crook, we will.",フックまたは詐欺師によって、私たちはそうします。,,
Message,	Who are you?,あなたは誰ですか？,,
Message,		The new Number 2.,新しいナンバー2。,,
Message,	Who is Number 1?,ナンバー1は誰ですか?,,
Message,		You are Number 6.,あなたはナンバー6です。,,
Message,	I am not a number!  I am a free man!,私は数字ではありません！私は自由な男です！,,
Message,"	Known under various names (Nu, Neph, Cenubis, Amen-Kneph,",さまざまな名前で知られています（ヌー、ネフ、セヌビス、アーメン・クネフ、,,
Message,"	Khery-Bakef), Ptah is the creator god and god of craftsmen.",ケリー・バケフ）、プタハは創造神であり職人の神です。,,
Message,	He is usually depicted as wearing a closely fitting robe,彼は通常、体にぴったりとフィットしたローブを着ている姿で描かれます,,
Message,	with only his hands free.  His most distinctive features are,両手だけを自由にして。彼の最も特徴的な特徴は、,,
Message,"	the invariable skull-cap exposing only his face and ears,",顔と耳だけを露出する不変の頭蓋骨の帽子、,,
Message,"	and the _was_ or rod of domination which he holds,",そして彼が握っている支配の棒、あるいは棒、,,
Message,	consisting of a staff surmounted by the _ankh_ symbol of,_ankh_ 記号が上にある杖で構成されます。,,
Message,"	life.  He is otherwise symbolized by his sacred animal, the",人生。それ以外の場合、彼は神聖な動物である,,
Message,	bull.,ブル。,,
Message,"	A gargantuan version of the harmless rain-worm, the purple",無害な雨虫の巨大バージョン、パープル,,
Message,	worm poses a huge threat to the ordinary adventurer.  It is,ワームは普通の冒険者にとって大きな脅威です。それは,,
Message,	known to swallow whole and digest its victims within only a,被害者を丸ごと飲み込み、わずか1時間以内に消化することが知られています。,,
Message,"	few minutes.  These worms are always on guard, sensitive",数分。これらのワームは常に警戒しており、敏感です,,
Message,"	to the most minute vibrations in the earth, but may also",地球上の最も微細な振動に影響を与える可能性がありますが、,,
Message,	be awakened by a remote shriek.,遠くの金切り声で目が覚める。,,
Message,"	At first glance around the corner, I thought it was another",角を曲がったところを一目見たとき、別のものだと思いました,,
Message,	cockatrice. I had encountered the wretched creatures two or,コカトリス。私はその惨めな生き物に二、三度遭遇した。,,
Message,	three times since leaving the open area. I quickly ducked my,オープンエリアを出てから3回。私はすぐに身をかがめた,,
Message,	head back and considered what to do next. My heart had begun,戻って、次に何をするかを考えました。私の心は始まっていた,,
Message,	to thump audibly as I patted my pack to make sure I still had,パックを軽くたたき、まだ持っていることを確認するときにドスンという音を立てました。,,
Message,	the dead lizards at close reach. A check of my attire showed,間近に死んだトカゲ。私の服装チェックで判明したのは、,,
Message,	no obvious holes or damage. I had to keep moving. One deep,目立った穴やダメージはありません。動き続けなければなりませんでした。 1つの深い,,
Message,"	breath, and a count of three, two, one, and around the corner",息をして、3つ、2つ、1つと数えると、すぐに角を曲がる,,
Message,	I bolted. But it was no cockatrice! I felt a sudden intense,私はボルトを締めました。しかし、それはコカトリスではありませんでした！突然の激しさを感じた,,
Message,"	searing of the skin around my face, and flames began to leap",顔の周りの皮膚が焼け焦げ、炎が飛び火し始めた,,
Message,"	from my pack. I tossed it to the ground, and quickly retreated",私のパックから。私はそれを地面に投げ捨て、すぐに後退した,,
Message,"	back, around that corner, desperately striving to get out of",戻って、あの角を回って、そこから抜け出そうと必死に努力している,,
Message,	its sight.,その光景。,,
Message,"	A monstrous serpent in Greek mythology, and the child of Gaia,",ギリシャ神話に登場する巨大な蛇であり、ガイアの子。,,
Message,	the goddess earth.  It was produced from the slime and mud,女神の大地。スライムと泥から生み出された,,
Message,	that was left on the earth by the great flood of Deucalion.,デウカリオンの大洪水によって地球に残されたもの。,,
Message,	It lived in a cave and guarded the oracle of Delphi on mount,それは洞窟に住んでいて、山のデルフィの神託を守っていました。,,
Message,	Parnassus.,パルナッソス。,,
Message,	No man dared to approach the beast and the people asked Apollo,誰もその獣に近づこうとはしなかったので、人々はアポロンに尋ねました。,,
Message,	for help.  He came down from Mount Olympus with his silver bow,助けのために。彼は銀の弓を持ってオリンポス山から降りてきた,,
Message,	and golden arrows.  With using only one arrow he killed the,そして金色の矢。たった一本の矢を使って彼は人を殺した,,
Message,	serpent and claimed the oracle for himself. ... The old name of,蛇になり、自分自身のために神託を主張した。 ...の古い名前,,
Message,"	Delphi, Pytho, refers to the serpent.",デルフィ、ピュトーは蛇を指します。,,
Message,	The woodlands and other regions are inhabited by multitudes,森林地帯やその他の地域には多数の人々が住んでいます,,
Message,	of four-legged creatures which cannot be simply classified.,単純に分類できない四本足の生き物。,,
Message,"	They might not have fiery breath or deadly stings, but",彼らは激しい息や致命的な刺し傷を持っていないかもしれませんが、,,
Message,	adventurers have nevertheless met their end numerous times,冒険者たちは何度も最期を迎えた,,
Message,"	due to the claws, hooves, or bites of such animals.",そのような動物の爪、ひづめ、または咬傷によるもの。,,
Message,	These creatures are not native to this universe; they seem,これらの生き物はこの宇宙に固有のものではありません。彼らはそうらしい,,
Message,"	to have strangely derived powers, and unknown motives.",奇妙な力を持ち、動機も不明。,,
Message,	_Uncertainty Principle_  The principle that it is not possible,_不確定性原理_ 不可能であるという原理,,
Message,	to know with unlimited accuracy both the position and momentum,位置と運動量の両方を無限の精度で知ることができます,,
Message,	of a particle. ... An explanation of the uncertainty is that,粒子の。 ...不確実性の説明は次のとおりです。,,
Message,"	in order to locate a particle exactly, an observer must be",粒子を正確に見つけるには、観察者は次のことを行う必要があります。,,
Message,	able to bounce off it a photon of radiation; this act of,放射線の光子を反射することができます。この行為の,,
Message,	location itself alters the position of the particle,位置自体がパーティクルの位置を変更します,,
Message,"	in an unpredictable way.  To locate the position accurately,",予測不可能な方法で。正確に位置を特定するには、,,
Message,	photons of short wavelength would have to be used.  The high,短波長の光子を使用する必要があります。高い,,
Message,	momentum of such photons would cause a large effect on the,このような光子の運動量は、,,
Message,"	position.  On the other hand, using photons of lower momenta",位置。一方、より低い運動量の光子を使用すると、,,
Message,"	would have less effect on the particle's position, but would",パーティクルの位置にはあまり影響しませんが、,,
Message,	be less accurate because of the lower wavelength.,波長が低いため精度が低くなります。,,
Message,"	Quasits are small, evil creatures, related to imps.  Their",クアシットは、インプに関連する小さくて邪悪な生き物です。彼らの,,
Message,	talons release a very toxic poison when used in an attack.,爪は攻撃に使用されると非常に有毒な毒を放出します。,,
Message,"	Many, possibly most, Tours are organized as a Quest.  This",多くの、おそらくほとんどのツアーはクエストとして編成されています。これ,,
Message,"	is like a large-scale treasure hunt, with clues scattered",手がかりが散りばめられた大規模な宝探しのようなもの,,
Message,"	all over the continent, a few false leads, Mystical Masters",大陸中、いくつかの偽の手掛かり、神秘的なマスター,,
Message,"	as game-show hosts, and the Dark Lord and the Terrain to",ゲームショーの司会者として、そして暗黒卿と地形は,,
Message,	make the Quest interestingly difficult.  [...],クエストを興味深いほど難しくします。 [...],,
Message,"	In order to be assured of your future custom, the Management",今後も安心してご利用いただけるよう、管理者は,,
Message,"	has a further Rule:  Tourists, far from being rewarded for",さらにルールがある: 観光客は報われるどころか、,,
Message,"	achieving their Quest Object, must then go on to conquer",クエストオブジェクトを達成したら、征服を続けなければなりません,,
Message,"	the Dark Lord or set about Saving the World, or both.  And",暗黒卿か世界を救うか、あるいはその両方。そして,,
Message,	why not?  By then you will have had a lot of practice in,なぜだめですか？それまでにたくさん練習したことになるでしょう,,
Message,"	that sort of thing and, besides, the Quest Object is usually",そのようなもので、さらに、クエスト オブジェクトは通常、,,
Message,	designed to help you do it.,それを支援するために設計されました。,,
Message,	One of the principal Aztec-Toltec gods was the great and wise,アステカ・トルテカの主要な神の一人は偉大で賢明な神でした,,
Message,"	Quetzalcoatl, who was called Kukumatz in Guatemala, and",グアテマラではククマッツと呼ばれていたケツァルコアトルと、,,
Message,"	Kukulcan in Yucatan.  His image, the plumed serpent, is found",ユカタンのククルカン。彼のイメージである羽毛のある蛇が発見される,,
Message,	on both the oldest and the most recent Indian edifices. ...,最古のインドの建造物と最新のインドの建造物の両方に。 ...,,
Message,	The legend tells how the Indian deity Quetzalcoatl came from,伝説はインドの神ケツァルコアトルがどのようにして来たのかを語ります,,
Message,"	the ""Land of the Rising Sun"".  He wore a long white robe and",「日出ずる国」。彼は長い白いローブを着ていて、,,
Message,	had a beard; he taught the people crafts and customs and laid,あごひげを生やしていた。彼は人々に工芸品や習慣を教え、,,
Message,	down wise laws.  He created an empire in which the ears of,賢明な法律を下す。彼は耳が聞こえる帝国を築きました。,,
Message,"	corn were as long as men are tall, and caused bolls of colored",トウモロコシは人間の背丈ほどもあり、色の付いた玉ができた,,
Message,	cotton to grow on cotton plants.  But for some reason or other,綿花で育つ綿花。しかし、何らかの理由で,,
Message,	he had to leave his empire. ...  But all the legends of,彼は帝国を離れなければならなかった。 ...しかし、すべての伝説は,,
Message,	Quetzalcoatl unanimously agree that he promised to come again.,ケツァルコアトルは再び来ると約束したことに満場一致で同意する。,,
Message,	 Maltar:  [...]  I remembered a little saying I learned my,マルタル: [...] 私は自分のことを学んだという言葉を少し思い出しました。,,
Message,	          first day at the academy.,アカデミーの初日。,,
Message,"	Natalie:  Yeah, yeah, I know.  Winners never quit and quitters",ナタリー：はい、はい、わかっています。勝者は決して辞めず、また辞める,,
Message,	          never win.,決して勝てない。,,
Message,	 Maltar:  What?  No!  Winners never quit and quitters should,マルタル: えっ？いいえ！勝者は決して辞めない、そして辞めるべきだ,,
Message,	          be cast into the Flaming Pit of Death.,死の炎の穴に投げ込まれる。,,
Message,"		[ Snow Day, directed by Chris Koch,",[ スノーデイ、クリス・コッホ監督、,,
Message,		  written by Will McRobb and Chris Viscardi ],ウィル・マクロブとクリス・ヴィスカルディ著],,
Message,	The Japanese god of thunder (rai) and lightning (den).  He,日本の雷（ライ）と稲妻（デン）の神。彼,,
Message,	prevented the Mongols from invading Japan in 1274.  Sitting on,1274 年にモンゴル人の日本侵略を阻止しました。,,
Message,	a cloud he sent forth a shower of lightning arrows upon the,彼は雲から稲妻の矢を雨に降らせた。,,
Message,	invading fleet.  Only three men escaped.  Raiden is portrayed,侵攻する艦隊。逃げ出したのは3人だけだった。雷電が描かれています,,
Message,"	as a red demon with sharp claws, carrying a large drum.  He is",鋭い爪を持ち、大きな太鼓を持った赤い悪魔のような姿で。彼は,,
Message,	fond of eating human navels.  The only protection against him,人間のへそを好んで食べる。彼に対する唯一の防御策,,
Message,	is to hide under a mosquito net.,蚊帳の下に隠れることです。,,
Message,"	""Lonely men are we, Rangers of the wild, hunters -- but hunters",「孤独な人間は我々、野生のレンジャー、ハンター、だがハンターだ」,,
Message,	ever of the servants of the Enemy; for they are found in many,敵に仕える者たち。それらは多くの場所で見られるからです,,
Message,"	places, not in Mordor only.",モルドールだけではありません。,,
Message,"	If Gondor, Boromir, has been a stalwart tower, we have played",ゴンドール、ボロミアが頑丈な塔だったら、私たちは遊んできました。,,
Message,	another part.  Many evil things there are that your strong walls,別の部分。あなたの強力な壁には多くの邪悪なものがあります,,
Message,	and bright swords do not stay.  You know little of the lands,そして光る剣は留まりません。あなたはその土地についてほとんど知りません,,
Message,"	beyond your bounds.  Peace and freedom, do you say?  The North",自分の限界を超えて。平和と自由、そう思いますか？北,,
Message,	would have known them little but for us.  Fear would have,私たち以外は彼らのことをほとんど知らなかったでしょう。恐怖があっただろう,,
Message,	destroyed them.  But when dark things come from the houseless,彼らを破壊した。しかし、暗いことがホームレスから来るとき、,,
Message,"	hills, or creep from sunless woods, they fly from us.  What",丘を登ったり、日の当たらない森から忍び寄ったり、彼らは私たちから飛んで来ます。何,,
Message,"	roads would any dare to tread, what safety would there be in",道路にあえて踏み込むだろうか、そこにどんな安全があるだろうか,,
Message,"	quiet lands, or in the homes of simple men at night, if the",静かな土地、または夜の素朴な男性の家で、,,
Message,"	Dunedain were asleep, or were all gone into the grave?""",ダンデインは眠っていたのか、それとも全員墓に入ってしまったのか？」,,
Message,"	Rats are long-tailed rodents.  They are aggressive,",ネズミは尾の長いげっ歯類です。彼らは攻撃的で、,,
Message,"	omnivorous, and adaptable, often carrying diseases.",雑食性で適応力があり、しばしば病気を媒介します。,,
Message,"	""The rat,"" said O'Brien, still addressing his invisible",「ネズミです」とオブライエンは目に見えないものに話しかけたまま言った,,
Message,"	audience, ""although a rodent, is carnivorous.  You are aware",視聴者「齧歯動物ですが肉食です。ご存知でしょう,,
Message,	of that.  You will have heard of the things that happen in,それの。で起こったことについては聞いたことがあるでしょう。,,
Message,	the poor quarters of this town.  In some streets a woman dare,この町の貧しい地区。ある通りでは女性が大胆に挑戦する,,
Message,"	not leave her baby alone in the house, even for five minutes.",たとえ5分間であっても、赤ちゃんを家の中に一人にしないでください。,,
Message,	The rats are certain to attack it.  Within quite a small time,ネズミは間違いなくそれを攻撃します。かなり短い時間内に,,
Message,	they will strip it to the bones.  They also attack sick or,彼らはそれを骨まで剥ぎ取るでしょう。彼らはまた、病気を攻撃したり、,,
Message,	dying people.  They show astonishing intelligence in knowing,死にゆく人々。彼らは知識において驚くべき知性を示します,,
Message,"	when a human being is helpless.""",人間が無力なとき。」,,
Message,"	But the raven, sitting lonely on the placid bust, spoke only",しかし、カラスは静かな胸像に寂しそうに座って、ただ話した,,
Message,"	That one word, as if his soul in that one word he did outpour.",その一言、まるでその一言に彼の魂がほとばしっているかのようだった。,,
Message,	Nothing further then he uttered -- not a feather then he fluttered--,それ以上彼は何も発しなかった -- それから彼は羽ばたくこともなかった --,,
Message,"	Till I scarcely more than muttered, 'other friends have flown before--",「他の友達も飛行機に乗ったことがある」とつぶやくまでは,,
Message,"	On the morrow *he* will leave me, as my hopes have flown before.'",私の希望が以前に空を飛んだように、明日*彼*は私を離れるでしょう。,,
Message,"		Then the bird said, 'Nevermore.'",すると鳥は「もうだめだよ」と言いました。,,
Message,	A rock mole is a member of the rodent family.  They get their,岩モグラはげっ歯類の仲間です。彼らは自分のものを手に入れます,,
Message,	name from their ability to tunnel through rock in the same,同じ岩をトンネルで通過する能力に由来する名前,,
Message,	fashion that a mole tunnels through earth.  They are known to,モグラが地面をトンネルするファッション。彼らは知られています,,
Message,"	eat anything they come across in their diggings, although it",掘削中に出てきたものは何でも食べますが、,,
Message,	is still unknown how they convert some of these things into,これらのものの一部をどのように変換するかはまだ不明です,,
Message,	something of nutritional value.,栄養価のあるもの。,,
Message,	A gnawing mammal (order _Rodentia_) having in each jaw two,各顎に 2 つの歯を持つかじる哺乳類 (齧歯動物目),,
Message,"	(rarely four) incisors, growing continually from persistent",(まれに 4 本の) 切歯、永続的なものから継続的に成長,,
Message,"	pulps, and no canine teeth, as a squirrel, beaver, or rat.",リス、ビーバー、ネズミのような歯髄があり、犬歯がありません。,,
Message,"	I understand the business, I hear it: to have an open ear, a",私はビジネスを理解しています、私はそれを聞いています：オープンな耳を持つこと、,,
Message,"	quick eye, and a nimble hand, is necessary for a cut-purse; a",財布には鋭い目と機敏な手が必要です。ある,,
Message,"	good nose is requisite also, to smell out work for the other",他人の仕事を嗅ぎ分けるためには、良い鼻も必要です,,
Message,	senses.  I see this is the time that the unjust man doth,感覚。分かった、今は不当な男がやる時だ,,
Message,"	thrive.  ...  The prince himself is about a piece of iniquity,",繁栄する。 ...王子自身も不法行為に関わっていますが、,,
Message,	stealing away from his father with his clog at his heels:  if,下駄を履いたまま父親からこっそり逃げた場合:,,
Message,	I thought it were a piece of honesty to acquaint the king,王と知り合いになるのは誠実さの一部だと思った,,
Message,"	withal, I would not do't:  I hold it the more knavery to",そうだとしても、私はそうしません：私はそれをより卑劣に感じます,,
Message,	conceal it; and therein am I constant to my profession.,それを隠す。そしてその中で私は自分の職業に一貫して取り組んでいます。,,
Message,"		[ Autolycus the Rogue, from The Winter's Tale by",[ Autolycus the Rogue、『冬物語』より,,
Message,			William Shakespeare ],ウィリアム・シェイクスピア],,
Message,"	But when they were cooked these roots proved good to eat,",しかし、調理してみると、これらの根は食べても美味しいことが分かりました。,,
Message,"	somewhat like bread; and the outlaws were glad of them, for",なんだかパンに似ています。そして無法者たちは彼らを喜んでいました。,,
Message,	they had long lacked bread save when they could steal it.,彼らは長い間パンが不足していたが、盗むことはできた。,,
Message,"	""Wild Elves know them not; Grey-elves have not found them;",「野生のエルフは彼らを知りません、グレイエルフは彼らを見つけませんでした。,,
Message,"	the proud ones from over the Sea are too proud to delve,""",海の向こうから来た誇り高き者たちは、誇り高すぎて深く掘り下げることはできない」,,
Message,	said Mim.,ミムは言いました。,,
Message,"	""What is their name?"" said Turin. Mim looked at him sidelong.",「彼らの名前は何ですか？」とトリノは言った。ミムは横目で彼を見た。,,
Message,"	""They have no name, save in the Dwarf-tongue, which we do not",「彼らには名前がない、ドワーフの舌以外には名前はないが、私たちには名前がない,,
Message,"	teach,"" he said. ""And we not teach Men to find them, for Men",「そして、私たちは人間にそれらを見つけるように教えているのではありません。人間のために。」と彼は言いました。,,
Message,"	are greedy and thriftless, and would not spare till all the",貪欲で倹約家で、最後まで惜しみません。,,
Message,	plants had perished; whereas now they pass them by as they go,植物は枯れてしまいました。今では彼らは通り過ぎるときに通り過ぎます,,
Message,	blundering in the wild. No more will you learn of me; but you,野生での失敗。もう私のことを知ることはないだろう。でもあなたは,,
Message,"	may have enough of my bounty, as long as you speak fair and",あなたが公正かつ公正に話す限り、私の恩恵は十分にあるかもしれません,,
Message,"	do not spy or steal."" Then again he laughed in his throat.",スパイしたり盗んだりしないでください。」そしてまた彼は喉の中で笑いました。,,
Message,"	""They are of great worth."" he said. ""More than gold in the",「それらには大きな価値があります。」彼は言い​​ました。 「金以上のものを,,
Message,"	hungry winter, for they may be hoarded like the nuts of a",飢えた冬、ナッツのように買いだめされるかもしれないからだ。,,
Message,"	squirrel, and already we were building our store from the",リス、そしてすでに私たちは最初から店を構築していました,,
Message,"	first that are ripe.""",まずは熟したものから。」,,
Message,"	Roshi is a Japanese word, common in Zen Buddhism, meaning ""old""",老師とは、禅宗で一般的な日本語の言葉で、「古い」を意味します。,,
Message,"	(ro) and ""teacher"" (shi).  Roshi can be used as a term of",（ろ）と「先生」（し）。老師は次の用語として使用できます。,,
Message,"	respect, as in the Rinzai school; as a simple reference to",臨済宗のように敬意を払う。簡単な参考として,,
Message,"	actual age, as in the Soto school; or it can mean a teacher who",曹洞宗と同様に実年齢。または、それは教師を意味することもできます,,
Message,"	has transmitted knowledge to, and thus ""given birth"" to, a new",新しいものに知識を伝え、それによって新しいものを「生み出した」,,
Message,	teacher.,教師。,,
Message,	The rothe (pronounced roth-AY) is a musk ox-like creature with,ローテ (ロート AY と発音) はジャコウウシに似た生き物で、,,
Message,	an aversion to light.  It prefers to live underground near,光に対する嫌悪感。近くの地下に住むことを好む,,
Message,	lichen and moss.,地衣類と苔。,,
Message,"	""'Royal Jelly,'"" he read aloud, ""'must be a substance of",「『ローヤルゼリー』」と彼は声を上げて読み上げた、「『ローヤルゼリーは、,,
Message,"	tremendous nourishing power, for on this diet alone, the",驚異的な栄養力、この食事だけで、,,
Message,	honey-bee larva increases in weight fifteen hundred times in,ミツバチの幼虫の体重は1500倍に増加,,
Message,"	five days!'""",5日だよ！」,,
Message,"	""How much?""","""いくら？""",,
Message,"	""Fifteen hundred times, Mabel.  And you know what that means",「1500回だよ、メイベル。それが何を意味するか分かるだろう」,,
Message,"	if you put it in terms of a human being?  It means,"" he said,",人間に例えると？つまり、」と彼は言った、,,
Message,"	lowering his voice, leaning forward, fixing her with those",声を下げ、前かがみになり、彼女をそれらに固定した,,
Message,"	small pale eyes, ""it means that in five days a baby weighing",小さな青白い目、「それは5日以内に赤ちゃんの体重が測られることを意味します,,
Message,	seven and a half pounds to start off with would increase in,7.5ポンドから始めれば、その後は増加します,,
Message,"	weight to five tons!""",体重は5トンにもなる！」,,
Message,"	_Corundum._  Mineral, aluminum oxide, Al2O3.  The clear",_コランダム._ 鉱物、酸化アルミニウム、Al2O3。クリア,,
Message,	varieties are used as gems and the opaque as abrasive materials.,品種は宝石として、不透明なものは研磨材として使用されます。,,
Message,	Corundum occurs in crystals of the hexagonal system and in,コランダムは六方晶系の結晶で生成されます。,,
Message,	masses.  It is transparent to opaque and has a vitreous to,大衆。透明から不透明で、ガラス質から,,
Message,	adamantine luster. ... The chief corundum gems are the ruby,アダマンタンの光沢。 ... 主なコランダム宝石はルビーです,,
Message,	(red) and the sapphire (blue).,（赤）とサファイア（青）。,,
Message,	These strange creatures live on a diet of metals.  They can,これらの奇妙な生き物は金属を食べて生きています。彼らはできる,,
Message,	turn a suit of armour into so much useless rusted scrap in no,鎧一式をあっという間に役に立たない錆びたスクラップにしてしまう,,
Message,	time at all.,まったく時間。,,
Message,	These ground-dwelling monsters are known to make short,これらの地上に住むモンスターは短足であることが知られています。,,
Message,	work out of degrading adventurers' combat equipment.,劣化した冒険者の戦闘装備を取り除きます。,,
Message,"	Flashed all their sabres bare,",すべてのサーベルを裸にして、,,
Message,"	Flashed as they turned in air,",空中で回転すると点滅し、,,
Message,"	Sab'ring the gunners there,",そこの砲手をサブで鳴らして、,,
Message,"	Charging an army, while",軍隊に突撃しつつ、,,
Message,	All the world wondered:,世界中がこう疑問に思いました。,,
Message,"	Plunged in the battery smoke,",バッテリーの煙に突っ込まれて、,,
Message,	Right through the line they broke;,彼らはラインを突破した。,,
Message,	Cossack and Russian,コサックとロシア人,,
Message,	Reeled from the sabre-stroke,サーベルストロークから巻き戻された,,
Message,	Shattered and sundered.,粉々に砕け散った。,,
Message,"	Then they rode back, but not--",それから彼らは馬に乗って戻りましたが、そうではありませんでした...,,
Message,	Not the six hundred.,六百ではない。,,
Message,"		[ The Charge of the Light Brigade,",[ 光の旅団の突撃、,,
Message,"		  by Alfred, Lord Tennyson ]",アルフレッド、テニスン卿著 ],,
Message,"	The horseman serves the horse,",騎手は馬に仕える、,,
Message,"	The neat-herd serves the neat,",きちんとした集団はきちんとした人々に奉仕し、,,
Message,"	The merchant serves the purse,",商人は財布を扱う、,,
Message,	The eater serves his meat;,食べる人は自分の肉を提供します。,,
Message,"	'Tis the day of the chattel,",「今日はおしゃべりの日です、,,
Message,"	Web to weave, and corn to grind,",ウェブを織って、トウモロコシを粉砕して、,,
Message,"	Things are in the saddle,",物事はサドルの中にあります、,,
Message,	And ride mankind.,そして人類に乗ります。,,
Message,	Japanese rice wine.,日本の日本酒。,,
Message,"	For hundreds of years, many people believed that salamanders",何百年もの間、多くの人はサンショウウオの存在を信じていました。,,
Message,"	were magical.  In England in the Middle Ages, people thought",魔法のようだった。中世のイギリスでは、人々はこう考えていました。,,
Message,	that fire created salamanders.  When they set fire to damp,その火がサラマンダーを生み出しました。彼らが湿らせるために火をつけるとき,,
Message,"	logs, dozens of the slimy creatures scurried out.  The word",丸太から、数十匹のぬるぬるした生き物が飛び出してきました。言葉,,
Message,"	salamander, in fact, comes from a Greek word meaning ""fire",実際、サラマンダーはギリシャ語で「火」を意味する言葉に由来しています。,,
Message,"	animal"".","動物""。",,
Message,"	By that time, Narahara had already slipped his arm from the",その時すでに楢原は腕を滑らせていた。,,
Message,"	sleeve of his outer robe, drew out his two-and-a-half-foot",上着の袖を伸ばして、2.5フィートの長さを引き出した,,
Message,"	Fujiwara Tadahiro sword, and, brandishing it over his head,",藤原忠広の剣を頭上に振りかざし、,,
Message,"	began barreling toward the foreigners.  In less than a minute,",外国人に向かって砲撃を始めた。 1分も経たないうちに、,,
Message,	he had charged upon them and cut one of them through the torso.,彼は彼らに突撃し、そのうちの一人の胴体を切り裂いた。,,
Message,"	The man fled, clutching his bulging guts, finally to fall from",男は膨らんだ内臓を握りしめながら逃走し、ついには転落した。,,
Message,	his horse at the foot of a pine tree about a thousand yards,彼の馬は千ヤードほど離れた松の木の根元にいた,,
Message,	away.  Kaeda Takeji finished him off.  The other two Englishmen,離れて。加江田武二がとどめを刺した。残りのイギリス人二人は,,
Message,	were severely wounded as they tried to flee.  Only the woman,彼らは逃げようとして重傷を負った。女性だけが,,
Message,	managed to escape virtually unscathed.,ほぼ無傷で逃げることに成功した。,,
Message,	Ildefonse left the terrace and almost immediately sounds,イルデフォンセがテラスを出てすぐに音が鳴る,,
Message,	of contention came from the direction of the work-room.,論争の発端は作業室の方向からであった。,,
Message,"	Ildefonse presently returned to the terrace, followed by",イルデフォンセはすぐにテラスに戻り、続いて,,
Message,	Osherl and a second sandestin using the guise of a gaunt blue,オシェルと、ゴーントブルーを装った2番目のサンデスティン,,
Message,"	bird-like creature, some six feet in height.",高さ約6フィートの鳥のような生き物。,,
Message,"	Ildefonse spoke in scathing tones:  ""Behold these two",イルデフォンセは痛烈な口調でこう言った、「見よ、この二人,,
Message,	creatures!  They can roam the chronoplex as easily as you,生き物たち！彼らはあなたと同じくらい簡単にクロノプレックスを歩き回ることができます,,
Message,	or I can walk around the table; yet neither has the wit to,あるいはテーブルの周りを歩き回ることもできます。しかし、どちらにも機知がありません,,
Message,	announce his presence upon arrival.  I found Osherl asleep,到着したら彼の存在を告げる。オシェルが眠っているのを見つけました,,
Message,"	in his fulgurite and Sarsem perched in the rafters.""",フルグライトを着て、サルセムは垂木に腰掛けていた。」,,
Message,"	""No matter,"" said Rhialto.  ""He has brought Sarsem, and this",「関係ないよ」リアルトは言った。 「彼はサルセムを連れてきた、そしてこれは,,
Message,"	was his requirement.  In the main, Osherl, you have done well!""",それが彼の要求だった。要するに、オシェル、よくやったよ！」,,
Message,"	""And my indenture point?""",「それで、私の入社ポイントは？」,,
Message,"	""Much depends upon Sarsem's testimony.  Sarsem, will you sit?""",「多くはサーセムの証言にかかっています。サーセム、座っていただけますか？」,,
Message,"	""In this guise, I find it more convenient to stand.""",「この格好だと、立っているほうが楽だと思います。」,,
Message,"	""Then why not alter to human form and join us in comfort at",「だったら人間の姿に変身して一緒に楽に過ごしませんか？」,,
Message,"	the table?""",テーブルは？」,,
Message,"	""That is a good idea.""  Sarsem became a naked young epicene",「それは良い考えですね。」サーセムは裸の若いエピセンになった,,
Message,	in an integument of lavender scales with puffs of purple hair,ラベンダー色の鱗の外皮に紫色の毛が生えている,,
Message,	like pom-poms growing down his back.  He seated himself at,背中にポンポンが生えているように。彼はそこに座った,,
Message,"	the table but declined refreshment.  ""This human semblance,",テーブルに座りましたが、軽食は拒否されました。 「この人間らしい姿、,,
Message,"	though typical, is after all, only a guise.  If I were to put",典型的ではありますが、結局のところ、それは単なる見せかけにすぎません。私が置くとしたら,,
Message,"	such things inside myself, I might well become uneasy.""",自分の中でそんなこともあって、不安になっちゃうかも知れません」,,
Message,	The name _Sasquatch_ doesn't really become important in Canada,サスクワッチという名前はカナダではそれほど重要ではありません,,
Message,"	until the 1930s, when it appeared in the works of J. W. Burns,",1930年代にJ. W. バーンズの作品に登場するまで、,,
Message,	a British Columbian writer who used a great deal of Indian,インディアン語を多用したブリティッシュコロンビア州の作家,,
Message,	lore in his stories.  Burn's Sasquatch was a giant Indian who,彼の物語の中の伝承。バーンのサスカッチは巨大なインディアンでした。,,
Message,	lived in the wilderness.  He was hairy only in the sense that,荒野に住んでいた。彼が毛深いのはそういう意味でだけだ,,
Message,"	he had long hair on his head, and while this Sasquatch lived a",彼の頭には長い髪があり、このサスカッチが生きている間、,,
Message,"	wild and primitive life, he was fully human.",野生的で原始的な生命、彼は完全に人間でした。,,
Message,	Burns's character proved to be quite popular.  There was a,バーンズのキャラクターは非常に人気があることが判明しました。がありました,,
Message,"	Sasquatch Inn near the town of Harrison, British Columbia, and",ブリティッシュコロンビア州ハリソンの町近くのサスカッチ・イン,,
Message,"	Harrison even had a local celebration called ""Sasquatch Days.""",ハリソンは「サスカッチ・デイズ」と呼ばれる地元のお祝いも開催した。,,
Message,	The celebration which had been dormant for years was revived,何年も休んでいたお祭りが復活しました,,
Message,"	as part of British Columbia's centennial, and one of the",ブリティッシュコロンビア州創立100周年の一環として、そして,,
Message,"	events was to be a Sasquatch hunt.  The hunt never took place,",イベントはサスカッチ狩りになるはずだった。狩りは一度も行われなかったが、,,
Message,"	perhaps it was never supposed to, but the publicity about it",おそらく、そんなことは決して想定されていなかったのですが、それが宣伝されたことで、,,
Message,	did bring out a number of people who said they had encountered,遭遇したという人が何人も出てきた,,
Message,"	a Sasquatch -- not Burns's giant Indian, but the hairy apelike",サスクワッチ -- バーンズの巨大インディアンではなく、毛むくじゃらの類人猿,,
Message,	creature that we have all come to know.,私たち皆がよく知っている生き物。,,
Message,"	This mace was created aeons ago in some unknown cave,",このメイスは遠い昔、未知の洞窟で作られました。,,
Message,	and has been passed down from generation to generation of,そして世代から世代へと受け継がれてきました,,
Message,"	cave dwellers.  It is a very mighty mace indeed, and in",洞窟の住人。それは確かに非常に強力なメイスであり、,,
Message,	addition will protect anyone who wields it from magic,さらに、それを使用する人を魔法から守ります,,
Message,"	missile attacks.  When invoked, it causes conflict in the",ミサイル攻撃。呼び出されると、,,
Message,	area around it.,その周囲のエリア。,,
Message,"	Oh, how handsome, how noble was the Vizier Ali Tebelin,",ああ、なんとハンサムで、なんと高貴な宰相アリ・テベリンだったのか、,,
Message,"	my father, as he stood there in the midst of the shot, his",父は銃撃の真っ只中に立っていたが、,,
Message,"	scimitar in his hand, his face black with powder!  How his",手にはシミター、顔は粉で真っ黒！彼の,,
Message,	enemies fled before him!,敵は彼の前から逃げ出した！,,
Message,"	A sub-species of the spider (_Scorpionidae_), the scorpion",クモ (_Scorpionidae_) の亜種、サソリ,,
Message,	distinguishes itself from them by having a lower body that,下半身を持つことでそれらと区別されます。,,
Message,"	ends in a long, jointed tail tapering to a poisonous stinger.",尾は長くつながっており、毒針に向かって先細になっています。,,
Message,	They have eight legs and pincers.,8 本の足とハサミがあります。,,
Message,"	Since early times, the Scorpion has represented death, darkness,",初期の頃から、サソリは死、闇、,,
Message,	and evil.  Scorpius is the reputed slayer of Orion the Hunter.,そして悪。スコーピウスはオリオン・ザ・ハンターの評判の高い殺し屋です。,,
Message,"	[...]  The gods put both scorpion and hunter among the stars, but",[...] 神々はサソリと狩人の両方を星の中に置いたが、,,
Message,	on opposite sides of the sky so they would never fight again.,空の反対側にいるので、彼らは二度と争うことはありません。,,
Message,"	As Scorpius rises in the east, Orion sets in the west.",さそり座が東に昇ると、オリオンは西に沈みます。,,
Message,"	It matters not how strait the gate,",門がどんなに厳しいかは問題ではない、,,
Message,"	How charged with punishments the scroll,",巻物にはどのような罰が課せられているか、,,
Message,	I am the master of my fate;,私は私の運命の主人です。,,
Message,	I am the captain of my soul.,私は私の魂のキャプテンです。,,
Message,"	The ancient Egyptian god of chaos (Set), the embodiment of",古代エジプトの混沌の神（セット）の化身。,,
Message,"	hostility and even of outright evil.  He is also a god of war,",敵意、さらには完全な悪の感情。戦いの神でもありますが、,,
Message,"	deserts, storms, and foreign lands. ... In the Book of the",砂漠、嵐、そして異国の地。 ... の本の中で,,
Message,"	Dead, Seth is called ""Lord of the Northern Sky"" and is held",死んでしまったセスは「北天の主」と呼ばれ、拘留されている,,
Message,	responsible for storms and cloudy weather. ... Seth was,嵐や曇天の原因となります。 ...セスは,,
Message,"	portrayed as a man with the head of undeterminable origin,",出自不明の頭を持った男性として描かれているが、,,
Message,	although some see in it the head of an aardvark.  He had a,中にはツチブタの頭が見える人もいますが。彼は持っていました,,
Message,"	curved snout, erect square-tipped ears and a long forked tail.",湾曲した鼻、直立した四角い先端の耳、そして長く二股に分かれた尾。,,
Message,	He was sometimes entirely in animal form with the body similar,彼は時には完全に動物の姿をしており、同様の体をしていました,,
Message,	to that of a greyhound.  Animals sacred to this god were the,グレイハウンドのものに。この神にとって神聖な動物は、,,
Message,"	dog, the jackal, the gazelle, the donkey, the crocodile, the",犬、ジャッカル、ガゼル、ロバ、ワニ、,,
Message,"	hippopotamus, and the pig.",カバと豚。,,
Message,	For the shades--figures of jet black streaking across the,色合いについては、漆黒の縞模様が全体に広がっています。,,
Message,	white-knobbed ground--were upon her.  Strength was meaningless,白いこぶのある地面が彼女の上にあった。強さは無意味だった,,
Message,	against shades.  They had no real substance.  Only two things,日陰に対して。それらには実体がありませんでした。たった2つのこと,,
Message,	mattered:  moving quickly and not letting yourself be,重要: 素早く行動し、自分自身を捨てないこと,,
Message,"	frightened.  Shades were dangerous, but so long as you had silver,",恐ろしかった。色合いは危険だったけど、銀さえあれば,,
Message,	you could fight.  [...],あなたは戦うことができます。 [...],,
Message,"	Her knife passed through the shade with a slight tugging feeling,",彼女のナイフはわずかに引っ張られるような感触で日陰を通り抜け、,,
Message,	creating a shower of bright white sparks that sprayed out of the,明るい白い火花のシャワーが発生し、そこから飛び散りました。,,
Message,"	shade.  The shade pulled back, its black tendrils writhing about",シェード。影は後退し、黒い蔓がうごめいた,,
Message,	one another.,お互いに。,,
Message,	Silence spun on the other.  The pitch sky let her see only the,もう一方には沈黙が紡がれた。真っ白な空が彼女に見せたのは,,
Message,"	thing's eyes, a horrid green, as it reached for her.  She lunged.",それが彼女に手を伸ばすと、その目は恐ろしい緑色をしていた。彼女は突進した。,,
Message,"	Its spectral hands were upon her, the icy cold of its fingers",その幽霊の手は彼女の上にあり、その指は氷のように冷たかった,,
Message,	gripping her arm below the elbow.  She could feel it.  Shade,彼女の腕を肘から下で掴む。彼女はそれを感じた。シェード,,
Message,"	fingers had substance; they could grab you, hold you back.  Only",指には実体があった。彼らはあなたを捕まえたり、引き止めたりする可能性があります。のみ,,
Message,	silver warded them away.  Only with silver could you fight.,銀は彼らを追い払った。銀だけがあれば戦える。,,
Message,"		[ Shadows for Silence in the Forests of Hell,",[ 地獄の森の沈黙のための影、,,
Message,		  by Brandon Sanderson ],ブランドン・サンダーソン著],,
Message,"	Making his quarters in the Caves of the Ancestors, Shaman",祖先の洞窟に宿舎を作るシャーマン,,
Message,	Karnov unceasingly tries to shield his neanderthal people,カルノフは絶えずネアンデルタール人を守ろうとする,,
Message,	from Tiamat's minions' harassments.,ティアマトの手下の嫌がらせから。,,
Message,"	The Chinese god of Mountains and Seas, also the name of an",中国の山と海の神であり、,,
Message,"	old book (also Shan Hai Tjing), the book of mountains and",古い本（山海青経とも）、山の本、,,
Message,	seas - which deals with the monster Kung Kung trying to,seas - モンスター Kung Kung を扱っています。,,
Message,"	seize power from Yao, the fourth emperor.",第4代皇帝ヤオから権力を掌握。,,
Message,"	As the shark moved, its dark top reflected virtually no",サメが動くと、その暗い上部はほとんど何も反射しませんでした。,,
Message,	light.  The denticles on its skin muted the whoosh of its,ライト。皮膚の歯列がシューシューという音を消していた。,,
Message,"	movements as the shark rose, driven by the power of the",サメが上昇するときの動きは、,,
Message,"	great tail sweeping from side to side, like a scythe.",鎌のように左右に振る大きな尾。,,
Message,	The fish exploded upward.,魚は上向きに爆発した。,,
Message,	Charles Bruder felt a slight vacuum tug in the motion of,チャールズ・ブルーダーは、体の動きにわずかな真空の引っ張りを感じた,,
Message,"	the sea, noted it as a passing current, the pull of a wave,",海は、それを流れ、波の引力として認識しました。,,
Message,	the tickle of undertow.  He could not have heard the faint,引き波のくすぐり。彼にはかすかな音が聞こえなかったはずだ,,
Message,	sucking rush of water not far beneath him.  He couldn't,彼のすぐ下で水を勢いよく吸い込んでいます。彼にはできなかった,,
Message,	have seen or heard what was hurtling from the murk at,暗闇の中から何が飛び出すかを見たり聞いたりしたことがある,,
Message,"	astonishing speed, jaws unhinging, widening, for the",驚くべきスピード、顎が緩み、広がり、,,
Message,	enormous first bite.  It was the classic attack,巨大な最初の一口。典型的な攻撃だった,,
Message,	that no other creature in nature could make -- a bomb from,自然界の他の生き物が作ることのできない爆弾です。,,
Message,	the depths.,深さ。,,
Message,	There have been three general theories put forward to explain,説明するために 3 つの一般理論が提唱されています。,,
Message,"	the phenomenon of the wandering shops or, as they are",放浪する店の現象、あるいはそのまま,,
Message,"	generically known, _tabernae vagantes._",一般的に知られている、_tabernae vagantes._,,
Message,	The first postulates that many thousands of years ago there,最初の仮説は、何千年も前にそこにあったということです。,,
Message,	evolved somewhere in the multiverse a race whose single talent,多元宇宙のどこかで、その唯一の才能を持った種族が進化した,,
Message,	was to buy cheap and sell dear.  Soon they controlled a vast,安く買って高く売ることでした。すぐに彼らは広大な土地を支配しました,,
Message,"	galactic empire or, as they put it, Emporium, and the more",銀河帝国、あるいは彼らの言うところのエンポリアム、その他,,
Message,	advanced members of the species found a way to equip their very,この種の先進的なメンバーは、自分たちの装備を整える方法を見つけました。,,
Message,	shops with unique propulsion units that could break the dark,暗闇を打ち破る可能性のあるユニークな推進ユニットを備えたショップ,,
Message,	walls of space itself and open up vast new markets.  And long,宇宙そのものの壁を作り、広大な新しい市場を開拓します。そして長い,,
Message,	after the worlds of the Emporium perished in the heat death of,エンポリアムの世界が熱で滅びた後、,,
Message,"	their particular universe, after one last defiant fire sale,",彼らの特別な世界、最後の反抗的な投げ売りの後、,,
Message,"	the wandering starshops still ply their trade, eating their way",放浪するスターショップは今でも自分たちの道を歩きながら商売を続けている,,
Message,	through the pages of spacetime like a worm through a three-,時空のページを通って、虫のように3つの空間を通って、,,
Message,	volume novel.,ボリュームのある小説。,,
Message,"	The second is that they are the creation of a sympathetic Fate,",2つ目は、それらは共感的な運命の創造物であるということです。,,
Message,	charged with the role of supplying exactly the right thing,まさに正しいものを供給する役割を担っている,,
Message,	at the right time.,適切なタイミングで。,,
Message,	The third is that they are simply a very clever way of getting,3 つ目は、これらは単に非常に賢い方法であるということです。,,
Message,	around the various Sunday Closing acts.,さまざまな日曜日のクロージングアクトの周り。,,
Message,"	All these theories, diverse as they are, have two things in",これらすべての理論は、多様ではありますが、次の 2 つの点を持っています。,,
Message,"	common.  They explain the observed facts, and they are",一般。彼らは観察された事実を説明しており、,,
Message,	completely and utterly wrong.,完全かつ完全に間違っています。,,
Message,"	With a single, savage thrust of her spear, the warrior-woman",猛々しい槍の一突きで、女戦士は,,
Message,"	impaled the fungus, silencing it.  However, it was too late:",菌類を突き刺して沈黙させた。しかし、もう遅すぎました。,,
Message,	the alarm had been raised[...],警報が発せられました[...],,
Message,"	Suddenly, a large, dark shape rose from the abyss before them,",突然、大きな暗い影が彼らの前の深淵から現れ、,,
Message,	its fetid bulk looming overhead... The monster was some kind of,その悪臭を放つ巨体が頭上に迫っている…その怪物はある種のものだった,,
Message,"	great dark worm, but that was about all they were sure of.",偉大なダークワームだが、彼らが確信しているのはそれだけだった。,,
Message,	A skeleton is a magically animated undead creature.  Unlike,スケルトンは、魔法でアニメーション化されたアンデッドの生き物です。とは異なり,,
Message,"	shades, only a humanoid creature can be used to create a",シェードを作成するには人型の生き物のみが使用できます。,,
Message,"	skeleton.  No one knows why this is true, but it has become",スケルトン。なぜこれが真実なのかは誰も知りませんが、こうなりました。,,
Message,	an accepted fact amongst the practitioners of the black arts.,これは黒魔術の実践者の間では受け入れられている事実です。,,
Message,"	""That dog belonged to a settler who tried to build his cabin",「あの犬は小屋を建てようとした入植者のものでした」,,
Message,"	on the bank of the river a few miles south of the fort,""",砦から数マイル南の川のほとりで」,,
Message,"	grunted Conan. ...  ""We took him to the fort and dressed his",コナンがうめいた。 ... 「私たちは彼を砦に連れて行き、服を着せました」,,
Message,"	wounds, but after he recovered he took to the woods and turned",傷を負いましたが、回復した後、彼は森に行き、向きを変えました,,
Message,"	wild.  -- What now, Slasher, are you hunting the men who",野生。 -- スラッシャー、今何をしているのですか？,,
Message,"	killed your master?"" ...  ""Let him come,"" muttered Conan.",あなたの主人を殺したのか？」...「来させてください」とコナンがつぶやいた。,,
Message,"	""He can smell the devils before we can see them."" ...",「彼は私たちが見る前に悪魔の匂いを嗅ぐことができます。」 ...,,
Message,	Slasher cleared the timbers with a bound and leaped into the,スラッシャーは木材をバウンドで払いのけ、その中に飛び込みました。,,
Message,	bushes.  They were violently shaken and then the dog slunk,茂み。彼らは激しく揺さぶられ、その後犬は尻込みした,,
Message,"	back to Balthus' side, his jaws crimson. ...  ""He was a man,""",バルテュスの側に戻り、彼の顎は真っ赤になった。 ...「彼は男でした」,,
Message,"	said Conan.  ""I drink to his shade, and to the shade of the",とコナンは言った。 「私は彼の日陰と、彼の日陰に向かって飲みます。,,
Message,"	dog, who knew no fear.""  He quaffed part of the wine, then",恐れを知らない犬だ」彼はワインの一部を飲み干した。,,
Message,"	emptied the rest upon the floor, with a curious heathen",残りを床に空にして、好奇心旺盛な異教徒が,,
Message,"	gesture, and smashed the goblet.  ""The heads of ten Picts",とジェスチャーしてゴブレットを割りました。 「10人のピクト人の頭」,,
Message,"	shall pay for this, and seven heads for the dog, who was a",7人がその代金を支払うことになり、犬の元へ向かう。,,
Message,"	better warrior than many a man.""",多くの人より優れた戦士だ。」,,
Message,"	Science fiction did not invent the slime molds, but it has",SF は粘菌を発明したわけではありませんが、,,
Message,"	borrowed from them in using the idea of sheets of liquid, flowing",彼らから借用した、液体のシート、流れるというアイデアを使用しています。,,
Message,	cytoplasm engulfing and dissolving every living thing they touch.,細胞質は彼らが触れるすべての生き物を飲み込み、溶解します。,,
Message,"	What fiction can only imagine, nature has produced, and only their",フィクションが想像することしかできないもの、自然が生み出したもの、そして彼らだけが,,
Message,"	small size and dependence on coolness, moisture, and darkness has",サイズが小さく、涼しさ、湿気、暗闇に依存しているため、,,
Message,"	kept the slime molds from ordinary observation, for they are common",粘菌は一般的であるため、通常の観察から遠ざけられました。,,
Message,	Now the serpent was more subtle than any beast of the field,さて、蛇は野のどの獣よりも繊細でした,,
Message,"	which the Lord God had made.  And he said unto the woman, Yea,",主なる神が造られたものです。そして彼はその女性にこう言いました。,,
Message,"	hath God said, Ye shall not eat of every tree of the garden?",神は、「あなたがたは園のすべての木から取って食べてはいけない」と言われたでしょうか？,,
Message,"	And the woman said unto the serpent, We may eat of the fruit of",すると女は蛇に言った、「私たちはその実を食べてもいいです」,,
Message,	the trees of the garden:  but of the fruit of the tree which is,庭の木々：ただし、その木の実は,,
Message,"	in the midst of the garden, God hath said, Ye shall not eat of",園の真ん中で神は言われた、「あなたがたは食べてはならない」,,
Message,"	it, neither shall ye touch it, lest ye die.  And the serpent",死なないように、あなたがたもそれに触れてはならない。そして蛇は,,
Message,"	said unto the woman, Ye shall not surely die:  for God doth",「あなたは決して死ぬことはありません。神がそうしてくださるからです」と女は言いました。,,
Message,"	know that in the day ye eat thereof, then your eyes shall be",あなたがそれを食べる日には、あなたの目は変わることを知ってください。,,
Message,"	opened, and ye shall be as gods, knowing good and evil.  And",開かれれば、あなたがたは神のように善悪を知ることになる。そして,,
Message,"	when the woman saw that the tree was good for food, and that it",女性がその木が食べ物に適しているのを見たとき、,,
Message,"	was pleasant to the eyes, and a tree to be desired to make one",目にも心地よく、作ってみたい木でした,,
Message,"	wise, she took of the fruit thereof, and did eat, and gave also",賢明にも、彼女はその実を取り、食べ、また与えました。,,
Message,	unto her husband with her; and he did eat.,彼女と一緒に夫に。そして彼は食べました。,,
Message,"	And the Lord God said unto the woman, What is this that thou",すると主なる神は女に言われた、「あなたは何ということですか」,,
Message,"	hast done?  And the woman said, The serpent beguiled me, and I",やったの？すると女は言った、「蛇が私を惑わした、そして私は」,,
Message,"	did eat.  And the Lord God said unto the serpent, Because thou",食べました。そして主なる神は蛇に言われた、「あなただから」,,
Message,"	hast done this, thou art cursed above all cattle, and above",こんなことをしたのだから、あなたはすべての牛以上に、そして何よりも呪われているのです。,,
Message,"	every beast of the field; upon thy belly shalt thou go, and",野のあらゆる獣。腹を抱えて行きなさい、そして,,
Message,	dust shalt thou eat all the days of thy life:  And I will put,あなたの人生のすべての日、塵を食べなければなりません：そして私は置きます,,
Message,"	enmity between thee and the woman, and between thy seed and her",あなたとその女との間、そしてあなたの種と彼女との間の敵意,,
Message,"	seed; it shall bruise thy head, and thou shalt bruise his heel.",シード;それはあなたの頭を打撲し、あなたは彼のかかとを打撲するでしょう。,,
Message,"	Ah, never shall I forget the cry,",ああ、あの叫びは決して忘れられない、,,
Message,"	    or the shriek that shrieked he,",あるいは彼が叫んだ金切り声、,,
Message,"	As I gnashed my teeth, and from my sheath",歯ぎしりしながら、鞘から,,
Message,	    I drew my Snickersnee!,スニッカースニーを描きました！,,
Message,"	--Koko, Lord high executioner of Titipu",――ココ、ティティプの上級処刑人卿,,
Message,"	Sokoban (Japanese for ""warehouse keeper"") is a transport puzzle",倉庫番 (日本語で「倉庫番」) は輸送パズルです,,
Message,"	in which the player pushes boxes around a maze, viewed from",プレーヤーが迷路の周りで箱を押していくゲームです。,,
Message,"	above, and tries to put them in designated locations.  Only one",上記を指定して、指定された場所に配置しようとします。唯一,,
Message,"	box may be pushed at a time, not two, and boxes cannot be pulled.",ボックスは 2 つではなく一度に押すことができ、ボックスを引くことはできません。,,
Message,"	As the puzzle would be extremely difficult to create physically,",パズルを物理的に作成するのは非常に難しいため、,,
Message,	it is usually implemented as a video game.,通常はビデオゲームとして実装されます。,,
Message,"	Sokoban was created in 1982 by Hiroyuki Imabayashi, and was",倉庫番は 1982 年に今林博之によって作成され、,,
Message,"	published by Thinking Rabbit, a software house based in",に拠点を置くソフトウェアハウスである Thinking Rabbit によって発行されました。,,
Message,"	Takarazuka, Japan.  Thinking Rabbit also released three sequels:",宝塚、日本。 Thinking Rabbit は 3 つの続編もリリースしました。,,
Message,"	Boxxle, Sokoban Perfect and Sokoban Revenge.",ボックススル、倉庫番パーフェクト、倉庫番リベンジ。,,
Message,"	The soldiers of Yendor are well-trained in the art of war,",イェンドールの兵士たちは戦争の技術についてよく訓練されており、,,
Message,	many trained by the Wizard himself.  Some say the soldiers,多くはウィザード自身によって訓練されました。兵士たちはこう言う,,
Message,"	are explorers who were unfortunate enough to be captured,",不運にも捕らえられてしまった探検家たち、,,
Message,	and put under the Wizard's spell.  Those who have survived,そして魔法使いの魔法にかけられる。生き残った人たち,,
Message,"	encounters with soldiers say they travel together in platoons,",兵士たちと遭遇したところ、彼らは小隊で一緒に旅行していたという。,,
Message,	and are fierce fighters.  Because of the load of their combat,そして激しい戦闘機です。彼らの戦闘の負荷のせいで,,
Message,"	gear, however, one can usually run away from them, and doing",ただし、通常はそれらから逃げることができます。,,
Message,	so is considered a wise thing.,それは賢明なことだと考えられています。,,
Message,"	roaring battle, sho! why it's pale and noiseless - just",怒涛の戦い、翔！なぜ青白くてノイズがないのか - ただ,,
Message,	Eight legged creature capable of spinning webs to trap prey.,網を張って獲物を捕まえることができる8本足の生き物。,,
Message,"	""You mean you eat flies?"" gasped Wilbur.",「ハエを食べるということですか？」ウィルバーは息を呑んだ。,,
Message,"	""Certainly.  Flies, bugs, grasshoppers, choice beetles,",「そうですね。ハエ、虫、バッタ、ハムシ、,,
Message,"	moths, butterflies, tasty cockroaches, gnats, midges, daddy",蛾、蝶、おいしいゴキブリ、ブヨ、ユスリカ、パパ,,
Message,"	longlegs, centipedes, mosquitoes, crickets - anything that is",長い脚、ムカデ、蚊、コオロギ - あらゆるもの,,
Message,"	careless enough to get caught in my web.  I have to live,",不注意で蜘蛛の巣に引っかかってしまいました。私は生きなければならない、,,
Message,"	don't I?""",そうじゃないですか？」,,
Message,"	""Why, yes, of course,"" said Wilbur.",「ええ、もちろんですよ」とウィルバーは言いました。,,
Message,	The attack by those who want to die -- this is the attack,死にたい奴らの襲撃――これが襲撃だ,,
Message,	against which you cannot prepare a perfect defense.,それに対して完璧な防御を準備することはできません。,,
Message,					--Human aphorism,――人間の格言,,
Message,"	A floorboard creaked.  Galder had spent many hours tuning them,",床板が軋んだ。ガルダーはそれらの調整に何時間も費やしました。,,
Message,	always a wise precaution with an ambitious assistant who walked,歩く野心的なアシスタントには常に賢明な予防策が必要だ,,
Message,	like a cat.,猫のように。,,
Message,	D flat.  That meant he was just to the right of the door.,Dフラット。つまり、彼はドアのすぐ右側にいたということです。,,
Message,"	""Ah, Trymon,"" he said, without turning, and noted with some",「ああ、トライモン」と彼は振り向かずに言い、何人かで注意した。,,
Message,"	satisfaction the faint indrawing of breath behind him.  ""Good","彼の背後でかすかに息が上がっていくのを感じた。 ""良い",,
Message,"	of you to come.  Shut the door, will you?""",来てください。ドアを閉めてくださいね？」,,
Message,"	This staff is considered sacred to all healers, as it truly",この杖はすべてのヒーラーにとって神聖なものと考えられています。,,
Message,"	holds the powers of life and death.  When wielded, it",生と死の力を持っています。振るうと、,,
Message,"	protects its user from all life draining attacks, and",生命を奪うあらゆる攻撃からユーザーを保護し、,,
Message,	additionally gives the wielder the power of regeneration.,さらに使用者に再生の力を与えます。,,
Message,	When invoked it performs healing magic.,発動すると治癒魔法を発動する。,,
Message,	Up he went -- very quickly at first -- then more slowly -- then,彼は上っていきました -- 最初はとても早く -- それからもっとゆっくり -- それから,,
Message,"	in a little while even more slowly than that -- and finally,",しばらくすると、それよりもさらにゆっくりと -- そして最後に、,,
Message,"	after many minutes of climbing up the endless stairway, one",終わりのない階段を何分も登った後、,,
Message,	weary foot was barely able to follow the other.  Milo suddenly,疲れた足では、かろうじて他の足を追うことができました。マイロが突然,,
Message,	realized that with all his effort he was no closer to the top,全力を尽くしてもトップには近づけないことに気づいた,,
Message,"	than when he began, and not a great deal further from the",彼が始めたときよりもはるかに進んでいますが、,,
Message,"	bottom.  But he struggled on for a while longer, until at last,",底。しかし、彼はさらにしばらく奮闘し、ついに、,,
Message,"	completely exhausted, he collapsed onto one of the steps.",完全に疲れ切って、彼は階段の一つに倒れ込んだ。,,
Message,"	""I should have known it,"" he mumbled, resting his tired legs",「知っておくべきだった」彼は疲れた足を休めながらつぶやいた。,,
Message,"	and filling his lungs with air.  ""This is just like the line",そして肺を空気で満たします。 「これはまさにラインのようなものです,,
Message,"	that goes on forever, and I'll never get there.""",それは永遠に続くし、決してそこには辿り着けないよ。」,,
Message,"	""You wouldn't like it much anyway,"" someone replied gently.",「どうせあまり好まないでしょうね」と誰かが優しく答えた。,,
Message,"	""Infinity is a dreadfully poor place.  They can never manage to",「インフィニティは恐ろしく貧しい場所だ。彼らは決して何とかすることはできない」,,
Message,"	make ends meet.""",やりくりをする。」,,
Message,"	   Dr. Ray Stantz:  Hey, where do those stairs go?",レイ・スタンツ博士: ねえ、その階段はどこに行くの?,,
Message,	Dr. Peter Venkman:  They go up.,ピーター・ベンクマン博士: 上がっています。,,
Message,"		[ Ghostbusters, directed by Ivan Reitman,",[ゴーストバスターズ、アイヴァン・ライトマン監督、,,
Message,		  written by Dan Ackroyd and Harold Ramis ],ダン・アクロイドとハロルド・ライミス著],,
Message,"	""You don't understand,"" he said, ""who I am or what I am.  I'll show",「あなたにはわかっていないのね」と彼は言った、「私が誰なのか、私が何者なのか、私が見せてあげる」,,
Message,"	you.  By Heaven!  I'll show you.""  Then he put his open palm over",あなた。天国までに！見せてあげるよ」そして開いた手のひらをかざした,,
Message,	his face and withdrew it.  The centre of his face became a black,彼の顔を見てそれを撤回した。顔の中心が真っ黒になった,,
Message,"	cavity.  ""Here,"" he said.  He stepped forward and handed Mrs. Hall",空洞。 「ここだよ」と彼は言った。彼は前に出てホール夫人に手渡した。,,
Message,"	something which she, staring at his metamorphosed face, accepted",彼の変貌した顔を見つめながら、彼女が受け入れたもの,,
Message,"	automatically.  Then, when she saw what it was, she screamed",自動的に。それから、それが何であるかを見たとき、彼女は叫びました。,,
Message,"	loudly, dropped it, and staggered back.  The nose--it was the",と大きな音を立てて落とし、よろめきながら後ずさりした。鼻――それは,,
Message,	stranger's nose! pink and shining--rolled on the floor.,見知らぬ人の鼻！ピンク色に輝いて――床に転がる。,,
Message,"	Then he removed his spectacles, and everyone in the bar gasped.  He",それから彼が眼鏡を外すと、バーにいた全員が息をのんだ。彼,,
Message,"	took off his hat, and with a violent gesture tore at his whiskers",彼は帽子を脱ぎ、激しい身振りで彼のひげを引き裂いた,,
Message,	and bandages.  For a moment they resisted him.  A flash of horrible,そして包帯。一瞬彼らは彼に抵抗した。恐ろしい閃光,,
Message,"	anticipation passed through the bar.  ""Oh, my Gard!"" said some one.",期待がバーを駆け抜けた。 「ああ、ガルド​​！」誰かが言いました。,,
Message,	Then off they came.,それから彼らはやって来ました。,,
Message,"	It was worse than anything.  Mrs. Hall, standing open-mouthed and",何よりも最悪でした。ホール夫人は口を開けて立っており、,,
Message,"	horror-struck, shrieked at what she saw, and made for the door of",彼女は恐怖に襲われ、見たものに金切り声を上げ、家のドアに向かった。,,
Message,"	the house.  Everyone began to move.  They were prepared for scars,",家。みんなが動き始めた。彼らは傷を負うことを覚悟していましたが、,,
Message,"	disfigurements, tangible horrors, but nothing!  The bandages and",外観の損傷、明白な恐怖、しかし何もありません！包帯と,,
Message,"	false hair flew across the passage into the bar, making a",つけ毛が通路を越えてバーに飛び込み、,,
Message,	hobbledehoy jump to avoid them.  Everyone tumbled on everyone else,それらを避けるためにホブルデホイジャンプします。誰もが他の人に転がり落ちた,,
Message,	down the steps.  For the man who stood there shouting some,階段を下ります。そこに立って何か叫んでいた男のために,,
Message,"	incoherent explanation, was a solid gesticulating figure up to the",支離滅裂な説明、最後までしっかりとした身振り手振りでした。,,
Message,"	coat-collar of him, and then--nothingness, no visible thing at all!",彼のコートの襟、そして――何もない、目に見えるものはまったくない！,,
Message,	Then at last he began to wonder why the lion was standing so,それからついに彼は、なぜライオンがあんなに立っているのか疑問に思い始めました。,,
Message,	still - for it hadn't moved one inch since he first set eyes,まだ - 彼が最初に目を向けてからそれは1インチも動いていなかったので,,
Message,"	on it.  Edmund now ventured a little nearer, still keeping in",その上で。エドマンドは今も少しだけ近づいて、まだそこに留まっています,,
Message,	the shadow of the arch as much as he could.  He now saw from,できる限りアーチの影を見た。彼は今から見ました,,
Message,	the way the lion was standing that it couldn't have been,ありえないライオンの立ち方,,
Message,"	looking at him at all.  (""But supposing it turns its head?""",まったく彼を見ています。 （「でも、もしそれが頭を向けたら？」,,
Message,	thought Edmund.)  In fact it was staring at something else -,エドマンドは思いました。) 実際、それは何か別のものを見つめていました -,,
Message,	namely a little dwarf who stood with his back to it about,つまり、そこに背を向けて立っていた小さな小人です。,,
Message,"	four feet away.  ""Aha!"" thought Edmund.  ""When it springs at",4フィート離れています。 「ああ！」エドマンドは思いました。 「それが湧き出るとき、,,
Message,"	the dwarf then will be my chance to escape.""  But still the",そうすれば、ドワーフは私が逃げるチャンスになるでしょう。」,,
Message,"	lion never moved, nor did the dwarf.  And now at last Edmund",ライオンも小人も動かなかった。そしてついにエドマンド,,
Message,	remembered what the others had said about the White Witch,白い魔女について他の人が言っていたことを思い出した,,
Message,	turning people into stone.  Perhaps this was only a stone,人を石に変える。おそらくこれはただの石だったのでしょう,,
Message,	lion.  And as soon as he had thought of that he noticed that,ライオン。そして彼はそのことを考えてすぐに次のことに気づきました。,,
Message,	the lion's back and the top of its head were covered with,ライオンの背中と頭のてっぺんは、,,
Message,	snow.  Of course it must be only a statue!,雪。もちろん、それはただの彫像に違いありません！,,
Message,	Not invented yet.,まだ発明されていません。,,
Message,	There was the usual dim grey light of the forest-day about,いつもの森の日の薄暗い灰色の光があたりにあった,,
Message,	him when he came to his senses.  The spider lay dead beside,気がついたときの彼。蜘蛛が横に死んでいた,,
Message,"	him, and his sword-blade was stained black.  Somehow the",そして彼の剣の刃は黒く染まっていた。どういうわけか、,,
Message,"	killing of the giant spider, all alone and by himself in the",巨大なクモをたった一人で、そして一人で殺しました。,,
Message,	dark without the help of the wizard or the dwarves or of,魔法使いやドワーフの助けがなければ真っ暗,,
Message,"	anyone else, made a great difference to Mr. Baggins.  He felt",他の誰であれ、バギンズ氏に大きな変化をもたらしました。彼は感じた,,
Message,"	a different person, and much fiercer and bolder in spite of",別人で、より激しく、より大胆になったにも関わらず、,,
Message,"	an empty stomach, as he wiped his sword on the grass and put",お腹が空いたとき、彼は草の上で剣を拭いて、,,
Message,	it back into its sheath.,鞘に戻します。,,
Message,"	""I will give you a name,"" he said to it, ""and I shall call",「君に名前を付けてあげるよ」と彼は言いました。,,
Message,"	you Sting.""",スティング君よ。」,,
Message,"	There were sounds in the distance, incongruent with the",遠くで、周囲とは不調和な音が聞こえた,,
Message,"	sounds of even this nameless, timeless sea: thin sounds,",名もなく時を超えたこの海の音さえ 細い音、,,
Message,"	agonized and terrible, for all that they remained remote -",彼らは遠く離れたままだったにもかかわらず、苦痛で恐ろしい -,,
Message,"	yet the ship followed them, as if drawn by them; they grew",それでも船は彼らに引き寄せられるように彼らを追った。彼らは成長した,,
Message,"	louder - pain and despair were there, but terror was",より大きな声 - 痛みと絶望がそこにはありましたが、恐怖はありました,,
Message,	predominant.,優勢です。,,
Message,	Elric had heard such sounds echoing from his cousin Yyrkoon's,エルリックは、いとこのイイルクーンの家からそのような音が響くのを聞いていた。,,
Message,	sardonically named 'Pleasure Chambers' in the days before he,彼が誕生する前の時代には、皮肉を込めて「プレジャー・チェンバーズ」と名付けられていた,,
Message,	had fled the responsibilities of ruling all that remained of,残されたすべてを統治する責任から逃げていた,,
Message,	the old Melnibonean Empire.  These were the voices of men,旧メルニボニア帝国。それは男たちの声だった,,
Message,	whose very souls were under siege; men to whom death meant,彼らの魂そのものが包囲されていました。死を意味する男たち,,
Message,"	not mere extinction, but a continuation of existence, forever",単なる絶滅ではなく、永遠に存在し続ける,,
Message,	in thrall to some cruel and supernatural master.  He had,残酷で超自然的な主人に囚われている。彼は持っていた,,
Message,"	heard men cry so when his salvation and his nemesis, his",彼の救いと彼の宿敵が、人々の叫び声を聞いた。,,
Message,"	great black battle-blade Stormbringer, drank their souls.",偉大な黒い戦刃のストームブリンガーが、彼らの魂を飲み込んだ。,,
Message,	He walked for some time through a long narrow corridor,彼は長く狭い廊下をしばらく歩いた,,
Message,"	without finding any one and was just going to call out,",誰も見つからず、ただ声をかけようとしたところ、,,
Message,	when suddenly in a dark corner between an old cupboard,突然、古い戸棚の間の暗い隅にいたとき,,
Message,	and the door he caught sight of a strange object which,そしてドアのところで奇妙な物体が目に入った。,,
Message,	seemed to be alive.,生きているようだった。,,
Message,	Dorothy leaned her chin upon her hand and gazed thoughtfully,ドロシーは手にあごを乗せて、思慮深く見つめた,,
Message,	at the Scarecrow.  Its head was a small sack stuffed with,かかしで。その頭は小さな袋のようなものでした。,,
Message,"	straw, with eyes, nose, and mouth painted on it to represent",わらに目、鼻、口を描いて表現したもの,,
Message,"	a face.  An old, pointed blue hat, that had belonged to some",顔。古い、とがった青い帽子、それは誰かのものでした,,
Message,"	Munchkin, was perched on his head, and the rest of the figure",マンチカンは頭の上にとまり、フィギュアの残りの部分は,,
Message,"	was a blue suit of clothes, worn and faded, which had also",それは青いスーツで、色褪せて色褪せていて、,,
Message,	been stuffed with straw.  On the feet were some old boots with,わらが詰められていました。足元には古いブーツが履かれていました,,
Message,"	blue tops, such as every man wore in this country, and the",この国では男性全員が着ているような青いトップスと、,,
Message,	figure was raised above the stalks of corn by means of the,像はトウモロコシの茎の上に持ち上げられました。,,
Message,	pole stuck up its back.,ポールが背中に突き刺さりました。,,
Message,"	What you seek is a blade of light,",君が求めるのは光の刃、,,
Message,	a weapon for vengeance.,復讐のための武器。,,
Message,"		[ Expedition to Castle Ravenloft,",[ レイブンロフト城への遠征、,,
Message,			by Bruce Cordell and James Wyatt ],ブルース・コーデルとジェームス・ワイアット著],,
Message,	The Shinto chthonic and weather god and brother of the sun,神道の地神であり、天気の神であり、太陽の兄弟です。,,
Message,"	goddess Amaterasu, he was born from the nose of the",女神アマテラス、彼は鼻から生まれました。,,
Message,"	primordial creator god Izanagi and represents the physical,",原初の創造神イザナギは肉体を表し、,,
Message,	material world.  He has been expelled from heaven and taken,物質的な世界。彼は天国から追放され、連れ去られてしまった,,
Message,	up residence on earth.,地球上の住居。,,
Message,	Samurai plate armor of the Yamato period (AD 300 - 710).,大和時代（西暦300年～710年）の武士の板甲冑。,,
Message,	The tengu was the most troublesome creature of Japanese,天狗は日本人にとって最も厄介な生き物だった,,
Message,"	legend.  Part bird and part man, with red beak for a nose",伝説。半分鳥で半分人間、鼻の代わりに赤いくちばしを持つ,,
Message,"	and flashing eyes, the tengu was notorious for stirring up",目を光らせ、天狗は煽り立てることで有名だった,,
Message,"	feuds and prolonging enmity between families.  Indeed, the",家族間の確執と長引く敵対。確かに、,,
Message,	belligerent tengu were supposed to have been man's first,好戦的な天狗は人類初の存在だったはず,,
Message,	instructors in the use of arms.,武器使用の指導者。,,
Message,"	The Egyptian god of the moon and wisdom, Thoth is the patron",エジプトの月と知恵の神、トートが守護者です。,,
Message,"	deity of scribes and of knowledge, including scientific,",書記と科学を含む知識の神。,,
Message,"	medical and mathematical writing, and is said to have given",医学的および数学的な文章を書き、与えたと言われています,,
Message,	mankind the art of hieroglyphic writing.  He is important as,人類は象形文字を書く技術を持っています。彼は次のように重要です,,
Message,	a mediator and counsellor amongst the gods and is the scribe,神々の間の仲介者および相談者であり、書記官でもある,,
Message,"	of the Heliopolis Ennead pantheon.  According to mythology,",ヘリオポリス・エニアド・パンテオンの。神話によれば、,,
Message,	he was born from the head of the god Seth.  He may be,彼はセト神の頭から生まれました。彼はそうかもしれない,,
Message,"	depicted in human form with the head of an ibis, wholly as an",トキの頭をもった人間の姿で描かれ、全体がトキの姿で描かれている。,,
Message,"	ibis, or as a seated baboon sometimes with its torso covered",トキ、または胴体を覆って座っているヒヒの姿でいることもあります,,
Message,	in feathers.  His attributes include a crown which consists,羽の中で。彼の属性には、次のような王冠が含まれます。,,
Message,	of a crescent moon surmounted by a moon disc.,月の円盤が上に乗っている三日月の形。,,
Message,	Thoth is generally regarded as a benign deity.  He is also,トートは一般に良性の神とみなされています。彼もまた、,,
Message,	scrupulously fair and is responsible not only for entering,厳重に公正であり、単にエントリーするだけでなく、,,
Message,"	in the record the souls who pass to afterlife, but of",記録には死後の世界に旅立つ魂が記されているが、,,
Message,	adjudicating in the Hall of the Two Truths.  The Pyramid,二つの真実のホールで裁かれる。ピラミッド,,
Message,	Texts reveal a violent side of his nature by which he,テキストは彼の性質の暴力的な側面を明らかにします。,,
Message,	decapitates the adversaries of truth and wrenches out their,真実に敵対する者の首を切り落とし、彼らを締め出す。,,
Message,	hearts.,心。,,
Message,"	Men say that he [Thutothmes] has opposed Thoth-Amon, who is",人々は、彼[トトテメス]はトート・アモンに反対したと言います。,,
Message,"	master of all priests of Set, and dwells in Luxor, and that",セトのすべての司祭の主人であり、ルクソールに住んでいます。,,
Message,	Thutothmes seeks hidden power [The Heart of Ahriman] to,トトテメスは隠された力[アーリマンの心]を求めて、,,
Message,	overthrow the Great One.,偉大なる者を打倒する。,,
Message,	Methought I saw the footsteps of a throne,玉座の足音を見たような気がした,,
Message,	Which mists and vapours from mine eyes did shroud--,私の目から出る霧と蒸気が覆い隠したものは――,,
Message,	Nor view of who might sit thereon allowed;,誰がそこに座るかを見ることも許されていません。,,
Message,	But all the steps and ground about were strown,でも、周りの階段も地面もすべて散らかっていた,,
Message,	With sights the ruefullest that flesh and bone,肉と骨のような悲惨な光景を目にして,,
Message,"	Ever put on; a miserable crowd,",今までに着けたことはありません。悲惨な群衆、,,
Message,"	Sick, hale, old, young, who cried before that cloud,",病気の人も、元気な人も、老いも若きも、あの雲の前で泣いた人、,,
Message,"	""Thou art our king,",「あなたは私たちの王です。,,
Message,"	O Death! to thee we groan.""",おお死よ！あなたに私たちはうめきます。」,,
Message,	Those steps I clomb; the mists before me gave,私がよじ登るその階段。目の前の霧が与えてくれた,,
Message,	Smooth way; and I beheld the face of one,スムーズな方法。そして私は一人の顔を見た,,
Message,"	Sleeping alone within a mossy cave,",苔むした洞窟の中で一人眠り、,,
Message,	With her face up to heaven; that seemed to have,彼女は顔を天に向けて。それはあったように見えた,,
Message,	Pleasing remembrance of a thought foregone;,忘れ去られた考えの楽しい思い出。,,
Message,	A lovely Beauty in a summer grave!,夏の墓には素敵な美女が！,,
Message,"	A worshipper of Kali, who practised _thuggee_, the strangling",首を絞める「刺客」を行ったカーリーの崇拝者,,
Message,	of human victims in the name of the religion.  Robbery of the,宗教の名のもとに人間が犠牲になったもの。強盗,,
Message,	victim provided the means of livelihood.  They were also,被害者が生計手段を提供してくれた。彼らもそうだった,,
Message,	called _Phansigars_ (Noose operators) from the method employed.,採用された手法から _Phansigars_ (Noose オペレーター) と呼ばれます。,,
Message,	Vigorous suppression was begun by Lord William Bentinck in,激しい弾圧はウィリアム・ベンティンク卿によって始まりました。,,
Message,"	1828, but the fraternity did not become completely extinct",1828年、しかし友愛会は完全には消滅しなかった,,
Message,	for another 50 years or so.,あと50年くらい。,,
Message,"	In common parlance the word is used for any violent ""tough"".",一般的な用語では、この言葉はあらゆる暴力的な「タフ」を意味します。,,
Message,	1.  A well-known tropical predator (_Felis tigris_): a,1. 有名な熱帯の捕食者 (_Felis tigris_):,,
Message,	feline.  It has a yellowish skin with darker spots or,ネコ科の。肌は黄色がかっていて、黒い斑点があったり、,,
Message,"	stripes.  2.  Figurative: _a paper tiger_, something that is",ストライプ。 2. 比喩的: _張子の虎_、何か,,
Message,"	meant to scare, but has no really scaring effect whatsoever,",怖がらせるつもりですが、本当に怖がらせる効果はまったくありません。,,
Message,"	(after a statement by Mao Ze Dong, August 1946).",（1946年8月の毛沢東の声明の後）。,,
Message,	Tyger! Tyger! burning bright,タイガー！タイガー！明るく燃え上がる,,
Message,"	In the forests of the night,",夜の森の中で、,,
Message,	What immortal hand or eye,なんという不滅の手か目か,,
Message,	Could frame thy fearful symmetry?,あなたの恐ろしい対称性を表現できるだろうか？,,
Message,"	Gaea, mother earth, arose from the Chaos and gave birth to",母なる大地であるガイアは混沌から生まれ、,,
Message,"	Uranus, heaven, who became her consort.  Uranus hated all",彼女の配偶者となった天の天王星。ウラヌスは全てを憎んでいた,,
Message,"	their children, because he feared they might challenge his",彼らの子供たちが彼の挑戦に挑戦するのではないかと恐れたからだ。,,
Message,"	own authority.  Those children, the Titans, the Gigantes,",自分自身の権威。あの子供たち、ティターンズ、ギガンテス、,,
Message,"	and the Cyclops, were banished to the nether world.  Their",そしてサイクロプスは冥界に追放されました。彼らの,,
Message,"	enraged mother eventually released the youngest titan,",激怒した母親は最終的に最年少の巨人を解放しました。,,
Message,"	Chronos (time), and encouraged him to castrate his father and",クロノス（時間）、そして彼に父親を去勢するよう勧め、,,
Message,"	rule in his place.  Later, he too was challenged by his own",彼の代わりに統治する。その後、彼も自分自身の問題に挑戦しました,,
Message,"	son, Zeus, and he and his fellow titans were ousted from",息子のゼウスとその仲間の巨人たちは追放されました。,,
Message,	Mount Olympus.,オリンポス山。,,
Message,	Aluminum silicate mineral with either hydroxyl radicals or,ヒドロキシルラジカルまたは,,
Message,"	fluorine, Al2SiO4(F,OH)2, used as a gem.  It is commonly","フッ素、Al2SiO4(F,OH)2、宝石として使用されます。一般的には",,
Message,	colorless or some shade of pale yellow to wine-yellow;,無色、または淡黄色からワインイエローの色合い。,,
Message,	... The stone is transparent with a vitreous luster.  It has,... 石はガラス光沢のある透明です。それは持っています,,
Message,"	perfect cleavage on the basal pinacoid, but it is nevertheless",基底ピナコイドでは完璧な劈開が見られますが、それでも,,
Message,	hard and durable.  The brilliant cut is commonly used.  Topaz,硬くて耐久性があります。ブリリアントカットがよく使われます。トパーズ,,
Message,"	crystals, which are of the orthorhombic system, occur in highly",結晶は斜方晶系であり、高度に発生します。,,
Message,"	acid igneous rocks, e.g., granites and rhyolites, and in",花崗岩や流紋岩などの酸性火成岩、および,,
Message,"	metamorphic rocks, e.g., gneisses and schists.",片麻岩や片岩などの変成岩。,,
Message,"	The road from Ankh-Morpork to Chrim is high, white and",アンク・モルポークからクリムへの道は高く、白く、,,
Message,"	winding, a thirty-league stretch of potholes and half-buried",曲がりくねった、30リーグにわたる甌穴が続き、半分は埋もれています,,
Message,	rocks that spirals around mountains and dips into cool green,山の周りを螺旋状に回り、涼しい緑に沈む岩,,
Message,"	valleys of citrus trees, crosses liana-webbed gorges on",柑橘類の木の谷を越え、つる植物の水かきのある峡谷を横切ります。,,
Message,	creaking rope bridges and is generally more picturesque than,軋むロープの橋があり、一般的には橋よりも絵のように美しいです。,,
Message,	useful.,役に立つ。,,
Message,	Picturesque.  That was a new word to Rincewind the wizard,絵のように美しい。それは魔法使いリンスウィンドにとって初めての言葉だった,,
Message,"	(BMgc, Unseen University [failed]).  It was one of a number",(BMgc、アンシーン大学[不合格])。それは数あるうちの一つでした,,
Message,	he had picked up since leaving the charred ruins of,彼は焼け焦げた廃墟を出て以来、元気を取り戻していた。,,
Message,	Ankh-Morpork.  Quaint was another one.  Picturesque meant --,アンク・モルポーク。趣のあるものはもう一つでした。絵のように美しいという意味 --,,
Message,	he decided after careful observation of the scenery that,彼は景色を注意深く観察した後、次のように判断した。,,
Message,	inspired Twoflower to use the word -- that the landscape was,Twoflower がこの言葉を使うきっかけとなったのは、その風景が,,
Message,"	horribly precipitous.  Quaint, when used to describe the",恐ろしく険しい。趣のある、を説明するために使用される場合,,
Message,"	occasional village through which they passed, meant fever-",時折、彼らが通過する村では、発熱が起こりました-,,
Message,	ridden and tumbledown.,乗られて転倒。,,
Message,"	Twoflower was a tourist, the first ever seen on the discworld.",Twoflower は観光客で、ディスクワールドで初めて目撃されました。,,
Message,"	Tourist, Rincewind had decided, meant ""idiot"".",リンスウィンド氏は、観光客とは「馬鹿」を意味すると判断した。,,
Message,"	Towers (_brooding_, _dark_) stand alone in Waste Areas and",タワー (_陰気な_、_暗い_) は荒地エリアに孤立しており、,,
Message,"	almost always belong to Wizards.  All are several stories high,",ほとんどの場合ウィザーズに所属します。どれも数階建てですが、,,
Message,"	round, doorless, virtually windowless, and composed of smooth",丸く、ドアがなく、実質的に窓がなく、滑らかな構造で構成されています。,,
Message,	blocks of masonry that make them very hard to climb. [...],登るのが非常に困難な石積みのブロック。 [...],,
Message,	You will have to go to a Tower and then break into it at some,タワーに行き、その後何らかのタイミングで侵入する必要があります,,
Message,	point towards the end of your Tour.,ツアーの終わりに向かって進みます。,,
Message,	I knew my Erik too well to feel at all comfortable on jumping,エリックのことをよく知っているので、ジャンプするのがまったく不安だった,,
Message,	into his house.  I knew what he had made of a certain palace at,彼の家へ。私は彼がある宮殿について何を言ったかを知っていました,,
Message,"	Mazenderan.  From being the most honest building conceivable, he",マゼンデラン。考えられる限り最も正直な建物であることから、彼は、,,
Message,"	soon turned it into a house of the very devil, where you could",すぐにそこはまさに悪魔の家に変わってしまいました。,,
Message,	not utter a word but it was overheard or repeated by an echo.,言葉を発することはありませんが、それが聞こえたり、エコーによって繰り返されたりしました。,,
Message,	With his trap-doors the monster was responsible for endless,怪物は落とし戸を使って無限の罪を犯した,,
Message,	tragedies of all kinds.,あらゆる種類の悲劇。,,
Message,	The trapper is a creature which has evolved a chameleon-like,トラッパーはカメレオンのように進化した生き物です,,
Message,	ability to blend into the dungeon surroundings.  It captures,ダンジョンの周囲に溶け込む能力。捕らえます,,
Message,	its prey by remaining very still and blending into the,じっと静止して周囲に溶け込むことで獲物を捕らえる,,
Message,"	surrounding dungeon features, until an unsuspecting creature",周囲のダンジョンの特徴、無防備な生き物が現れるまで,,
Message,	passes by.  It wraps itself around its prey and digests it.,通り過ぎます。獲物に体を巻きつけて消化します。,,
Message,	I think that I shall never see,絶対に見ないと思うよ,,
Message,	A poem lovely as a tree.,木のように愛らしい詩。,,
Message,	A tree whose hungry mouth is prest,空腹の口が続く木,,
Message,	Against the earth's sweet flowing breast;,大地の甘く流れる胸に対して。,,
Message,"	A tree that looks at God all day,",一日中神を見つめる木、,,
Message,	And lifts her leafy arms to pray;,そして葉っぱの腕を上げて祈ります。,,
Message,	A tree that may in Summer wear,夏に着そうな木,,
Message,	A nest of robins in her hair;,彼女の髪にはコマドリの巣が。,,
Message,	Upon whose bosom snow has lain;,その胸には雪が積もっていました。,,
Message,	Who intimately lives with rain.,雨と寄り添って暮らす人。,,
Message,"	Poems are made by fools like me,",詩は私のような愚か者が作るものですが、,,
Message,	But only God can make a tree.,しかし、木を造ることができるのは神だけです。,,
Message,"	The troll shambled closer.  He was perhaps eight feet tall,",トロルはよろよろと近づいてきました。彼の身長はおそらく8フィートでした、,,
Message,"	perhaps more.  His forward stoop, with arms dangling past",おそらくそれ以上。腕をぶらぶらさせて前かがみになっている,,
Message,"	thick claw-footed legs to the ground, made it hard to tell.",地面に太い爪足の脚があるので、区別するのが困難でした。,,
Message,	The hairless green skin moved upon his body.  His head was a,毛のない緑色の皮膚が彼の体の上で動いた。彼の頭は,,
Message,"	gash of a mouth, a yard-long nose, and two eyes which drank",口の裂け目、1メートルほどの鼻、そして水を飲んだ2つの目,,
Message,	the feeble torchlight and never gave back a gleam.,か弱いたいまつの光は、決して輝きを返しませんでした。,,
Message,"	Like a huge green spider, the troll's severed hand ran on its",巨大な緑の蜘蛛のように、トロールの切断された手はその上を走った。,,
Message,"	fingers.  Across the mounded floor, up onto a log with one",指。盛り上がった床を越えて、丸太の上に登る,,
Message,"	taloned forefinger to hook it over the bark, down again it",かぎ爪の人差し指を樹皮に引っ掛け、再び下に下ろします,,
Message,"	scrambled, until it found the cut wrist.  And there it grew",切断された手首を見つけるまでスクランブルしました。そしてそこで成長した,,
Message,	fast.  The troll's smashed head seethed and knit together.,速い。トロルの砕かれた頭は沸騰して絡み合った。,,
Message,	He clambered back on his feet and grinned at them.  The,彼はよじ登って彼らに笑いかけた。の,,
Message,	waning faggot cast red light over his fangs.,衰弱したオカマが牙に赤い光を投げかけた。,,
Message,	This most ancient of swords has been passed down through the,この最も古い剣は、,,
Message,	leadership of the Samurai legions for hundreds of years.  It,何百年にもわたってサムライ軍団のリーダーシップを発揮しました。それ,,
Message,"	is said to grant luck to its wielder, but its main power is",持つ者に幸運をもたらすと言われているが、その主な力は,,
Message,	terrible to behold.  It has the capability to cut in half any,見るも恐ろしい。あらゆるものを半分に切断する能力を持っています,,
Message,"	creature it is wielded against, instantly killing them.",それを振り回した生き物を即座に殺します。,,
Message,"	The tsurugi, also known as the long samurai sword, is an",剣は長い侍の刀とも呼ばれ、,,
Message,"	extremely sharp, two-handed blade favored by the samurai.",武士が好んだ非常に鋭い両手刃。,,
Message,"	It is made of hardened steel, and is manufactured using a",焼入れ鋼で作られており、,,
Message,"	special process, causing it to never rust.  The tsurugi is",特殊な加工により錆びることはありません。つるぎは,,
Message,	rumored to be so sharp that it can occasionally cut,非常に鋭利であるため、時々切りつけることができると噂されています,,
Message,	opponents in half!,相手は半分に！,,
Message,	TUBAL:  There came divers of Antonio's creditors in my company,トゥバル: 私の会社にアントニオの債権者のダイバーたちがやって来ました,,
Message,	to Venice that swear he cannot choose but break.,別れる以外に選択はできないと誓うヴェネツィアに。,,
Message,"	SHYLOCK:  I am very glad of it; I'll plague him, I'll torture",シャイロック: とても嬉しいです。私は彼を苦しめます、私は拷問します,,
Message,	him; I am glad of it.,彼;嬉しいです。,,
Message,	TUBAL:  One of them showed me a ring that he had of your,トゥバル: そのうちの 1 人が、あなたの指輪を見せてくれました。,,
Message,	daughter for a monkey.,猿の娘。,,
Message,"	SHYLOCK:  Out upon her!  Thou torturest me, Tubal.  It was my",シャイロック：彼女を非難してください！あなたは私を拷問します、トバル。それは私のものでした,,
Message,	turquoise; I had it of Leah when I was a bachelor; I would,ターコイズ;私は独身のときにリアのことを知っていました。私は...するだろう,,
Message,	not have given it for a wilderness of monkeys.,サルの荒野に与えたわけではありません。,,
Message,"	""Rincewind!""",「リンスウィンド！」,,
Message,"	Twoflower sprang off the bed.  The wizard jumped back,",二輪の花がベッドから飛び降りた。魔法使いは飛び退き、,,
Message,	wrenching his features into a smile.,彼の顔立ちを笑みに変えた。,,
Message,"	""My dear chap, right on time!  We'll just have lunch, and",「親愛なる君、時間通りだよ！ ちょうど昼食を食べるつもりだよ。,,
Message,	then I'm sure you've got a wonderful programme lined up for,きっと素晴らしいプログラムが用意されていると思います,,
Message,"	this afternoon!""",今日の午後！」,,
Message,"	""Er --""",「えーっと――」,,
Message,"	""That's great!""","""それは素晴らしいことです！""",,
Message,"	Rincewind took a deep breath.  ""Look,"" he said desperately,",リンスウィンドは深呼吸をした。 「ほら」と彼は必死に言いました。,,
Message,"	""let's eat somewhere else.  There's been a bit of a fight",「どこかで食べましょう。ちょっと喧嘩したんです」,,
Message,"	down below.""",下にあるよ。」,,
Message,"	""A tavern brawl?  Why didn't you wake me up?""",「居酒屋での乱闘？なぜ起こしてくれなかったの？」,,
Message,"	""Well, you see, I - _what_?""",「まあ、わかりますか、私は - _何_?」,,
Message,"	""I thought I made myself clear this morning, Rincewind.  I",「今朝、自分の気持ちをはっきりさせたと思ったんだよ、リンスウィンド。,,
Message,"	want to see genuine Morporkian life - the slave market, the",本物のモルポルキ人の生活を見たい - 奴隷市場、,,
Message,"	Whore Pits, the Temple of Small Gods, the Beggar's Guild...",売春婦の穴、小さな神の神殿、物乞いのギルド...,,
Message,"	and a genuine tavern brawl.""  A faint note of suspicion",そして本物の酒場の喧嘩だ。」 かすかな疑惑の兆し,,
Message,"	entered Twoflower's voice.  ""You _do_ have them, don't you?",トゥーフラワーの声が入った。 「あなたも持っていますよね？,,
Message,"	You know, people swinging on chandeliers, swordfights over",シャンデリアに揺れる人々、殺陣が終わった,,
Message,"	the table, the sort of thing Hrun the Barbarian and the",テーブルとか、そういうもの、フルン・ザ・バーバリアンとか、,,
Message,	Weasel are always getting involved in.  You know --,イタチはいつも巻き込まれます。,,
Message,"	_excitement_.""","_興奮_。""",,
Message,	Yet remains that one of the Aesir who is called Tyr:,それでも、テュールと呼ばれるアース神族の一人が残っています。,,
Message,"	he is most daring, and best in stoutness of heart, and he",彼は最も大胆で、最もたくましい心の持ち主であり、,,
Message,	has much authority over victory in battle; it is good for,戦いの勝利に関して大きな権限を持っています。それは良いです,,
Message,"	men of valor to invoke him.  It is a proverb, that he is",勇敢な人々が彼を呼び起こします。それは諺だ、彼はそうだ。,,
Message,"	Tyr-valiant, who surpasses other men and does not waver.",他の男を超え、揺るぎないティル・ヴァリアント。,,
Message,"	He is wise, so that it is also said, that he that is wisest",彼は賢いので、最も賢い者であるとも言われる,,
Message,	is Tyr-prudent.  This is one token of his daring:  when the,テュールは慎重だ。これは彼の大胆さの象徴の 1 つです。,,
Message,"	Aesir enticed Fenris-Wolf to take upon him the fetter Gleipnir,",アース神はフェンリス＝ウルフをそそのかして、足枷グレイプニルを手に入れさせた。,,
Message,"	the wolf did not believe them, that they would loose him,",オオカミは彼らが彼を解放するということを信じませんでした。,,
Message,	until they laid Tyr's hand into his mouth as a pledge.  But,彼らが誓約としてテュールの手を口に当てるまでは。しかし,,
Message,"	when the Aesir would not loose him, then he bit off the hand",アース神が彼を放そうとしなかったとき、彼は手を噛みちぎった,,
Message,	at the place now called 'the wolf's joint;' and Tyr is one-,今では「オオカミのジョイント」と呼ばれている場所で。そしてテュールはその一人です,,
Message,"	handed, and is not called a reconciler of men.",渡され、人間の和解者とは呼ばれません。,,
Message,	Umber hulks are powerful subterranean predators whose,アンバーハルクは強力な地下捕食者です。,,
Message,	iron-like claws allow them to burrow through solid stone in,鉄のような爪により、硬い石に穴を掘ることができます。,,
Message,	search of prey.  They are tremendously strong; muscles bulge,獲物の探索。彼らは非常に強いです。筋肉が膨らむ,,
Message,"	beneath their thick, scaly hides and their powerful arms and",彼らの分厚い鱗状の皮と力強い腕の下には、,,
Message,	legs all end in great claws.,足はすべて大きな爪で終わっています。,,
Message,"	Men have always sought the elusive unicorn, for the single",男たちは常にとらえどころのないユニコーンを追い求めてきました。,,
Message,	twisted horn which projected from its forehead was thought to,額から突き出たねじれた角は、,,
Message,	be a powerful talisman.  It was said that the unicorn had,強力なお守りになります。ユニコーンは持っていたと言われています,,
Message,	simply to dip the tip of its horn in a muddy pool for the water,角の先端を泥水のプールに浸すだけで​​す,,
Message,	to become pure.  Men also believed that to drink from this horn,純粋になること。人間もこの角から水を飲むと信じていた,,
Message,"	was a protection against all sickness, and that if the horn was",それはあらゆる病気から身を守るものであり、角があれば,,
Message,	ground to a powder it would act as an antidote to all poisons.,粉末に粉砕すると、あらゆる毒に対する解毒剤として機能します。,,
Message,"	Less than 200 years ago in France, the horn of a unicorn was",200 年も前、フランスではユニコーンの角が,,
Message,	used in a ceremony to test the royal food for poison.,王室の食べ物に毒がないか検査する儀式に使用されました。,,
Message,"	Although only the size of a small horse, the unicorn is a very",ユニコーンは小さな馬ほどの大きさしかありませんが、非常に大きな動物です。,,
Message,"	fierce beast, capable of killing an elephant with a single",一匹のゾウを殺すことができる猛獣,,
Message,	thrust from its horn.  Its fleetness of foot also makes this,角から突き出す。足の軽さもこれを可能にします,,
Message,"	solitary creature difficult to capture.  However, it can be",単独で行動する生き物で、捕獲するのは難しい。ただし、それは可能です,,
Message,	tamed and captured by a maiden.  Made gentle by the sight of a,乙女に飼い慣らされて捕らえられた。見るだけで優しくなる,,
Message,"	virgin, the unicorn can be lured to lay its head in her lap, and",処女であるユニコーンは誘惑されて膝の上に頭を置くことができます。,,
Message,"	in this docile mood, the maiden may secure it with a golden rope.",このおとなしい気分の中で、乙女は金のロープでそれを固定するかもしれません。,,
Message,"	Martin took a small sip of beer.  ""Almost ready,"" he said.",マーティンはビールを少し一口飲みました。 「ほぼ準備ができています」と彼は言った。,,
Message,"	""You hold your beer awfully well.""",「あなたはビールをとても上手に飲みますね。」,,
Message,"	Tlingel laughed.  ""A unicorn's horn is a detoxicant.  Its",トリンゲルは笑った。 「ユニコーンの角は解毒剤です。,,
Message,	possession is a universal remedy.  I wait until I reach the,憑依は普遍的な治療法です。に着くまで待ちます,,
Message,"	warm glow stage, then I use my horn to burn off any excess and",暖かい輝きの段階で、ホーンを使って余分なものを焼き払います。,,
Message,"	keep me right there.""",私をそこに留めておいてください。」,,
Message,	Area of map which is beyond limited perception range when,地図上の領域が限られた知覚範囲を超えている場合,,
Message,	underwater or engulfed by a monster.,水中にいたり、怪物に飲み込まれたり。,,
Message,"	They were armed with short broad-bladed swords, not with the",彼らは武器ではなく、刃の広い短い剣で武装していました。,,
Message,"	curved scimitars usual with Orcs: and they had bows of yew,",オークにはよくある湾曲したシミター、そして彼らはイチイの弓を持っていました。,,
Message,	in length and shape like the bows of Men. Upon their shields,長さと形は人間の弓に似ています。彼らの盾の上に,,
Message,	they bore a strange device: a small white hand in the centre,彼らは奇妙な装置を持っていました：中央に小さな白い手がありました,,
Message,	of a black field; on the front of their iron helms was set an,黒いフィールドの。彼らの鉄の兜の前には、,,
Message,"	S-rune, wrought of some white metal.",Sルーン、白い金属で作られています。,,
Message,"	The Valkyries were the thirteen choosers of the slain, the",ワルキューレは殺された者を13人選ぶ者でした。,,
Message,	beautiful warrior-maids of Odin who rode through the air and,空を駆けるオーディンの美しい戦士メイドたちと、,,
Message,	over the sea.  They watched the progress of the battle and,海を越えて。彼らは戦いの経過を見守り、,,
Message,	selected the heroes who were to fall fighting.  After they,戦いに倒れる英雄を選び出した。彼らの後,,
Message,"	were dead, the maidens rewarded the heroes by kissing them",死んだので、乙女たちは英雄たちにキスをして褒美を与えた,,
Message,"	and then led their souls to Valhalla, where the warriors",そして彼らの魂をヴァルハラへと導きました。,,
Message,"	lived happily in an ideal existence, drinking and eating",理想的な生活の中で、飲んだり食べたりして幸せに暮らした,,
Message,	without restraint and fighting over again the battles in,遠慮せずに戦いをやり直す,,
Message,	which they died and in which they had won their deathless,彼らはそこで死んだ、そしてその中で彼らは不死を勝ち取った,,
Message,	fame.,名声。,,
Message,"	He can transform himself to wolf, as we gather from the ship",私たちが船から集まると、彼は狼に変身することができます,,
Message,"	arrival in Whitby, when he tear open the dog; he can be as",ウィットビーに到着したとき、彼は犬を引き裂きました。彼は次のようになれる,,
Message,"	bat, as Madam Mina saw him on the window at Whitby, and as",マダム・ミナがウィットビーの窓に彼を見たように、そして,,
Message,"	friend John saw him fly from this so near house, and as my",友人のジョンは、彼がこの近くの家から飛び立つのを目撃しました。,,
Message,	friend Quincey saw him at the window of Miss Lucy. He can come,友人のクインシーはミス・ルーシーの家の窓で彼を見かけた。彼は来られるよ,,
Message,	in mist which he create--that noble ship's captain proved him,彼が作り出す霧の中で――あの高貴な船の船長が彼を証明した,,
Message,"	of this; but, from what we know, the distance he can make this",これについて。しかし、私たちが知っている限り、彼がこれを達成できる距離は,,
Message,"	mist is limited, and it can only be round himself. He come on",ミストには限界があり、自分の周りにしか霧がかかりません。彼は来て,,
Message,	moonlight rays as elemental dust--as again Jonathan saw those,月光は元素の塵として――再びジョナサンはそれらを見た。,,
Message,	sisters in the castle of Dracula. He become so small--we,ドラキュラ城の姉妹。彼はとても小さくなってしまいました - 私たちは,,
Message,"	ourselves saw Miss Lucy, ere she was at peace, slip through a",私たちも、ミス・ルーシーが平和になる前に、道をすり抜けていくのを目撃しました。,,
Message,	hairbreadth space at the tomb door.,墓の入り口にある狭いスペース。,,
Message,	The Oxford English Dictionary is quite unequivocal:,オックスフォード英語辞典は非常に明確です。,,
Message,"	_vampire_ - ""a preternatural being of a malignant nature (in",_vampire_ - 「悪性の超自然的な存在（,,
Message,"	the original and usual form of the belief, a reanimated",信仰の本来の通常の形式、蘇生されたもの,,
Message,"	corpse), supposed to seek nourishment, or do harm, by sucking",死体）、吸うことによって栄養を求めたり、危害を加えたりすると考えられています,,
Message,"	the blood of sleeping persons. ...""",眠っている人の血。 ...」,,
Message,"	Venus, the goddess of love and beauty, was the daughter of",愛と美の女神ヴィーナスは、,,
Message,	Jupiter and Dione.  Others say that Venus sprang from the,ジュピターとディオネ。金星はから生じたという人もいます。,,
Message,	foam of the sea.  The zephyr wafted her along the waves to,海の泡。ゼファーは彼女を波に沿って漂わせた,,
Message,"	the Isle of Cyprus, where she was received and attired by",キプロス島で彼女は受け入れられ、衣装を着た。,,
Message,"	the Seasons, and then led to the assembly of the gods.  All",季節が始まり、その後神々の集会が始まりました。全て,,
Message,"	were charmed with her beauty, and each one demanded her",彼女の美しさに魅了され、誰もが彼女を求めました,,
Message,"	for his wife.  Jupiter gave her to Vulcan, in gratitude for",彼の妻のために。ジュピターは感謝の意を込めて彼女をヴァルカンに与えた。,,
Message,	the service he had rendered in forging thunderbolts.  So,彼は落雷の鍛造で果たした功績を称えた。それで,,
Message,	the most beautiful of the goddesses became the wife of the,女神の中で最も美しい女神が妻になった,,
Message,	most ill-favoured of gods.,神々の中で最も不利な存在。,,
Message,	Vlad Dracula the Impaler was a 15th-Century monarch of the,ヴラド・ドラキュラ串刺し者は、15 世紀の君主でした。,,
Message,"	Birgau region of the Carpathian Mountains, in what is now",現在のカルパティア山脈のビルガウ地方,,
Message,	Romania.  In Romanian history he is best known for two things.,ルーマニア。ルーマニアの歴史の中で、彼は 2 つのことで最もよく知られています。,,
Message,"	One was his skilled handling of the Ottoman Turks, which kept",1つは、オスマントルコに対する彼の巧みな対応でした。,,
Message,	them from making further inroads into Christian Europe.  The,彼らはキリスト教徒のヨーロッパにこれ以上侵入することを阻止します。の,,
Message,	other was the ruthless manner in which he ran his fiefdom.,もう一つは、彼が領地を運営する際の冷酷なやり方であった。,,
Message,	He dealt with perceived challengers to his rule by impaling,彼は自分の支配に対する挑戦者とみなされた者たちを串刺しにすることで対処した,,
Message,	them upright on wooden stakes.  Visiting dignitaries who,それらを木の杭の上に直立させます。訪問した要人,,
Message,	failed to doff their hats had them nailed to their head.,帽子を頭に釘付けにされて脱げなかった。,,
Message,"	Swirling clouds of pure elemental energies, the vortices are",純粋な元素エネルギーの渦巻く雲、その渦は,,
Message,	thought to be related to the larger elementals.  They are,より大きなエレメンタルに関連していると考えられています。彼らです,,
Message,	noted for being able to envelop unwary travellers.  The,不注意な旅行者を包み込むことができることで知られています。の,,
Message,	hapless fool thus swallowed by a vortex will soon perish from,こうして渦に飲み込まれた不運な愚か者はやがて滅びるだろう,,
Message,	exposure to the element the vortex is composed of.,渦を構成する要素への曝露。,,
Message,	The vrock is one of the weaker forms of demon.  It resembles,ヴロックはデーモンの弱い形態の1つです。似てる,,
Message,	a cross between a human being and a vulture and does physical,人間とハゲワシの交雑種であり、物理的な活動を行います。,,
Message,	damage by biting and by using the claws on both its arms and,噛みついたり両腕の爪でダメージを与えたり、,,
Message,	feet.  It can also release a cloud of noxious gas to hide in.,足。また、有毒なガスの雲を放出してその中に隠れることもできます。,,
Message,"	Suddenly Aragorn leapt to his feet.  ""How the wind howls!""",突然、アラゴルンは飛び起きた。 「なんと風が唸るのでしょう！」,,
Message,"	he cried.  ""It is howling with wolf-voices.  The Wargs have",彼は泣きました。 「オオカミの声で遠吠えしています。ワーグスは,,
Message,"	come west of the Mountains!""",山の西に来てください！」,,
Message,"	""Need we wait until morning then?"" said Gandalf.  ""It is as I",「それでは朝まで待った方がいいですか？」ガンダルフは言いました。 「それは私と同じです,,
Message,"	said.  The hunt is up!  Even if we live to see the dawn, who",言った。狩りが始まりました！たとえ夜明けまで生きてても誰が,,
Message,	now will wish to journey south by night with the wild wolves,今は野生のオオカミたちと夜に南へ旅したいと思うだろう,,
Message,"	on his trail?""",彼の跡に？」,,
Message,"	""How far is Moria?"" asked Boromir.",「モリアまではどのくらいですか？」ボロミアは尋ねた。,,
Message,"	""There was a door south-west of Caradhras, some fifteen miles",「カラドラスの南西、約15マイルのところに扉があった,,
Message,"	as the crow flies, and maybe twenty as the wolf runs,""",カラスが飛ぶように、そしてオオカミが走るようにおそらく20人」,,
Message,	answered Gandalf grimly.,ガンダルフは険しい表情で答えた。,,
Message,"	""Then let us start as soon as it is light tomorrow, if we can,""",「それでは、できれば明日明るくなり次第始めましょう」,,
Message,"	said Boromir.  ""The wolf that one hears is worse than the orc",ボロミアは言いました。 「人が聞くオオカミはオークよりも悪いです」,,
Message,"	that one fears.""",それは恐れていることだ。」,,
Message,"	""True!"" said Aragorn, loosening his sword in its sheath.  ""But","""真実！""アラゴルンは鞘に収めた剣を緩めながら言った。 ""しかし",,
Message,"	where the warg howls, there also the orc prowls.""",ワーグが吠えるところ、オークも徘徊する。」,,
Message,	They had come together at the ford of the Trident while the,彼らはトライデント号の浅瀬に集まっていた。,,
Message,"	battle crashed around them, Robert with his warhammer and his",戦いは彼らの周りでクラッシュし、ロバートは戦槌と彼の,,
Message,"	great antlered helm, the Targaryen prince armored all in",角のある大きな兜、鎧を着込んだターガリエンの王子,,
Message,	black.  On his breastplate was the three-headed dragon of his,黒。彼の胸当てには、彼の三頭の龍が描かれていました。,,
Message,"	House, wrought all in rubies that flashed like fire in the",家はすべてルビーで作られ、火のように輝いていました。,,
Message,	sunlight.  The waters of the Trident ran red around the,日光。トライデントの水は周囲を赤く染めた,,
Message,"	hooves of their destriers as they circled and clashed, again",彼らが旋回して衝突するとき、彼らの駆逐艦のひづめが再び聞こえた,,
Message,"	and again, until at last a crushing blow from Robert's hammer",そして何度も、ついにはロバートのハンマーによる壊滅的な打撃を受けるまで,,
Message,	stove in the dragon and the chest behind it.  When Ned had,ドラゴンのストーブとその後ろのチェスト。ネッドが持っていたとき,,
Message,"	finally come on the scene, Rhaegar lay dead in the stream,",ついに現場に到着、レイガーは川の中で死んでいた、,,
Message,	while men of both armies scrambled in the swirling waters for,両軍の兵士たちが渦巻く海中でスクランブルをかけ、,,
Message,	rubies knocked free of his armor.,ルビーは鎧を脱ぎ捨てた。,,
Message,"	Day after day, day after day,",毎日毎日、毎日、,,
Message,"	We stuck, nor breath nor motion;",私たちは立ち往生し、息も動きもありませんでした。,,
Message,	As idle as a painted ship,塗装された船のように怠けている,,
Message,	Upon a painted ocean.,描かれた海の上で。,,
Message,"	Water, water, everywhere,",水、水、どこでも、,,
Message,	And all the boards did shrink;,そしてすべてのボードは縮小しました。,,
Message,"	Water, water, everywhere",水、水、どこでも,,
Message,	Nor any drop to drink.,一滴も飲めません。,,
Message,"	[ The monkey king ] walked along the bank, around the pond.",[ 猿の王 ] は池の周りの土手に沿って歩きました。,,
Message,	He examined the footprints of the animals that had gone into,彼はそこに入った動物の足跡を調べた,,
Message,"	the water, and saw that none came out again!  So he realized",水が出てきましたが、再び何も出てきませんでした。それで彼は気づいた,,
Message,	this pond must be possessed by a water demon.  He said to the,この池には水の悪魔が取り憑いているに違いない。彼はこう言った,,
Message,"	80,000 monkeys, ""This pond is possessed by a water demon.  Do",8万匹の猿、「この池には水の悪魔が憑いています。,,
Message,"	not let anybody go into it.""",誰もそこに入らせないでください。」,,
Message,"	After a little while, the water demon saw that none of the",しばらくして、水の悪魔は、誰もいないことに気づきました。,,
Message,	monkeys went into the water to drink.  So he rose out of the,サルたちは水を飲むために水に入りました。それで彼はそこから立ち上がった,,
Message,"	middle of the pond, taking the shape of a frightening monster.",池の真ん中で、恐ろしい怪物の形をしています。,,
Message,"	He had a big blue belly, a white face with bulging green eyes,",彼は大きな青いお腹、白い顔、突き出た緑色の目をしていました。,,
Message,"	and red claws and feet.  He said, ""Why are you just sitting",そして赤い爪と足。彼は言い​​ました、「なぜただ座っているのですか」,,
Message,"	around?  Come into the pond and drink at once!""",その周り？池に入って、すぐに飲んでください！」,,
Message,"	The monkey king said to the horrible monster, ""Are you the",猿の王は恐ろしい怪物にこう言いました、「あなたはその怪物ですか」,,
Message,"	water demon who owns this pond?""  ""Yes, I am,"" said he.  ""Do",「水の悪魔、この池の所有者は誰ですか？」 「はい、私です」と彼は言いました。,,
Message,"	you eat whoever goes into the water?"" asked the king.  ""Yes,",あなたは水に入った者を食べるのですか？」と王は尋ねました。,,
Message,"	I do,"" he answered, ""including even birds.  I eat them all.",私はそうします」と彼は答えた、「鳥さえも含みます。全部食べます。,,
Message,	And when you are forced by your thirst to come into the pond,そして喉の渇きに駆られて池に入ったとき,,
Message,"	and drink, I will enjoy eating you, the biggest monkey, most",そして飲んで、私はあなたを食べるのを楽しみます、最大の猿、最も,,
Message,"	of all!""  He grinned, and saliva dripped down his hairy chin.",何よりも！」と彼は笑い、唾液が毛むくじゃらの顎に滴り落ちた。,,
Message,	It wasn't that the troll was _horrifying_. Instead of the,トロルが「恐ろしかった」わけではありません。の代わりに、,,
Message,"	rotting, betentacled monstrosity he had been expecting",彼が期待していた腐り、触手の生えた怪物,,
Message,	Rincewind found himself looking at a rather squat but not,リンスウィンドは自分がかなりずんぐりしたものを見ていることに気づきましたが、そうではありませんでした,,
Message,	particularly ugly old man who would quite easily have passed,特に醜い老人は簡単に通り過ぎてしまうだろう,,
Message,"	for normal on any city street, always provided that other",他の都市の通りでは常に通常通りです。,,
Message,	people on the street were used to seeing old men who were,路上の人々は老人を見ることに慣れていた。,,
Message,	apparently composed of water and very little else. It was as,明らかに水で構成されており、その他はほとんどありません。それは次のとおりでした,,
Message,	if the ocean had decided to create life without going through,もし海が海を通らずに生命を生み出すことに決めていたら,,
Message,"	all that tedious business of evolution, and had simply formed",進化という退屈な作業をすべて終えて、単に形成されただけだった,,
Message,	a part of itself into a biped and sent it walking squishily up,自分自身の一部を二足歩行にし、それをふわふわと上に歩き回らせました,,
Message,	the beach. The troll was a pleasant translucent blue color.,ビーチ。トロールは心地よい半透明の青色でした。,,
Message,	As Rincewind stared a small shoal of silver fish flashed,リンスウィンドが見つめていると、小さな銀色の魚の群れが光った。,,
Message,	across its chest.,その胸全体に。,,
Message,"	Oh what a tangled web we weave,",ああ、なんともつれた糸を私たちは編んでいるのでしょう、,,
Message,	When first we practise to deceive!,まずは騙し練習してみようと思います！,,
Message,"	When he came to himself again, for a moment he could recall",再び我に返ったとき、彼は一瞬思い出した,,
Message,	nothing except a sense of dread.  Then suddenly he knew that,恐怖感以外の何物でもない。すると突然彼は気づいたのです,,
Message,"	he was imprisoned, caught hopelessly; he was in a barrow.  A",彼は投獄され、絶望的に捕らえられた。彼は手押し車の中にいた。あ,,
Message,"	Barrow-wight had taken him, and he was probably already under",バローワイトが彼を連れて行った、そしておそらく彼はすでに倒れていただろう,,
Message,	the dreadful spells of the Barrow-wights about which whispered,ささやかれていたバローワイトの恐ろしい呪文,,
Message,"	tales spoke.  He dared not move, but lay as he found himself:",物語が語られました。彼はあえて動かず、自分が気づいたように横たわっていました。,,
Message,	flat on his back upon a cold stone with his hands on his,冷たい石の上に仰向けになって両手を当てている,,
Message,	breast.,胸。,,
Message,"	... the rules of Brockian Ultra Cricket, as played in the higher",... 上級リーグでプレイされるブロキアン ウルトラ クリケットのルール,,
Message,	dimensions.  A full set of rules is so massively complicated ...,寸法。一連のルールは非常に複雑です...,,
Message,"	A brief summary, however, follows:",ただし、簡単に要約すると次のとおりです。,,
Message,	/Rule Six/:  The winning team shall be the first team that wins.,/ルール 6/: 勝利チームは最初に勝利したチームとなります。,,
Message,	Ebenezum walked before me along the closest thing we could,エベネズムはできるだけ近い道を私の前を歩いた,,
Message,	find to a path in these overgrown woods.  Every few paces he,生い茂った森の中で道を見つけてください。数歩ごとに彼は,,
Message,"	would pause, so that I, burdened with a pack stuffed with",を詰め込んだ荷物を背負った私は立ち止まるだろう,,
Message,"	arcane and heavy paraphernalia, could catch up with his",難解で重い道具も彼の考えに追いつくことができた,,
Message,"	wizardly strides.  He, as usual, carried nothing, preferring,",魔法のように歩む。彼はいつものように何も持たず、むしろ好んだのは、,,
Message,"	as he often said, to keep his hands free for quick conjuring",彼がよく言っていたように、手早く魔法を唱えるために両手を自由にしておくためだ,,
Message,	and his mind free for the thoughts of a mage.,そして彼の心は魔術師のような考えから解放されました。,,
Message,"	No one knows how old this mighty wizard is, or from whence he",この偉大な魔法使いが何歳なのか、どこから来たのかは誰も知りません。,,
Message,"	came.  It is known that, having lived a span far greater than",来た。よりもはるかに長い期間を生きてきたことが知られています。,,
Message,"	any normal man's, he grew weary of lesser mortals; and so,",普通の人間なら誰でもそうなのだが、彼は下等な人間にはうんざりしていた。など、,,
Message,"	spurning all human company, he forsook the dwellings of men",彼はすべての人間との付き合いを断り、人間の住居を捨てた,,
Message,	and went to live in the depths of the Earth.  He took with,そして地球の奥深くに住むことになった。彼は持って行った,,
Message,"	him a dreadful artifact, the Book of the Dead, which is said",彼は恐ろしい遺物、死者の書だと言われています。,,
Message,	to hold great power indeed.  Many have sought to find the,まさに強大な権力を握る。多くの人がそれを見つけようとしました,,
Message,"	wizard and his treasure, but none have found him and lived to",魔法使いとその宝物、しかし誰も彼を見つけて生き延びた者はいない,,
Message,	tell the tale.  Woe be to the incautious adventurer who,物語を語ってください。不注意な冒険者には災いあれ。,,
Message,	disturbs this mighty sorcerer!,この強力な魔術師を邪魔します!,,
Message,"	The ancestors of the modern day domestic dog, wolves are",現代の飼い犬の祖先であるオオカミは、,,
Message,"	powerful muscular animals with bushy tails.  Intelligent,",ふさふさした尾を持つ強力な筋肉質の動物。知的、,,
Message,"	social animals, wolves live in family groups or packs made",社会的な動物、オオカミは家族のグループまたは作られた群れで生活します,,
Message,	up of multiple family units.  These packs cooperate in hunting,複数の家族単位のアップ。これらの群れは狩りに協力します,,
Message,	down prey.,獲物を落とします。,,
Message,"	Come, old broomstick, you are needed,",来てください、古いほうきの柄、あなたが必要です、,,
Message,	Take these rags and wrap them round you!,このぼろ布を持って、体に巻き付けてください！,,
Message,"	Long my orders you have heeded,",あなたは長い間私の命令を聞き入れてくださいました、,,
Message,	By my wishes now I've bound you.,私の望みにより、今私はあなたを縛りました。,,
Message,"	Have two legs and stand,",二本足で立って、,,
Message,	And a head for you.,そしてあなたへの頭。,,
Message,"	Run, and in your hand",走って、あなたの手に,,
Message,	Hold a bucket too.,バケツも持ってください。,,
Message,"	See him, toward the shore he's racing",ほら、岸に向かって彼が走っているんだ,,
Message,"	There, he's at the stream already,",ほら、彼はすでに小川にいます、,,
Message,"	Back like lightning he is chasing,",彼は稲妻のように戻ってきて追いかけています、,,
Message,	Pouring water fast and steady.,水を素早く安定して注ぎます。,,
Message,	Once again he hastens!,もう一度彼は急いでいます！,,
Message,"	How the water spills,",水のこぼれ方、,,
Message,	How the water basins,水盤の様子,,
Message,	Brimming full he fills!,彼は満ち溢れています！,,
Message,"	  [ The Sorcerer's Apprentice, by Johann Wolfgang von Goethe,",[ 魔法使いの弟子、ヨハン・ヴォルフガング・フォン・ゲーテ著、,,
Message,	      translation by Edwin Zeydel ],エドウィン・ゼイデル訳],,
Message,	The Usenet Oracle requires an answer to this question!,Usenet Oracle は、この質問に対する回答を必要としています。,,
Message,	> How much wood could a woodchuck chuck if a woodchuck could,> ウッドチャックがチャックできるとしたら、どれだけの木材をチャックできるでしょうか,,
Message,	> chuck wood?,>チャックウッド？,,
Message,"	""Oh, heck!  I'll handle *this* one!""  The Oracle spun the terminal",「ああ、これは私が担当します！」オラクルが端末をスピンさせた,,
Message,"	back toward himself, unlocked the ZOT-guard lock, and slid the",自分の方に戻り、ZOTガードロックを解除し、,,
Message,"	glass guard away from the ZOT key.  ""Ummmm....could you turn around",ガラスガードを ZOT キーから遠ざけてください。 「うーん……振り返ってもらえますか？」,,
Message,	for a minute?  ZOTs are too graphic for the uninitiated.  Even *I*,ちょっと？ ZOT は初心者にとってはあまりにも生々しいものです。 *私*でも,,
Message,"	get a little squeamish sometimes...""  The neophyte turned around,",時々少しイライラすることもあるけど…」新参者は振り返って、,,
Message,"	and heard the Oracle slam his finger on a computer key, followed",そしてオラクルがコンピューターのキーを指で叩く音を聞き、続いて,,
Message,	by a loud ZZZZOTTTTT and the smell of ozone.,ズズゾットという大きな音とオゾンの匂い。,,
Message,	[The crysknife] is manufactured in two forms from teeth taken,【クリスナイフ】は採取した歯から2つの形状で製造されます,,
Message,"	from dead sandworms.  The two forms are ""fixed"" and ""unfixed"".",砂虫の死骸から。 2つの形式は「固定」と「非固定」です。,,
Message,	An unfixed knife requires proximity to a human body's,固定されていないナイフは人体に近づける必要があります。,,
Message,	electrical field to prevent disintegration.  Fixed knives,崩壊を防ぐための電界。固定ナイフ,,
Message,	are treated for storage.  All are about 20 centimeters long.,保管用に扱われます。体長はどれも20センチくらいです。,,
Message,"	Immediately, though everything else remained as before, dim",すぐに、他のすべては以前と同じままでしたが、薄暗くなりました,,
Message,"	and dark, the shapes became terribly clear.  He was able to",そして暗くなると、その形はひどく鮮明になった。彼はできました,,
Message,	see beneath their black wrappings.  There were five tall,黒い包装の下を見てください。背の高い人が5人いました,,
Message,"	figures:  two standing on the lip of the dell, three advancing.",数字: 2 人がデルの縁に立っており、3 人が前進しています。,,
Message,	In their white faces burned keen and merciless eyes; under,彼らの白い顔には鋭く容赦のない目が燃えていた。下,,
Message,	their mantles were long grey robes; upon their grey hairs,彼らのマントは長い灰色のローブだった。彼らの白髪の上に,,
Message,	were helms of silver; in their haggard hands were swords of,銀の兜だった。彼らのやつれた手には剣が握られていた,,
Message,"	steel.  Their eyes fell on him and pierced him, as they",鋼鉄。彼らの目は彼に落ち、彼を突き刺した。,,
Message,"	rushed towards him.  Desperate, he drew his own sword, and",彼に向かって突進した。絶望した彼は自ら剣を抜いて、,,
Message,"	it seemed to him that it flickered red, as if it was a",彼にはそれがまるで何かのように赤く点滅しているように見えました。,,
Message,	firebrand.  Two of the figures halted.  The third was taller,火のブランド。人影のうち二つが止まった。 3番目は背が高かった,,
Message,	than the others:  his hair was long and gleaming and on his,他の人よりも：彼の髪は長くて輝いていて、,,
Message,"	helm was a crown.  In one hand he held a long sword, and in",兜は王冠だった。片手には長い剣を持ち、,,
Message,	the other a knife; both the knife and the hand that held it,もう一方はナイフです。ナイフもそれを握った手も,,
Message,	glowed with a pale light.  He sprang forward and bore down,青白い光で輝いた。彼は前に飛び出て、うつむいた,,
Message,	on Frodo.,フロドについて。,,
Message,"	The Wumpus, by the way, is not bothered by the hazards since",ちなみに、ワンパスは危険を気にしません。,,
Message,	he has sucker feet and is too big for a bat to lift.  If you,彼は足が吸盤で、バットが持ち上げるには大きすぎる。もしあなたが,,
Message,"	try to shoot him and miss, there's also a chance that he'll",彼を撃とうとして失敗する可能性もあります,,
Message,"	up and move himself into another cave, though by nature the",立ち上がって別の洞窟に移動しますが、本質的には,,
Message,	Wumpus is a sedentary creature.,ワンパスは座りがちな生き物です。,,
Message,"	_Wumpus yobgregorii_, in the flesh...",_Wumpus yobgregorii_、生身...,,
Message,"	Later, all you will be able to remember are its eyes.  They",後で思い出すことができるのはその目だけです。彼らは,,
Message,"	are rich mud-brown, and they hold your own without effort.",深みのあるマッドブラウンで、手間をかけずに自分のものになれます。,,
Message,	They sent their friend the mosquito [xan] ahead of them to,彼らは友人に蚊[ザン]を先に送った,,
Message,"	find out what lay ahead.  ""Since you are the one who sucks",find out what lay ahead. 「ダメなのはあなただから,,
Message,"	the blood of men walking along paths,"" they told the mosquito,",小道を歩いている人の血だ」と彼らは蚊に言いました。,,
Message,"	""go and sting the men of Xibalba.""  The mosquito flew",「行ってシバルバの人たちを刺しに来い。」蚊が飛んできた,,
Message,	down the dark road to the Underworld.  Entering the house of,冥界への暗い道を進みます。の家に入る,,
Message,"	the Lords of Death, he stung the first person that he saw...",死の王、彼は最初に見た人を刺した...,,
Message,"	The mosquito stung this man as well, and when he yelled, the",この男も蚊に刺され、叫ぶと、,,
Message,"	man next to him asked, ""Gathered Blood, what's wrong?""  So",隣の男が「血が集まった、どうしたの？」と尋ねた。それで,,
Message,	he flew along the row stinging all the seated men until he,彼は列に沿って飛び、座っている男たち全員を刺し続けた。,,
Message,	knew the names of all twelve.,12人全員の名前を知っていました。,,
Message,"	A distant cousin of the earth elemental, the xorn has the",アース・エレメンタルの遠い親戚であるクソーンは、,,
Message,	ability to shift the cells of its body around in such a way,そのような方法で体の細胞を移動させる能力,,
Message,	that it becomes porous to inert material.  This gives it the,不活性物質に対して多孔質になること。これにより、,,
Message,	ability to pass through any obstacle that might be between it,間にある障害物を通り抜ける能力,,
Message,	and its next meal.,そして次の食事。,,
Message,"	Yeenoghu, the demon lord of gnolls, still exists although",ノールの魔王イエノグはまだ存在しますが、,,
Message,	all his followers have been wiped off the face of the earth.,彼の追随者はすべて地球上から消し去られました。,,
Message,"	He casts magic projectiles at those close to him, and a mere",彼は近くにいる人々に魔法の発射物を投げます、そして単なる,,
Message,	gaze into his piercing eyes may hopelessly confuse the,彼の鋭い目を見つめると、絶望的に混乱するかもしれない,,
Message,	battle-weary adventurer.,戦いに疲れた冒険者。,,
Message,"	The Abominable Snowman, or yeti, is one of the truly great",忌まわしい雪だるま、またはイエティは、真に偉大な雪だるまの 1 つです。,,
Message,	unknown animals of the twentieth century.  It is a large hairy,20世紀の未知の動物。大きめの毛深いです,,
Message,	biped that lives in the Himalayan region of Asia ... The story,アジアのヒマラヤ地方に生息する二足歩行動物…その物語,,
Message,	of the Abominable Snowman is filled with mysteries great and,忌まわしき雪だるまの物語には、偉大なる謎が満ちている。,,
Message,"	small, and one of the most difficult of all is how it got that",小さいですが、最も難しいのは、どうやってそれを実現したかです。,,
Message,"	awful name.  The creature is neither particularly abominable,",ひどい名前。その生き物は特に忌まわしいものではありませんが、,,
Message,	nor does it necessarily live in the snows.  _Yeti_ is a Tibetan,また、必ずしも雪の中に生息しているわけでもありません。 _イエティ_はチベット人です,,
Message,"	word which may apply either to a real, but unknown animal of",実在するが未知の動物のいずれかに当てはまる可能性がある単語,,
Message,"	the Himalayas, or to a mountain spirit or demon -- no one is",ヒマラヤ、あるいは山の精霊や悪魔、誰もそうではありません。,,
Message,	quite sure which.  And after nearly half a century in which,どちらかは確かです。そしてほぼ半世紀を経て、,,
Message,"	Westerners have trampled around looking for the yeti, and",西洋人はイエティを探して歩き回った。,,
Message,"	asking all sorts of questions, the original native traditions",あらゆる種類の質問をする、元のネイティブの伝統,,
Message,	concerning the creature have become even more muddled and,この生き物に関してはさらに混乱が生じており、,,
Message,	confused.,混乱した。,,
Message,	Japanese leather archery gloves.  Gloves made for use while,日本製の本革アーチェリーグローブです。作業中に使用するために作られた手袋,,
Message,	practicing had thumbs reinforced with horn.  Those worn into,練習では親指をホーンで補強しました。履き込まれたもの,,
Message,	battle had thumbs reinforced with a double layer of leather.,バトルでは親指が二重の革で補強されていました。,,
Message,"	The zombi... is a soulless human corpse, still dead, but",ゾンビは…魂のない人間の死体であり、まだ死んでいますが、,,
Message,	taken from the grave and endowed by sorcery with a,墓から取り出され、魔術によって与えられたもの,,
Message,"	mechanical semblance of life, -- it is a dead body which is",機械的な生命の外観、それは死体です。,,
Message,	made to walk and act and move as if it were alive.,まるで生きているかのように歩き、行動し、動くように作られています。,,
Message,"	The zruty are wild and gigantic beings, living in the",ズルティは野生で巨大な生き物で、,,
Message,	wildernesses of the Tatra mountains.,タトラ山脈の荒野。,,
Message,	Archeologist ranks,考古学者のランク,,
Message,	  title            level,タイトルレベル,,
Message,	Digger            1 to 2,ディガー1～2,,
Message,	Field Worker      3 to 5,フィールドワーカー 3 ～ 5,,
Message,	Investigator      6 to 9,捜査官6～9,,
Message,	Exhumer          10 to 13,エクスシューマー 10 ～ 13,,
Message,	Excavator        14 to 17,ショベル 14 ～ 17,,
Message,	Spelunker        18 to 21,スペランカー 18 ～ 21,,
Message,	Speleologist     22 to 25,洞窟学者 22 ～ 25,,
Message,	Collector        26 to 29,コレクター26～29,,
Message,	Curator             30,キュレーター 30,,
Message,	Barbarian ranks,野蛮人の階級,,
Message,"	Plunderer,",略奪者、,,
Message,	 Plunderess       1 to 2,プランダレス 1 ～ 2,,
Message,	Pillager          3 to 5,ピリジャー3～5,,
Message,	Bandit            6 to 9,バンディット6～9,,
Message,	Brigand          10 to 13,ブリガンド10～13,,
Message,	Raider           14 to 17,レイダー14～17,,
Message,	Reaver           18 to 21,リーバー 18 ～ 21,,
Message,	Slayer           22 to 25,スレイヤー22～25,,
Message,"	Chieftain,",酋長さん、,,
Message,	 Chieftainess    26 to 29,酋長 26 ～ 29,,
Message,"	Conqueror,",征服者、,,
Message,	 Conqueress         30,30を征服する,,
Message,	Caveman/Cavewoman/Cave Dweller ranks,穴居人/穴居女性/洞窟住人のランク,,
Message,	Troglodyte        1 to 2,トログロダイト 1 ～ 2,,
Message,	Aborigine         3 to 5,アボリジニ 3 ～ 5,,
Message,	Wanderer          6 to 9,ワンダラー6～9,,
Message,	Vagrant          10 to 13,ベイグラント 10 ～ 13,,
Message,	Wayfarer         14 to 17,ウェイファーラー 14 ～ 17,,
Message,	Roamer           18 to 21,ローマー 18 ～ 21,,
Message,	Nomad            22 to 25,ノマド22～25,,
Message,	Rover            26 to 29,ローバー 26 ～ 29,,
Message,	Pioneer             30,パイオニア30,,
Message,	Healer ranks,ヒーラーのランク,,
Message,	Rhizotomist       1 to 2,リゾトミスト 1 ～ 2,,
Message,	Empiric           3 to 5,経験的 3 ～ 5,,
Message,	Embalmer          6 to 9,エンバーマー6～9,,
Message,	Dresser          10 to 13,ドレッサー10～13,,
Message,"	Medicus ossium,",メディカス・オッシウム、,,
Message,	 Medica ossium   14 to 17,メディカ オッシウム 14 ～ 17,,
Message,	Herbalist        18 to 21,ハーバリスト 18 ～ 21,,
Message,"	Magister,",治安判事、,,
Message,	 Magistra        22 to 25,教政 22 ～ 25,,
Message,	Physician        26 to 29,医師 26 ～ 29,,
Message,	Chirurgeon          30,チルジョン 30,,
Message,	Knight ranks,騎士のランク,,
Message,	Gallant           1 to 2,ギャラント1～2,,
Message,	Esquire           3 to 5,エスクァイア3～5,,
Message,	Bachelor          6 to 9,学士 6 ～ 9,,
Message,	Sergeant         10 to 13,軍曹10～13,,
Message,	Knight           14 to 17,ナイト 14 ～ 17,,
Message,	Banneret         18 to 21,バナー18～21,,
Message,"	Chevalier,",シュバリエ、,,
Message,	 Chevaliere      22 to 25,シュヴァリエール 22～25,,
Message,"	Seignieur,",シニエール、,,
Message,	 Dame            26 to 29,デイム 26 ～ 29,,
Message,	Paladin             30,パラディン30,,
Message,	Monk ranks,僧侶のランク,,
Message,	Candidate         1 to 2,候補1～2,,
Message,	Novice            3 to 5,初心者 3 ～ 5,,
Message,	Initiate          6 to 9,6から9を開始します,,
Message,	Student,学生,,
Message,	  of Stones      10 to 13,石10から13まで,,
Message,	  of Waters      14 to 17,ウォーター14から17まで,,
Message,	  of Metals      18 to 21,金属18から21まで,,
Message,	  of Winds       22 to 25,Winds 22 ～ 25 の,,
Message,	  of Fire        26 to 29,火の26から29,,
Message,	Master              30,マスター30,,
Message,	Priest/Priestess/Cleric ranks,司祭/神官/聖職者のランク,,
Message,	Aspirant          1 to 2,志望者 1 ～ 2,,
Message,	Acolyte           3 to 5,アコライト 3 ～ 5,,
Message,	Adept             6 to 9,アデプト6～9,,
Message,"	Priest,",祭司、,,
Message,	 Priestess       10 to 13,巫女 10～13,,
Message,	Curate           14 to 17,14 ～ 17 をキュレートする,,
Message,"	Canon,",キヤノン、,,
Message,	 Canoness        18 to 21,カノネス 18 ～ 21,,
Message,	Lama             22 to 25,ラマ22～25世,,
Message,"	Patriarch,",家長、,,
Message,	 Matriarch       26 to 29,家長 26 ～ 29,,
Message,"	High Priest,",大祭司、,,
Message,	 High Priestess     30,女教皇 30,,
Message,	Ranger ranks,レンジャーのランク,,
Message,	Tenderfoot        1 to 2,テンダーフット 1 ～ 2,,
Message,	Lookout           3 to 5,展望台 3 ～ 5,,
Message,	Trailblazer       6 to 9,トレイルブレイザー 6 ～ 9,,
Message,"	Reconnoiterer,",偵察者、,,
Message,	 Reconnoiteress  10 to 13,偵察者 10 ～ 13,,
Message,	Scout            14 to 17,スカウト14～17,,
Message,	Arbalester       18 to 21,アーバレスター 18 ～ 21,,
Message,	Archer           22 to 25,アーチャー 22 ～ 25,,
Message,	Sharpshooter     26 to 29,シャープシューター 26 ～ 29,,
Message,"	Marksman,",射撃手、,,
Message,	 Markswoman         30,射手30,,
Message,	Rogue ranks,ローグランク,,
Message,	Footpad           1 to 2,フットパッド1～2,,
Message,	Cutpurse          3 to 5,カットパース 3 ～ 5,,
Message,	Rogue             6 to 9,ローグ 6 ～ 9,,
Message,	Pilferer         10 to 13,盗賊 10 ～ 13,,
Message,	Robber           14 to 17,強盗 14 ～ 17,,
Message,	Burglar          18 to 21,泥棒 18 ～ 21,,
Message,	Filcher          22 to 25,フィルチャー22～25,,
Message,"	Magsman,",マグスマン,,
Message,	 Magswoman       26 to 29,マグスウーマン 26 ～ 29,,
Message,	Thief               30,泥棒30,,
Message,	Samurai ranks,武士の階級,,
Message,	Hatamoto          1 to 2,旗本1～2,,
Message,	Ronin             3 to 5,ローニン 3 ～ 5,,
Message,"	Ninja,",忍者、,,
Message,	 Kunoichi         6 to 9,くノ一6～9,,
Message,	Joshu            10 to 13,上州10～13,,
Message,	Ryoshu           14 to 17,良州14～17,,
Message,	Kokushu          18 to 21,国主18～21,,
Message,	Daimyo           22 to 25,大名22～25,,
Message,	Kuge             26 to 29,公家26～29,,
Message,	Shogun              30,ショーグン30,,
Message,	Tourist ranks,観光客のランク,,
Message,	Rambler           1 to 2,ランブラー 1 ～ 2,,
Message,	Sightseer         3 to 5,観光客 3 ～ 5,,
Message,	Excursionist      6 to 9,エクスカーショニスト 6 ～ 9,,
Message,"	Peregrinator,",ペレグリネーター、,,
Message,	 Peregrinatrix   10 to 13,ペレグリナトリックス 10 ～ 13,,
Message,	Traveler         14 to 17,トラベラー 14 ～ 17,,
Message,	Journeyer        18 to 21,ジャーニーナー 18 ～ 21,,
Message,	Voyager          22 to 25,ボイジャー22～25,,
Message,	Explorer         26 to 29,エクスプローラー26～29,,
Message,	Adventurer          30,冒険者30,,
Message,	Valkyrie ranks,ヴァルキリーのランク,,
Message,	Stripling         1 to 2,ストリップリング 1 対 2,,
Message,	Skirmisher        3 to 5,スカーミッシャー 3 ～ 5,,
Message,	Fighter           6 to 9,ファイター6～9,,
Message,"	Man-at-arms,",武装した男、,,
Message,	 Woman-at-arms   10 to 13,武装した女性 10 ～ 13,,
Message,	Warrior          14 to 17,ウォリアー 14 ～ 17,,
Message,	Swashbuckler     18 to 21,スワッシュバックラー 18 ～ 21,,
Message,"	Hero,",ヒーロー、,,
Message,	 Heroine         22 to 25,ヒロイン22～25,,
Message,	Champion         26 to 29,チャンピオン 26 対 29,,
Message,"	Lord,",主、,,
Message,	 Lady               30,レディー30,,
Message,	Wizard ranks,ウィザードのランク,,
Message,	Evoker            1 to 2,エヴォーカー1～2,,
Message,	Conjurer          3 to 5,コンジュラー3～5,,
Message,	Thaumaturge       6 to 9,魔術師 6 ～ 9,,
Message,	Magician         10 to 13,マジシャン 10 ～ 13,,
Message,"	Enchanter,",エンチャンター、,,
Message,	 Enchantress     14 to 17,エンチャントレス 14 ～ 17,,
Message,"	Sorcerer,",魔術師、,,
Message,	 Sorceress       18 to 21,ソーサレス 18 ～ 21,,
Message,	Necromancer      22 to 25,ネクロマンサー 22 ～ 25,,
Message,	Wizard           26 to 29,ウィザード 26 ～ 29,,
Message,	Mage                30,メイジ 30,,
Message,	  Discworld novel titles,ディスクワールドの小説のタイトル,,
Message,	    by Sir Terry Pratchett,サー・テリー・プラチェット著,,
Message,	  The Colour of Magic,魔法の色,,
Message,	  The Light Fantastic,ライトファンタスティック,,
Message,	  Equal Rites,平等な儀式,,
Message,	  Mort,モルト,,
Message,	  Sourcery,調達品,,
Message,	  Wyrd Sisters,ワイルドシスターズ,,
Message,	  Pyramids,ピラミッド,,
Message,	  Guards! Guards!,衛兵さん！衛兵さん！,,
Message,	  Eric,エリック,,
Message,	  Moving Pictures,動画,,
Message,	  Reaper Man,死神男,,
Message,	  Witches Abroad,海外の魔女たち,,
Message,	  Small Gods,小さな神様,,
Message,	  Lords and Ladies,殿様と淑女様,,
Message,	  Men at Arms,武装した男たち,,
Message,	  Soul Music,ソウルミュージック,,
Message,	  Interesting Times,興味深い時代,,
Message,	  Feet of Clay,粘土の足,,
Message,	  Hogfather,ホッグファーザー,,
Message,	  Jingo,ジンゴ,,
Message,	  The Last Continent,最後の大陸,,
Message,	  Carpe Jugulum,カルペ・ジュグルム,,
Message,	  The Fifth Elephant,5 番目の象,,
Message,	  The Truth,真実,,
Message,	  Thief of Time,時間泥棒,,
Message,	  The Last Hero,最後の英雄,,
Message,	  The Amazing Maurice and His Educated Rodents,驚くべきモーリスと彼の教育を受けたげっ歯類,,
Message,	  Night Watch,夜警,,
Message,	  The Wee Free Men,ザ・ウィー・フリー・メン,,
Message,	  Monstrous Regiment,怪物連隊,,
Message,	  A Hat Full of Sky,空がいっぱいの帽子,,
Message,	  Going Postal,郵便に行く,,
Message,	  Thud!,ドスン！,,
Message,	  Wintersmith,ウィンタースミス,,
Message,	  Making Money,お金を稼ぐ,,
Message,	  Unseen Academicals,目に見えない学術,,
Message,	  I Shall Wear Midnight,アイ・シャル・ウェア・ミッドナイト,,
Message,	  Snuff,嗅ぎタバコ,,
Message,	  Raising Steam,蒸気を上げる,,
Message,	  The Shepherd's Crown,羊飼いの王冠,,
