id,source_type,file,line,callee,caller,layer,domain,english_text,placeholders
allmain.c:L247:urgent_pline:3,c_source,allmain.c,247,urgent_pline,moveloop_core,1,allmain,The dungeon capitulates.,0
allmain.c:L436:urgent_pline:4,c_source,allmain.c,436,urgent_pline,moveloop_core,1,allmain,The Amulet is bestowing a wish upon you!,0
allmain.c:L672:You:5,c_source,allmain.c,672,You,stop_occupation,1,allmain,You stop %s.,1
allmain.c:L895:pline:7,c_source,allmain.c,895,pline,welcome,1,allmain,NetHack is filmed in front of an undead studio audience.,0
allmain.c:L940:pline:8,c_source,allmain.c,940,pline,welcome,1,allmain,"new_game ? ""%s %s, welcome to NetHack!  You are a%s.""
                   : ""%s %s, the%s, welcome back to NetHack!""",0
apply.c:L448:You_hear:32,c_source,apply.c,448,You_hear,use_stethoscope,1,apply/tool,You hear hollow_str,0
apply.c:L455:You_hear:33,c_source,apply.c,455,You_hear,use_stethoscope,1,apply/tool,You hear hollow_str,0
apply.c:L481:You:38,c_source,apply.c,481,You,use_whistle,1,apply/tool,You whistle_str,0
apply.c:L503:You:41,c_source,apply.c,503,You,use_magic_whistle,1,apply/tool,You Deaf ? alt_whistle_str : whistle_str,0
apply.c:L718:pline_mon:43,c_source,apply.c,718,pline_mon,m_unleash,1,apply/tool,mtmp,0
apply.c:L776:You_cant:45,c_source,apply.c,776,You_cant,use_leash,1,apply/tool,"You can't (!obj->leashmon
                  ? ""leash %s from inside.""
                  : (obj->leashmon == (int) u.ustuck->m_id)
                    ? ""unleash %s from inside.""
                    : ""unleash anything from inside %s."")",0
apply.c:L958:pline_mon:63,c_source,apply.c,958,pline_mon,check_leash,1,apply/tool,mtmp,0
apply.c:L1058:You:75,c_source,apply.c,1058,You,use_mirror,1,apply/tool,You look_str,0
apply.c:L1059:You:76,c_source,apply.c,1059,You,use_mirror,1,apply/tool,You look_str,0
apply.c:L1061:You:77,c_source,apply.c,1061,You,use_mirror,1,apply/tool,You look_str,0
apply.c:L1187:pline:99,c_source,apply.c,1187,pline,use_mirror,1,apply/tool,%s ignores %s reflection.,2
apply.c:L1378:You:120,c_source,apply.c,1378,You,use_candle,1,apply/tool,You no_elbow_room,0
apply.c:L1434:pline:123,c_source,apply.c,1434,pline,use_candle,1,apply/tool,%s out.,1
apply.c:L1494:pline:127,c_source,apply.c,1494,pline,snuff_lit,1,apply/tool,%s %s out!,2
apply.c:L1542:pline:128,c_source,apply.c,1542,pline,splash_lit,1,apply/tool,%s %s%s%s.,4
apply.c:L1590:pline:129,c_source,apply.c,1590,pline,catch_lit,1,apply/tool,%s %s %s,3
apply.c:L1689:You:143,c_source,apply.c,1689,You,light_cocktail,1,apply/tool,You no_elbow_room,0
apply.c:L2218:verbalize:190,c_source,apply.c,2218,verbalize,use_tinning_kit,1,apply/tool,you_buy_it,0
apply.c:L2230:verbalize:191,c_source,apply.c,2230,verbalize,use_tinning_kit,1,apply/tool,you_buy_it,0
apply.c:L2575:pline:210,c_source,apply.c,2575,pline,use_grease,1,apply/tool,%s from your %s.,2
apply.c:L2588:pline:211,c_source,apply.c,2588,pline,use_grease,1,apply/tool,%s from your %s.,2
apply.c:L2697:pline:221,c_source,apply.c,2697,pline,use_stone,1,apply/tool,scritch,0
apply.c:L2784:pline:228,c_source,apply.c,2784,pline,use_stone,1,apply/tool,scritch,0
apply.c:L3397:pline:260,c_source,apply.c,3397,pline,use_pole,1,apply/tool,not_enough_room,0
apply.c:L3414:pline:261,c_source,apply.c,3414,pline,use_pole,1,apply/tool,where_to_hit,0
apply.c:L3448:You:265,c_source,apply.c,3448,You,use_pole,1,apply/tool,You cant_see_spot,0
apply.c:L3454:You:266,c_source,apply.c,3454,You,use_pole,1,apply/tool,You cant_reach,0
apply.c:L3512:pline:269,c_source,apply.c,3512,pline,use_pole,1,apply/tool,thump,0
apply.c:L3521:pline:270,c_source,apply.c,3521,pline,use_pole,1,apply/tool,thump,0
apply.c:L3685:pline:282,c_source,apply.c,3685,pline,use_grapple,1,apply/tool,not_enough_room,0
apply.c:L3703:pline:283,c_source,apply.c,3703,pline,use_grapple,1,apply/tool,where_to_hit,0
apply.c:L3724:You:285,c_source,apply.c,3724,You,use_grapple,1,apply/tool,You cant_see_spot,0
apply.c:L3732:You:286,c_source,apply.c,3732,You,use_grapple,1,apply/tool,You cant_reach,0
apply.c:L3924:pline:296,c_source,apply.c,3924,pline,do_break_wand,1,apply/tool,nothing_else_happens,0
apply.c:L3950:pline:297,c_source,apply.c,3950,pline,do_break_wand,1,apply/tool,nothing_else_happens,0
apply.c:L4498:pline:317,c_source,apply.c,4498,pline,flip_coin,1,apply/tool,"rn2(100) ? ""Wow, a double header!""
                                   
                       : ""The coin miraculously lands on its edge!""",0
artifact.c:L502:impossible:2,c_source,artifact.c,502,impossible,artifact_origin,1,artifact,invalid artifact origin: %4o,1
artifact.c:L935:You:3,c_source,artifact.c,935,You,touch_artifact,1,artifact,You are blasted by %s power!,1
artifact.c:L954:pline:4,c_source,artifact.c,954,pline,touch_artifact,1,artifact,%s your grasp!,1
artifact.c:L955:pline:5,c_source,artifact.c,955,pline,touch_artifact,1,artifact,%s beyond your control!,1
artifact.c:L1043:impossible:6,c_source,artifact.c,1043,impossible,spec_applies,1,artifact,Weird weapon special attack.,0
artifact.c:L1284:pline_The:8,c_source,artifact.c,1284,pline_The,Mb_hit,1,artifact,The magic-absorbing blade %s %s!,2
artifact.c:L1316:You:9,c_source,artifact.c,1316,You,Mb_hit,1,artifact,You lose magical energy!,0
artifact.c:L1332:You:10,c_source,artifact.c,1332,You,Mb_hit,1,artifact,You absorb magical energy!,0
artifact.c:L1342:You:11,c_source,artifact.c,1342,You,Mb_hit,1,artifact,You release %s!,1
artifact.c:L1360:pline_The:12,c_source,artifact.c,1360,pline_The,Mb_hit,1,artifact,The %s is insightful.,1
artifact.c:L1408:pline:14,c_source,artifact.c,1408,pline,Mb_hit,1,artifact,%s %s %s%c,4
artifact.c:L1452:impossible:15,c_source,artifact.c,1452,impossible,artifact_hit,1,artifact,attacking yourself with weapon?,0
artifact.c:L1460:pline_The:16,c_source,artifact.c,1460,pline_The,artifact_hit,1,artifact,The fiery blade %s %s%c,3
artifact.c:L1482:pline_The:17,c_source,artifact.c,1482,pline_The,artifact_hit,1,artifact,The ice-cold blade %s %s%c,3
artifact.c:L1492:pline_The:18,c_source,artifact.c,1492,pline_The,artifact_hit,1,artifact,The massive hammer hits%s %s%c,3
artifact.c:L1507:pline_The:19,c_source,artifact.c,1507,pline_The,artifact_hit,1,artifact,The imaginary widget hits%s %s%c,3
artifact.c:L1533:You:20,c_source,artifact.c,1533,You,artifact_hit,1,artifact,You slice %s wide open!,1
artifact.c:L1545:You:21,c_source,artifact.c,1545,You,artifact_hit,1,artifact,You slice deeply into %s!,1
artifact.c:L1549:pline:22,c_source,artifact.c,1549,pline,artifact_hit,1,artifact,%s cuts deeply into %s!,2
artifact.c:L1554:pline:23,c_source,artifact.c,1554,pline,artifact_hit,1,artifact,%s cuts %s in half!,2
artifact.c:L1558:pline:24,c_source,artifact.c,1558,pline,artifact_hit,1,artifact,%s cuts deeply into you!,1
artifact.c:L1572:pline:25,c_source,artifact.c,1572,pline,artifact_hit,1,artifact,%s cuts you in half!,1
artifact.c:L1588:pline:26,c_source,artifact.c,1588,pline,artifact_hit,1,artifact,"Somehow, you miss %s wildly.",1
artifact.c:L1596:pline:28,c_source,artifact.c,1596,pline,artifact_hit,1,artifact,%s slices through %s %s.,3
artifact.c:L1601:pline:29,c_source,artifact.c,1601,pline,artifact_hit,1,artifact,ROLL_FROM(behead_msg),0
artifact.c:L1604:pline:30,c_source,artifact.c,1604,pline,artifact_hit,1,artifact,"Good job Henry, but that wasn't Anne.",0
artifact.c:L1614:pline:32,c_source,artifact.c,1614,pline,artifact_hit,1,artifact,%s slices through your %s.,2
artifact.c:L1619:pline:33,c_source,artifact.c,1619,pline,artifact_hit,1,artifact,ROLL_FROM(behead_msg),0
artifact.c:L1648:pline_The:34,c_source,artifact.c,1648,pline_The,artifact_hit,1,artifact,The %s blade draws the %s from %s!,3
artifact.c:L1651:pline:35,c_source,artifact.c,1651,pline,artifact_hit,1,artifact,%s draws the %s from %s!,3
artifact.c:L1684:pline_The:37,c_source,artifact.c,1684,pline_The,artifact_hit,1,artifact,The %s blade drains your %s!,2
artifact.c:L1686:pline:38,c_source,artifact.c,1686,pline,artifact_hit,1,artifact,%s drains your %s!,2
artifact.c:L1794:You_feel:42,c_source,artifact.c,1794,You_feel,invoke_energy_boost,1,artifact,You feel re-energized.,0
artifact.c:L1898:You:44,c_source,artifact.c,1898,You,invoke_create_portal,1,artifact,You are surrounded by a shimmering sphere!,0
artifact.c:L1979:pline:46,c_source,artifact.c,1979,pline,invoke_banish,1,artifact,%s %s %s in a cloud of brimstone!,3
artifact.c:L2075:You_feel:53,c_source,artifact.c,2075,You_feel,arti_invoke_cost,1,artifact,You feel that %s %s ignoring you.,2
artifact.c:L2088:You_feel:54,c_source,artifact.c,2088,You_feel,arti_invoke_cost,1,artifact,You feel drained...,0
artifact.c:L2097:impossible:55,c_source,artifact.c,2097,impossible,arti_invoke,1,artifact,arti_invoke without obj,0
artifact.c:L2152:impossible:56,c_source,artifact.c,2152,impossible,arti_invoke,1,artifact,Unknown invoke power %d.,1
artifact.c:L2161:You_feel:57,c_source,artifact.c,2161,You_feel,arti_invoke,1,artifact,You feel that %s %s ignoring you.,2
artifact.c:L2179:You_feel:58,c_source,artifact.c,2179,You_feel,arti_invoke,1,artifact,You feel like a rabble-rouser.,0
artifact.c:L2180:You_feel:59,c_source,artifact.c,2180,You_feel,arti_invoke,1,artifact,You feel the tension decrease around you.,0
artifact.c:L2256:pline:62,c_source,artifact.c,2256,pline,arti_speak,1,artifact,%s:,1
artifact.c:L2446:pline:63,c_source,artifact.c,2446,pline,Sting_effects,1,artifact,%s is %s.,2
artifact.c:L2464:pline:64,c_source,artifact.c,2464,pline,Sting_effects,1,artifact,%s %s %s%c,4
artifact.c:L2472:pline:65,c_source,artifact.c,2472,pline,Sting_effects,1,artifact,%s %s slightly.,2
artifact.c:L2477:pline:66,c_source,artifact.c,2477,pline,Sting_effects,1,artifact,%s stops %s.,2
artifact.c:L2499:You_cant:67,c_source,artifact.c,2499,You_cant,retouch_object,1,artifact,You can't handle %s%s!,2
artifact.c:L2549:pline:68,c_source,artifact.c,2549,pline,retouch_object,1,artifact,%s to the %s.,2
artifact.c:L2726:pline_The:69,c_source,artifact.c,2726,pline_The,mkot_trap_warn,1,artifact,The Key feels %s%c,2
ball.c:L26:pline:0,c_source,ball.c,26,pline,ballrelease,1,ball,"Startled, you drop the iron ball.",0
ball.c:L54:pline_The:1,c_source,ball.c,54,pline_The,ballfall,1,ball,The iron ball falls on your %s.,1
ball.c:L119:impossible:4,c_source,ball.c,119,impossible,placebc_core,1,ball,Where are your ball and chain?,0
ball.c:L200:impossible:5,c_source,ball.c,200,impossible,placebc,1,ball,bc already placed?,0
ball.c:L206:impossible:6,c_source,ball.c,206,impossible,unplacebc,1,ball,"unplacebc denied, restriction in place",0
ball.c:L221:impossible:7,c_source,ball.c,221,impossible,unplacebc_and_covet_placebc,1,ball,"unplacebc_and_covet_placebc denied, already restricted",0
ball.c:L245:impossible:8,c_source,ball.c,245,impossible,lift_covet_and_placebc,1,ball,bc already placed?,0
ball.c:L272:impossible:9,c_source,ball.c,272,impossible,Placebc,1,ball,"Placebc collision at %s:%d, already placed by %s:%d",4
ball.c:L306:impossible:10,c_source,ball.c,306,impossible,Unplacebc_and_covet_placebc,1,ball,"Unplacebc_and_covet_placebc denied to %s:%d, restricted by %s:%d",4
ball.c:L337:impossible:11,c_source,ball.c,337,impossible,Lift_covet_and_placebc,1,ball,bc already placed?,0
ball.c:L364:impossible:12,c_source,ball.c,364,impossible,bc_order,1,ball,bc_order:  ball&chain not in same location!,0
ball.c:L756:impossible:13,c_source,ball.c,756,impossible,drag_ball,1,ball,bad chain movement,0
ball.c:L763:You:14,c_source,ball.c,763,You,drag_ball,1,ball,You cannot %sdrag the heavy iron ball.,1
ball.c:L785:You_feel:15,c_source,ball.c,785,You_feel,drag_ball,1,ball,You feel a tug from the iron ball.,0
ball.c:L788:You:16,c_source,ball.c,788,You,drag_ball,1,ball,You are jerked back by the iron ball!,0
ball.c:L913:Your:22,c_source,ball.c,913,Your,drop_ball,1,ball,Your %s %s is severely damaged.,2
ball.c:L999:You:24,c_source,ball.c,999,You,drag_down,1,ball,You lose your grip on the iron ball.,0
ball.c:L1003:pline_The:25,c_source,ball.c,1003,pline_The,drag_down,1,ball,The iron ball drags you downstairs!,0
ball.c:L1012:pline_The:26,c_source,ball.c,1012,pline_The,drag_down,1,ball,The iron ball smacks into you!,0
ball.c:L1020:pline_The:27,c_source,ball.c,1020,pline_The,drag_down,1,ball,The iron ball drags you downstairs!,0
ball.c:L1029:impossible:28,c_source,ball.c,1029,impossible,bc_sanity_check,1,ball,Punished without %s%s%s?,3
ball.c:L1041:impossible:29,c_source,ball.c,1041,impossible,bc_sanity_check,1,ball,Attached %s%s%s without being Punished?,3
ball.c:L1064:impossible:30,c_source,ball.c,1064,impossible,bc_sanity_check,1,ball,"uball: type %d (%s), where %d, wornmask=0x%08lx",4
ball.c:L1077:impossible:31,c_source,ball.c,1077,impossible,bc_sanity_check,1,ball,"uchain: type %d (%s), where %d, wornmask=0x%08lx",4
ball.c:L1093:impossible:32,c_source,ball.c,1093,impossible,bc_sanity_check,1,ball,"b&c distance: you@<%d,%d>, chain@<%d,%d>, ball@<%d,%d>",6
bones.c:L419:pline:0,c_source,bones.c,419,pline,savebones,1,bones,Cannot unlink old bones.,0
bones.c:L651:pline:1,c_source,bones.c,651,pline,getbones,1,bones,Discarding unusable bones; no need to panic...,0
bones.c:L793:You:2,c_source,bones.c,793,You,fix_ghostly_obj,1,bones,You make adjustments to %s to suit your %s hand.,2
botl.c:L3905:getlin:9,c_source,botl.c,3905,getlin,status_hilite_menu_add,3,status_hud,buf,2
botl.c:L4176:getlin:17,c_source,botl.c,4176,getlin,status_hilite_menu_add,3,status_hud,qry_buf,0
cfgfiles.c:L175:pline:0,c_source,cfgfiles.c,175,pline,do_write_config_file,1,cfgfiles,"Strange, could not figure out config file name.",0
cfgfiles.c:L182:pline:1,c_source,cfgfiles.c,182,pline,do_write_config_file,1,cfgfiles,Warning: saveoptions is highly experimental!,0
cfgfiles.c:L183:pline:2,c_source,cfgfiles.c,183,pline,do_write_config_file,1,cfgfiles,Some settings are not saved!,0
cfgfiles.c:L185:pline:3,c_source,cfgfiles.c,185,pline,do_write_config_file,1,cfgfiles,All manual customization and comments are removed from the file!,0
cfgfiles.c:L208:pline:4,c_source,cfgfiles.c,208,pline,do_write_config_file,1,cfgfiles,"An error occurred, wrote only partial data (%zu/%zu).",2
cfgfiles.c:L262:raw_printf:5,c_source,cfgfiles.c,262,raw_printf,set_configfile_name,1,cfgfiles,Access to %s denied (%d).,2
cfgfiles.c:L272:raw_printf:6,c_source,cfgfiles.c,272,raw_printf,set_configfile_name,1,cfgfiles,Couldn't open requested config file %s (%d).,2
cfgfiles.c:L364:raw_printf:7,c_source,cfgfiles.c,364,raw_printf,set_configfile_name,1,cfgfiles,Couldn't open default config file %s %s(%d).,3
cfgfiles.c:L425:raw_printf:8,c_source,cfgfiles.c,425,raw_printf,get_uchars,1,cfgfiles,Syntax error in %s,1
cfgfiles.c:L1591:pline:11,c_source,cfgfiles.c,1591,pline,config_erradd,1,cfgfiles,%s %s%s%s,4
cfgfiles.c:L1618:pline:12,c_source,cfgfiles.c,1618,pline,config_error_done,1,cfgfiles,"
%d error%s %s %s.
",4
cfgfiles.c:L2199:raw_printf:13,c_source,cfgfiles.c,2199,raw_printf,assure_syscf_file,1,cfgfiles,"Unable to open SYSCF_FILE.
",0
cmd.c:L469:pline:0,c_source,cmd.c,469,pline,can_do_extcmd,1,command,unavailcmd,0
cmd.c:L471:You_cant:1,c_source,cmd.c,471,You_cant,can_do_extcmd,1,command,You can't do that while you are buried!,0
cmd.c:L493:pline:2,c_source,cmd.c,493,pline,doextcmd,1,command,'%s' prefix has no effect for the %s command.,2
cmd.c:L708:getlin:3,c_source,cmd.c,708,getlin,doextlist,3,command,promptbuf,0
cmd.c:L775:impossible:4,c_source,cmd.c,775,impossible,extcmd_via_menu,1,command,Exceeded %d extended commands in doextcmd() menu; 'extmenu' disabled.,1
cmd.c:L871:yn_function:6,c_source,cmd.c,871,yn_function,domonability,3,command,Hide [h] or spin a web [s]?,0
cmd.c:L919:You:8,c_source,cmd.c,919,You,domonability,1,command,You shriek.,0
cmd.c:L920:pline:9,c_source,cmd.c,920,pline,domonability,1,command,Unfortunately sound does not carry well through rock.,0
cmd.c:L928:pline:10,c_source,cmd.c,928,pline,domonability,1,command,Any special ability you may have is purely reflexive.,0
cmd.c:L940:You:13,c_source,cmd.c,940,You,enter_explore_mode,1,command,You cannot access explore mode.,0
cmd.c:L942:pline:14,c_source,cmd.c,942,pline,enter_explore_mode,1,command,Note: normally you wouldn't be allowed into explore mode.,0
cmd.c:L946:pline:15,c_source,cmd.c,946,pline,enter_explore_mode,1,command,"Beware!  From explore mode there will be no return to %s,",1
cmd.c:L964:pline:17,c_source,cmd.c,964,pline,enter_explore_mode,1,command,Continuing with %s.,1
cmd.c:L986:pline:18,c_source,cmd.c,986,pline,makemap_prepost,1,command,Unachieve,0
cmd.c:L995:pline:19,c_source,cmd.c,995,pline,makemap_prepost,1,command,Unachieve,0
cmd.c:L1276:You:21,c_source,cmd.c,1276,You,lookaround_known_room,1,command,You guess %s to be %s %s.,3
cmd.c:L1282:You:22,c_source,cmd.c,1282,You,lookaround_known_room,1,command,You can't guess the size of %s area.,1
cmd.c:L1352:pline:23,c_source,cmd.c,1352,pline,dotoggleoption,1,command,Use #optionsfull to set any option instead.,0
cmd.c:L1513:Norep:24,c_source,cmd.c,1513,Norep,do_reqmenu,1,command,"Double %s prefix, canceled.",1
cmd.c:L1541:Norep:25,c_source,cmd.c,1541,Norep,do_rush,1,command,"Double rush prefix, canceled.",0
cmd.c:L1581:Norep:27,c_source,cmd.c,1581,Norep,do_fight,1,command,"Double fight prefix, canceled.",0
cmd.c:L1605:Norep:28,c_source,cmd.c,1605,Norep,do_repeat,1,command,There is no command available to repeat.,0
cmd.c:L2265:pline:29,c_source,cmd.c,2265,pline,handler_rebind_keys_add,1,command,Bind which key? ,0
cmd.c:L2343:getlin:30,c_source,cmd.c,2343,getlin,handler_rebind_keys_add,3,command,querybuf,1
cmd.c:L2352:pline:31,c_source,cmd.c,2352,pline,handler_rebind_keys_add,1,command,Bind which key? ,0
cmd.c:L2364:pline:32,c_source,cmd.c,2364,pline,handler_rebind_keys_add,1,command,"Changed key '%s' from ""%s"" to ""%s"".",3
cmd.c:L2370:pline:33,c_source,cmd.c,2370,pline,handler_rebind_keys_add,1,command,"Bound key '%s' to ""%s"".",2
cmd.c:L2373:pline:34,c_source,cmd.c,2373,pline,handler_rebind_keys_add,1,command,Key binding failed?!,0
cmd.c:L3251:raw_printf:35,c_source,cmd.c,3251,raw_printf,parseautocomplete,1,command,Bad autocomplete: invalid extended command '%s'.,1
cmd.c:L3693:pline:36,c_source,cmd.c,3693,pline,rhack,1,command,The '%s' prefix should be followed by a movement command%s.,2
cmd.c:L3755:You_cant:37,c_source,cmd.c,3755,You_cant,rhack,1,command,You can't get there from here...,0
cmd.c:L3879:getdir:38,c_source,cmd.c,3879,getdir,get_adjacent_loc,3,command,prompt,0
cmd.c:L3894:getdir:39,c_source,cmd.c,3894,getdir,getdir,3,command,const char *s,0
cmd.c:L3923:impossible:40,c_source,cmd.c,3923,impossible,getdir,1,command,getdir: command queue had no dir?,0
cmd.c:L3932:yn_function:41,c_source,cmd.c,3932,yn_function,getdir,3,command,"(s && *s != '^') ? s : ""In what direction?""",0
cmd.c:L4078:You_cant:44,c_source,cmd.c,4078,You_cant,getdir,1,command,You can't orient yourself that direction.,0
cmd.c:L4294:getdir:46,c_source,cmd.c,4294,getdir,dotherecmdmenu,3,command,(const char *) 0,0
cmd.c:L5048:impossible:47,c_source,cmd.c,5048,impossible,get_count,1,command,get_count: cmdcount_nht,0
cmd.c:L5314:pline:49,c_source,cmd.c,5314,pline,dotravel_target,1,command,No travel destination set.,0
cmd.c:L5436:yn_function:52,c_source,cmd.c,5436,yn_function,yn_function,3,command,const char *query,0
cmd.c:L5551:impossible:53,c_source,cmd.c,5551,impossible,yn_function,1,command,yn_function() returned '%s'; using '%s' instead,2
cmd.c:L5551:yn_function:54,c_source,cmd.c,5551,yn_function,yn_function,3,command,,0
cmd.c:L5606:getlin:55,c_source,cmd.c,5606,getlin,paranoid_ynq,3,command,qbuf,0
cmd.c:L5625:yn_function:56,c_source,cmd.c,5625,yn_function,paranoid_ynq,3,command,prompt,0
cmd.c:L5627:yn_function:57,c_source,cmd.c,5627,yn_function,paranoid_ynq,3,command,prompt,0
cmd.c:L5642:Norep:58,c_source,cmd.c,5642,Norep,dosuspend_core,1,command,cmdnotavail,0
cmd.c:L5649:Norep:59,c_source,cmd.c,5649,Norep,dosh_core,1,command,cmdnotavail,0
dbridge.c:L254:impossible:0,c_source,dbridge.c,254,impossible,create_drawbridge,1,dbridge,bad direction in create_drawbridge,0
dbridge.c:L423:pline:1,c_source,dbridge.c,423,pline,e_died,1,dbridge,A %s force teleports you away...,1
dbridge.c:L459:pline:2,c_source,dbridge.c,459,pline,e_died,1,dbridge,"Unfortunately for %s, %s is still crushed.",2
dbridge.c:L567:pline_The:3,c_source,dbridge.c,567,pline_The,do_entity,1,dbridge,The %s passes through %s!,2
dbridge.c:L574:pline_The:4,c_source,dbridge.c,574,pline_The,do_entity,1,dbridge,The portcullis misses %s!,1
dbridge.c:L597:pline:5,c_source,dbridge.c,597,pline,do_entity,1,dbridge,%s crushed underneath the drawbridge.,1
dbridge.c:L611:pline:6,c_source,dbridge.c,611,pline,do_entity,1,dbridge,%s crushed by the falling portcullis!,1
dbridge.c:L617:You_hear:7,c_source,dbridge.c,617,You_hear,do_entity,1,dbridge,You hear a crushing sound.,0
dbridge.c:L699:You:8,c_source,dbridge.c,699,You,do_entity,1,dbridge,You tumble towards the closed portcullis!,0
dbridge.c:L701:You:9,c_source,dbridge.c,701,You,do_entity,1,dbridge,You pass through it!,0
dbridge.c:L705:pline_The:10,c_source,dbridge.c,705,pline_The,do_entity,1,dbridge,The drawbridge closes in...,0
dbridge.c:L707:pline:11,c_source,dbridge.c,707,pline,do_entity,1,dbridge,%s behind the drawbridge.,1
dbridge.c:L722:You_hear:12,c_source,dbridge.c,722,You_hear,do_entity,1,dbridge,You hear a splash.,0
dbridge.c:L727:pline:13,c_source,dbridge.c,727,pline,do_entity,1,dbridge,%s from the bridge.,1
dbridge.c:L741:pline:15,c_source,dbridge.c,741,pline,do_entity,1,dbridge,%s into the %s.,2
dbridge.c:L777:You_see:16,c_source,dbridge.c,777,You_see,close_drawbridge,1,dbridge,You see a drawbridge %s up!,1
dbridge.c:L789:You_hear:17,c_source,dbridge.c,789,You_hear,close_drawbridge,1,dbridge,You hear chains rattling and gears turning.,0
dbridge.c:L813:You_hear:18,c_source,dbridge.c,813,You_hear,close_drawbridge,1,dbridge,You hear smashing and crushing.,0
dbridge.c:L840:You_see:19,c_source,dbridge.c,840,You_see,open_drawbridge,1,dbridge,You see a drawbridge %s down!,1
dbridge.c:L852:You_hear:20,c_source,dbridge.c,852,You_hear,open_drawbridge,1,dbridge,You hear gears turning and chains rattling.,0
dbridge.c:L906:pline_The:21,c_source,dbridge.c,906,pline_The,destroy_drawbridge,1,dbridge,The portcullis of the drawbridge falls into the %s!,1
dbridge.c:L910:You_hear:22,c_source,dbridge.c,910,You_hear,destroy_drawbridge,1,dbridge,You hear a loud *SPLASH*!,0
dbridge.c:L912:pline_The:23,c_source,dbridge.c,912,pline_The,destroy_drawbridge,1,dbridge,The drawbridge collapses into the %s!,1
dbridge.c:L914:You_hear:24,c_source,dbridge.c,914,You_hear,destroy_drawbridge,1,dbridge,You hear a loud *SPLASH*!,0
dbridge.c:L925:pline_The:25,c_source,dbridge.c,925,pline_The,destroy_drawbridge,1,dbridge,The drawbridge disintegrates!,0
dbridge.c:L927:You_hear:26,c_source,dbridge.c,927,You_hear,destroy_drawbridge,1,dbridge,You hear a loud *CRASH*!,0
dbridge.c:L962:pline:27,c_source,dbridge.c,962,pline,destroy_drawbridge,1,dbridge,%s blown apart by flying debris.,1
dbridge.c:L985:pline:28,c_source,dbridge.c,985,pline,destroy_drawbridge,1,dbridge,%s into some heavy metal!,1
dbridge.c:L987:pline:29,c_source,dbridge.c,987,pline,destroy_drawbridge,1,dbridge,%s hit by a huge chunk of metal!,1
dbridge.c:L994:You_hear:30,c_source,dbridge.c,994,You_hear,destroy_drawbridge,1,dbridge,You hear a crushing sound.,0
decl.c:L989:raw_printf:0,c_source,decl.c,989,raw_printf,unknown,1,decl,"\
                 ""decl_globals_init: %s.havestate not True.""",0
detect.c:L402:You:0,c_source,detect.c,402,You,gold_detect,1,detection,You notice some gold between your %s.,1
detect.c:L505:You:2,c_source,detect.c,505,You,food_detect,1,detection,You sense a lack of %s nearby.,1
detect.c:L534:You:4,c_source,detect.c,534,You,food_detect,1,detection,You %s %s nearby.,2
detect.c:L579:Your:7,c_source,detect.c,579,Your,food_detect,1,detection,Your %s tingles and you smell %s.,2
detect.c:L581:You:8,c_source,detect.c,581,You,food_detect,1,detection,You sense %s.,1
detect.c:L611:impossible:9,c_source,detect.c,611,impossible,object_detect,1,detection,object_detect:  illegal class %d,1
detect.c:L684:You:10,c_source,detect.c,684,You,object_detect,1,detection,You sense %s nearby.,1
detect.c:L770:You:11,c_source,detect.c,770,You,object_detect,1,detection,You detect the %s of %s.,2
detect.c:L836:pline:13,c_source,detect.c,836,pline,monster_detect,1,detection,Monsters sense the presence of you.,0
detect.c:L1071:Your:15,c_source,detect.c,1071,Your,trap_detect,1,detection,Your %s itch.,1
detect.c:L1111:Your:17,c_source,detect.c,1111,Your,furniture_detect,1,detection,Your map already shows all relevant locations.,0
detect.c:L1210:pline:19,c_source,detect.c,1210,pline,use_crystal_ball,1,detection,%s too much to comprehend!,1
detect.c:L1214:pline:20,c_source,detect.c,1214,pline,use_crystal_ball,1,detection,%s you!,1
detect.c:L1219:pline:21,c_source,detect.c,1219,pline,use_crystal_ball,1,detection,%s your vision!,1
detect.c:L1226:pline:22,c_source,detect.c,1226,pline,use_crystal_ball,1,detection,%s your vision.,1
detect.c:L1227:You:23,c_source,detect.c,1227,You,use_crystal_ball,1,detection,You are unaffected!,0
detect.c:L1230:pline:24,c_source,detect.c,1230,pline,use_crystal_ball,1,detection,%s your mind!,1
detect.c:L1249:pline:26,c_source,detect.c,1249,pline,use_crystal_ball,1,detection,All you see is funky %s haze.,1
detect.c:L1258:You:27,c_source,detect.c,1258,You,use_crystal_ball,1,detection,You grok some groovy globs of incandescent lava.,0
detect.c:L1261:pline:28,c_source,detect.c,1261,pline,use_crystal_ball,1,detection,"Whoa!  Psychedelic colors, %s!",1
detect.c:L1266:pline_The:29,c_source,detect.c,1266,pline_The,use_crystal_ball,1,detection,The crystal pulses with sinister %s light!,1
detect.c:L1271:You_see:30,c_source,detect.c,1271,You_see,use_crystal_ball,1,detection,You see goldfish swimming above fluorescent rocks.,0
detect.c:L1274:You_see:31,c_source,detect.c,1274,You_see,use_crystal_ball,1,detection,You see tiny snowflakes spinning around a miniature farmhouse.,0
detect.c:L1278:pline:32,c_source,detect.c,1278,pline,use_crystal_ball,1,detection,Oh wow... like a kaleidoscope!,0
detect.c:L1346:You_see:38,c_source,detect.c,1346,You_see,use_crystal_ball,1,detection,"You see %s, %s.",2
detect.c:L1349:You_see:39,c_source,detect.c,1349,You_see,use_crystal_ball,1,detection,You see the Wizard of Yendor gazing out at you.,0
detect.c:L1544:You:41,c_source,detect.c,1544,You,do_vicinity_map,1,detection,You sense your surroundings.,0
detect.c:L1739:Norep:42,c_source,detect.c,1739,Norep,openone,1,detection,You %s an explosion!,1
detect.c:L1841:You:43,c_source,detect.c,1841,You,findit,1,detection,You reveal %s!,1
detect.c:L1852:You:44,c_source,detect.c,1852,You,findit,1,detection,You detect %s!,1
detect.c:L1859:You_feel:45,c_source,detect.c,1859,You_feel,findit,1,detection,You feel %sless paranoid.,1
detect.c:L1880:pline:47,c_source,detect.c,1880,pline,openit,1,detection,Its mouth opens!,0
detect.c:L1887:pline:49,c_source,detect.c,1887,pline,openit,1,detection,%s unfolds!,1
detect.c:L1998:Norep:54,c_source,detect.c,1998,Norep,dosearch0,1,detection,What are you looking for?  The exit?,0
detect.c:L2381:pline:58,c_source,detect.c,2381,pline,reveal_terrain,1,detection,Showing %s only...,1
dig.c:L97:pline:1,c_source,dig.c,97,pline,mkcavearea,1,dig,Crash!  The ceiling collapses around you!,0
dig.c:L98:pline:2,c_source,dig.c,98,pline,mkcavearea,1,dig,A mysterious force %s cave around you!,1
dig.c:L261:You:3,c_source,dig.c,261,You,digcheck_fail_message,1,dig,You cannot %s thin air.,1
dig.c:L265:pline_The:4,c_source,dig.c,265,pline_The,digcheck_fail_message,1,dig,The altar is too hard to break apart.,0
dig.c:L268:There:5,c_source,dig.c,268,There,digcheck_fail_message,1,dig,There isn't enough room to %s here.,1
dig.c:L271:pline_The:6,c_source,dig.c,271,pline_The,digcheck_fail_message,1,dig,The ladder resists your effort.,0
dig.c:L274:pline_The:7,c_source,dig.c,274,pline_The,digcheck_fail_message,1,dig,The stairs are too hard to %s.,1
dig.c:L277:pline_The:8,c_source,dig.c,277,pline_The,digcheck_fail_message,1,dig,The throne is too hard to break apart.,0
dig.c:L282:pline_The:9,c_source,dig.c,282,pline_The,digcheck_fail_message,1,dig,The %s here is too hard to %s.,2
dig.c:L286:pline_The:10,c_source,dig.c,286,pline_The,digcheck_fail_message,1,dig,The %s splashes and subsides.,1
dig.c:L334:You:13,c_source,dig.c,334,You,dig,1,dig,You fumble and drop %s.,1
dig.c:L340:pline:14,c_source,dig.c,340,pline,dig,1,dig,%s and %s %s!,3
dig.c:L344:pline:15,c_source,dig.c,344,pline,dig,1,dig,Ouch!  %s and %s you!,2
dig.c:L349:pline:16,c_source,dig.c,349,pline,dig,1,dig,Bang!  You hit with the broad side of %s!,1
dig.c:L402:You:19,c_source,dig.c,402,You,dig,1,dig,You destroy the bear trap with %s.,1
dig.c:L414:You:20,c_source,dig.c,414,You,dig,1,dig,You destroy %s with %s.,2
dig.c:L656:impossible:24,c_source,dig.c,656,impossible,digactualhole,1,dig,digactualhole: can't dig %s on this level.,1
dig.c:L696:You:25,c_source,dig.c,696,You,digactualhole,1,dig,You dig an adjacent %s.,1
dig.c:L698:You:26,c_source,dig.c,698,You,digactualhole,1,dig,You dig %s %s the %s.,3
dig.c:L703:pline:27,c_source,dig.c,703,pline,digactualhole,1,dig,%s digs %s %s the %s.,4
dig.c:L708:pline_The:28,c_source,dig.c,708,pline_The,digactualhole,1,dig,The %s crumbles into %s.,2
dig.c:L709:pline:29,c_source,dig.c,709,pline,digactualhole,1,dig,%s appears in the %s.,2
dig.c:L712:pline_The:30,c_source,dig.c,712,pline_The,digactualhole,1,dig,The %s falls into the %s!,2
dig.c:L743:pline:31,c_source,dig.c,743,pline,digactualhole,1,dig,%s %s over the pit.,2
dig.c:L778:You:33,c_source,dig.c,778,You,digactualhole,1,dig,You fall through...,0
dig.c:L809:pline:34,c_source,dig.c,809,pline,digactualhole,1,dig,%s avoids the trap.,1
dig.c:L839:impossible:35,c_source,dig.c,839,impossible,liquid_flow,1,dig,"Insane liquid_flow(%d,%d,%s,%s).",4
dig.c:L853:pline:36,c_source,dig.c,853,pline,liquid_flow,1,dig,fillmsg,0
dig.c:L908:pline_The:37,c_source,dig.c,908,pline_The,dighole,1,dig,The %s %shere is too hard to dig in.,2
dig.c:L935:pline_The:40,c_source,dig.c,935,pline_The,dighole,1,dig,The boulder settles into the %spit.,1
dig.c:L946:pline:41,c_source,dig.c,946,pline,dighole,1,dig,KADOOM!  The boulder falls in!,0
dig.c:L963:pline_The:42,c_source,dig.c,963,pline_The,dighole,1,dig,The %s %shere is too hard to dig in.,2
dig.c:L977:pline_The:43,c_source,dig.c,977,pline_The,dighole,1,dig,The throne is too hard to break apart.,0
dig.c:L978:pline_The:44,c_source,dig.c,978,pline_The,dighole,1,dig,The altar is too hard to break apart.,0
dig.c:L1037:You:46,c_source,dig.c,1037,You,dig_up_grave,1,dig,You disturb the honorable dead!,0
dig.c:L1044:You:47,c_source,dig.c,1044,You,dig_up_grave,1,dig,You have violated the sanctity of this grave!,0
dig.c:L1049:You:48,c_source,dig.c,1049,You,dig_up_grave,1,dig,You unearth a corpse.,0
dig.c:L1069:pline_The:51,c_source,dig.c,1069,pline_The,dig_up_grave,1,dig,The grave is unoccupied.  Strange...,0
dig.c:L1100:pline:52,c_source,dig.c,1100,pline,use_pick_axe,1,dig,%s you can't %s while entangled in a web.,2
dig.c:L1140:getdir:53,c_source,dig.c,1140,getdir,use_pick_axe,3,dig,qbuf,2
dig.c:L1159:pline:54,c_source,dig.c,1159,pline,use_pick_axe2,1,dig,Turbulence torpedoes your %s attempts.,1
dig.c:L1160:You:55,c_source,dig.c,1160,You,use_pick_axe2,1,dig,You don't have enough leverage.,0
dig.c:L1184:pline:58,c_source,dig.c,1184,pline,use_pick_axe2,1,dig,Clash!,0
dig.c:L1199:There:59,c_source,dig.c,1199,There,use_pick_axe2,1,dig,There is a spider web there!,0
dig.c:L1202:pline:60,c_source,dig.c,1202,pline,use_pick_axe2,1,dig,%s entangled in the web.,1
dig.c:L1213:pline:61,c_source,dig.c,1213,pline,use_pick_axe2,1,dig,Clang!,0
dig.c:L1215:pline:62,c_source,dig.c,1215,pline,use_pick_axe2,1,dig,Splash!,0
dig.c:L1216:pline:63,c_source,dig.c,1216,pline,use_pick_axe2,1,dig,Splash!,0
dig.c:L1219:You:64,c_source,dig.c,1219,You,use_pick_axe2,1,dig,You need an axe to cut down a tree.,0
dig.c:L1221:You:65,c_source,dig.c,1221,You,use_pick_axe2,1,dig,You need a pick to dig rock.,0
dig.c:L1232:pline:66,c_source,dig.c,1232,pline,use_pick_axe2,1,dig,Sparks fly as you whack the %s.%s,2
dig.c:L1255:You:68,c_source,dig.c,1255,You,use_pick_axe2,1,dig,You clear some debris from between the pits.,0
dig.c:L1258:You:69,c_source,dig.c,1258,You,use_pick_axe2,1,dig,"You swing %s, but the rubble has no place to go.",1
dig.c:L1262:You:70,c_source,dig.c,1262,You,use_pick_axe2,1,dig,You swing %s through thin air.,1
dig.c:L1295:You:71,c_source,dig.c,1295,You,use_pick_axe2,1,dig,You start %s.,1
dig.c:L1303:You:73,c_source,dig.c,1303,You,use_pick_axe2,1,dig,You swing %s through thin air.,1
dig.c:L1309:You:74,c_source,dig.c,1309,You,use_pick_axe2,1,dig,You cannot stay under%s long enough.,1
dig.c:L1323:pline:75,c_source,dig.c,1323,pline,use_pick_axe2,1,dig,%s merely scratches the %s.,2
dig.c:L1337:You:76,c_source,dig.c,1337,You,use_pick_axe2,1,dig,You start %s downward.,1
dig.c:L1374:verbalize:78,c_source,dig.c,1374,verbalize,watch_dig,1,dig,"Halt, vandal!  You're under arrest!",0
dig.c:L1389:verbalize:79,c_source,dig.c,1389,verbalize,watch_dig,1,dig,"Hey, stop damaging that %s!",1
dig.c:L1443:impossible:80,c_source,dig.c,1443,impossible,mdig_tunnel,1,dig,"mdig_tunnel:  %s at (%d,%d) is undiggable",3
dig.c:L1507:You_feel:83,c_source,dig.c,1507,You_feel,draft_message,1,dig,You feel like you are %s.,1
dig.c:L1516:You_feel:84,c_source,dig.c,1516,You_feel,draft_message,1,dig,You feel a draft.,0
dig.c:L1529:You_feel:85,c_source,dig.c,1529,You_feel,draft_message,1,dig,You feel like %s.,1
dig.c:L1554:You:86,c_source,dig.c,1554,You,zap_dig,1,dig,You pierce %s %s wall!,2
dig.c:L1578:You:88,c_source,dig.c,1578,You,zap_dig,1,dig,You loosen a rock from the %s.,1
dig.c:L1581:pline:89,c_source,dig.c,1581,pline,zap_dig,1,dig,It falls on your %s!,1
dig.c:L1678:pline_The:91,c_source,dig.c,1678,pline_The,zap_dig,1,dig,The wall glows then fades.,0
dig.c:L1687:pline_The:92,c_source,dig.c,1687,pline_The,zap_dig,1,dig,The tree shudders but is unharmed.,0
dig.c:L1695:pline_The:93,c_source,dig.c,1695,pline_The,zap_dig,1,dig,The rock glows then fades.,0
dig.c:L1966:pline_The:94,c_source,dig.c,1966,pline_The,bury_an_obj,1,dig,The iron ball gets buried!,0
dig.c:L2052:You:95,c_source,dig.c,2052,You,bury_objs,1,dig,You owe %s %ld %s for burying merchandise.,3
dig.c:L2132:Your:96,c_source,dig.c,2132,Your,rot_corpse,1,dig,Your %s%s %s away%c,4
dig.c:L2171:pline_The:97,c_source,dig.c,2171,pline_The,bury_monst,1,dig,"The %s opens up, but %s is not swallowed!",2
dig.c:L2175:pline_The:98,c_source,dig.c,2175,pline_The,bury_monst,1,dig,The %s opens up and swallows %s!,2
dig.c:L2187:pline_The:100,c_source,dig.c,2187,pline_The,bury_you,1,dig,The %s opens beneath you and you fall in!,1
dig.c:L2230:You:102,c_source,dig.c,2230,You,escape_tomb,1,dig,You %s up through the %s.,2
dig.c:L2276:pline:104,c_source,dig.c,2276,pline,wiz_debug_cmd_bury,1,dig,No objects here or adjacent to bury.,0
dig.c:L2288:pline:105,c_source,dig.c,2288,pline,wiz_debug_cmd_bury,1,dig,No objects buried.,0
dig.c:L2294:pline:106,c_source,dig.c,2294,pline,wiz_debug_cmd_bury,1,dig,%d object%s buried.,2
display.c:L529:impossible:0,c_source,display.c,529,impossible,display_monster,1,display,display_monster:  bad m_ap_type value [ = %d ],1
display.c:L641:impossible:1,c_source,display.c,641,impossible,display_warning,1,display,display_warning did not match warning type?,0
display.c:L2017:impossible:2,c_source,display.c,2017,impossible,show_glyph,1,display,"show_glyph:  bad pos <%d,%d> with glyph %d [%s %d].",5
display.c:L2021:impossible:3,c_source,display.c,2021,impossible,show_glyph,1,display,"show_glyph:  bad glyph %d [max %d] at <%d,%d>.",4
display.c:L2408:impossible:4,c_source,display.c,2408,impossible,back_to_glyph,1,display,Strange db-under: %d,1
display.c:L2426:impossible:5,c_source,display.c,2426,impossible,back_to_glyph,1,display,back_to_glyph:  unknown level type [ = %d ],1
display.c:L2452:impossible:6,c_source,display.c,2452,impossible,swallow_to_glyph,1,display,swallow_to_glyph: bad swallow location,0
display.c:L2474:impossible:7,c_source,display.c,2474,impossible,zapdir_to_glyph,1,display,zapdir_to_glyph:  illegal beam type,0
display.c:L2575:impossible:8,c_source,display.c,2575,impossible,get_bkglyph_and_framecolor,1,display,null framecolor passed to get_bkglyph_and_framecolor,0
display.c:L3123:pline:9,c_source,display.c,3123,pline,error4,1,display,"set_wall_state: %s @ (%d,%d) %s%s%s%s",7
display.c:L3345:pline:10,c_source,display.c,3345,pline,set_wall_state,1,display,set_wall_type: wall mode problems with: ,0
display.c:L3346:pline:11,c_source,display.c,3346,pline,set_wall_state,1,display,%s %d;,2
display.c:L3487:impossible:12,c_source,display.c,3487,impossible,t_warn,1,display,warn_str,0
display.c:L3594:impossible:13,c_source,display.c,3594,impossible,wall_angle,1,display,wall_angle: unknown T wall mode %d,1
display.c:L3615:impossible:14,c_source,display.c,3615,impossible,wall_angle,1,display,wall_angle: unknown vwall mode %d,1
display.c:L3633:impossible:15,c_source,display.c,3633,impossible,wall_angle,1,display,wall_angle: unknown hwall mode %d,1
display.c:L3669:impossible:16,c_source,display.c,3669,impossible,wall_angle,1,display,wall_angle: unknown %s mode %d,2
display.c:L3753:impossible:17,c_source,display.c,3753,impossible,wall_angle,1,display,wall_angle: bottom of crwall check,0
display.c:L3776:impossible:18,c_source,display.c,3776,impossible,wall_angle,1,display,wall_angle: unknown crosswall mode,0
display.c:L3780:impossible:19,c_source,display.c,3780,impossible,wall_angle,1,display,wall_angle: unexpected wall type %d,1
do.c:L55:impossible:0,c_source,do.c,55,impossible,boulder_hits_pool,1,general_action,Not a boulder?,0
do.c:L102:pline:1,c_source,do.c,102,pline,boulder_hits_pool,1,general_action,%s %s %s into the %s.,4
do.c:L105:pline:2,c_source,do.c,105,pline,boulder_hits_pool,1,general_action,Now you can cross it!,0
do.c:L112:There:3,c_source,do.c,112,There,boulder_hits_pool,1,general_action,There is a large splash as %s %s the %s.,3
do.c:L120:You_hear:4,c_source,do.c,120,You_hear,boulder_hits_pool,1,general_action,You hear a%s splash.,1
do.c:L129:You:5,c_source,do.c,129,You,boulder_hits_pool,1,general_action,You find yourself on dry land again!,0
do.c:L132:You:6,c_source,do.c,132,You,boulder_hits_pool,1,general_action,You are hit by molten %s%c,2
do.c:L142:pline:7,c_source,do.c,142,pline,boulder_hits_pool,1,general_action,It sinks without a trace!,0
do.c:L192:pline:8,c_source,do.c,192,pline,flooreffects,1,general_action,%s boulder %s into the pit%s.,3
do.c:L214:pline:9,c_source,do.c,214,pline,flooreffects,1,general_action,%s is %s!,2
do.c:L239:You_hear:10,c_source,do.c,239,You_hear,flooreffects,1,general_action,You hear a CRASH! beneath you.,0
do.c:L241:pline_The:11,c_source,do.c,241,pline_The,flooreffects,1,general_action,The boulder %s%s.,2
do.c:L248:You_hear:12,c_source,do.c,248,You_hear,flooreffects,1,general_action,You hear a boulder %s.,1
do.c:L276:pline:13,c_source,do.c,276,pline,flooreffects,1,general_action,Splash!,0
do.c:L278:pline:14,c_source,do.c,278,pline,flooreffects,1,general_action,Plop!,0
do.c:L290:You_hear:15,c_source,do.c,290,You_hear,flooreffects,1,general_action,You hear %s tumble downwards.,1
do.c:L292:pline:16,c_source,do.c,292,pline,flooreffects,1,general_action,%s into %s pit.,2
do.c:L331:pline:17,c_source,do.c,331,pline,flooreffects,1,general_action,%s up as %s the hot ground.,2
do.c:L342:pline:18,c_source,do.c,342,pline,flooreffects,1,general_action,%s from the heat!,1
do.c:L346:You_hear:19,c_source,do.c,346,You_hear,flooreffects,1,general_action,You hear a shattering noise.,0
do.c:L373:There:20,c_source,do.c,373,There,doaltarobj,1,general_action,There is %s flash as %s %s the altar.,3
do.c:L381:pline:21,c_source,do.c,381,pline,doaltarobj,1,general_action,%s %s on the altar.,2
do.c:L501:You:25,c_source,do.c,501,You,dosinkring,1,general_action,"You thought %s got lost in the sink, but there it is!",1
do.c:L505:pline_The:26,c_source,do.c,505,pline_The,dosinkring,1,general_action,The ring is regurgitated!,0
do.c:L511:You:28,c_source,do.c,511,You,dosinkring,1,general_action,You smell rotten %s.,1
do.c:L515:pline:29,c_source,do.c,515,pline,dosinkring,1,general_action,Several %s buzz angrily around the sink.,1
do.c:L521:pline:30,c_source,do.c,521,pline,dosinkring,1,general_action,Static electricity surrounds the sink.,0
do.c:L524:You_hear:31,c_source,do.c,524,You_hear,dosinkring,1,general_action,You hear loud noises coming from the drain.,0
do.c:L540:pline_The:35,c_source,do.c,540,pline_The,dosinkring,1,general_action,The %s flow %s the drain.,2
do.c:L557:pline:37,c_source,do.c,557,pline,dosinkring,1,general_action,"Suddenly, %s %s from the sink!",2
do.c:L563:pline:38,c_source,do.c,563,pline,dosinkring,1,general_action,Several flies buzz around the sink.,0
do.c:L572:pline_The:39,c_source,do.c,572,pline_The,dosinkring,1,general_action,The sink %svanishes.,1
do.c:L589:pline_The:41,c_source,do.c,589,pline_The,dosinkring,1,general_action,The sink looks as good as new.,0
do.c:L594:You:42,c_source,do.c,594,You,dosinkring,1,general_action,You don't see anything happen to the sink.,0
do.c:L599:You_see:44,c_source,do.c,599,You_see,dosinkring,1,general_action,You see some %s in the sink.,1
do.c:L615:pline_The:48,c_source,do.c,615,pline_The,dosinkring,1,general_action,The sink looks nothing like a fountain.,0
do.c:L626:pline_The:51,c_source,do.c,626,pline_The,dosinkring,1,general_action,The sink looks like it is being beamed aboard somewhere.,0
do.c:L636:You_hear:53,c_source,do.c,636,You_hear,dosinkring,1,general_action,You hear the ring bouncing down the drainpipe.,0
do.c:L637:pline_The:54,c_source,do.c,637,pline_The,dosinkring,1,general_action,"The sink backs up, leaving %s.",1
do.c:L656:Norep:55,c_source,do.c,656,Norep,canletgo,1,general_action,You cannot %s %s you are wearing.,2
do.c:L693:pline_The:58,c_source,do.c,693,pline_The,canletgo,1,general_action,The leash is tied around your %s.,1
do.c:L696:You:59,c_source,do.c,696,You,canletgo,1,general_action,You cannot %s %s you are sitting on.,2
do.c:L861:pline:63,c_source,do.c,861,pline,engulfer_digests_food,1,general_action,%s instantly digested!,1
do.c:L912:You:64,c_source,do.c,912,You,doddrop,1,general_action,You have nothing to drop.,0
do.c:L1161:Your:67,c_source,do.c,1161,Your,dodown,1,general_action,Your latent levitation ceases.,0
do.c:L1222:You_cant:72,c_source,do.c,1222,You_cant,dodown,1,general_action,You can't go down here%s.,1
do.c:L1231:pline:74,c_source,do.c,1231,pline,dodown,1,general_action,Unspeakable cruelty and harm lurk down there.,0
do.c:L1235:pline:75,c_source,do.c,1235,pline,dodown,1,general_action,So be it.,0
do.c:L1237:You:76,c_source,do.c,1237,You,dodown,1,general_action,You are held back by your pet!,0
do.c:L1244:You:77,c_source,do.c,1244,You,dodown,1,general_action,You don't fit %s easily.,1
do.c:L1258:You:78,c_source,do.c,1258,You,dodown,1,general_action,You were unable to fit %s.,1
do.c:L1264:You:79,c_source,do.c,1264,You,dodown,1,general_action,You %s %s the %s.,3
do.c:L1321:You:82,c_source,do.c,1321,You,doup,1,general_action,You are held back by your pet!,0
do.c:L1432:pline:84,c_source,do.c,1432,pline,u_collide_m,1,general_action,(monster in hero's way),0
do.c:L1566:pline:86,c_source,do.c,1566,pline,goto_level,1,general_action,A mysterious force prevents you from descending.,0
do.c:L1682:impossible:87,c_source,do.c,1682,impossible,goto_level,1,general_action,goto_level: returning to discarded level?,0
do.c:L1724:impossible:88,c_source,do.c,1724,impossible,goto_level,1,general_action,goto_level: no corresponding portal!,0
do.c:L1743:pline:89,c_source,do.c,1743,pline,goto_level,1,general_action,%s %s up%s the %s.,4
do.c:L1764:You:90,c_source,do.c,1764,You,goto_level,1,general_action,You fly down %s.,1
do.c:L1768:You:91,c_source,do.c,1768,You,goto_level,1,general_action,You fall down the %s.,1
do.c:L1845:You:93,c_source,do.c,1845,You,goto_level,1,general_action,You arrive at the Valley of the Dead...,0
do.c:L1849:pline_The:94,c_source,do.c,1849,pline_The,goto_level,1,general_action,The odor of burnt flesh and decay pervades the air.,0
do.c:L1854:You_hear:95,c_source,do.c,1854,You_hear,goto_level,1,general_action,You hear groans and moans everywhere.,0
do.c:L1877:You:96,c_source,do.c,1877,You,goto_level,1,general_action,You have penetrated a high security area!,0
do.c:L1880:pline:97,c_source,do.c,1880,pline,goto_level,1,general_action,An alarm sounds!,0
do.c:L1975:pline:99,c_source,do.c,1975,pline,hellish_smoke_mesg,1,general_action,It is %s here.,1
do.c:L1981:You:100,c_source,do.c,1981,You,hellish_smoke_mesg,1,general_action,You %s smoke...,1
do.c:L1993:pline_The:101,c_source,do.c,1993,pline_The,temperature_change_msg,1,general_action,The heat %s gone.,1
do.c:L2150:pline:106,c_source,do.c,2150,pline,revive_corpse,1,general_action,%s rises from the dead%s!,2
do.c:L2155:pline:107,c_source,do.c,2155,pline,revive_corpse,1,general_action,%s disappears%s!,2
do.c:L2163:pline:108,c_source,do.c,2163,pline,revive_corpse,1,general_action,"Startled, %s drops %s as it %s!",3
do.c:L2183:impossible:110,c_source,do.c,2183,impossible,revive_corpse,1,general_action,reviving corpse from non-existent container,0
do.c:L2197:pline:113,c_source,do.c,2197,pline,revive_corpse,1,general_action,%s escapes from %s!,2
do.c:L2216:impossible:116,c_source,do.c,2216,impossible,revive_corpse,1,general_action,revive_corpse: lost corpse @ %d,1
do.c:L2246:pline:119,c_source,do.c,2246,pline,revive_mon,1,general_action,%s teleports.,1
do.c:L2264:You_feel:120,c_source,do.c,2264,You_feel,revive_mon,1,general_action,You feel %sless hassled.,1
do.c:L2305:Norep:122,c_source,do.c,2305,Norep,cmd_safety_prevention,1,general_action,%s doesn't feel like a good idea right now.,1
do.c:L2362:Your:125,c_source,do.c,2362,Your,dowipe,1,general_action,Your %s is already clean.,1
do.c:L2373:pline:126,c_source,do.c,2373,pline,legs_in_no_shape,1,general_action,%s is in no shape for %s.,2
do.c:L2381:Your:127,c_source,do.c,2381,Your,legs_in_no_shape,1,general_action,Your %s%s %s in no shape for %s.,4
do.c:L2443:Your:128,c_source,do.c,2443,Your,heal_legs,1,general_action,Your %s %s better.,2
do_name.c:L115:getlin:0,c_source,do_name.c,115,getlin,name_from_player,3,naming,prompt,0
do_name.c:L164:pline:1,c_source,do_name.c,164,pline,alreadynamed,1,naming,%s would rather keep %s existing %s.,3
do_name.c:L201:You:5,c_source,do_name.c,201,You,do_mgivenname,1,naming,You would never recognize it anyway.,0
do_name.c:L242:pline:7,c_source,do_name.c,242,pline,do_mgivenname,1,naming,I see no monster there.,0
do_name.c:L270:verbalize:9,c_source,do_name.c,270,verbalize,do_mgivenname,1,naming,"I'm %s, not %s.",2
do_name.c:L275:pline:10,c_source,do_name.c,275,pline,do_mgivenname,1,naming,%s will not accept the name %s.,2
do_name.c:L293:pline:11,c_source,do_name.c,293,pline,do_oname,1,naming,%s already has a published name.,1
do_name.c:L317:pline:12,c_source,do_name.c,317,pline,do_oname,1,naming,%s resists the attempt.,1
do_name.c:L346:pline:13,c_source,do_name.c,346,pline,do_oname,1,naming,"While engraving, your %s slips.",1
do_name.c:L349:You:14,c_source,do_name.c,349,You,do_oname,1,naming,"You engrave: ""%s"".",1
do_name.c:L572:You:15,c_source,do_name.c,572,You,docallcmd,1,naming,You would never recognize another one.,0
do_name.c:L574:You:16,c_source,do_name.c,574,You,docallcmd,1,naming,You know those as well as you ever will.,0
do_name.c:L693:There:17,c_source,do_name.c,693,There,namefloorobj,1,naming,There doesn't seem to be any object %s.,1
do_name.c:L729:pline:18,c_source,do_name.c,729,pline,namefloorobj,1,naming,"%s %s to call you ""%s.""",3
do_name.c:L734:pline:19,c_source,do_name.c,734,pline,namefloorobj,1,naming,%s %s can't be assigned a type name.,2
do_name.c:L737:You:20,c_source,do_name.c,737,You,namefloorobj,1,naming,You don't know %s %s well enough to name %s.,3
do_name.c:L1344:impossible:21,c_source,do_name.c,1344,impossible,obj_pmname,1,naming,"obj_pmname otyp:%i,corpsenm:%i",2
do_wear.c:L245:impossible:8,c_source,do_wear.c,245,impossible,Boots_on,1,wear,unknown_type,0
do_wear.c:L309:impossible:10,c_source,do_wear.c,309,impossible,Boots_off,1,wear,unknown_type,0
do_wear.c:L366:impossible:14,c_source,do_wear.c,366,impossible,Cloak_on,1,wear,unknown_type,0
do_wear.c:L420:impossible:17,c_source,do_wear.c,420,impossible,Cloak_off,1,wear,unknown_type,0
do_wear.c:L499:impossible:22,c_source,do_wear.c,499,impossible,Helmet_on,1,wear,unknown_type,0
do_wear.c:L552:impossible:23,c_source,do_wear.c,552,impossible,Helmet_off,1,wear,unknown_type,0
do_wear.c:L586:impossible:24,c_source,do_wear.c,586,impossible,Gloves_on,1,wear,unknown_type,0
do_wear.c:L660:impossible:26,c_source,do_wear.c,660,impossible,Gloves_off,1,wear,unknown_type,0
do_wear.c:L710:impossible:27,c_source,do_wear.c,710,impossible,Shield_on,1,wear,unknown_type,0
do_wear.c:L738:impossible:28,c_source,do_wear.c,738,impossible,Shield_off,1,wear,unknown_type,0
do_wear.c:L751:impossible:29,c_source,do_wear.c,751,impossible,Shirt_on,1,wear,unknown_type,0
do_wear.c:L771:impossible:30,c_source,do_wear.c,771,impossible,Shirt_off,1,wear,unknown_type,0
do_wear.c:L2803:You:115,c_source,do_wear.c,2803,You,do_takeoff,1,wear,You %sno longer %s.,2
do_wear.c:L3323:You:130,c_source,do_wear.c,3323,You,inaccessible_equipment,1,wear,You need_to_take_off_outer_armor,0
do_wear.c:L3351:You:131,c_source,do_wear.c,3351,You,inaccessible_equipment,1,wear,You need_to_take_off_outer_armor,0
do_wear.c:L3360:You:132,c_source,do_wear.c,3360,You,inaccessible_equipment,1,wear,You need_to_take_off_outer_armor,0
dog.c:L120:pline:0,c_source,dog.c,120,pline,pick_familiar_pm,1,dog,... into a pile of dust.,0
dog.c:L272:impossible:4,c_source,dog.c,272,impossible,makedog,1,dog,makedog() when startingpet_mid is already non-zero?,0
dog.c:L562:impossible:5,c_source,dog.c,562,impossible,mon_arrive,1,dog,mon_arrive: no corresponding portal?,0
dog.c:L630:impossible:6,c_source,dog.c,630,impossible,mon_catchup_elapsed_time,1,dog,catchup from now?,0
dog.c:L705:impossible:7,c_source,dog.c,705,impossible,mon_catchup_elapsed_time,1,dog,catching up for leashed monster?,0
dog.c:L825:pline_mon:8,c_source,dog.c,825,pline_mon,keepdogs,1,dog,mtmp,0
dog.c:L835:pline:10,c_source,dog.c,835,pline,keepdogs,1,dog,%s leash suddenly comes loose.,1
dog.c:L845:impossible:11,c_source,dog.c,845,impossible,keepdogs,1,dog,steed left behind?,0
dog.c:L873:pline:12,c_source,dog.c,873,pline,keepdogs,1,dog,%s leash goes slack.,1
dog.c:L1155:pline_mon:13,c_source,dog.c,1155,pline_mon,tamedog,1,dog,mtmp,0
dog.c:L1187:pline_mon:14,c_source,dog.c,1187,pline_mon,tamedog,1,dog,mtmp,0
dog.c:L1247:pline_mon:16,c_source,dog.c,1247,pline_mon,tamedog,1,dog,mtmp,0
dog.c:L1294:pline_mon:17,c_source,dog.c,1294,pline_mon,wary_dog,1,dog,mtmp,0
dog.c:L1305:pline_mon:18,c_source,dog.c,1305,pline_mon,wary_dog,1,dog,mtmp,0
dog.c:L1314:pline_mon:19,c_source,dog.c,1314,pline_mon,wary_dog,1,dog,mtmp,0
dogmove.c:L283:pline_mon:0,c_source,dogmove.c,283,pline_mon,dog_eat,1,dogmove,mtmp,0
dogmove.c:L285:pline_mon:1,c_source,dogmove.c,285,pline_mon,dog_eat,1,dogmove,mtmp,0
dogmove.c:L289:pline:2,c_source,dogmove.c,289,pline,dog_eat,1,dogmove,It %s %s.,2
dogmove.c:L304:pline:3,c_source,dogmove.c,304,pline,dog_eat,1,dogmove,%s spits %s out in disgust!,2
dogmove.c:L333:pline:5,c_source,dogmove.c,333,pline,dog_eat,1,dogmove,That %s will cost you %ld %s.,3
dogmove.c:L339:Your:6,c_source,dogmove.c,339,Your,dog_starve,1,dogmove,Your leash goes slack.,0
dogmove.c:L344:pline_mon:7,c_source,dogmove.c,344,pline_mon,dog_starve,1,dogmove,mtmp,0
dogmove.c:L375:pline_mon:9,c_source,dogmove.c,375,pline_mon,dog_hunger,1,dogmove,mtmp,0
dogmove.c:L380:You_feel:10,c_source,dogmove.c,380,You_feel,dog_hunger,1,dogmove,You feel worried about %s.,1
dogmove.c:L991:impossible:11,c_source,dogmove.c,991,impossible,dog_move,1,dogmove,dog_move for non-pet?,0
dogmove.c:L1043:You:12,c_source,dogmove.c,1043,You,dog_move,1,dogmove,You get released!,0
dogmove.c:L1257:pline_mon:13,c_source,dogmove.c,1257,pline_mon,dog_move,1,dogmove,mtmp,0
dogmove.c:L1295:pline_mon:14,c_source,dogmove.c,1295,pline_mon,dog_move,1,dogmove,mtmp,0
dogmove.c:L1514:Your:15,c_source,dogmove.c,1514,Your,quickmimic,1,dogmove,Your leash goes slack.,0
dogmove.c:L1516:You:16,c_source,dogmove.c,1516,You,quickmimic,1,dogmove,You %s %s %s where %s was!,4
dogmove.c:L1519:You:17,c_source,dogmove.c,1519,You,quickmimic,1,dogmove,You sense that %s feels rather %s-ish.,2
dokick.c:L101:pline:1,c_source,dokick.c,101,pline,kickdmg,1,kick,%s reels from the blow.,1
dokick.c:L154:pline:2,c_source,dokick.c,154,pline,kick_monster,1,kick,"Floating in the air, you miss wildly!",0
dokick.c:L237:Your:6,c_source,dokick.c,237,Your,kick_monster,1,kick,Your clumsy kick does no damage.,0
dokick.c:L260:pline:8,c_source,dokick.c,260,pline,kick_monster,1,kick,%s blocks your %skick.,2
dokick.c:L268:pline:9,c_source,dokick.c,268,pline,kick_monster,1,kick,"%s %s, %s evading your %skick.",4
dokick.c:L301:pline_The:10,c_source,dokick.c,301,pline_The,ghitm,1,kick,The %s harmlessly %s %s.,3
dokick.c:L317:pline:11,c_source,dokick.c,317,pline,ghitm,1,kick,%s %scatches the gold.,2
dokick.c:L326:pline_The:12,c_source,dokick.c,326,pline_The,ghitm,1,kick,The amount %scovers %s recent losses.,2
dokick.c:L338:You:13,c_source,dokick.c,338,You,ghitm,1,kick,You have %ld %s in credit.,2
dokick.c:L341:verbalize:14,c_source,dokick.c,341,verbalize,ghitm,1,kick,"Thanks, scum!",0
dokick.c:L344:verbalize:15,c_source,dokick.c,344,verbalize,ghitm,1,kick,Thank you for your contribution.,0
dokick.c:L347:verbalize:16,c_source,dokick.c,347,verbalize,ghitm,1,kick,"Thanks, scum!",0
dokick.c:L357:verbalize:17,c_source,dokick.c,357,verbalize,ghitm,1,kick,"umoney ? ""Drop the rest and follow me.""
                      : hidden_gold(TRUE)
                        ? ""You still have hidden gold.  Drop it now.""
                        : mtmp->mpeaceful
                          ? ""I'll take care of that; please move along.""
                          : ""I'll take that; now get moving.""",0
dokick.c:L383:verbalize:18,c_source,dokick.c,383,verbalize,ghitm,1,kick,"That's not enough, coward!",0
dokick.c:L388:verbalize:19,c_source,dokick.c,388,verbalize,ghitm,1,kick,I don't take bribes from scum like you!,0
dokick.c:L391:verbalize:20,c_source,dokick.c,391,verbalize,ghitm,1,kick,That should do.  Now beat it!,0
dokick.c:L393:verbalize:21,c_source,dokick.c,393,verbalize,ghitm,1,kick,"Thanks for the tip, %s.",1
dokick.c:L451:You_hear:22,c_source,dokick.c,451,You_hear,container_impact_dmg,1,kick,You hear a muffled %s.,1
dokick.c:L519:You_cant:25,c_source,dokick.c,519,You_cant,really_kick_object,1,kick,You can't kick %s that's in a %s!,2
dokick.c:L529:Your:26,c_source,dokick.c,529,Your,really_kick_object,1,kick,Your clumsy kick missed.,0
dokick.c:L613:pline:29,c_source,dokick.c,613,pline,really_kick_object,1,kick,It doesn't come loose.,0
dokick.c:L615:pline:30,c_source,dokick.c,615,pline,really_kick_object,1,kick,%s %sn't come loose.,2
dokick.c:L620:pline:31,c_source,dokick.c,620,pline,really_kick_object,1,kick,It comes loose.,0
dokick.c:L622:pline:32,c_source,dokick.c,622,pline,really_kick_object,1,kick,%s %s loose.,2
dokick.c:L706:pline:39,c_source,dokick.c,706,pline,really_kick_object,1,kick,Whee!  %s %s across the %s.,3
dokick.c:L881:pline_The:43,c_source,dokick.c,881,pline_The,kick_ouch,1,kick,The drawbridge is unaffected.,0
dokick.c:L958:pline:47,c_source,dokick.c,958,pline,kick_door,1,kick,%s!!,1
dokick.c:L967:pline:48,c_source,dokick.c,967,pline,kick_nondoor,1,kick,Crash!  %s a secret door!,1
dokick.c:L993:pline:49,c_source,dokick.c,993,pline,kick_nondoor,1,kick,Crash!  You kick open a secret passage!,0
dokick.c:L1017:pline:50,c_source,dokick.c,1017,pline,kick_nondoor,1,kick,CRASH!  You destroy it.,0
dokick.c:L1020:pline:51,c_source,dokick.c,1020,pline,kick_nondoor,1,kick,CRASH!  You destroy the throne.,0
dokick.c:L1034:You:52,c_source,dokick.c,1034,You,kick_nondoor,1,kick,You kick %s loose!,1
dokick.c:L1036:You:53,c_source,dokick.c,1036,You,kick_nondoor,1,kick,You kick loose some ornamental coins and gems!,0
dokick.c:L1080:Your:56,c_source,dokick.c,1080,Your,kick_nondoor,1,kick,Your boots get wet.,0
dokick.c:L1114:pline:57,c_source,dokick.c,1114,pline,kick_nondoor,1,kick,Crack!  %s broke!,1
dokick.c:L1115:pline_The:58,c_source,dokick.c,1115,pline_The,kick_nondoor,1,kick,The headstone topples over and breaks!,0
dokick.c:L1145:pline:61,c_source,dokick.c,1145,pline,kick_nondoor,1,kick,%s falls from the tree!,1
dokick.c:L1155:pline:62,c_source,dokick.c,1155,pline,kick_nondoor,1,kick,%ld %s got caught in the branches.,2
dokick.c:L1173:pline:63,c_source,dokick.c,1173,pline,kick_nondoor,1,kick,You've attracted the tree's former occupants!,0
dokick.c:L1175:You:64,c_source,dokick.c,1175,You,kick_nondoor,1,kick,You smell stale honey.,0
dokick.c:L1189:pline:65,c_source,dokick.c,1189,pline,kick_nondoor,1,kick,Klunk!  The pipes vibrate noisily.,0
dokick.c:L1190:pline:66,c_source,dokick.c,1190,pline,kick_nondoor,1,kick,Klunk!,0
dokick.c:L1205:You_hear:67,c_source,dokick.c,1205,You_hear,kick_nondoor,1,kick,You hear a gushing sound.,0
dokick.c:L1218:pline:69,c_source,dokick.c,1218,pline,kick_nondoor,1,kick,%s returns!,1
dokick.c:L1246:You:70,c_source,dokick.c,1246,You,dokick,1,kick,You have no legs to kick with.,0
dokick.c:L1254:yn_function:72,c_source,dokick.c,1254,yn_function,dokick,3,kick,Kick your steed?,0
dokick.c:L1274:Your:75,c_source,dokick.c,1274,Your,dokick,1,kick,Your legs cannot kick effectively.,0
dokick.c:L1278:Your:76,c_source,dokick.c,1278,Your,dokick,1,kick,Your slow motion kick doesn't hit anything.,0
dokick.c:L1285:pline:77,c_source,dokick.c,1285,pline,dokick,1,kick,There's not enough room to kick down here.,0
dokick.c:L1289:You_cant:78,c_source,dokick.c,1289,You_cant,dokick,1,kick,You can't move your %s!,1
dokick.c:L1295:pline:79,c_source,dokick.c,1295,pline,dokick,1,kick,There's not enough room to kick in here.,0
dokick.c:L1318:You_cant:81,c_source,dokick.c,1318,You_cant,dokick,1,kick,You can't move your %s!,1
dokick.c:L1326:pline:82,c_source,dokick.c,1326,pline,dokick,1,kick,%s burps loudly.,1
dokick.c:L1331:Your:83,c_source,dokick.c,1331,Your,dokick,1,kick,Your feeble kick has no effect.,0
dokick.c:L1355:You:85,c_source,dokick.c,1355,You,dokick,1,kick,You have nothing to brace yourself against.,0
dokick.c:L1434:You:86,c_source,dokick.c,1434,You,dokick,1,kick,You splash some %s around.,1
dokick.c:L1580:pline:87,c_source,dokick.c,1580,pline,impact_drop,1,kick,"From the impact, %sother %s.",2
dokick.c:L1584:pline:88,c_source,dokick.c,1584,pline,impact_drop,1,kick,%s adjacent %s %s.,3
dokick.c:L1589:pline:89,c_source,dokick.c,1589,pline,impact_drop,1,kick,%s adjacent %s %s.,3
dokick.c:L1598:You:90,c_source,dokick.c,1598,You,impact_drop,1,kick,You removed %ld %s worth of goods!,2
dokick.c:L1604:pline:91,c_source,dokick.c,1604,pline,impact_drop,1,kick,%s is infuriated!,1
dokick.c:L1607:pline:92,c_source,dokick.c,1607,pline,impact_drop,1,kick,"""%s, you are a thief!""",1
dokick.c:L1609:You_hear:93,c_source,dokick.c,1609,You_hear,impact_drop,1,kick,"You hear a scream, ""Thief!""",0
dokick.c:L1615:You:94,c_source,dokick.c,1615,You,impact_drop,1,kick,You owe %s %ld %s for goods lost.,3
dokick.c:L1721:You_hear:95,c_source,dokick.c,1721,You_hear,ship_object,1,kick,You hear a muffled %s.,1
dothrow.c:L120:pline:1,c_source,dothrow.c,120,pline,throw_obj,1,throw,%s must be wielded before it can be thrown.,1
dothrow.c:L127:pline:2,c_source,dothrow.c,127,pline,throw_obj,1,throw,It's too heavy.,0
dothrow.c:L139:You:4,c_source,dothrow.c,139,You,throw_obj,1,throw,You throw %s with your bare %s.,2
dothrow.c:L530:You:9,c_source,dothrow.c,530,You,dofire,1,throw,You have nothing appropriate for your quiver.,0
dothrow.c:L624:pline:11,c_source,dothrow.c,624,pline,hitfloor,1,throw,%s %s the %s.,3
dothrow.c:L768:You_feel:12,c_source,dothrow.c,768,You_feel,hurtle_step,1,throw,You feel the spirits holding you back.,0
dothrow.c:L805:You:15,c_source,dothrow.c,805,You,hurtle_step,1,throw,You crash into some iron bars.  Ouch!,0
dothrow.c:L807:You:16,c_source,dothrow.c,807,You,hurtle_step,1,throw,You bump into a %s.  Ouch!,1
dothrow.c:L812:You:17,c_source,dothrow.c,812,You,hurtle_step,1,throw,You smack into something!,0
dothrow.c:L821:You:18,c_source,dothrow.c,821,You,hurtle_step,1,throw,You %sget forcefully wedged into a crevice.,1
dothrow.c:L856:You:20,c_source,dothrow.c,856,You,hurtle_step,1,throw,You bump into %s.,1
dothrow.c:L875:You:21,c_source,dothrow.c,875,You,hurtle_step,1,throw,You come to an abrupt halt!,0
dothrow.c:L920:Norep:22,c_source,dothrow.c,920,Norep,hurtle_step,1,throw,You move over %s.,1
dothrow.c:L924:Norep:23,c_source,dothrow.c,924,Norep,hurtle_step,1,throw,You move over some lava.,0
dothrow.c:L940:pline:24,c_source,dothrow.c,940,pline,hurtle_step,1,throw,The ground vibrates as you pass it.,0
dothrow.c:L952:You:25,c_source,dothrow.c,952,You,hurtle_step,1,throw,You pass right over %s.,1
dothrow.c:L1013:pline:26,c_source,dothrow.c,1013,pline,mhurtle_step,1,throw,%s bumps into %s.,2
dothrow.c:L1033:pline:27,c_source,dothrow.c,1033,pline,mhurtle_step,1,throw,%s bumps into you.,1
dothrow.c:L1082:You_feel:28,c_source,dothrow.c,1082,You_feel,hurtle,1,throw,You feel a tug from the iron ball.,0
dothrow.c:L1096:You:30,c_source,dothrow.c,1096,You,hurtle,1,throw,You %s in the opposite direction.,1
dothrow.c:L1125:pline:31,c_source,dothrow.c,1125,pline,mhurtle,1,throw,%s doesn't budge!,1
dothrow.c:L1296:Your:34,c_source,dothrow.c,1296,Your,toss_up,1,throw,Your %s fails to protect you.,1
dothrow.c:L1301:pline:35,c_source,dothrow.c,1301,pline,toss_up,1,throw,You've got it all over your %s!,1
dothrow.c:L1398:pline_The:42,c_source,dothrow.c,1398,pline_The,toss_up,1,throw,The silver sears you!,0
dothrow.c:L1522:pline:44,c_source,dothrow.c,1522,pline,throwit,1,throw,%s as you throw it!,1
dothrow.c:L1620:pline:47,c_source,dothrow.c,1620,pline,throwit,1,throw,"You aren't wielding %s, so you throw your %s by %s.",3
dothrow.c:L1709:pline:50,c_source,dothrow.c,1709,pline,throwit,1,throw,%s to your hand!,1
dothrow.c:L1751:pline:52,c_source,dothrow.c,1751,pline,throwit,1,throw,"Blind
                                      ? ""%s lands %s your %s.""
                                      : ""%s back to you, landing %s your %s.""",0
dothrow.c:L1763:pline:54,c_source,dothrow.c,1763,pline,throwit,1,throw,"Blind
                                    ? ""%s your %s!""
                                    : ""%s back toward you, hitting your %s!""",0
dothrow.c:L1810:pline:57,c_source,dothrow.c,1810,pline,throwit,1,throw,%s to return!,1
dothrow.c:L1837:pline:58,c_source,dothrow.c,1837,pline,throwit,1,throw,"(weight(obj) > WT_SPLASH_THRESHOLD)
                      ? ""Splash!"" : ""Plop!""",0
dothrow.c:L1844:pline:59,c_source,dothrow.c,1844,pline,throwit,1,throw,%s snatches up %s.,2
dothrow.c:L2160:verbalize:65,c_source,dothrow.c,2160,verbalize,thitmonst,1,throw,%s part in this is finished.,1
dothrow.c:L2162:verbalize:66,c_source,dothrow.c,2162,verbalize,thitmonst,1,throw,"We will guard it in case it is ever needed again, %s forbid.",1
dothrow.c:L2174:pline:67,c_source,dothrow.c,2174,pline,thitmonst,1,throw,%s %s %s back to you.,3
dothrow.c:L2320:pline:68,c_source,dothrow.c,2320,pline,thitmonst,1,throw,%s into %s%s.,3
dothrow.c:L2479:pline:69,c_source,dothrow.c,2479,pline,release_camera_demon,1,throw,%s is released!,1
dothrow.c:L2635:impossible:72,c_source,dothrow.c,2635,impossible,breakmsg,1,throw,breaking odd object (%d)?,1
dothrow.c:L2644:You_hear:73,c_source,dothrow.c,2644,You_hear,breakmsg,1,throw,You hear %s shatter!,1
dothrow.c:L2645:pline:74,c_source,dothrow.c,2645,pline,breakmsg,1,throw,%s shatter%s%s!,3
dothrow.c:L2650:pline:75,c_source,dothrow.c,2650,pline,breakmsg,1,throw,Splat!,0
dothrow.c:L2654:pline:77,c_source,dothrow.c,2654,pline,breakmsg,1,throw,Splash!,0
dothrow.c:L2662:You:78,c_source,dothrow.c,2662,You,throw_gold,1,throw,You cannot throw gold at yourself.,0
dothrow.c:L2686:pline_The:79,c_source,dothrow.c,2686,pline_The,throw_gold,1,throw,The gold disappears into %s.,1
dothrow.c:L2703:pline:81,c_source,dothrow.c,2703,pline,throw_gold,1,throw,"Fortunately, you are wearing %s!",1
dungeon.c:L447:impossible:0,c_source,dungeon.c,447,impossible,correct_branch_type,1,dungeon,correct_branch_type: unknown branch type,0
dungeon.c:L765:impossible:1,c_source,dungeon.c,765,impossible,get_dgn_flags,1,dungeon,flags[%i] is not a string,1
dungeon.c:L769:impossible:2,c_source,dungeon.c,769,impossible,get_dgn_flags,1,dungeon,flags is not an array or string,0
dungeon.c:L1491:impossible:3,c_source,dungeon.c,1491,impossible,builds_up,1,dungeon,builds_up: can't find branch for dungeon %d,1
dungeon.c:L1557:You:4,c_source,dungeon.c,1557,You,earth_sense,1,dungeon,You sense something below your %s.,1
dungeon.c:L1913:impossible:5,c_source,dungeon.c,1913,impossible,In_W_tower,1,dungeon,No boundary for Wizard's Tower?,0
dungeon.c:L2452:impossible:6,c_source,dungeon.c,2452,impossible,recbranch_mapseen,1,dungeon,Two branches on the same level?,0
dungeon.c:L2470:You:8,c_source,dungeon.c,2470,You,print_level_annotation,1,dungeon,You remember this level as %s.,1
dungeon.c:L2498:getlin:9,c_source,dungeon.c,2498,getlin,query_annotation,3,dungeon,tmpbuf,2
dungeon.c:L2535:getlin:10,c_source,dungeon.c,2535,getlin,query_annotation,3,dungeon,qbuf,0
earlyarg.c:L506:raw_printf:0,c_source,earlyarg.c,506,raw_printf,argcheck,1,earlyarg,"-%sversion can only be extended with -%sversion:copy or :dump or :show.
",2
earlyarg.c:L822:raw_printf:1,c_source,earlyarg.c,822,raw_printf,dump_enums,1,earlyarg,enum %s = {,1
eat.c:L996:You:27,c_source,eat.c,996,You,givit,1,eat/hunger,"You Hallucination ? ""be chillin'."" : ""feel a momentary chill.""",0
eat.c:L1021:You_feel:30,c_source,eat.c,1021,You_feel,givit,1,eat/hunger,"You feel Hallucination ? ""totally together, man."" : ""very firm.""",0
eat.c:L1039:You_feel:33,c_source,eat.c,1039,You_feel,givit,1,eat/hunger,"You feel Poison_resistance ? ""especially healthy."" : ""healthy.""",0
eat.c:L1045:You_feel:34,c_source,eat.c,1045,You_feel,givit,1,eat/hunger,"You feel Hallucination ? ""diffuse."" : ""very jumpy.""",0
eat.c:L1052:You_feel:35,c_source,eat.c,1052,You_feel,givit,1,eat/hunger,"You feel Hallucination ? ""centered in your personal space.""
                                   : ""in control of yourself.""",0
eat.c:L1060:You_feel:36,c_source,eat.c,1060,You_feel,givit,1,eat/hunger,"You feel Hallucination ? ""in touch with the cosmos.""
                                   : ""a strange mental acuity.""",0
eat.c:L1919:You_feel:78,c_source,eat.c,1919,You_feel,eatcorpse,1,eat/hunger,You feel %ssick.,1
eat.c:L1984:pline:82,c_source,eat.c,1984,pline,eatcorpse,1,eat/hunger,%s%s %s %s%c,5
eat.c:L2115:pline:87,c_source,eat.c,2115,pline,fprefx,1,eat/hunger,"Hallucination ? ""Tastes great!  Less filling!""
                                : ""Mmm, tripe... not bad!""",0
eat.c:L2176:pline:95,c_source,eat.c,2176,pline,fprefx,1,eat/hunger,This %s is %s,2
eat.c:L2403:pline:102,c_source,eat.c,2403,pline,eatspecial,1,eat/hunger,Yuck%c,1
eat.c:L2414:pline:103,c_source,eat.c,2414,pline,eatspecial,1,eat/hunger,Yum%c,1
eat.c:L2432:pline:105,c_source,eat.c,2432,pline,eatspecial,1,eat/hunger,"Hallucination ? ""Four out of five dentists agree.""
                            : ""That was pure chewing satisfaction!""",0
eat.c:L2701:yn_function:110,c_source,eat.c,2701,yn_function,edibility_prompts,3,eat/hunger,buf,0
eat.c:L3437:You:129,c_source,eat.c,3437,You,newuhs,1,eat/hunger,"You !incr ? ""now have a lesser case of the munchies.""
                    : ""are getting the munchies.""",0
eat.c:L3453:pline:131,c_source,eat.c,3453,pline,newuhs,1,eat/hunger,"!incr ? ""You still have the munchies.""
              : ""The munchies are interfering with your motor capabilities.""",0
eat.c:L3580:yn_function:135,c_source,eat.c,3580,yn_function,floorfood,3,eat/hunger,qbuf,1
eat.c:L3626:yn_function:138,c_source,eat.c,3626,yn_function,floorfood,3,eat/hunger,qbuf,1
eat.c:L3667:yn_function:139,c_source,eat.c,3667,yn_function,floorfood,3,eat/hunger,qbuf,1
eat.c:L3687:You_cant:141,c_source,eat.c,3687,You_cant,floorfood,1,eat/hunger,You can't %s that!,1
end.c:L195:You:0,c_source,end.c,195,You,done_in_by,1,game_over/score,"You (how == STONING) ? ""turn to stone..."" : ""die...""",0
engrave.c:L217:pline:0,c_source,engrave.c,217,pline,cant_reach_floor,1,engrave,%s can't reach the %s.,2
engrave.c:L326:pline:1,c_source,engrave.c,326,pline,read_engr_at,1,engrave,%s is written here in the %s.,2
engrave.c:L334:pline:2,c_source,engrave.c,334,pline,read_engr_at,1,engrave,%s is engraved here on the %s.,2
engrave.c:L341:pline:3,c_source,engrave.c,341,pline,read_engr_at,1,engrave,Some text has been %s into the %s here.,2
engrave.c:L347:pline:4,c_source,engrave.c,347,pline,read_engr_at,1,engrave,There's some graffiti on the %s here.,1
engrave.c:L358:You_see:5,c_source,engrave.c,358,You_see,read_engr_at,1,engrave,You see a message scrawled in blood here.,0
engrave.c:L360:impossible:6,c_source,engrave.c,360,impossible,read_engr_at,1,engrave,%s is written in a very strange way.,1
engrave.c:L392:You:7,c_source,engrave.c,392,You,read_engr_at,1,engrave,"You %s: ""%s""%s",3
engrave.c:L497:pline:8,c_source,engrave.c,497,pline,u_can_engrave,1,engrave,"What would you write?  ""Jonah was here""?",0
engrave.c:L520:You_cant:11,c_source,engrave.c,520,You_cant,u_can_engrave,1,engrave,You can't write in %s!,1
engrave.c:L525:You_cant:12,c_source,engrave.c,525,You_cant,u_can_engrave,1,engrave,You can't write here.,0
engrave.c:L684:pline:16,c_source,engrave.c,684,pline,doengrave_sfx_item_WAN,1,engrave,This %s is a wand of digging!,1
engrave.c:L709:pline:17,c_source,engrave.c,709,pline,doengrave_sfx_item_WAN,1,engrave,This %s is a wand of fire!,1
engrave.c:L721:pline:18,c_source,engrave.c,721,pline,doengrave_sfx_item_WAN,1,engrave,This %s is a wand of lightning!,1
engrave.c:L761:You_cant:19,c_source,engrave.c,761,You_cant,doengrave_sfx_item,1,engrave,You can't engrave with such a large object!,0
engrave.c:L770:pline:20,c_source,engrave.c,770,pline,doengrave_sfx_item,1,engrave,%s would get %s.,2
engrave.c:L811:pline_The:21,c_source,engrave.c,811,pline_The,doengrave_sfx_item,1,engrave,The wand is too worn out to engrave.,0
engrave.c:L822:pline:22,c_source,engrave.c,822,pline,doengrave_sfx_item,1,engrave,%s can only scratch the %s.,2
engrave.c:L828:pline:23,c_source,engrave.c,828,pline,doengrave_sfx_item,1,engrave,%s too dull for engraving.,1
engrave.c:L832:pline:24,c_source,engrave.c,832,pline,doengrave_sfx_item,1,engrave,"That is a bit difficult to engrave with, don't you think?",0
engrave.c:L838:Your:25,c_source,engrave.c,838,Your,doengrave_sfx_item,1,engrave,Your marker has dried out.,0
engrave.c:L857:You:26,c_source,engrave.c,857,You,doengrave_sfx_item,1,engrave,You wipe out the message here.,0
engrave.c:L863:pline:28,c_source,engrave.c,863,pline,doengrave_sfx_item,1,engrave,%s can't wipe out this engraving.,1
engrave.c:L876:pline:30,c_source,engrave.c,876,pline,doengrave_sfx_item,1,engrave,Writing a poison pen letter?,0
engrave.c:L879:impossible:31,c_source,engrave.c,879,impossible,doengrave_sfx_item,1,engrave,You're engraving with an illegal object!,0
engrave.c:L990:You:33,c_source,engrave.c,990,You,doengrave,1,engrave,You tickle %s with %s.,2
engrave.c:L991:Your:34,c_source,engrave.c,991,Your,doengrave,1,engrave,Your message dissolves...,0
engrave.c:L1014:You:37,c_source,engrave.c,1014,You,doengrave,1,engrave,You would only make a small smudge on the %s.,1
engrave.c:L1085:pline_The:38,c_source,engrave.c,1085,pline_The,doengrave,1,engrave,"The engraving now reads: ""%s"".",1
engrave.c:L1127:yn_function:41,c_source,engrave.c,1127,yn_function,doengrave,3,engrave,Do you want to add to the current engraving?,0
engrave.c:L1141:You:42,c_source,engrave.c,1141,You,doengrave,1,engrave,You wipe out the message that was %s here.,1
engrave.c:L1161:You:43,c_source,engrave.c,1161,You,doengrave,1,engrave,You cannot wipe out the message that is %s the %s here.,2
engrave.c:L1171:You:44,c_source,engrave.c,1171,You,doengrave,1,engrave,You will overwrite the current message.,0
engrave.c:L1181:You:46,c_source,engrave.c,1181,You,doengrave,1,engrave,You %s the %s with %s%s.,4
engrave.c:L1193:You:47,c_source,engrave.c,1193,You,doengrave,1,engrave,You %s the %s with your %s.,3
engrave.c:L1199:getlin:48,c_source,engrave.c,1199,getlin,doengrave,3,engrave,de->qbuf,0
engrave.c:L1209:pline:49,c_source,engrave.c,1209,pline,doengrave,1,engrave,"%s, then %s.",2
engrave.c:L1318:impossible:54,c_source,engrave.c,1318,impossible,engrave,1,engrave,carving with non-bladed weapon,0
engrave.c:L1322:impossible:55,c_source,engrave.c,1322,impossible,engrave,1,engrave,making graffiti with non-marker stylus,0
engrave.c:L1363:pline:57,c_source,engrave.c,1363,pline,engrave,1,engrave,%s gets dull.,1
engrave.c:L1387:impossible:58,c_source,engrave.c,1387,impossible,engrave,1,engrave,<= -3 weapon valid for engraving,0
engrave.c:L1405:impossible:59,c_source,engrave.c,1405,impossible,engrave,1,engrave,overly dry marker valid for graffiti?,0
engrave.c:L1411:Your:60,c_source,engrave.c,1411,Your,engrave,1,engrave,Your marker dries out.,0
engrave.c:L1524:impossible:65,c_source,engrave.c,1524,impossible,engraving_sanity_check,1,engrave,engraving sanity: on plane of air/water,0
engrave.c:L1535:impossible:66,c_source,engrave.c,1535,impossible,engraving_sanity_check,1,engrave,"engraving sanity: !isok <%i,%i>",2
engrave.c:L1648:impossible:68,c_source,engrave.c,1648,impossible,del_engr,1,engrave,Error in del_engr?,0
engrave.c:L1709:impossible:70,c_source,engrave.c,1709,impossible,disturb_grave,1,engrave,Disturbing already disturbed grave?,0
engrave.c:L1713:You:71,c_source,engrave.c,1713,You,disturb_grave,1,engrave,You disturb the undead!,0
exper.c:L221:pline:0,c_source,exper.c,221,pline,losexp,1,exper,%s level %d.,2
exper.c:L344:pline:2,c_source,exper.c,344,pline,pluslvl,1,exper,Welcome %sto experience level %d.,2
explode.c:L66:impossible:0,c_source,explode.c,66,impossible,explosionmask,1,explosion,explosion type %d?,1
explode.c:L107:impossible:1,c_source,explode.c,107,impossible,explosionmask,1,explosion,explosion type %d?,1
explode.c:L146:pline:2,c_source,explode.c,146,pline,engulfer_explosion_msg,1,explosion,%s gets %s!,2
explode.c:L174:pline:3,c_source,explode.c,174,pline,engulfer_explosion_msg,1,explosion,%s gets slightly %s!,2
explode.c:L234:impossible:4,c_source,explode.c,234,impossible,explode,1,explosion,explode: wand has bad zap type (%d).,1
explode.c:L340:impossible:5,c_source,explode.c,340,impossible,explode,1,explosion,explosion base type %d?,1
explode.c:L440:You_hear:6,c_source,explode.c,440,You_hear,explode,1,explosion,You hear a blast.,0
explode.c:L503:pline:8,c_source,explode.c,503,pline,explode,1,explosion,%s is caught in the %s!,2
explode.c:L532:pline:9,c_source,explode.c,532,pline,explode,1,explosion,%s resists the %s!,2
explode.c:L568:pline:10,c_source,explode.c,568,pline,explode,1,explosion,%s is %s!,2
explode.c:L595:You:11,c_source,explode.c,595,You,explode,1,explosion,You are caught in the %s!,1
explode.c:L602:You:12,c_source,explode.c,602,You,explode,1,explosion,You are unharmed!,0
explode.c:L666:pline_The:14,c_source,explode.c,666,pline_The,explode,1,explosion,The %s is fatal.,1
explode.c:L732:impossible:15,c_source,explode.c,732,impossible,scatter,1,explosion,"scattered object <%d,%d> not at scatter site <%d,%d>",4
explode.c:L767:pline:17,c_source,explode.c,767,pline,scatter,1,explosion,%s apart.,1
explode.c:L773:You_hear:18,c_source,explode.c,773,You_hear,scatter,1,explosion,You hear stone breaking.,0
explode.c:L789:You_hear:20,c_source,explode.c,789,You_hear,scatter,1,explosion,You hear stone crumbling.,0
explode.c:L991:impossible:22,c_source,explode.c,991,impossible,adtyp_to_expltype,1,explosion,adtyp_to_expltype: bad explosion type %d,1
explode.c:L1031:impossible:23,c_source,explode.c,1031,impossible,mon_explodes,1,explosion,unknown type for mon_explode %d,1
extralev.c:L62:impossible:0,c_source,extralev.c,62,impossible,roguecorr,1,extralev,"down: no wall at %d,%d?",2
extralev.c:L67:impossible:1,c_source,extralev.c,67,impossible,roguecorr,1,extralev,"down door from %d,%d going nowhere?",2
extralev.c:L84:impossible:2,c_source,extralev.c,84,impossible,roguecorr,1,extralev,"up: no wall at %d,%d?",2
extralev.c:L104:impossible:3,c_source,extralev.c,104,impossible,roguecorr,1,extralev,"down: no wall at %d,%d?",2
extralev.c:L109:impossible:4,c_source,extralev.c,109,impossible,roguecorr,1,extralev,"right door from %d,%d going nowhere?",2
extralev.c:L126:impossible:5,c_source,extralev.c,126,impossible,roguecorr,1,extralev,"left: no wall at %d,%d?",2
extralev.c:L133:impossible:6,c_source,extralev.c,133,impossible,roguecorr,1,extralev,corridor in direction %d?,1
extralev.c:L268:impossible:7,c_source,extralev.c,268,impossible,makeroguerooms,1,extralev,"left end of %d, %d never connected?",2
extralev.c:L270:impossible:8,c_source,extralev.c,270,impossible,makeroguerooms,1,extralev,"up end of %d, %d never connected?",2
files.c:L366:impossible:0,c_source,files.c,366,impossible,fqname,1,files,Invalid fqn_filename_buffer specified: %d,1
files.c:L376:impossible:1,c_source,files.c,376,impossible,fqname,1,files,fqname too long: %s + %s,2
files.c:L922:pline:4,c_source,files.c,922,pline,commit_bonesfile,1,files,couldn't rename %s to %s.,2
files.c:L1098:impossible:6,c_source,files.c,1098,impossible,set_savefile_name,1,files,set_savefile_name() couldn't complete without overflow %d,1
files.c:L1685:pline:7,c_source,files.c,1685,pline,docompress_file,1,files,Fork to %scompress %s failed.,2
files.c:L1709:raw_printf:8,c_source,files.c,1709,raw_printf,docompress_file,1,files,Wait when %scompressing %s failed; %s.,3
files.c:L1731:raw_printf:9,c_source,files.c,1731,raw_printf,docompress_file,1,files,Unable to uncompress %s,1
files.c:L1832:pline:10,c_source,files.c,1832,pline,docompress_file,1,files,Error in zlib docompress_file %s,1
files.c:L1844:pline:11,c_source,files.c,1844,pline,docompress_file,1,files,zlib failed to allocate memory,0
files.c:L1857:pline:12,c_source,files.c,1857,pline,docompress_file,1,files,Failure reading uncompressed file,0
files.c:L1860:pline:13,c_source,files.c,1860,pline,docompress_file,1,files,Can't compress %s.,1
files.c:L1874:pline:14,c_source,files.c,1874,pline,docompress_file,1,files,Failure writing compressed file,0
files.c:L1877:pline:15,c_source,files.c,1877,pline,docompress_file,1,files,Can't compress %s.,1
files.c:L1896:pline:16,c_source,files.c,1896,pline,docompress_file,1,files,zlib failed to allocate memory,0
files.c:L1914:pline:17,c_source,files.c,1914,pline,docompress_file,1,files,Error in zlib docompress file uncompress %s,1
files.c:L1924:pline:18,c_source,files.c,1924,pline,docompress_file,1,files,Failure reading compressed file,0
files.c:L1924:pline:19,c_source,files.c,1924,pline,docompress_file,1,files,Can't uncompress %s.,1
files.c:L1942:pline:20,c_source,files.c,1942,pline,docompress_file,1,files,Failure writing uncompressed file,0
files.c:L1944:pline:21,c_source,files.c,1944,pline,docompress_file,1,files,Can't uncompress %s.,1
files.c:L2007:raw_printf:22,c_source,files.c,2007,raw_printf,docompress_file,1,files,"
%s is %s %s
",3
files.c:L2223:impossible:23,c_source,files.c,2223,impossible,lock_file,1,files,TRIED TO NEST LOCKS,0
files.c:L2241:raw_printf:24,c_source,files.c,2241,raw_printf,lock_file,1,files,Cannot open file %s.  Is NetHack installed correctly?,1
files.c:L2276:raw_printf:26,c_source,files.c,2276,raw_printf,lock_file,1,files,Some other process has an unnatural grip on %s.,1
files.c:L2290:raw_printf:27,c_source,files.c,2290,raw_printf,lock_file,1,files,Waiting for access to %s.  (%d retries left).,2
files.c:L2302:raw_printf:28,c_source,files.c,2302,raw_printf,lock_file,1,files,Perhaps there is an old %s around?,1
files.c:L2307:raw_printf:29,c_source,files.c,2307,raw_printf,lock_file,1,files,Can't find file %s to lock!,1
files.c:L2314:raw_printf:30,c_source,files.c,2314,raw_printf,lock_file,1,files,No write permission to lock %s!,1
files.c:L2320:raw_printf:31,c_source,files.c,2320,raw_printf,lock_file,1,files,Can't lock %s due to directory protection.,1
files.c:L2327:raw_printf:32,c_source,files.c,2327,raw_printf,lock_file,1,files,Cannot lock %s.,1
files.c:L2329:raw_printf:33,c_source,files.c,2329,raw_printf,lock_file,1,files,(Perhaps you are running NetHack from inside the distribution package?).,0
files.c:L2338:raw_printf:34,c_source,files.c,2338,raw_printf,lock_file,1,files,Cannot lock %s for unknown reason (%d).,2
files.c:L2360:raw_printf:35,c_source,files.c,2360,raw_printf,lock_file,1,files,Waiting for access to %s.  (%d retries left).,2
files.c:L2368:raw_printf:36,c_source,files.c,2368,raw_printf,lock_file,1,files,I give up.  Sorry.,0
files.c:L2389:raw_printf:37,c_source,files.c,2389,raw_printf,unlock_file,1,files,Can't remove fcntl lock on %s.,1
files.c:L2403:raw_printf:38,c_source,files.c,2403,raw_printf,unlock_file,1,files,Can't unlink %s.,1
files.c:L2445:raw_printf:39,c_source,files.c,2445,raw_printf,unlock_file,1,files,Access to %s denied (%d).,2
files.c:L2464:raw_printf:40,c_source,files.c,2464,raw_printf,unlock_file,1,files,Couldn't open requested wizkit file %s (%d).,2
files.c:L2494:raw_printf:41,c_source,files.c,2494,raw_printf,unlock_file,1,files,Couldn't open default gw.wizkit file %s (%d).,2
files.c:L2662:raw_printf:42,c_source,files.c,2662,raw_printf,check_recordfile,1,files,Warning: scoreboard file '%s' is not in stream_lf format,1
files.c:L2682:raw_printf:43,c_source,files.c,2682,raw_printf,check_recordfile,1,files,Warning: cannot write scoreboard file '%s',1
files.c:L2737:raw_printf:44,c_source,files.c,2737,raw_printf,check_recordfile,1,files,Warning: cannot write record '%s',1
files.c:L2895:raw_printf:47,c_source,files.c,2895,raw_printf,recover_savefile,1,files,"
%s %s %s
",3
files.c:L2922:raw_printf:48,c_source,files.c,2922,raw_printf,recover_savefile,1,files,"
Error reading %s -- can't recover.
",1
files.c:L2940:raw_printf:49,c_source,files.c,2940,raw_printf,recover_savefile,1,files,"
Cannot recover savefile %s.
",1
files.c:L3028:raw_printf:51,c_source,files.c,3028,raw_printf,recover_savefile,1,files,"
Error writing %s; recovery failed (%s).
",2
files.c:L3179:raw_printf:55,c_source,files.c,3179,raw_printf,reveal_paths,1,files,NOTE: The %s above is missing or inaccessible!,1
files.c:L3182:raw_printf:56,c_source,files.c,3182,raw_printf,reveal_paths,1,files,No system configuration file.,0
files.c:L3200:raw_printf:57,c_source,files.c,3200,raw_printf,reveal_paths,1,files,The loadable symbols file%s:,1
files.c:L3230:raw_printf:60,c_source,files.c,3230,raw_printf,reveal_paths,1,files,Basic data files%s are collected inside:,1
files.c:L3247:raw_printf:63,c_source,files.c,3247,raw_printf,reveal_paths,1,files,Basic data files%s are in many separate files.,1
files.c:L3279:raw_printf:65,c_source,files.c,3279,raw_printf,reveal_paths,1,files,No end-of-game disclosure file (%s).,1
files.c:L3296:raw_printf:66,c_source,files.c,3296,raw_printf,reveal_paths,1,files,portable_device_paths (set in sysconf):,0
files.c:L3312:raw_printf:68,c_source,files.c,3312,raw_printf,reveal_paths,1,files,Your personal configuration file%s:,1
files.c:L3450:pline:71,c_source,files.c,3450,pline,read_tribute,1,files,"It's %s of ""%s""!",2
files.c:L3602:pline:73,c_source,files.c,3602,pline,read_tribute,1,files,"It seems to be %s of ""%s""!",2
files.c:L3627:pline:74,c_source,files.c,3627,pline,livelog_add,1,files,Cannot open live log file!,0
fountain.c:L29:You:0,c_source,fountain.c,29,You,floating_above,1,fountain,You umsg,0
fountain.c:L44:pline:1,c_source,fountain.c,44,pline,dowatersnakes,1,fountain,An endless stream of %s pours forth!,1
fountain.c:L48:You_hear:2,c_source,fountain.c,48,You_hear,dowatersnakes,1,fountain,You hear %s hissing!,1
fountain.c:L72:You_feel:5,c_source,fountain.c,72,You_feel,dowaterdemon,1,fountain,You feel the presence of evil.,0
fountain.c:L78:pline:6,c_source,fountain.c,78,pline,dowaterdemon,1,fountain,"Grateful for %s release, %s grants you a wish!",2
fountain.c:L102:You_hear:9,c_source,fountain.c,102,You_hear,dowaternymph,1,fountain,You hear a seductive voice.,0
fountain.c:L109:pline:10,c_source,fountain.c,109,pline,dowaternymph,1,fountain,A large bubble rises to the surface and pops.,0
fountain.c:L112:You_hear:11,c_source,fountain.c,112,You_hear,dowaternymph,1,fountain,You hear a loud pop.,0
fountain.c:L127:pline:13,c_source,fountain.c,127,pline,dogushforth,1,fountain,Water sprays all over you.,0
fountain.c:L181:pline:17,c_source,fountain.c,181,pline,watchman_warn_fountain,1,fountain,%s yells:,1
fountain.c:L183:verbalize:18,c_source,fountain.c,183,verbalize,watchman_warn_fountain,1,fountain,"Hey, stop using that fountain!",0
fountain.c:L185:pline:19,c_source,fountain.c,185,pline,watchman_warn_fountain,1,fountain,%s earnestly %s %s %s!,4
fountain.c:L211:pline_The:20,c_source,fountain.c,211,pline_The,dryup,1,fountain,The flow reduces to a trickle.,0
fountain.c:L299:pline:29,c_source,fountain.c,299,pline,drinkfountain,1,fountain,Perhaps it is runoff from the nearby %s farm.,1
fountain.c:L333:You:31,c_source,fountain.c,333,You,drinkfountain,1,fountain,You feel transparent.,0
fountain.c:L337:You:32,c_source,fountain.c,337,You,drinkfountain,1,fountain,You feel very self-conscious.,0
fountain.c:L338:pline:33,c_source,fountain.c,338,pline,drinkfountain,1,fountain,Then it passes.,0
fountain.c:L350:pline_The:36,c_source,fountain.c,350,pline_The,drinkfountain,1,fountain,The %s tastes like nothing.,1
fountain.c:L363:pline:37,c_source,fountain.c,363,pline,drinkfountain,1,fountain,This %s gives you bad breath!,1
fountain.c:L408:pline:39,c_source,fountain.c,408,pline,dipfountain,1,fountain,A freezing mist rises from the %s and envelopes the sword.,1
fountain.c:L412:pline_The:40,c_source,fountain.c,412,pline_The,dipfountain,1,fountain,The fountain disappears!,0
fountain.c:L423:pline:41,c_source,fountain.c,423,pline,dipfountain,1,fountain,"From the murky depths, a hand reaches up to bless the sword.",0
fountain.c:L426:pline:42,c_source,fountain.c,426,pline,dipfountain,1,fountain,"As the hand retreats, the fountain disappears!",0
fountain.c:L467:pline:44,c_source,fountain.c,467,pline,dipfountain,1,fountain,A feeling of loss comes over you.,0
fountain.c:L486:pline:45,c_source,fountain.c,486,pline,dipfountain,1,fountain,A strange tingling runs up your %s.,1
fountain.c:L492:You_feel:46,c_source,fountain.c,492,You_feel,dipfountain,1,fountain,You feel a sudden chill.,0
fountain.c:L495:pline:47,c_source,fountain.c,495,pline,dipfountain,1,fountain,An urge to take a bath overwhelms you.,0
fountain.c:L517:You:48,c_source,fountain.c,517,You,dipfountain,1,fountain,You lost some of your gold in the fountain!,0
fountain.c:L535:pline:49,c_source,fountain.c,535,pline,dipfountain,1,fountain,"Far below you, you see coins glistening in the %s.",1
fountain.c:L550:You:50,c_source,fountain.c,550,You,wash_hands,1,fountain,You wash your %s%s in the %s.,3
fountain.c:L652:pline:61,c_source,fountain.c,652,pline,drinksink,1,fountain,Some dirty %s backs up in the drain.,1
fountain.c:L655:pline_The:62,c_source,fountain.c,655,pline_The,drinksink,1,fountain,The %s moves as though of its own will!,1
fountain.c:L661:pline:63,c_source,fountain.c,661,pline,drinksink,1,fountain,But it quiets down.,0
fountain.c:L664:pline:64,c_source,fountain.c,664,pline,drinksink,1,fountain,"Yuk, this %s tastes awful.",1
fountain.c:L671:pline:66,c_source,fountain.c,671,pline,drinksink,1,fountain,This %s contains toxic wastes!,1
fountain.c:L687:pline:70,c_source,fountain.c,687,pline,drinksink,1,fountain,"Ew, what a stench!",0
fountain.c:L691:pline:71,c_source,fountain.c,691,pline,drinksink,1,fountain,"From the murky drain, a hand reaches up... --oops--",0
fountain.c:L722:Your:73,c_source,fountain.c,722,Your,dipsink,1,fountain,Your %s are still slippery.,1
fountain.c:L739:pline:76,c_source,fountain.c,739,pline,dipsink,1,fountain,It leaves an oily film on the basin.,0
fountain.c:L750:You_hear:78,c_source,fountain.c,750,You_hear,dipsink,1,fountain,You hear a sucking sound.,0
fountain.c:L761:You:79,c_source,fountain.c,761,You,dipsink,1,fountain,You sense a ring lost down the drain.,0
fountain.c:L810:You_see:82,c_source,fountain.c,810,You_see,sink_backs_up,1,fountain,You see a ring shining in its midst.,0
getpos.c:L674:You:0,c_source,getpos.c,674,You,getpos_menu,1,getpos,You cannot %s %s.,2
getpos.c:L836:pline:1,c_source,getpos.c,836,pline,getpos,1,getpos,(For instructions type a '%s'),1
getpos.c:L958:pline:3,c_source,getpos.c,958,pline,getpos,1,getpos,Automatic description %sis %s.,2
getpos.c:L986:pline:5,c_source,getpos.c,986,pline,getpos,1,getpos,%s a menu to show possible targets%s.,2
getpos.c:L1000:pline:6,c_source,getpos.c,1000,pline,getpos,1,getpos,%skipping over similar terrain when fastmoving the cursor.,1
getpos.c:L1107:pline:7,c_source,getpos.c,1107,pline,getpos,1,getpos,Can't find dungeon feature '%c'.,1
getpos.c:L1124:pline:8,c_source,getpos.c,1124,pline,getpos,1,getpos,Unknown direction: '%s' (%s).,2
getpos.c:L1128:pline:9,c_source,getpos.c,1128,pline,getpos,1,getpos,Done.,0
hack.c:L197:pline:2,c_source,hack.c,197,pline,dopush,1,hack,%s moves %s.,2
hack.c:L247:pline:3,c_source,hack.c,247,pline,cannot_push_msg,1,hack,"%s tries to move %s, but cannot.",2
hack.c:L253:You:4,c_source,hack.c,253,You,cannot_push_msg,1,hack,"You try to move %s, but in vain.",1
hack.c:L276:You:5,c_source,hack.c,276,You,cannot_push,1,hack,You aren't skilled enough to %s %s from %s.,3
hack.c:L286:pline:6,c_source,hack.c,286,pline,cannot_push,1,hack,"However, you %s%s.",2
hack.c:L394:You:11,c_source,hack.c,394,You,moverock_core,1,hack,You %s over a boulder here.,1
hack.c:L397:You:12,c_source,hack.c,397,You,moverock_core,1,hack,You squeeze yourself %s the boulder.,1
hack.c:L418:You:14,c_source,hack.c,418,You,moverock_core,1,hack,You don't have enough leverage to push %s.,1
hack.c:L423:pline:15,c_source,hack.c,423,pline,moverock_core,1,hack,You're too small to push that %s.,1
hack.c:L441:pline:16,c_source,hack.c,441,pline,moverock_core,1,hack,%s won't roll diagonally on this %s.,2
hack.c:L456:pline:17,c_source,hack.c,456,pline,moverock_core,1,hack,There's %s on the other side.,1
hack.c:L462:You_hear:18,c_source,hack.c,462,You_hear,moverock_core,1,hack,You hear a monster behind %s.,1
hack.c:L471:pline:19,c_source,hack.c,471,pline,moverock_core,1,hack,%s%s cannot move %s.,3
hack.c:L506:pline:20,c_source,hack.c,506,pline,moverock_core,1,hack,%s!  %s %s land mine.,3
hack.c:L543:pline:21,c_source,hack.c,543,pline,moverock_core,1,hack,Kerplunk!  You no longer feel %s.,1
hack.c:L546:pline:22,c_source,hack.c,546,pline,moverock_core,1,hack,%s%s and %s a %s in the %s!,5
hack.c:L604:pline:23,c_source,hack.c,604,pline,moverock_core,1,hack,%s away from you!,1
hack.c:L655:You:24,c_source,hack.c,655,You,still_chewing,1,hack,You hurt your teeth on the %s.,1
hack.c:L683:You:26,c_source,hack.c,683,You,still_chewing,1,hack,You start chewing %s %s.,2
hack.c:L698:You:27,c_source,hack.c,698,You,still_chewing,1,hack,You %s chewing on the %s.,2
hack.c:L727:You:28,c_source,hack.c,727,You,still_chewing,1,hack,You eat the boulder.,0
hack.c:L845:You:29,c_source,hack.c,845,You,dosinkfall,1,hack,"You (innate_lev || blockd_lev) ? ""wobble unsteadily for a moment.""
                                       : ""gain control of your flight.""",0
hack.c:L1046:pline_The:35,c_source,hack.c,1046,pline_The,test_move,1,hack,The Sokoban walls resist your ability.,0
hack.c:L1069:You:36,c_source,hack.c,1069,You,test_move,1,hack,You ooze under the door.,0
hack.c:L1075:pline:37,c_source,hack.c,1075,pline,test_move,1,hack,There is an obstacle there.,0
hack.c:L1086:You:38,c_source,hack.c,1086,You,test_move,1,hack,"You try to ooze under the door, but can't squeeze your possessions through.",0
hack.c:L1109:You_cant:39,c_source,hack.c,1109,You_cant,test_move,1,hack,You can't lead %s through that closed door.,1
hack.c:L1136:You_cant:42,c_source,hack.c,1136,You_cant,test_move,1,hack,You can't move diagonally into an intact doorway.,0
hack.c:L1154:Your:45,c_source,hack.c,1154,Your,test_move,1,hack,Your body is too large to fit through.,0
hack.c:L1401:You:48,c_source,hack.c,1401,You,findtravelpath,1,hack,"You stop, unsure which way to go.",0
hack.c:L1551:Norep:49,c_source,hack.c,1551,Norep,trapmove,1,hack,%s is %s.,2
hack.c:L1552:Norep:50,c_source,hack.c,1552,Norep,trapmove,1,hack,You are %s.,1
hack.c:L1582:Norep:52,c_source,hack.c,1582,Norep,trapmove,1,hack,%s is %s.,2
hack.c:L1584:Norep:53,c_source,hack.c,1584,Norep,trapmove,1,hack,You are %s.,1
hack.c:L1594:Norep:56,c_source,hack.c,1594,Norep,trapmove,1,hack,%s is %s.,2
hack.c:L1597:Norep:57,c_source,hack.c,1597,Norep,trapmove,1,hack,You are %s.,1
hack.c:L1635:Norep:60,c_source,hack.c,1635,Norep,trapmove,1,hack,You move within the chain's reach.,0
hack.c:L1647:Norep:62,c_source,hack.c,1647,Norep,trapmove,1,hack,%s is %s %s.,3
hack.c:L1653:Norep:63,c_source,hack.c,1653,Norep,trapmove,1,hack,You are %s %s.,2
hack.c:L1657:pline:64,c_source,hack.c,1657,pline,trapmove,1,hack,%s finally %s free.,2
hack.c:L1661:You:65,c_source,hack.c,1661,You,trapmove,1,hack,You finally %s free.,1
hack.c:L1665:impossible:66,c_source,hack.c,1665,impossible,trapmove,1,hack,trapmove: trapped in nothing?,0
hack.c:L1838:pline:70,c_source,hack.c,1838,pline,handle_tip,1,hack,(Tip: use the #enhance command to advance them.),0
hack.c:L1841:pline:71,c_source,hack.c,1841,pline,handle_tip,1,hack,(Tip: use '%s' prefix to step in if you really want to.),1
hack.c:L1850:pline:72,c_source,hack.c,1850,pline,handle_tip,1,hack,(Tip: perhaps #untrap would help?),0
hack.c:L1857:impossible:73,c_source,hack.c,1857,impossible,handle_tip,1,hack,Unknown tip in handle_tip(%i),1
hack.c:L1899:You:74,c_source,hack.c,1899,You,swim_move_danger,1,hack,You avoid %s into the %s.,2
hack.c:L1929:pline:75,c_source,hack.c,1929,pline,domove_bump_mon,1,hack,"Pardon me, %s.",1
hack.c:L1930:You:76,c_source,hack.c,1930,You,domove_bump_mon,1,hack,You move right into %s.,1
hack.c:L2053:You_cant:78,c_source,hack.c,2053,You_cant,domove_fight_web,1,hack,You can't cut a web with %s%s%s!,3
hack.c:L2061:You:79,c_source,hack.c,2061,You,domove_fight_web,1,hack,You %s ineffectually at some of the strands.,1
hack.c:L2066:You:80,c_source,hack.c,2066,You,domove_fight_web,1,hack,You %s through the web.,1
hack.c:L2107:You:81,c_source,hack.c,2107,You,domove_swap_with_pet,1,hack,You stop.  %s can't move diagonally.,1
hack.c:L2114:You:82,c_source,hack.c,2114,You,domove_swap_with_pet,1,hack,You stop.  %s won't fit into the same spot that you're at.,1
hack.c:L2124:You:83,c_source,hack.c,2124,You,domove_swap_with_pet,1,hack,You stop.  %s won't fit through.,1
hack.c:L2198:impossible:88,c_source,hack.c,2198,impossible,domove_swap_with_pet,1,hack,"that's strange, unknown mintrap result!",0
hack.c:L2298:You:89,c_source,hack.c,2298,You,domove_fight_empty,1,hack,You %s%s %s.,3
hack.c:L2314:You:90,c_source,hack.c,2314,You,air_turbulence,1,hack,You tumble in place.,0
hack.c:L2320:You_cant:91,c_source,hack.c,2320,You_cant,air_turbulence,1,hack,You can't control your movements very well.,0
hack.c:L2321:pline:92,c_source,hack.c,2321,pline,air_turbulence,1,hack,It's hard to walk in thin air.,0
hack.c:L2571:You:96,c_source,hack.c,2571,You,move_out_of_bounds,1,hack,You have already gone as far %s as possible.,1
hack.c:L3000:You:103,c_source,hack.c,3000,You,overexert_hp,1,hack,You pass out from exertion!,0
hack.c:L3033:You_feel:104,c_source,hack.c,3033,You_feel,invocation_message,1,hack,You feel a strange vibration %s.,1
hack.c:L3149:You_cant:106,c_source,hack.c,3149,You_cant,switch_terrain,1,hack,You can't levitate in here.,0
hack.c:L3163:You_cant:107,c_source,hack.c,3163,You_cant,switch_terrain,1,hack,You can't fly in here.,0
hack.c:L3176:You:108,c_source,hack.c,3176,You,switch_terrain,1,hack,You start flying.,0
hack.c:L3198:You:109,c_source,hack.c,3198,You,pooleffects,1,hack,You pop into an air bubble.,0
hack.c:L3204:You:110,c_source,hack.c,3204,You,pooleffects,1,hack,You leave the %s...,1
hack.c:L3212:You:113,c_source,hack.c,3212,You,pooleffects,1,hack,You slowly rise above the surface.,0
hack.c:L3391:You:117,c_source,hack.c,3391,You,spoteffects,1,hack,You are almost hit by %s!,1
hack.c:L3405:pline:119,c_source,hack.c,3405,pline,spoteffects,1,hack,%s jumps near you from the %s.,2
hack.c:L3409:You:120,c_source,hack.c,3409,You,spoteffects,1,hack,You surprise %s!,1
hack.c:L3413:pline:121,c_source,hack.c,3413,pline,spoteffects,1,hack,%s attacks you by surprise!,1
hack.c:L3631:pline:122,c_source,hack.c,3631,pline,check_special_room,1,hack,Welcome to David's treasure zoo!,0
hack.c:L3637:pline:123,c_source,hack.c,3637,pline,check_special_room,1,hack,It %s rather %s down here.,2
hack.c:L3639:You:124,c_source,hack.c,3639,You,check_special_room,1,hack,You enter an opulent%s room!,1
hack.c:L3646:pline:126,c_source,hack.c,3646,pline,check_special_room,1,hack,%s away!  %s away!,2
hack.c:L3648:You:127,c_source,hack.c,3648,You,check_special_room,1,hack,You have an uncanny feeling...,0
hack.c:L3650:You:128,c_source,hack.c,3650,You,check_special_room,1,hack,You enter a giant beehive!,0
hack.c:L3652:You:129,c_source,hack.c,3652,You,check_special_room,1,hack,You enter a disgusting nest!,0
hack.c:L3655:You:130,c_source,hack.c,3655,You,check_special_room,1,hack,You enter an anthole!,0
hack.c:L3665:You:131,c_source,hack.c,3665,You,check_special_room,1,hack,You enter a military barracks!,0
hack.c:L3674:verbalize:133,c_source,hack.c,3674,verbalize,check_special_room,1,hack,"You're in Delphi, %s.",1
hack.c:L3675:verbalize:134,c_source,hack.c,3675,verbalize,check_special_room,1,hack,"%s, %s, welcome to Delphi!",2
hack.c:L3745:You:135,c_source,hack.c,3745,You,pickup_checks,1,hack,You pick up %s tongue.,1
hack.c:L3747:pline:136,c_source,hack.c,3747,pline,pickup_checks,1,hack,"But it's kind of slimy, so you drop it.",0
hack.c:L3749:You:137,c_source,hack.c,3749,You,pickup_checks,1,hack,You don't %s anything in here to pick up.,1
hack.c:L3760:You:138,c_source,hack.c,3760,You,pickup_checks,1,hack,You cannot dive into the %s to pick things up.,1
hack.c:L3765:You_cant:139,c_source,hack.c,3765,You_cant,pickup_checks,1,hack,"You can't even see the bottom, let alone pick up %s.",1
hack.c:L3773:You:141,c_source,hack.c,3773,You,pickup_checks,1,hack,You would burn to a crisp trying to pick things up.,0
hack.c:L3784:pline:142,c_source,hack.c,3784,pline,pickup_checks,1,hack,It must weigh%s a ton!,1
hack.c:L3794:You:144,c_source,hack.c,3794,You,pickup_checks,1,hack,You don't need a gravestone.  Yet.,0
hack.c:L3796:You:145,c_source,hack.c,3796,You,pickup_checks,1,hack,You could drink the %s...,1
hack.c:L3853:You:153,c_source,hack.c,3853,You,lookaround,1,hack,You cannot move diagonally.,0
hack.c:L3985:pline_The:155,c_source,hack.c,3985,pline_The,lookaround,1,hack,The corridor widens here.,0
hack.c:L4177:pline:158,c_source,hack.c,4177,pline,maybe_wail,1,hack,%s is about to die.,1
hack.c:L4184:pline:159,c_source,hack.c,4184,pline,maybe_wail,1,hack,"(powercnt >= 4) ? ""%s, all your powers will be lost...""
                                  : ""%s, your life force is running out.""",0
hack.c:L4189:You_hear:160,c_source,hack.c,4189,You_hear,maybe_wail,1,hack,"You hear u.uhp == 1 ? ""the wailing of the Banshee...""
                            : ""the howling of the CwnAnnwn...""",0
hack.c:L4192:pline:161,c_source,hack.c,4192,pline,showdamage,1,hack,"[HP %i, %i left]",2
hack.c:L4203:impossible:162,c_source,hack.c,4203,impossible,losehp,1,hack,"hero losing %d hit points due to ""%s""?",2
hack.c:L4424:raw_printf:165,c_source,hack.c,4424,raw_printf,dump_weights,1,hack,int all_weights[] = {,0
hacklib.c:L850:impossible:0,c_source,hacklib.c,850,impossible,nh_snprintf,1,hacklib,"snprintf %s: func %s, file line %d",3
iactions.c:L139:impossible:0,c_source,iactions.c,139,impossible,itemactions_pushkeys,1,iactions,Unknown item action %d,1
insight.c:L2994:yn_function:9,c_source,insight.c,2994,yn_function,list_genocided,3,insight,buf,3
invent.c:L944:impossible:2,c_source,invent.c,944,impossible,addinv_core1,1,inventory,already have amulet?,0
invent.c:L952:impossible:3,c_source,invent.c,952,impossible,addinv_core1,1,inventory,already have candelabrum?,0
invent.c:L957:impossible:4,c_source,invent.c,957,impossible,addinv_core1,1,inventory,already have silver bell?,0
invent.c:L966:impossible:5,c_source,invent.c,966,impossible,addinv_core1,1,inventory,already have the book?,0
invent.c:L971:impossible:6,c_source,invent.c,971,impossible,addinv_core1,1,inventory,already have quest artifact?,0
invent.c:L1022:pline:7,c_source,invent.c,1022,pline,addinv_core2,1,inventory,You decipher the label on %s.,1
invent.c:L1212:pline:8,c_source,invent.c,1212,pline,hold_another_object,1,inventory,drop_fmt,0
invent.c:L1275:pline:9,c_source,invent.c,1275,pline,hold_another_object,1,inventory,drop_fmt,0
invent.c:L1329:impossible:10,c_source,invent.c,1329,impossible,freeinv_core,1,inventory,don't have amulet?,0
invent.c:L1338:impossible:11,c_source,invent.c,1338,impossible,freeinv_core,1,inventory,don't have candelabrum?,0
invent.c:L1344:impossible:12,c_source,invent.c,1344,impossible,freeinv_core,1,inventory,don't have silver bell?,0
invent.c:L1350:impossible:13,c_source,invent.c,1350,impossible,freeinv_core,1,inventory,don't have the book?,0
invent.c:L1358:impossible:14,c_source,invent.c,1358,impossible,freeinv_core,1,inventory,don't have quest artifact?,0
invent.c:L1666:You:15,c_source,invent.c,1666,You,mime_action,1,inventory,You mime %s%s%s something%s%s.,5
invent.c:L1839:impossible:16,c_source,invent.c,1839,impossible,getobj,1,inventory,getobj: inventory overflow,0
invent.c:L1868:impossible:17,c_source,invent.c,1868,impossible,getobj,1,inventory,bad return from getobj callback,0
invent.c:L1882:You:18,c_source,invent.c,1882,You,getobj,1,inventory,You don't have anything %sto %s.,2
invent.c:L1903:yn_function:19,c_source,invent.c,1903,yn_function,getobj,3,inventory,qbuf,1
invent.c:L1981:You:21,c_source,invent.c,1981,You,getobj,1,inventory,You cannot %s gold.,1
invent.c:L1996:pline_The:22,c_source,invent.c,1996,pline_The,getobj,1,inventory,The LRS would be very interested to know you have that much.,0
invent.c:L2016:You:23,c_source,invent.c,2016,You,getobj,1,inventory,You only have %ld%s%s.,3
invent.c:L2035:You:26,c_source,invent.c,2035,You,getobj,1,inventory,You don't have that many!  You have only %ld.,1
invent.c:L2082:pline:27,c_source,invent.c,2082,pline,silly_thing,1,inventory,Use the '%s' command to %s %s%s.,4
invent.c:L2102:pline:29,c_source,invent.c,2102,pline,silly_thing,1,inventory,silly_thing_to,0
invent.c:L2182:You:30,c_source,invent.c,2182,You,ggetobj,1,inventory,You have nothing to %s.,1
invent.c:L2225:getlin:31,c_source,invent.c,2225,getlin,ggetobj,3,inventory,qbuf,2
invent.c:L2273:pline:32,c_source,invent.c,2273,pline,ggetobj,1,inventory,Not applicable.,0
invent.c:L2307:You:37,c_source,invent.c,2307,You,ggetobj,1,inventory,You don't have any %c's.,1
invent.c:L2433:yn_function:38,c_source,invent.c,2433,yn_function,askchain,3,inventory,qbuf,0
invent.c:L2481:pline:39,c_source,invent.c,2481,pline,askchain,1,inventory,That was all.,0
invent.c:L2483:pline:40,c_source,invent.c,2483,pline,askchain,1,inventory,No applicable objects.,0
invent.c:L2639:pline:41,c_source,invent.c,2639,pline,menu_identify,1,inventory,That was all.,0
invent.c:L2644:pline:42,c_source,invent.c,2644,pline,menu_identify,1,inventory,Choose an item; use ESC to decline.,0
invent.c:L2714:You:43,c_source,invent.c,2714,You,identify_pack,1,inventory,You have already identified %s of your possessions.,1
invent.c:L2840:pline:44,c_source,invent.c,2840,pline,doperminv,1,inventory,Persistent inventory display is not supported by '%s'.,1
invent.c:L2842:pline:45,c_source,invent.c,2842,pline,doperminv,1,inventory,Persistent inventory ('perm_invent' option) is not presently enabled.,0
invent.c:L2875:pline:47,c_source,invent.c,2875,pline,prinv,1,inventory,%s%s%s%s,4
invent.c:L3776:You:49,c_source,invent.c,3776,You,dounpaid,1,inventory,You aren't carrying any unpaid items but there %s %d %s.,3
invent.c:L3820:You:50,c_source,invent.c,3820,You,dotypeinv,1,inventory,You aren't carrying anything.,0
invent.c:L3915:yn_function:51,c_source,invent.c,3915,yn_function,dotypeinv,3,inventory,prompt,0
invent.c:L3929:pline:52,c_source,invent.c,3929,pline,dotypeinv,1,inventory,No used-up objects%s.,1
invent.c:L3989:You:54,c_source,invent.c,3989,You,dotypeinv,1,inventory,You have no %sobjects%s.,2
invent.c:L4137:You:55,c_source,invent.c,4137,You,look_here,1,inventory,You %s to %s what is lying in %s.,3
invent.c:L4159:You:56,c_source,invent.c,4159,You,look_here,1,inventory,You %s no objects here.,1
invent.c:L4182:You:58,c_source,invent.c,4182,You,look_here,1,inventory,You try to feel what is here.,0
invent.c:L4191:You:59,c_source,invent.c,4191,You,look_here,1,inventory,You try to feel what is on it.,0
invent.c:L4202:You:60,c_source,invent.c,4202,You,look_here,1,inventory,You try to feel what is %s%s.,2
invent.c:L4214:pline:61,c_source,invent.c,4214,pline,look_here,1,inventory,But you can't reach it!,0
invent.c:L4244:You:62,c_source,invent.c,4244,You,look_here,1,inventory,You %s no objects here.,1
invent.c:L4276:You:66,c_source,invent.c,4276,You,look_here,1,inventory,You %s here %s.,2
invent.c:L4335:You:67,c_source,invent.c,4335,You,feel_cockatrice,1,inventory,You touched %s with your bare %s.,2
invent.c:L4339:pline:68,c_source,invent.c,4339,pline,feel_cockatrice,1,inventory,Touching %s is a fatal mistake...,1
invent.c:L4518:You:71,c_source,invent.c,4518,You,doprgold,1,inventory,You have no money.,0
invent.c:L4872:impossible:79,c_source,invent.c,4872,impossible,check_invent_gold,1,inventory,%s: %s%s%s,4
invent.c:L4991:You:80,c_source,invent.c,4991,You,doorganize,1,inventory,You aren't carrying anything %s.,1
invent.c:L5010:yn_function:81,c_source,invent.c,5010,yn_function,adjust_split,3,inventory,Split off how many?,0
invent.c:L5042:pline:82,c_source,invent.c,5042,pline,adjust_split,1,inventory,%s at least 1.,1
invent.c:L5043:pline:83,c_source,invent.c,5043,pline,adjust_split,1,inventory,%s less than %ld.,2
invent.c:L5137:yn_function:84,c_source,invent.c,5137,yn_function,doorganize_core,3,inventory,qbuf,1
invent.c:L5153:pline:85,c_source,invent.c,5153,pline,doorganize_core,1,inventory,Only gold coins may be moved into the '%c' slot.,1
invent.c:L5475:There:88,c_source,invent.c,5475,There,display_binventory,1,inventory,There %s %s under the %s here.,3
invent.c:L5608:pline:89,c_source,invent.c,5608,pline,sync_perminvent,1,inventory,%s could not be enabled.,1
invent.c:L5609:pline:90,c_source,invent.c,5609,pline,sync_perminvent,1,inventory,"%s needs a terminal that is at least %dx%d, yours is %dx%d.",5
light.c:L75:impossible:0,c_source,light.c,75,impossible,new_light_source,1,light,new_light_source:  illegal range %d,1
light.c:L107:impossible:1,c_source,light.c,107,impossible,del_light_source,1,light,del_light_source:type=none,0
light.c:L131:impossible:2,c_source,light.c,131,impossible,del_light_source,1,light,"del_light_source: not found type=%d, id=%s",2
light.c:L159:impossible:3,c_source,light.c,159,impossible,delete_ls,1,light,"delete_ls not found, ls=%s",1
light.c:L285:impossible:4,c_source,light.c,285,impossible,show_transient_light,1,light,transient light %s %s %s not %s?,4
light.c:L439:impossible:5,c_source,light.c,439,impossible,save_light_sources,1,light,save_light_sources: no id! [range=%d],1
light.c:L452:impossible:6,c_source,light.c,452,impossible,save_light_sources,1,light,save_light_sources: bad type (%d) [range=%d],2
light.c:L570:impossible:7,c_source,light.c,570,impossible,maybe_write_ls,1,light,maybe_write_ls: no id! [range=%d],1
light.c:L583:impossible:8,c_source,light.c,583,impossible,maybe_write_ls,1,light,maybe_write_ls: bad type (%d) [range=%d],2
light.c:L646:impossible:9,c_source,light.c,646,impossible,write_ls,1,light,write_ls: can't find obj #%u!,1
light.c:L674:impossible:10,c_source,light.c,674,impossible,write_ls,1,light,write_ls: can't find mon%s #%u!,2
light.c:L680:impossible:11,c_source,light.c,680,impossible,write_ls,1,light,write_ls: stashed monst ptr not in any chain,0
light.c:L826:impossible:13,c_source,light.c,826,impossible,obj_adjust_light_radius,1,light,obj_adjust_light_radius: can't find %s,1
lock.c:L81:You:1,c_source,lock.c,81,You,picklock,1,door/container,You cannot lock an open door.,0
lock.c:L89:You:3,c_source,lock.c,89,You,picklock,1,door/container,You give up your attempt at %s.,1
lock.c:L107:You:4,c_source,lock.c,107,You,picklock,1,door/container,You find a trap!,0
lock.c:L125:You:5,c_source,lock.c,125,You,picklock,1,door/container,You succeed in disarming the trap.  The %s is still %slocked.,2
lock.c:L129:You:6,c_source,lock.c,129,You,picklock,1,door/container,You stop %s.,1
lock.c:L132:You:7,c_source,lock.c,132,You,picklock,1,door/container,You succeed in %s.,1
lock.c:L219:You:10,c_source,lock.c,219,You,forcelock,1,door/container,You give up your attempt to force the lock.,0
lock.c:L231:pline:11,c_source,lock.c,231,pline,forcelock,1,door/container,%sour %s broke!,2
lock.c:L234:You:12,c_source,lock.c,234,You,forcelock,1,door/container,You give up your attempt to force the lock.,0
lock.c:L241:You:13,c_source,lock.c,241,You,forcelock,1,door/container,You succeed in forcing the lock.,0
lock.c:L381:pline:14,c_source,lock.c,381,pline,pick_lock,1,door/container,no_longer,0
lock.c:L387:pline:15,c_source,lock.c,387,pline,pick_lock,1,door/container,no_longer,0
lock.c:L391:You:16,c_source,lock.c,391,You,pick_lock,1,door/container,You resume your attempt at %s.,1
lock.c:L398:You_cant:17,c_source,lock.c,398,You_cant,pick_lock,1,door/container,You can't hold %s -- you have no hands!,1
lock.c:L401:You_cant:18,c_source,lock.c,401,You_cant,pick_lock,1,door/container,You can't %sunlock %s.,2
lock.c:L409:impossible:19,c_source,lock.c,409,impossible,pick_lock,1,door/container,picking lock with object %d?,1
lock.c:L426:There:20,c_source,lock.c,426,There,pick_lock,1,door/container,There isn't any sort of lock up %s.,1
lock.c:L435:pline:21,c_source,lock.c,435,pline,pick_lock,1,door/container,Doing that would probably melt %s.,1
lock.c:L438:pline_The:22,c_source,lock.c,438,pline_The,pick_lock,1,door/container,The %s has no lock.,1
lock.c:L452:You_cant:23,c_source,lock.c,452,You_cant,pick_lock,1,door/container,You can't reach %s from up here.,1
lock.c:L499:You_cant:24,c_source,lock.c,499,You_cant,pick_lock,1,door/container,You can't fix its broken lock with %s.,1
lock.c:L507:You_cant:25,c_source,lock.c,507,You_cant,pick_lock,1,door/container,You can't do that with %s.,1
lock.c:L531:There:26,c_source,lock.c,531,There,pick_lock,1,door/container,There doesn't seem to be any sort of lock here.,0
lock.c:L543:You_cant:27,c_source,lock.c,543,You_cant,pick_lock,1,door/container,You can't reach over the edge of the pit.,0
lock.c:L559:verbalize:28,c_source,lock.c,559,verbalize,pick_lock,1,door/container,"No checks, no credit, no problem.",0
lock.c:L561:pline:29,c_source,lock.c,561,pline,pick_lock,1,door/container,I don't think %s would appreciate that.,1
lock.c:L582:You:30,c_source,lock.c,582,You,pick_lock,1,door/container,You %s no lock on the drawbridge.,1
lock.c:L589:You:33,c_source,lock.c,589,You,pick_lock,1,door/container,You cannot lock an open door.,0
lock.c:L610:You_cant:35,c_source,lock.c,610,You_cant,pick_lock,1,door/container,You can't lock a door with a credit card.,0
lock.c:L668:You_cant:36,c_source,lock.c,668,You_cant,doforce,1,door/container,You can't force anything from inside here.,0
lock.c:L679:You_cant:37,c_source,lock.c,679,You_cant,doforce,1,door/container,You can't force anything %s weapon%s.,2
lock.c:L698:You:38,c_source,lock.c,698,You,doforce,1,door/container,You resume your attempt to force the lock.,0
lock.c:L718:There:39,c_source,lock.c,718,There,doforce,1,door/container,"There is %s here, but its lock is already %s.",2
lock.c:L729:You:40,c_source,lock.c,729,You,doforce,1,door/container,You force %s into a crack and pry.,1
lock.c:L730:You:41,c_source,lock.c,730,You,doforce,1,door/container,You start bashing it with %s.,1
lock.c:L742:You:42,c_source,lock.c,742,You,doforce,1,door/container,You decide not to force the issue.,0
lock.c:L809:You_cant:44,c_source,lock.c,809,You_cant,doopen_indir,1,door/container,You can't reach over the edge of the pit.,0
lock.c:L833:There:45,c_source,lock.c,833,There,doopen_indir,1,door/container,There is no obvious way to open the drawbridge.,0
lock.c:L837:pline_The:46,c_source,lock.c,837,pline_The,doopen_indir,1,door/container,The drawbridge is already open.,0
lock.c:L841:pline:47,c_source,lock.c,841,pline,doopen_indir,1,door/container,%s like something lootable over there.,1
lock.c:L859:pline:49,c_source,lock.c,859,pline,doopen_indir,1,door/container,This door%s.,1
lock.c:L887:pline:50,c_source,lock.c,887,pline,doopen_indir,1,door/container,You're too small to pull the door open.,0
lock.c:L934:pline:54,c_source,lock.c,934,pline,obstructed,1,door/container,%s's in the way.,1
lock.c:L942:You_cant:55,c_source,lock.c,942,You_cant,doclose,1,door/container,You can't close anything -- you have no hands!,0
lock.c:L949:You_cant:56,c_source,lock.c,949,You_cant,doclose,1,door/container,You can't reach over the edge of the pit.,0
lock.c:L962:You:58,c_source,lock.c,962,You,doclose,1,door/container,You are in the way!,0
lock.c:L998:pline_The:59,c_source,lock.c,998,pline_The,doclose,1,door/container,The drawbridge is already closed.,0
lock.c:L1001:There:60,c_source,lock.c,1001,There,doclose,1,door/container,There is no obvious way to close the drawbridge.,0
lock.c:L1021:pline:65,c_source,lock.c,1021,pline,doclose,1,door/container,You're too small to push the door closed.,0
lock.c:L1045:pline:68,c_source,lock.c,1045,pline,boxlock,1,door/container,Klunk!,0
lock.c:L1064:pline:69,c_source,lock.c,1064,pline,boxlock,1,door/container,Klick!,0
lock.c:L1109:pline:70,c_source,lock.c,1109,pline,doorlock,1,door/container,A door appears in the wall!,0
lock.c:L1124:pline:71,c_source,lock.c,1124,pline,doorlock,1,door/container,"%s springs up in the older, more primitive doorway.",1
lock.c:L1129:You_hear:72,c_source,lock.c,1129,You_hear,doorlock,1,door/container,You hear a swoosh.,0
lock.c:L1137:pline_The:73,c_source,lock.c,1137,pline_The,doorlock,1,door/container,The cloud %s.,1
lock.c:L1154:pline:75,c_source,lock.c,1154,pline,doorlock,1,door/container,"%s springs up in the doorway, but %s.",2
lock.c:L1213:pline:76,c_source,lock.c,1213,pline,doorlock,1,door/container,KABOOM!!  You see a door explode.,0
lock.c:L1217:You_hear:77,c_source,lock.c,1217,You_hear,doorlock,1,door/container,You hear a %s explosion.,1
lock.c:L1229:You_hear:79,c_source,lock.c,1229,You_hear,doorlock,1,door/container,You hear a crashing sound.,0
lock.c:L1240:impossible:80,c_source,lock.c,1240,impossible,doorlock,1,door/container,magic (%d) attempted on door.,1
lock.c:L1260:You:81,c_source,lock.c,1260,You,chest_shatter_msg,1,door/container,You %s %s shatter!,2
mail.c:L133:pline:0,c_source,mail.c,133,pline,getmailstatus,1,mail,"Cannot get status of MAIL=""%s"".",1
mail.c:L336:verbalize:1,c_source,mail.c,336,verbalize,md_rush,1,mail,Excuse me.,0
mail.c:L367:verbalize:2,c_source,mail.c,367,verbalize,md_rush,1,mail,This place's too crowded.  I'm outta here.,0
mail.c:L409:verbalize:4,c_source,mail.c,409,verbalize,newmail,1,mail,"%s, %s!  %s.",3
mail.c:L410:pline:5,c_source,mail.c,410,pline,newmail,1,mail,Message:  %s.,1
mail.c:L427:verbalize:6,c_source,mail.c,427,verbalize,newmail,1,mail,Catch!,0
mail.c:L448:pline:7,c_source,mail.c,448,pline,newmail,1,mail,"Hark!  ""%s.""",1
mail.c:L521:impossible:8,c_source,mail.c,521,impossible,readmail,1,mail,fake mail #%d has undefined substitution,1
mail.c:L525:pline:9,c_source,mail.c,525,pline,readmail,1,mail,Unfortunately you cannot see what it says.,0
mail.c:L527:pline:10,c_source,mail.c,527,pline,readmail,1,mail,junk_templates[i],0
mail.c:L530:pline:11,c_source,mail.c,530,pline,readmail,1,mail,"%s%s""",2
mail.c:L550:pline:12,c_source,mail.c,550,pline,ckmailstatus,1,mail,"Cannot get status of MAIL=""%s"" anymore.",1
mail.c:L612:There:13,c_source,mail.c,612,There,read_simplemail,1,mail,There is a%s message on this scroll.,1
mail.c:L634:urgent_pline:14,c_source,mail.c,634,urgent_pline,read_simplemail,1,mail,The voice of %s booms through the caverns:,1
mail.c:L662:pline:18,c_source,mail.c,662,pline,read_simplemail,1,mail,It appears to be all gibberish.,0
mail.c:L766:getlin:19,c_source,mail.c,766,getlin,readmail,3,mail,qbuf,1
makemon.c:L108:pline:0,c_source,makemon.c,108,pline,m_initgrp,1,monster_generation,"cnt=%d using %d, cnttmp=%d, cntdiv=%d",4
makemon.c:L624:impossible:1,c_source,makemon.c,624,impossible,m_initinv,1,monster_generation,odd mercenary %d?,1
makemon.c:L846:impossible:2,c_source,makemon.c,846,impossible,clone_mon,1,monster_generation,"clone_mon trying to create a monster at <%d,%d>?",2
makemon.c:L1175:impossible:3,c_source,makemon.c,1175,impossible,makemon,1,monster_generation,"makemon trying to create a monster at <%d,%d>?",2
makemon.c:L1480:Norep:4,c_source,makemon.c,1480,Norep,makemon,1,monster_generation,%s%s %s%s%c,5
makemon.c:L1697:impossible:5,c_source,makemon.c,1697,impossible,rndmonst_adj,1,monster_generation,bad weight in rndmonst for mndx %d,1
makemon.c:L1815:raw_printf:6,c_source,makemon.c,1815,raw_printf,dump_mongen,1,monster_generation,int mongen_order[] = {,0
makemon.c:L1892:impossible:9,c_source,makemon.c,1892,impossible,mkclass_aligned,1,monster_generation,mkclass found no class %d monsters,1
makemon.c:L2102:pline:10,c_source,makemon.c,2102,pline,grow_up,1,monster_generation,"As %s grows up into %s, %s %s!",4
makemon.c:L2128:pline_mon:11,c_source,makemon.c,2128,pline_mon,grow_up,1,monster_generation,mtmp,0
makemon.c:L2533:impossible:12,c_source,makemon.c,2533,impossible,bagotricks,1,monster_generation,bad bag o' tricks,0
mcastu.c:L78:pline_mon:0,c_source,mcastu.c,78,pline_mon,cursetxt,1,mcastu,mtmp,0
mcastu.c:L81:Norep:1,c_source,mcastu.c,81,Norep,cursetxt,1,mcastu,You hear a mumbled curse.,0
mcastu.c:L160:impossible:2,c_source,mcastu.c,160,impossible,castmu,1,mcastu,spellcasting monster found you and doesn't know it?,0
mcastu.c:L197:pline_mon:3,c_source,mcastu.c,197,pline_mon,castmu,1,mcastu,mtmp,0
mcastu.c:L214:pline_mon:5,c_source,mcastu.c,214,pline_mon,castmu,1,mcastu,mtmp,0
mcastu.c:L232:impossible:6,c_source,mcastu.c,232,impossible,castmu,1,mcastu,%s casting non-hand-to-hand version of hand-to-hand spell %d?,2
mcastu.c:L249:pline:7,c_source,mcastu.c,249,pline,castmu,1,mcastu,You're enveloped in flames.,0
mcastu.c:L254:pline:8,c_source,mcastu.c,254,pline,castmu,1,mcastu,But you resist the effects.,0
mcastu.c:L264:pline:9,c_source,mcastu.c,264,pline,castmu,1,mcastu,You're covered in frost.,0
mcastu.c:L268:pline:10,c_source,mcastu.c,268,pline,castmu,1,mcastu,But you resist the effects.,0
mcastu.c:L304:pline_mon:13,c_source,mcastu.c,304,pline_mon,m_cure_self,1,mcastu,mtmp,0
mcastu.c:L326:You_feel:14,c_source,mcastu.c,326,You_feel,touch_of_death,1,mcastu,You feel drained...,0
mcastu.c:L379:pline:15,c_source,mcastu.c,379,pline,mcast_death_touch,1,mcastu,"Oh no, %s's using the touch of death!",1
mcastu.c:L398:pline:18,c_source,mcastu.c,398,pline,mcast_death_touch,1,mcastu,"Lucky for you, it didn't work!",0
mcastu.c:L404:pline:19,c_source,mcastu.c,404,pline,mcast_clone_wiz,1,mcastu,Double Trouble...,0
mcastu.c:L406:impossible:20,c_source,mcastu.c,406,impossible,mcast_clone_wiz,1,mcastu,bad wizard cloning?,0
mcastu.c:L420:verbalize:21,c_source,mcastu.c,420,verbalize,mcast_summon_mons,1,mcastu,"Destroy the thief, my pet%s!",1
mcastu.c:L435:pline:22,c_source,mcastu.c,435,pline,mcast_summon_mons,1,mcastu,%s %s a spot near you!,2
mcastu.c:L438:pline:23,c_source,mcastu.c,438,pline,mcast_summon_mons,1,mcastu,%s %s your displaced image!,2
mcastu.c:L440:pline:24,c_source,mcastu.c,440,pline,mcast_summon_mons,1,mcastu,%s from nowhere!,1
mcastu.c:L444:pline:25,c_source,mcastu.c,444,pline,mcast_destroy_armor,1,mcastu,A field of force surrounds you!,0
mcastu.c:L484:pline_mon:29,c_source,mcastu.c,484,pline_mon,mcast_disappear,1,mcastu,mtmp,0
mcastu.c:L495:impossible:30,c_source,mcastu.c,495,impossible,mcast_disappear,1,mcastu,no reason for monster to cast disappear spell?,0
mcastu.c:L506:You:32,c_source,mcastu.c,506,You,mcast_stun_you,1,mcastu,"You Stunned ? ""struggle to keep your balance."" : ""reel...""",0
mcastu.c:L532:pline:34,c_source,mcastu.c,532,pline,mcast_fire_pillar,1,mcastu,A pillar of fire strikes all around you!,0
mcastu.c:L604:You:36,c_source,mcastu.c,604,You,mcast_psi_bolt,1,mcastu,You get a slight %sache.,1
mcastu.c:L606:Your:37,c_source,mcastu.c,606,Your,mcast_psi_bolt,1,mcastu,Your brain is on fire!,0
mcastu.c:L626:pline:41,c_source,mcastu.c,626,pline,mcast_open_wounds,1,mcastu,Wounds appear on your body!,0
mcastu.c:L629:pline:42,c_source,mcastu.c,629,pline,mcast_open_wounds,1,mcastu,Severe wounds appear on your body!,0
mcastu.c:L631:Your:43,c_source,mcastu.c,631,Your,mcast_open_wounds,1,mcastu,Your body is covered with painful wounds!,0
mcastu.c:L678:You_hear:44,c_source,mcastu.c,678,You_hear,mcast_insects,1,mcastu,You hear someone summoning %s.,1
mcastu.c:L691:You_hear:45,c_source,mcastu.c,691,You_hear,mcast_insects,1,mcastu,"You hear someone summoning something, and %s %s.",2
mcastu.c:L715:pline_mon:47,c_source,mcastu.c,715,pline_mon,mcast_insects,1,mcastu,mtmp,0
mcastu.c:L722:pline:48,c_source,mcastu.c,722,pline,mcast_blind_you,1,mcastu,Scales cover your %s!,1
mcastu.c:L735:impossible:49,c_source,mcastu.c,735,impossible,mcast_blind_you,1,mcastu,no reason for monster to cast blindness spell?,0
mcastu.c:L795:impossible:55,c_source,mcastu.c,795,impossible,mcast_spell,1,mcastu,monster cast spell (%d) with negative dmg (%d)?,2
mcastu.c:L799:impossible:56,c_source,mcastu.c,799,impossible,mcast_spell,1,mcastu,cast directed wizard spell (%d) with dmg=0?,1
mcastu.c:L815:You_feel:57,c_source,mcastu.c,815,You_feel,mcast_spell,1,mcastu,You feel that monsters are aware of your presence.,0
mcastu.c:L821:You_feel:58,c_source,mcastu.c,821,You_feel,mcast_spell,1,mcastu,You feel as if you need some help.,0
mcastu.c:L992:pline_mon:60,c_source,mcastu.c,992,pline_mon,buzzmu,1,mcastu,mtmp,0
mhitm.c:L134:pline:2,c_source,mhitm.c,134,pline,fightm,1,combat/monster_vs_monster,%s releases you!,1
mhitm.c:L232:pline_mon:4,c_source,mhitm.c,232,pline_mon,mdisplacem,1,combat/monster_vs_monster,magr,0
mhitm.c:L238:You:5,c_source,mhitm.c,238,You,mdisplacem,1,combat/monster_vs_monster,You brief_feeling,0
mhitm.c:L336:You:7,c_source,mhitm.c,336,You,mattackm,1,combat/monster_vs_monster,You dream of %s.,1
mhitm.c:L340:pline_mon:8,c_source,mhitm.c,340,pline_mon,mattackm,1,combat/monster_vs_monster,mdef,0
mhitm.c:L343:You:9,c_source,mhitm.c,343,You,mattackm,1,combat/monster_vs_monster,You notice %s.,1
mhitm.c:L344:pline:10,c_source,mhitm.c,344,pline,mattackm,1,combat/monster_vs_monster,"Suddenly, you notice %s.",1
mhitm.c:L504:pline:12,c_source,mhitm.c,504,pline,mattackm,1,combat/monster_vs_monster,%s attempt to engulf %s is futile.,2
mhitm.c:L627:pline:13,c_source,mhitm.c,627,pline,failed_grab,1,combat/monster_vs_monster,%.99s %s attempt %s %.99s!,4
mhitm.c:L715:pline:16,c_source,mhitm.c,715,pline,hitmm,1,combat/monster_vs_monster,%s %s sears %s!,3
mhitm.c:L744:pline:17,c_source,mhitm.c,744,pline,gazemm,1,combat/monster_vs_monster,%s %s...,2
mhitm.c:L752:pline:18,c_source,mhitm.c,752,pline,gazemm,1,combat/monster_vs_monster,but nothing happens.,0
mhitm.c:L769:pline:19,c_source,mhitm.c,769,pline,gazemm,1,combat/monster_vs_monster,%s doesn't seem to notice that %s gaze was reflected.,2
mhitm.c:L775:pline_mon:20,c_source,mhitm.c,775,pline_mon,gazemm,1,combat/monster_vs_monster,magr,0
mhitm.c:L865:pline:22,c_source,mhitm.c,865,pline,gulpmm,1,combat/monster_vs_monster,%s expels %s.,2
mhitm.c:L870:pline:23,c_source,mhitm.c,870,pline,gulpmm,1,combat/monster_vs_monster,It turns into %s.,1
mhitm.c:L943:pline:24,c_source,mhitm.c,943,pline,gulpmm,1,combat/monster_vs_monster,%s is %s!,2
mhitm.c:L955:pline_mon:25,c_source,mhitm.c,955,pline_mon,explmm,1,combat/monster_vs_monster,magr,0
mhitm.c:L993:You:27,c_source,mhitm.c,993,You,explmm,1,combat/monster_vs_monster,You brief_feeling,0
mhitm.c:L1035:pline_mon:28,c_source,mhitm.c,1035,pline_mon,mdamagem,1,combat/monster_vs_monster,magr,0
mhitm.c:L1043:You:29,c_source,mhitm.c,1043,You,mdamagem,1,combat/monster_vs_monster,You brief_feeling,0
mhitm.c:L1124:You_feel:31,c_source,mhitm.c,1124,You_feel,mon_poly,1,combat/monster_vs_monster,You feel an unnatural urge coming on.,0
mhitm.c:L1127:You_feel:32,c_source,mhitm.c,1127,You_feel,mon_poly,1,combat/monster_vs_monster,You feel a natural urge coming on.,0
mhitm.c:L1166:pline:34,c_source,mhitm.c,1166,pline,mon_poly,1,combat/monster_vs_monster,%s%s%s turns into %s.,4
mhitm.c:L1176:pline:35,c_source,mhitm.c,1176,pline,mon_poly,1,combat/monster_vs_monster,%s%s%s.,3
mhitm.c:L1273:pline:37,c_source,mhitm.c,1273,pline,mswingsm,1,combat/monster_vs_monster,%s %s %s%s %s at %s.,6
mhitm.c:L1317:pline:38,c_source,mhitm.c,1317,pline,passivemm,1,combat/monster_vs_monster,%s is splashed by %s %s!,3
mhitm.c:L1324:pline:39,c_source,mhitm.c,1324,pline,passivemm,1,combat/monster_vs_monster,%s is not affected.,1
mhitm.c:L1371:pline:40,c_source,mhitm.c,1371,pline,passivemm,1,combat/monster_vs_monster,%s is frozen by %s gaze!,2
mhitm.c:L1376:pline:41,c_source,mhitm.c,1376,pline,passivemm,1,combat/monster_vs_monster,%s is frozen by %s.,2
mhitm.c:L1382:pline_mon:42,c_source,mhitm.c,1382,pline_mon,passivemm,1,combat/monster_vs_monster,magr,0
mhitm.c:L1387:pline_mon:43,c_source,mhitm.c,1387,pline_mon,passivemm,1,combat/monster_vs_monster,magr,0
mhitm.c:L1397:pline_mon:44,c_source,mhitm.c,1397,pline_mon,passivemm,1,combat/monster_vs_monster,magr,0
mhitm.c:L1405:pline_mon:45,c_source,mhitm.c,1405,pline_mon,passivemm,1,combat/monster_vs_monster,magr,0
mhitm.c:L1410:pline_mon:46,c_source,mhitm.c,1410,pline_mon,passivemm,1,combat/monster_vs_monster,magr,0
mhitm.c:L1415:pline_mon:47,c_source,mhitm.c,1415,pline_mon,passivemm,1,combat/monster_vs_monster,magr,0
mhitm.c:L1422:pline_mon:48,c_source,mhitm.c,1422,pline_mon,passivemm,1,combat/monster_vs_monster,magr,0
mhitu.c:L38:pline_mon:0,c_source,mhitu.c,38,pline_mon,hitmsg,1,combat/monster_attack,mtmp,0
mhitu.c:L76:pline_mon:1,c_source,mhitu.c,76,pline_mon,hitmsg,1,combat/monster_attack,mtmp,0
mhitu.c:L93:pline_mon:2,c_source,mhitu.c,93,pline_mon,missmu,1,combat/monster_attack,mtmp,0
mhitu.c:L94:pline_mon:3,c_source,mhitu.c,94,pline_mon,missmu,1,combat/monster_attack,mtmp,0
mhitu.c:L133:pline_mon:4,c_source,mhitu.c,133,pline_mon,mswings,1,combat/monster_attack,mtmp,0
mhitu.c:L165:Your:6,c_source,mhitu.c,165,Your,u_slow_down,1,combat/monster_attack,Your quickness feels less natural.,0
mhitu.c:L185:impossible:7,c_source,mhitu.c,185,impossible,wildmiss,1,combat/monster_attack,%s attacks you without knowing your location?,1
mhitu.c:L220:pline:10,c_source,mhitu.c,220,pline,wildmiss,1,combat/monster_attack,%s attacks a spot beside you.,1
mhitu.c:L222:pline:11,c_source,mhitu.c,222,pline,wildmiss,1,combat/monster_attack,%s strikes at %s!,2
mhitu.c:L228:pline:12,c_source,mhitu.c,228,pline,wildmiss,1,combat/monster_attack,%s %s wildly!,2
mhitu.c:L236:pline:13,c_source,mhitu.c,236,pline,wildmiss,1,combat/monster_attack,%s smiles %s at your %sdisplaced image...,3
mhitu.c:L239:pline:14,c_source,mhitu.c,239,pline,wildmiss,1,combat/monster_attack,%s strikes at your %sdisplaced image and misses you!,2
mhitu.c:L249:pline:15,c_source,mhitu.c,249,pline,wildmiss,1,combat/monster_attack,%s reaches towards your distorted image.,1
mhitu.c:L266:You:17,c_source,mhitu.c,266,You,expels,1,combat/monster_attack,You get regurgitated!,0
mhitu.c:L269:pline_mon:18,c_source,mhitu.c,269,pline_mon,expels,1,combat/monster_attack,mtmp,0
mhitu.c:L290:You:20,c_source,mhitu.c,290,You,expels,1,combat/monster_attack,You get expelled from %s%s!,2
mhitu.c:L300:pline:21,c_source,mhitu.c,300,pline,expels,1,combat/monster_attack,Brrooaa...  You land hard at some distance.,0
mhitu.c:L552:You:22,c_source,mhitu.c,552,You,mattacku,1,combat/monster_attack,You fall from the %s!,1
mhitu.c:L573:pline_mon:23,c_source,mhitu.c,573,pline_mon,mattacku,1,combat/monster_attack,mtmp,0
mhitu.c:L591:Your:24,c_source,mhitu.c,591,Your,mattacku,1,combat/monster_attack,Your blow glances off %s %s.,2
mhitu.c:L606:pline:27,c_source,mhitu.c,606,pline,mattacku,1,combat/monster_attack,It tries to move where you are hiding.,0
mhitu.c:L658:pline:31,c_source,mhitu.c,658,pline,mattacku,1,combat/monster_attack,It gets stuck on you.,0
mhitu.c:L736:pline_mon:35,c_source,mhitu.c,736,pline_mon,mattacku,1,combat/monster_attack,mtmp,0
mhitu.c:L743:You_feel:37,c_source,mhitu.c,743,You_feel,mattacku,1,combat/monster_attack,You feel %s move nearby.,1
mhitu.c:L848:pline_mon:38,c_source,mhitu.c,848,pline_mon,mattacku,1,combat/monster_attack,mtmp,0
mhitu.c:L849:pline_mon:39,c_source,mhitu.c,849,pline_mon,mattacku,1,combat/monster_attack,mtmp,0
mhitu.c:L856:You_hear:40,c_source,mhitu.c,856,You_hear,mattacku,1,combat/monster_attack,You hear a %s nearby.,1
mhitu.c:L980:pline_mon:41,c_source,mhitu.c,980,pline_mon,summonmu,1,combat/monster_attack,mtmp,0
mhitu.c:L985:You_feel:42,c_source,mhitu.c,985,You_feel,summonmu,1,combat/monster_attack,You feel hemmed in.,0
mhitu.c:L988:pline:43,c_source,mhitu.c,988,pline,summonmu,1,combat/monster_attack,But none comes.,0
mhitu.c:L1000:You_feel:45,c_source,mhitu.c,1000,You_feel,summonmu,1,combat/monster_attack,You feel hemmed in.,0
mhitu.c:L1018:You_feel:47,c_source,mhitu.c,1018,You_feel,diseasemu,1,combat/monster_attack,You feel a slight illness.,0
mhitu.c:L1046:pline_mon:48,c_source,mhitu.c,1046,pline_mon,u_slip_free,1,combat/monster_attack,mtmp,0
mhitu.c:L1065:pline_The:49,c_source,mhitu.c,1065,pline_The,u_slip_free,1,combat/monster_attack,The grease wears off.,0
mhitu.c:L1165:pline:50,c_source,mhitu.c,1165,pline,hitmu,1,combat/monster_attack,%s was hidden under %s!,2
mhitu.c:L1301:urgent_pline:51,c_source,mhitu.c,1301,urgent_pline,gulpmu,1,combat/monster_attack,%s %s forward and plucks you off %s!,3
mhitu.c:L1327:You:53,c_source,mhitu.c,1327,You,gulpmu,1,combat/monster_attack,You are released from the %s!,1
mhitu.c:L1332:pline_The:54,c_source,mhitu.c,1332,pline_The,gulpmu,1,combat/monster_attack,The %s %s loose.,2
mhitu.c:L1400:pline:55,c_source,mhitu.c,1400,pline,gulpmu,1,combat/monster_attack,%s totally digests you!,1
mhitu.c:L1408:pline:56,c_source,mhitu.c,1408,pline,gulpmu,1,combat/monster_attack,%s%s digests you!,2
mhitu.c:L1417:You:57,c_source,mhitu.c,1417,You,gulpmu,1,combat/monster_attack,You are laden with moisture and %s,1
mhitu.c:L1432:You:58,c_source,mhitu.c,1432,You,gulpmu,1,combat/monster_attack,You are %s!,1
mhitu.c:L1445:pline:60,c_source,mhitu.c,1445,pline,gulpmu,1,combat/monster_attack,Ouch!  You've been slimed!,0
mhitu.c:L1456:You_cant:62,c_source,mhitu.c,1456,You_cant,gulpmu,1,combat/monster_attack,You can't see in here!,0
mhitu.c:L1468:You:64,c_source,mhitu.c,1468,You,gulpmu,1,combat/monster_attack,You seem unhurt.,0
mhitu.c:L1487:You:66,c_source,mhitu.c,1487,You,gulpmu,1,combat/monster_attack,You are freezing to death!,0
mhitu.c:L1494:You_feel:67,c_source,mhitu.c,1494,You_feel,gulpmu,1,combat/monster_attack,You feel mildly hot.,0
mhitu.c:L1501:You:68,c_source,mhitu.c,1501,You,gulpmu,1,combat/monster_attack,You are burning to a crisp!,0
mhitu.c:L1537:pline:69,c_source,mhitu.c,1537,pline,gulpmu,1,combat/monster_attack,%s very hurriedly %s you!,2
mhitu.c:L1560:You:70,c_source,mhitu.c,1560,You,gulpmu,1,combat/monster_attack,You get %s!,1
mhitu.c:L1567:pline:71,c_source,mhitu.c,1567,pline,gulpmu,1,combat/monster_attack,Obviously %s doesn't like your taste.,1
mhitu.c:L1577:pline:72,c_source,mhitu.c,1577,pline,explmu,1,combat/monster_attack,%s explodes at a spot in %s!,2
mhitu.c:L1604:You:73,c_source,mhitu.c,1604,You,explmu,1,combat/monster_attack,You are blinded by a blast of light!,0
mhitu.c:L1609:You:74,c_source,mhitu.c,1609,You,explmu,1,combat/monster_attack,You get the impression it was not terribly bright.,0
mhitu.c:L1625:You:75,c_source,mhitu.c,1625,You,explmu,1,combat/monster_attack,You are caught in a blast of kaleidoscopic light!,0
mhitu.c:L1633:impossible:77,c_source,mhitu.c,1633,impossible,explmu,1,combat/monster_attack,unknown exploder damage type %d,1
mhitu.c:L1637:You:78,c_source,mhitu.c,1637,You,explmu,1,combat/monster_attack,You seem unaffected by it.,0
mhitu.c:L1695:pline_mon:80,c_source,mhitu.c,1695,pline_mon,gazemu,1,combat/monster_attack,mtmp,0
mhitu.c:L1713:pline:81,c_source,mhitu.c,1713,pline,gazemu,1,combat/monster_attack,%s doesn't seem to notice that %s gaze was reflected.,2
mhitu.c:L1717:pline_mon:82,c_source,mhitu.c,1717,pline_mon,gazemu,1,combat/monster_attack,mtmp,0
mhitu.c:L1727:You:83,c_source,mhitu.c,1727,You,gazemu,1,combat/monster_attack,You meet %s gaze.,1
mhitu.c:L1747:pline_mon:85,c_source,mhitu.c,1747,pline_mon,gazemu,1,combat/monster_attack,mtmp,0
mhitu.c:L1762:pline_mon:87,c_source,mhitu.c,1762,pline_mon,gazemu,1,combat/monster_attack,mtmp,0
mhitu.c:L1786:You:88,c_source,mhitu.c,1786,You,gazemu,1,combat/monster_attack,You are blinded by %s radiance!,1
mhitu.c:L1808:pline_mon:89,c_source,mhitu.c,1808,pline_mon,gazemu,1,combat/monster_attack,mtmp,0
mhitu.c:L1813:pline_The:90,c_source,mhitu.c,1813,pline_The,gazemu,1,combat/monster_attack,The fire doesn't feel hot!,0
mhitu.c:L1838:pline:91,c_source,mhitu.c,1838,pline,gazemu,1,combat/monster_attack,%s gaze makes you very sleepy...,1
mhitu.c:L1863:pline_mon:93,c_source,mhitu.c,1863,pline_mon,gazemu,1,combat/monster_attack,mtmp,0
mhitu.c:L1976:pline:97,c_source,mhitu.c,1976,pline,doseduce,1,combat/monster_attack,Someone caresses you...,0
mhitu.c:L2017:pline:99,c_source,mhitu.c,2017,pline,doseduce,1,combat/monster_attack,"%s decides she'd like %s, and takes it.",2
mhitu.c:L2050:pline:100,c_source,mhitu.c,2050,pline,doseduce,1,combat/monster_attack,"%s decides you'd look prettier wearing %s,",2
mhitu.c:L2051:pline:101,c_source,mhitu.c,2051,pline,doseduce,1,combat/monster_attack,and puts it on your finger.,0
mhitu.c:L2056:pline:102,c_source,mhitu.c,2056,pline,doseduce,1,combat/monster_attack,%s puts %s on your right %s.,3
mhitu.c:L2060:pline:103,c_source,mhitu.c,2060,pline,doseduce,1,combat/monster_attack,%s puts %s on your left %s.,3
mhitu.c:L2069:pline:104,c_source,mhitu.c,2069,pline,doseduce,1,combat/monster_attack,%s replaces %s with %s.,3
mhitu.c:L2082:pline:105,c_source,mhitu.c,2082,pline,doseduce,1,combat/monster_attack,%s replaces %s with %s.,3
mhitu.c:L2087:impossible:106,c_source,mhitu.c,2087,impossible,doseduce,1,combat/monster_attack,ring replacement,0
mhitu.c:L2118:verbalize:108,c_source,mhitu.c,2118,verbalize,doseduce,1,combat/monster_attack,You're such a %s; I wish...,1
mhitu.c:L2128:verbalize:109,c_source,mhitu.c,2128,verbalize,doseduce,1,combat/monster_attack,"Well, then you owe me %s%s!",2
mhitu.c:L2159:You_feel:113,c_source,mhitu.c,2159,You_feel,doseduce,1,combat/monster_attack,You feel drained of energy.,0
mhitu.c:L2178:You:117,c_source,mhitu.c,2178,You,doseduce,1,combat/monster_attack,You have a curious feeling...,0
mhitu.c:L2182:You_feel:118,c_source,mhitu.c,2182,You_feel,doseduce,1,combat/monster_attack,You feel exhausted.,0
mhitu.c:L2195:You_feel:120,c_source,mhitu.c,2195,You_feel,doseduce,1,combat/monster_attack,You feel raised to your full potential.,0
mhitu.c:L2204:You_feel:121,c_source,mhitu.c,2204,You_feel,doseduce,1,combat/monster_attack,You feel good enough to do it again.,0
mhitu.c:L2209:You:122,c_source,mhitu.c,2209,You,doseduce,1,combat/monster_attack,You will always remember %s...,1
mhitu.c:L2230:pline:125,c_source,mhitu.c,2230,pline,doseduce,1,combat/monster_attack,"%s demands that you pay %s, but you refuse...",2
mhitu.c:L2253:verbalize:127,c_source,mhitu.c,2253,verbalize,doseduce,1,combat/monster_attack,It's on the house!,0
mhitu.c:L2256:pline:128,c_source,mhitu.c,2256,pline,doseduce,1,combat/monster_attack,No charge.,0
mhitu.c:L2327:pline_mon:132,c_source,mhitu.c,2327,pline_mon,assess_dmg,1,combat/monster_attack,mtmp,0
mhitu.c:L2430:pline_mon:133,c_source,mhitu.c,2430,pline_mon,passiveum,1,combat/monster_attack,mtmp,0
mhitu.c:L2445:pline_mon:134,c_source,mhitu.c,2445,pline_mon,passiveum,1,combat/monster_attack,mtmp,0
mhitu.c:L2468:pline_mon:135,c_source,mhitu.c,2468,pline_mon,passiveum,1,combat/monster_attack,mtmp,0
mhitu.c:L2508:pline:137,c_source,mhitu.c,2508,pline,passiveum,1,combat/monster_attack,"As a blind %s, you cannot defend yourself.",1
mhitu.c:L2522:pline_mon:138,c_source,mhitu.c,2522,pline_mon,passiveum,1,combat/monster_attack,mtmp,0
mhitu.c:L2529:pline_mon:139,c_source,mhitu.c,2529,pline_mon,passiveum,1,combat/monster_attack,mtmp,0
mhitu.c:L2539:pline_mon:140,c_source,mhitu.c,2539,pline_mon,passiveum,1,combat/monster_attack,mtmp,0
mhitu.c:L2542:pline_mon:141,c_source,mhitu.c,2542,pline_mon,passiveum,1,combat/monster_attack,mtmp,0
mhitu.c:L2550:pline_mon:142,c_source,mhitu.c,2550,pline_mon,passiveum,1,combat/monster_attack,mtmp,0
mhitu.c:L2557:pline_mon:143,c_source,mhitu.c,2557,pline_mon,passiveum,1,combat/monster_attack,mtmp,0
mhitu.c:L2562:pline_mon:144,c_source,mhitu.c,2562,pline_mon,passiveum,1,combat/monster_attack,mtmp,0
mhitu.c:L2566:pline_mon:145,c_source,mhitu.c,2566,pline_mon,passiveum,1,combat/monster_attack,mtmp,0
mhitu.c:L2571:pline_mon:146,c_source,mhitu.c,2571,pline_mon,passiveum,1,combat/monster_attack,mtmp,0
minion.c:L172:pline:1,c_source,minion.c,172,pline,msummon,1,minion,%s appears in a %s of %s!,3
minion.c:L209:impossible:2,c_source,minion.c,209,impossible,summon_minion,1,minion,unaligned player?,0
minion.c:L242:You_feel:4,c_source,minion.c,242,You_feel,summon_minion,1,minion,You feel %s booming voice:,1
minion.c:L245:verbalize:5,c_source,minion.c,245,verbalize,summon_minion,1,minion,Thou shalt pay for thine indiscretion!,0
minion.c:L247:pline:6,c_source,minion.c,247,pline,summon_minion,1,minion,%s appears before you.,1
minion.c:L265:pline:7,c_source,minion.c,265,pline,demon_talk,1,minion,%s looks very angry.,1
minion.c:L266:You_feel:8,c_source,minion.c,266,You_feel,demon_talk,1,minion,You feel tension building.,0
minion.c:L290:pline:9,c_source,minion.c,290,pline,demon_talk,1,minion,%s appears before you.,1
minion.c:L297:pline:10,c_source,minion.c,297,pline,demon_talk,1,minion,"%s says, ""Good hunting, %s.""",2
minion.c:L300:pline:11,c_source,minion.c,300,pline,demon_talk,1,minion,%s %s something.,2
minion.c:L325:pline:12,c_source,minion.c,325,pline,demon_talk,1,minion,%s demands %ld %s for safe passage.,3
minion.c:L333:pline:14,c_source,minion.c,333,pline,demon_talk,1,minion,"%s vanishes, laughing about cowardly mortals.",1
minion.c:L340:pline:16,c_source,minion.c,340,pline,demon_talk,1,minion,%s gets angry...,1
minion.c:L360:getlin:17,c_source,minion.c,360,getlin,bribe,3,minion,prompt,0
minion.c:L368:You:18,c_source,minion.c,368,You,bribe,1,minion,"You try to shortchange %s, but fumble.",1
minion.c:L372:You:19,c_source,minion.c,372,You,bribe,1,minion,You refuse.,0
minion.c:L374:You:20,c_source,minion.c,374,You,bribe,1,minion,You give %s all your gold.,1
minion.c:L378:You:21,c_source,minion.c,378,You,bribe,1,minion,You give %s %ld %s.,3
minion.c:L468:pline:22,c_source,minion.c,468,pline,lose_guardian_angel,1,minion,"%s rebukes you, saying:",1
minion.c:L474:verbalize:23,c_source,minion.c,474,verbalize,lose_guardian_angel,1,minion,"Since you desire conflict, have some more!",0
minion.c:L503:pline:25,c_source,minion.c,503,pline,gain_guardian_angel,1,minion,A voice booms:,0
minion.c:L503:You_feel:26,c_source,minion.c,503,You_feel,gain_guardian_angel,1,minion,You feel a booming voice:,0
minion.c:L506:verbalize:27,c_source,minion.c,506,verbalize,gain_guardian_angel,1,minion,Thy desire for conflict shall be fulfilled!,0
minion.c:L512:pline:28,c_source,minion.c,512,pline,gain_guardian_angel,1,minion,A voice whispers:,0
minion.c:L513:You_feel:29,c_source,minion.c,513,You_feel,gain_guardian_angel,1,minion,You feel a soft voice:,0
minion.c:L514:verbalize:30,c_source,minion.c,514,verbalize,gain_guardian_angel,1,minion,Thou hast been worthy of me!,0
minion.c:L537:pline:31,c_source,minion.c,537,pline,gain_guardian_angel,1,minion,An angel appears near you.,0
minion.c:L539:You_feel:32,c_source,minion.c,539,You_feel,gain_guardian_angel,1,minion,You feel the presence of a friendly angel near you.,0
mklev.c:L176:impossible:0,c_source,mklev.c,176,impossible,finddpos,1,mklev,finddpos: illegal dir,0
mklev.c:L953:impossible:1,c_source,mklev.c,953,impossible,fill_ordinary_room,1,mklev,fill_ordinary_room: Null subroom,0
mklev.c:L1066:impossible:2,c_source,mklev.c,1066,impossible,fill_ordinary_room,1,mklev,couldn't generate supply chest item,0
mklev.c:L1152:impossible:3,c_source,mklev.c,1152,impossible,fill_ordinary_room,1,mklev,trycnt overflow4,0
mklev.c:L1221:impossible:4,c_source,mklev.c,1221,impossible,mklev_sanity_check,1,mklev,levl[%i][%i] door not ok,2
mklev.c:L1234:impossible:5,c_source,mklev.c,1234,impossible,mklev_sanity_check,1,mklev,room %i not connected?,1
mklev.c:L1656:impossible:7,c_source,mklev.c,1656,impossible,find_branch_room,1,mklev,Can't place branch!,0
mklev.c:L2147:impossible:8,c_source,mklev.c,2147,impossible,mkstairs,1,mklev,"mkstairs:  bogus stair attempt at <%d,%d>",2
mklev.c:L2154:impossible:9,c_source,mklev.c,2154,impossible,mkstairs,1,mklev,"mkstairs:  placing stairs %s on %s at <%d,%d>",4
mklev.c:L2399:pline_The:10,c_source,mklev.c,2399,pline_The,mkinvokearea,1,mklev,The floor shakes violently under you!,0
mklev.c:L2438:pline_The:11,c_source,mklev.c,2438,pline_The,mkinvokearea,1,mklev,The walls around you begin to bend and crumble!,0
mklev.c:L2465:You:12,c_source,mklev.c,2465,You,mkinvokearea,1,mklev,You are standing at the top of a stairwell leading down!,0
mkmap.c:L307:impossible:0,c_source,mkmap.c,307,impossible,join_map,1,mkmap,No start/end room loc in join_map.,0
mkmap.c:L391:impossible:1,c_source,mkmap.c,391,impossible,remove_rooms,1,mkmap,regular room in joined map,0
mkmaze.c:L110:impossible:0,c_source,mkmaze.c,110,impossible,set_levltyp,1,mkmaze,"set_levltyp(%d,%d,%d)%s%s",5
mkmaze.c:L131:impossible:1,c_source,mkmaze.c,131,impossible,set_levltyp_lit,1,mkmaze,"set_levltyp_lit(%d,%d,%d,%d)",4
mkmaze.c:L402:impossible:2,c_source,mkmaze.c,402,impossible,place_lregion,1,mkmaze,Couldn't place lregion type %d!,1
mkmaze.c:L1178:impossible:3,c_source,mkmaze.c,1178,impossible,makemaz,1,mkmaze,"Couldn't load ""%s"" - making a maze.",1
mkmaze.c:L1455:impossible:4,c_source,mkmaze.c,1455,impossible,mkportal,1,mkmaze,portal on top of portal?,0
mkmaze.c:L1490:Norep:5,c_source,mkmaze.c,1490,Norep,fumaroles,1,mkmaze,You hear a %swhoosh!,1
mkmaze.c:L1698:pline:7,c_source,mkmaze.c,1698,pline,water_friction,1,mkmaze,Water turbulence affects your movements.,0
mkmaze.c:L1768:impossible:8,c_source,mkmaze.c,1768,impossible,restore_waterlevel,1,mkmaze,No %s to restore?,1
mkmaze.c:L1788:impossible:9,c_source,mkmaze.c,1788,impossible,set_wportal,1,mkmaze,set_wportal(): no portal!,0
mkmaze.c:L1956:pline:11,c_source,mkmaze.c,1956,pline,mv_bubble,1,mkmaze,"bubble xmin: x = %d, xmin = %d",2
mkmaze.c:L1961:pline:12,c_source,mkmaze.c,1961,pline,mv_bubble,1,mkmaze,"bubble ymin: y = %d, ymin = %d",2
mkmaze.c:L1967:pline:13,c_source,mkmaze.c,1967,pline,mv_bubble,1,mkmaze,"bubble xmax: x = %d, xmax = %d",2
mkmaze.c:L1974:pline:14,c_source,mkmaze.c,1974,pline,mv_bubble,1,mkmaze,"bubble ymax: y = %d, ymax = %d",2
mkmaze.c:L2052:impossible:15,c_source,mkmaze.c,2052,impossible,mv_bubble,1,mkmaze,mv_bubble: unknown bubble contents,0
mkobj.c:L293:impossible:0,c_source,mkobj.c,293,impossible,mkobj,1,mkobj,"probtype error, oclass=%d i=%d",2
mkobj.c:L795:verbalize:2,c_source,mkobj.c,795,verbalize,costly_alteration,1,mkobj,"You %s %s %s, you pay for %s!",4
mkobj.c:L808:verbalize:3,c_source,mkobj.c,808,verbalize,costly_alteration,1,mkobj,"You %s %s, you pay for %s!",3
mkobj.c:L1452:impossible:4,c_source,mkobj.c,1452,impossible,start_glob_timeout,1,mkobj,start_glob_timeout for non-glob [%d: %s]?,2
mkobj.c:L1498:impossible:5,c_source,mkobj.c,1498,impossible,shrink_glob,1,mkobj,shrink_glob for non-glob [%d: %s]?,2
mkobj.c:L1619:pline:7,c_source,mkobj.c,1619,pline,shrink_glob,1,mkobj,%s %s%s lighter.,3
mkobj.c:L1638:pline:8,c_source,mkobj.c,1638,pline,shrink_glob,1,mkobj,%s fades away.,1
mkobj.c:L1715:pline:9,c_source,mkobj.c,1715,pline,maybe_adjust_light,1,mkobj,%s %s %s%s.,4
mkobj.c:L1864:impossible:10,c_source,mkobj.c,1864,impossible,weight,1,mkobj,Calculating weight of %ld %s?,2
mkobj.c:L2052:impossible:11,c_source,mkobj.c,2052,impossible,mkcorpstat,1,mkobj,making corpstat type %d,1
mkobj.c:L2659:impossible:12,c_source,mkobj.c,2659,impossible,add_to_migration,1,mkobj,unpaid object migrating to another level? [%s],1
mkobj.c:L2714:impossible:14,c_source,mkobj.c,2714,impossible,dealloc_obj,1,mkobj,dealloc_obj with hands_obj,0
mkobj.c:L2808:impossible:15,c_source,mkobj.c,2808,impossible,hornoplenty,1,mkobj,bad horn o' plenty,0
mkobj.c:L2845:pline:16,c_source,mkobj.c,2845,pline,hornoplenty,1,mkobj,%s %s out.,2
mkobj.c:L2900:pline:17,c_source,mkobj.c,2900,pline,hornoplenty,1,mkobj,%s %s to the %s.,3
mkobj.c:L2976:impossible:18,c_source,mkobj.c,2976,impossible,obj_sanity_check,1,mkobj,gm.mydogs sanity [not empty],0
mkobj.c:L3202:impossible:19,c_source,mkobj.c,3202,impossible,mon_obj_sanity,1,mkobj,monst (%s: %u) wielding %s (%u) not in %s inventory,5
mkobj.c:L3272:impossible:20,c_source,mkobj.c,3272,impossible,insane_object,1,mkobj,altfmt,0
mkobj.c:L3280:impossible:21,c_source,mkobj.c,3280,impossible,insane_object,1,mkobj,fmt,0
mkobj.c:L3356:impossible:22,c_source,mkobj.c,3356,impossible,check_contained,1,mkobj,"%s obj %s in container %s, not %s",4
mkobj.c:L3599:impossible:23,c_source,mkobj.c,3599,impossible,obj_nexto,1,mkobj,obj_nexto: wasn't given an object to check,0
mkobj.c:L3786:You_see:26,c_source,mkobj.c,3786,You_see,pudding_merge_message,1,mkobj,You see parts of the floor melting!,0
mkobj.c:L3788:Your:27,c_source,mkobj.c,3788,Your,pudding_merge_message,1,mkobj,Your pack reaches out and grabs something!,0
mkobj.c:L3796:pline:28,c_source,mkobj.c,3796,pline,pudding_merge_message,1,mkobj,The %s%s coalesce%s.,3
mkobj.c:L3803:You_hear:29,c_source,mkobj.c,3803,You_hear,pudding_merge_message,1,mkobj,You hear a faint sloshing sound.,0
mkroom.c:L87:impossible:0,c_source,mkroom.c,87,impossible,do_mkroom,1,mkroom,Tried to make a room of type %d.,1
mkroom.c:L165:impossible:1,c_source,mkroom.c,165,impossible,mkshop,1,mkroom,rooms[] not closed by -1?,0
mkroom.c:L1070:impossible:2,c_source,mkroom.c,1070,impossible,invalid_shop_shape,1,mkroom,invalid_shop_shape: no squares inside door?,0
mon.c:L104:impossible:2,c_source,mon.c,104,impossible,sanity_check_single_mon,1,monster,"%s: level %d %s #%u [%s] has %d cur HP, %d max HP",7
mon.c:L112:impossible:3,c_source,mon.c,112,impossible,sanity_check_single_mon,1,monster,"dead monster on %s; %s at <%d,%d>",4
mon.c:L206:impossible:19,c_source,mon.c,206,impossible,sanity_check_single_mon,1,monster,migrating %s mimicking %s %s,3
mon.c:L209:impossible:20,c_source,mon.c,209,impossible,sanity_check_single_mon,1,monster,mimic%s concealed as %s despite Prot-from-shape-changers %s,3
mon.c:L234:impossible:23,c_source,mon.c,234,impossible,sanity_check_single_mon,1,monster,monst %u: leashed but no leash for %s,2
mon.c:L240:impossible:24,c_source,mon.c,240,impossible,sanity_check_single_mon,1,monster,monst %u: leashed but not tame %s,2
mon.c:L269:impossible:26,c_source,mon.c,269,impossible,mon_sanity_check,1,monster,"mon (%s) claims to be at <%d,%d>?",3
mon.c:L275:impossible:27,c_source,mon.c,275,impossible,mon_sanity_check,1,monster,"steed (%s) claims to be at <%d,%d>?",3
mon.c:L278:impossible:28,c_source,mon.c,278,impossible,mon_sanity_check,1,monster,"mon (%s) at <%d,%d> is not there!",3
mon.c:L286:impossible:29,c_source,mon.c,286,impossible,mon_sanity_check,1,monster,floor mon (%s) with mstate set to 0x%08lx,2
mon.c:L296:impossible:30,c_source,mon.c,296,impossible,mon_sanity_check,1,monster,"map mon (%s) at <%d,%d> not in fmon list!",3
mon.c:L305:impossible:32,c_source,mon.c,305,impossible,mon_sanity_check,1,monster,"map mon (%s) at <%d,%d> is found at <%d,%d>?",5
mon.c:L316:impossible:33,c_source,mon.c,316,impossible,mon_sanity_check,1,monster,migrating mon (%s) with mstate set to 0x%08lx,2
mon.c:L601:pline_mon:34,c_source,mon.c,601,pline_mon,make_corpse,1,monster,mtmp,0
mon.c:L988:pline_mon:35,c_source,mon.c,988,pline_mon,minliquid_core,1,monster,mtmp,0
mon.c:L1020:pline_mon:36,c_source,mon.c,1020,pline_mon,minliquid_core,1,monster,mtmp,0
mon.c:L1037:pline_mon:37,c_source,mon.c,1037,pline_mon,minliquid_core,1,monster,mtmp,0
mon.c:L1043:pline_mon:38,c_source,mon.c,1043,pline_mon,minliquid_core,1,monster,mtmp,0
mon.c:L1075:pline_mon:39,c_source,mon.c,1075,pline_mon,minliquid_core,1,monster,mtmp,0
mon.c:L1078:You:40,c_source,mon.c,1078,You,minliquid_core,1,monster,You drown %s.,1
mon.c:L1083:pline:41,c_source,mon.c,1083,pline,minliquid_core,1,monster,%s sinks as %s rushes in and flushes you out.,2
mon.c:L1357:pline:42,c_source,mon.c,1357,pline,meatbox,1,monster,%s contents spill out onto the %s.,2
mon.c:L1428:pline_mon:43,c_source,mon.c,1428,pline_mon,m_consume_obj,1,monster,mtmp,0
mon.c:L1484:pline_mon:44,c_source,mon.c,1484,pline_mon,meatmetal,1,monster,mtmp,0
mon.c:L1493:pline_mon:45,c_source,mon.c,1493,pline_mon,meatmetal,1,monster,mtmp,0
mon.c:L1502:pline_mon:46,c_source,mon.c,1502,pline_mon,meatmetal,1,monster,mtmp,0
mon.c:L1607:pline_mon:48,c_source,mon.c,1607,pline_mon,meatobj,1,monster,mtmp,0
mon.c:L1612:pline:49,c_source,mon.c,1612,pline,meatobj,1,monster,Yum%c,1
mon.c:L1628:You_hear:51,c_source,mon.c,1628,You_hear,meatobj,1,monster,You hear %s slurping sound%s.,2
mon.c:L1688:pline_mon:52,c_source,mon.c,1688,pline_mon,meatcorpse,1,monster,mtmp,0
mon.c:L1691:You_hear:53,c_source,mon.c,1691,You_hear,meatcorpse,1,monster,You hear a masticating sound.,0
mon.c:L1753:pline_mon:54,c_source,mon.c,1753,pline_mon,mon_give_prop,1,monster,mtmp,0
mon.c:L1797:pline_mon:55,c_source,mon.c,1797,pline_mon,mon_givit,1,monster,mtmp,0
mon.c:L1814:pline_mon:56,c_source,mon.c,1814,pline_mon,mpickgold,1,monster,mtmp,0
mon.c:L1884:pline_mon:57,c_source,mon.c,1884,pline_mon,mpickstuff,1,monster,mtmp,0
mon.c:L2341:impossible:58,c_source,mon.c,2341,impossible,mfndpos,1,monster,A monster looked at a very strange trap of type %d.,1
mon.c:L2472:impossible:59,c_source,mon.c,2472,impossible,dmonsfree,1,monster,dmonsfree: %d removed doesn't match %d pending on %s,3
mon.c:L2487:impossible:60,c_source,mon.c,2487,impossible,replmon,1,monster,replmon: minvent inconsistency,0
mon.c:L2768:impossible:61,c_source,mon.c,2768,impossible,m_detach,1,monster,m_detach: %s is already detached?,1
mon.c:L2821:pline:63,c_source,mon.c,2821,pline,lifesaved_monster,1,monster,%s medallion begins to glow!,1
mon.c:L2826:pline:64,c_source,mon.c,2826,pline,lifesaved_monster,1,monster,%s reconstitutes!,1
mon.c:L2830:pline:65,c_source,mon.c,2830,pline,lifesaved_monster,1,monster,%s looks much better!,1
mon.c:L2918:pline_mon:68,c_source,mon.c,2918,pline_mon,vamprises,1,monster,mtmp,0
mon.c:L2943:pline_The:71,c_source,mon.c,2943,pline_The,vamprises,1,monster,The door is smashed%s,1
mon.c:L2959:pline_mon:72,c_source,mon.c,2959,pline_mon,vamprises,1,monster,mtmp,0
mon.c:L3179:There:75,c_source,mon.c,3179,There,corpse_chance,1,monster,There is an explosion in your %s!,1
mon.c:L3191:You_hear:76,c_source,mon.c,3191,You_hear,corpse_chance,1,monster,You hear an explosion.,0
mon.c:L3198:pline_mon:77,c_source,mon.c,3198,pline_mon,corpse_chance,1,monster,magr,0
mon.c:L3200:pline_mon:78,c_source,mon.c,3200,pline_mon,corpse_chance,1,monster,magr,0
mon.c:L3333:You:79,c_source,mon.c,3333,You,monstone,1,monster,You %s through an opening in the new %s.,2
mon.c:L3344:pline_mon:80,c_source,mon.c,3344,pline_mon,monkilled,1,monster,mdef,0
mon.c:L3389:pline:81,c_source,mon.c,3389,pline,monkilled,1,monster,May %s %s in peace.,2
mon.c:L3393:impossible:82,c_source,mon.c,3393,impossible,set_ustuck,1,monster,Sticking to %s at distu %d?,2
mon.c:L3528:pline:84,c_source,mon.c,3528,pline,xkilled,1,monster,Maybe not...,0
mon.c:L3604:pline:86,c_source,mon.c,3604,pline,xkilled,1,monster,%s corpse ends up buried.,1
mon.c:L3629:You_feel:88,c_source,mon.c,3629,You_feel,xkilled,1,monster,You feel guilty...,0
mon.c:L3640:pline:89,c_source,mon.c,3640,pline,xkilled,1,monster,That was %sa bad idea...,1
mon.c:L3658:pline:90,c_source,mon.c,3658,pline,xkilled,1,monster,That was probably a bad idea...,0
mon.c:L3659:pline:91,c_source,mon.c,3659,pline,xkilled,1,monster,Whoopsie-daisy!,0
mon.c:L3673:You_hear:93,c_source,mon.c,3673,You_hear,xkilled,1,monster,You hear the studio audience applaud!,0
mon.c:L3708:pline_mon:94,c_source,mon.c,3708,pline_mon,mon_to_stone,1,monster,mtmp,0
mon.c:L3712:pline:95,c_source,mon.c,3712,pline,mon_to_stone,1,monster,Now it's %s.,1
mon.c:L3715:pline:96,c_source,mon.c,3715,pline,mon_to_stone,1,monster,... and returns to normal.,0
mon.c:L3717:impossible:97,c_source,mon.c,3717,impossible,mon_to_stone,1,monster,Can't polystone %s!,1
mon.c:L3762:pline_mon:98,c_source,mon.c,3762,pline_mon,vamp_stone,1,monster,mtmp,0
mon.c:L3775:pline_mon:99,c_source,mon.c,3775,pline_mon,vamp_stone,1,monster,mtmp,0
mon.c:L3832:You_feel:100,c_source,mon.c,3832,You_feel,elemental_clog,1,monster,You feel besieged.,0
mon.c:L4103:pline_The:102,c_source,mon.c,4103,pline_The,qst_guardians_respond,1,monster,The %s %s to be angry too...,2
mon.c:L4133:verbalize:103,c_source,mon.c,4133,verbalize,peacefuls_respond,1,monster,Halt!  You're under arrest!,0
mon.c:L4220:pline:107,c_source,mon.c,4220,pline,peacefuls_respond,1,monster,And then starts to flee.,0
mon.c:L4234:You_feel:108,c_source,mon.c,4234,You_feel,setmangry,1,monster,You feel like a hypocrite.,0
mon.c:L4249:pline:109,c_source,mon.c,4249,pline,setmangry,1,monster,The engraving beneath you fades.,0
mon.c:L4268:pline_mon:110,c_source,mon.c,4268,pline_mon,setmangry,1,monster,mtmp,0
mon.c:L4278:pline_mon:111,c_source,mon.c,4278,pline_mon,wake_msg,1,monster,mtmp,0
mon.c:L4741:You:112,c_source,mon.c,4741,You,hideunder,1,monster,You hide under %s.,1
mon.c:L4752:You_see:113,c_source,mon.c,4752,You_see,hideunder,1,monster,You see %s %s under %s.,3
mon.c:L5049:getlin:114,c_source,mon.c,5049,getlin,wiz_force_cham_form,3,monster,pprompt,1
mon.c:L5087:pline:115,c_source,mon.c,5087,pline,wiz_force_cham_form,1,monster,It can't become that.,0
mon.c:L5374:You:116,c_source,mon.c,5374,You,newcham,1,monster,You %s %s%s!,3
mon.c:L5410:pline_mon:117,c_source,mon.c,5410,pline_mon,newcham,1,monster,mtmp,0
mon.c:L5418:pline_mon:118,c_source,mon.c,5418,pline_mon,newcham,1,monster,mtmp,0
mon.c:L5421:pline_mon:119,c_source,mon.c,5421,pline_mon,newcham,1,monster,mtmp,0
mon.c:L5654:pline_The:121,c_source,mon.c,5654,pline_The,angry_guards,1,monster,The %s %s up.,2
mon.c:L5658:pline_The:122,c_source,mon.c,5658,pline_The,angry_guards,1,monster,The %s %s angry!,2
mon.c:L5662:pline:123,c_source,mon.c,5662,pline,angry_guards,1,monster,%s %s %s approaching!,3
mon.c:L5670:You_hear:124,c_source,mon.c,5670,You_hear,angry_guards,1,monster,You hear the shrill sound of %s whistle%s.,2
mon.c:L5693:pline_mon:125,c_source,mon.c,5693,pline_mon,mimic_hit_msg,1,monster,mtmp,0
mon.c:L5710:You:126,c_source,mon.c,5710,You,usmellmon,1,monster,You notice a bovine smell.,0
mon.c:L5720:You:127,c_source,mon.c,5720,You,usmellmon,1,monster,You smell body odor.,0
mon.c:L5738:You:128,c_source,mon.c,5738,You,usmellmon,1,monster,You detect an odor reminiscent of an animal's den.,0
mon.c:L5746:You:129,c_source,mon.c,5746,You,usmellmon,1,monster,You smell steam.,0
mon.c:L5750:pline:130,c_source,mon.c,5750,pline,usmellmon,1,monster,%s stinks.,1
mon.c:L5752:You:131,c_source,mon.c,5752,You,usmellmon,1,monster,You smell mushrooms.,0
mon.c:L5772:You:133,c_source,mon.c,5772,You,usmellmon,1,monster,You smell a dragon!,0
mon.c:L5783:pline:134,c_source,mon.c,5783,pline,usmellmon,1,monster,%s smells moldy.,1
mon.c:L5789:You:135,c_source,mon.c,5789,You,usmellmon,1,monster,You detect a%s odor reminiscent of a stable.,1
mon.c:L5794:You:136,c_source,mon.c,5794,You,usmellmon,1,monster,You smell rotting flesh.,0
mon.c:L5798:You:137,c_source,mon.c,5798,You,usmellmon,1,monster,You smell fish.,0
mon.c:L5811:You:138,c_source,mon.c,5811,You,usmellmon,1,monster,You notice an attractive smell.,0
mon.c:L5998:pline_mon:140,c_source,mon.c,5998,pline_mon,shieldeff_mon,1,monster,mtmp,0
mondata.c:L160:impossible:0,c_source,mondata.c,160,impossible,Resists_Elem,1,monster,"Resists_Elem(%d), unexpected property type",1
mondata.c:L260:impossible:1,c_source,mondata.c,260,impossible,resists_blnd,1,monster,'Blnd_resist' but not resists_blnd()?,0
monmove.c:L57:pline_mon:0,c_source,monmove.c,57,pline_mon,mb_trapped,1,monster,mtmp,0
monmove.c:L59:You_hear:1,c_source,monmove.c,59,You_hear,mb_trapped,1,monster,You hear a %s explosion.,1
monmove.c:L123:You_hear:4,c_source,monmove.c,123,You_hear,mon_yells,1,monster,You hear someone yell:,0
monmove.c:L151:pline:5,c_source,monmove.c,151,pline,m_break_boulder,1,monster,%s mutters %s.,2
monmove.c:L364:You:7,c_source,monmove.c,364,You,release_hero,1,monster,You get released!,0
monmove.c:L489:pline_mon:9,c_source,monmove.c,489,pline_mon,monflee,1,monster,mtmp,0
monmove.c:L493:pline_mon:10,c_source,monmove.c,493,pline_mon,monflee,1,monster,mtmp,0
monmove.c:L505:pline_mon:11,c_source,monmove.c,505,pline_mon,monflee,1,monster,mtmp,0
monmove.c:L508:verbalize:12,c_source,monmove.c,508,verbalize,monflee,1,monster,Bright light!,0
monmove.c:L510:pline_mon:13,c_source,monmove.c,510,pline_mon,monflee,1,monster,mtmp,0
monmove.c:L574:pline_mon:14,c_source,monmove.c,574,pline_mon,mind_blast,1,monster,mtmp,0
monmove.c:L581:You:15,c_source,monmove.c,581,You,mind_blast,1,monster,You sense a faint wave of psychic energy.,0
monmove.c:L583:pline:16,c_source,monmove.c,583,pline,mind_blast,1,monster,A wave of psychic energy pours over you!,0
monmove.c:L588:pline:17,c_source,monmove.c,588,pline,mind_blast,1,monster,It feels quite soothing.,0
monmove.c:L633:pline:19,c_source,monmove.c,633,pline,mind_blast,1,monster,It locks on to %s.,1
monmove.c:L793:pline:20,c_source,monmove.c,793,pline,dochug,1,monster,%s whispers at thin air.,1
monmove.c:L1034:pline_mon:22,c_source,monmove.c,1034,pline_mon,itsstuck,1,monster,mtmp,0
monmove.c:L1272:pline_mon:23,c_source,monmove.c,1272,pline_mon,maybe_spin_web,1,monster,mtmp,0
monmove.c:L1535:pline_mon:24,c_source,monmove.c,1535,pline_mon,postmov,1,monster,mtmp,0
monmove.c:L1552:pline_mon:25,c_source,monmove.c,1552,pline_mon,postmov,1,monster,mtmp,0
monmove.c:L1555:You_see:26,c_source,monmove.c,1555,You_see,postmov,1,monster,You see a door unlock and open.,0
monmove.c:L1556:You_hear:27,c_source,monmove.c,1556,You_hear,postmov,1,monster,You hear a door unlock and open.,0
monmove.c:L1568:pline_mon:28,c_source,monmove.c,1568,pline_mon,postmov,1,monster,mtmp,0
monmove.c:L1590:pline_mon:31,c_source,monmove.c,1590,pline_mon,postmov,1,monster,mtmp,0
monmove.c:L1594:You_see:32,c_source,monmove.c,1594,You_see,postmov,1,monster,You see a door crash open.,0
monmove.c:L1598:You_hear:33,c_source,monmove.c,1598,You_hear,postmov,1,monster,You hear a door crash open.,0
monmove.c:L1614:pline_mon:34,c_source,monmove.c,1614,pline_mon,postmov,1,monster,mtmp,0
monmove.c:L1620:Norep:35,c_source,monmove.c,1620,Norep,postmov,1,monster,%s %s %s the iron bars.,3
monmove.c:L1804:verbalize:37,c_source,monmove.c,1804,verbalize,m_move,1,monster,I'm late!,0
mplayer.c:L248:impossible:0,c_source,mplayer.c,248,impossible,mk_mplayer,1,mplayer,bad mplayer monster,0
mplayer.c:L368:verbalize:1,c_source,mplayer.c,368,verbalize,mplayer_talk,1,mplayer,Talk? -- %s,1
mthrowu.c:L112:pline:1,c_source,mthrowu.c,112,pline,thitu,1,mthrowu,%s %s you.,2
mthrowu.c:L117:You:3,c_source,mthrowu.c,117,You,thitu,1,mthrowu,You are hit%s,1
mthrowu.c:L119:You:4,c_source,mthrowu.c,119,You,thitu,1,mthrowu,You are hit by %s%s,2
mthrowu.c:L123:pline:5,c_source,mthrowu.c,123,pline,thitu,1,mthrowu,It doesn't seem to hurt you.,0
mthrowu.c:L130:pline:6,c_source,mthrowu.c,130,pline,thitu,1,mthrowu,It %s you.,1
mthrowu.c:L142:pline_The:7,c_source,mthrowu.c,142,pline_The,thitu,1,mthrowu,The silver sears your flesh!,0
mthrowu.c:L288:pline:9,c_source,mthrowu.c,288,pline,monshoot,1,mthrowu,%s %s %s%s%s!,5
mthrowu.c:L349:pline:10,c_source,mthrowu.c,349,pline,ohitmon,1,mthrowu,It is missed.,0
mthrowu.c:L378:pline:11,c_source,mthrowu.c,378,pline,ohitmon,1,mthrowu,Splat!  %s is hit with %s egg!,2
mthrowu.c:L395:pline:12,c_source,mthrowu.c,395,pline,ohitmon,1,mthrowu,%s%s is hit%s,3
mthrowu.c:L400:pline_The:13,c_source,mthrowu.c,400,pline_The,ohitmon,1,mthrowu,The poison doesn't seem to affect %s.,1
mthrowu.c:L423:pline_The:15,c_source,mthrowu.c,423,pline_The,ohitmon,1,mthrowu,The silver sears %s!,1
mthrowu.c:L426:pline:16,c_source,mthrowu.c,426,pline,ohitmon,1,mthrowu,%s is seared!,1
mthrowu.c:L430:pline:17,c_source,mthrowu.c,430,pline,ohitmon,1,mthrowu,%s is unaffected.,1
mthrowu.c:L433:pline_The:18,c_source,mthrowu.c,433,pline_The,ohitmon,1,mthrowu,The %s burns %s!,2
mthrowu.c:L436:pline:19,c_source,mthrowu.c,436,pline,ohitmon,1,mthrowu,It is burned!,0
mthrowu.c:L451:pline:20,c_source,mthrowu.c,451,pline,ohitmon,1,mthrowu,%s is %s!,2
mthrowu.c:L476:pline:21,c_source,mthrowu.c,476,pline,ohitmon,1,mthrowu,%s is blinded by %s.,2
mthrowu.c:L510:You:22,c_source,mthrowu.c,510,You,ucatchgem,1,mthrowu,You catch the %s.,1
mthrowu.c:L513:You:24,c_source,mthrowu.c,513,You,ucatchgem,1,mthrowu,You accept %s gift in the spirit in which it was intended.,1
mthrowu.c:L618:pline:25,c_source,mthrowu.c,618,pline,m_throw,1,mthrowu,%s misfires!,1
mthrowu.c:L696:impossible:27,c_source,mthrowu.c,696,impossible,m_throw,1,mthrowu,monster throwing egg type %d,1
mthrowu.c:L756:pline:28,c_source,mthrowu.c,756,pline,m_throw,1,mthrowu,Yecch!  You've been creamed.,0
mthrowu.c:L757:pline:29,c_source,mthrowu.c,757,pline,m_throw,1,mthrowu,There's %s sticky all over your %s.,2
mthrowu.c:L766:pline_The:30,c_source,mthrowu.c,766,pline_The,m_throw,1,mthrowu,The venom blinds you.,0
mthrowu.c:L800:pline:32,c_source,mthrowu.c,800,pline,m_throw,1,mthrowu,%s %s onto the sink.,2
mthrowu.c:L873:pline:34,c_source,mthrowu.c,873,pline,return_from_mtoss,1,mthrowu,%s to %s %s!,3
mthrowu.c:L891:pline:35,c_source,mthrowu.c,891,pline,return_from_mtoss,1,mthrowu,"%s back to %s, landing %s %s %s.",5
mthrowu.c:L900:You_hear:36,c_source,mthrowu.c,900,You_hear,return_from_mtoss,1,mthrowu,You hear %s land near %s.,2
mthrowu.c:L906:pline:37,c_source,mthrowu.c,906,pline,return_from_mtoss,1,mthrowu,"%s back toward %s, hitting %s %s!",4
mthrowu.c:L909:You_hear:38,c_source,mthrowu.c,909,You_hear,return_from_mtoss,1,mthrowu,You hear %s hit %s with a thud!,2
mthrowu.c:L917:You_hear:39,c_source,mthrowu.c,917,You_hear,return_from_mtoss,1,mthrowu,You hear a loud snap!,0
mthrowu.c:L946:pline:40,c_source,mthrowu.c,946,pline,return_from_mtoss,1,mthrowu,"(weight(otmp) > 9) ? ""Splash!"" : ""Plop!""",0
mthrowu.c:L1005:pline:41,c_source,mthrowu.c,1005,pline,spitmm,1,mthrowu,A dry rattle comes from %s throat.,1
mthrowu.c:L1011:You_hear:42,c_source,mthrowu.c,1011,You_hear,spitmm,1,mthrowu,You hear a dry rattle nearby.,0
mthrowu.c:L1027:impossible:43,c_source,mthrowu.c,1027,impossible,spitmm,1,mthrowu,bad attack type in spitmm,0
mthrowu.c:L1037:pline:44,c_source,mthrowu.c,1037,pline,spitmm,1,mthrowu,%s spits venom!,1
mthrowu.c:L1082:pline:45,c_source,mthrowu.c,1082,pline,breamm,1,mthrowu,%s coughs.,1
mthrowu.c:L1089:You_hear:46,c_source,mthrowu.c,1089,You_hear,breamm,1,mthrowu,You hear a cough.,0
mthrowu.c:L1106:pline:47,c_source,mthrowu.c,1106,pline,breamm,1,mthrowu,%s breathes %s!,2
mthrowu.c:L1133:impossible:48,c_source,mthrowu.c,1133,impossible,breamm,1,mthrowu,Breath weapon %d used,1
mthrowu.c:L1206:pline_mon:49,c_source,mthrowu.c,1206,pline_mon,thrwmu,1,mthrowu,mtmp,0
mthrowu.c:L1420:pline_The:50,c_source,mthrowu.c,1420,pline_The,hit_bars,1,mthrowu,The iron bars are dissolved!,0
mthrowu.c:L1424:You_hear:51,c_source,mthrowu.c,1424,You_hear,hit_bars,1,mthrowu,"You hear Hallucination ? ""angry snakes!""
                                       : ""a hissing noise.""",0
mthrowu.c:L1475:You:53,c_source,mthrowu.c,1475,You,hit_bars,1,mthrowu,You break the bars apart!,0
muse.c:L85:pline:0,c_source,muse.c,85,pline,precheck,1,monster_ai,"As %s opens the bottle, an enormous %s emerges!",2
muse.c:L90:pline:1,c_source,muse.c,90,pline,precheck,1,monster_ai,"%s is frightened to death, and unable to move.",1
muse.c:L111:pline_mon:2,c_source,muse.c,111,pline_mon,precheck,1,monster_ai,mtmp,0
muse.c:L121:verbalize:5,c_source,muse.c,121,verbalize,precheck,1,monster_ai,It is about time.,0
muse.c:L145:You_hear:8,c_source,muse.c,145,You_hear,precheck,1,monster_ai,You hear a zap and an explosion %s.,1
muse.c:L168:impossible:9,c_source,muse.c,168,impossible,mzapwand,1,monster_ai,Mon zapping wand with %d charges?,1
muse.c:L176:You_hear:10,c_source,muse.c,176,You_hear,mzapwand,1,monster_ai,You hear a %s zap.,1
muse.c:L181:pline:11,c_source,muse.c,181,pline,mzapwand,1,monster_ai,%s with %s!,2
muse.c:L184:pline_mon:12,c_source,muse.c,184,pline_mon,mzapwand,1,monster_ai,mtmp,0
muse.c:L204:You_hear:13,c_source,muse.c,204,You_hear,mplayhorn,1,monster_ai,You hear a horn being played %s.,1
muse.c:L223:pline:15,c_source,muse.c,223,pline,mplayhorn,1,monster_ai,%s %s %s directed at you!,3
muse.c:L248:pline_mon:16,c_source,muse.c,248,pline_mon,mreadmsg,1,monster_ai,mtmp,0
muse.c:L284:pline:18,c_source,muse.c,284,pline,mreadmsg,1,monster_ai,"Being confused, %s mispronounces the magic words...",1
muse.c:L292:pline_mon:19,c_source,muse.c,292,pline_mon,mquaffmsg,1,monster_ai,mtmp,0
muse.c:L394:pline_mon:21,c_source,muse.c,394,pline_mon,m_tele,1,monster_ai,mtmp,0
muse.c:L774:pline_mon:22,c_source,muse.c,774,pline_mon,mon_escape,1,monster_ai,mtmp,0
muse.c:L813:pline_mon:23,c_source,muse.c,813,pline_mon,use_defensive,1,monster_ai,mtmp,0
muse.c:L815:pline_The:24,c_source,muse.c,815,pline_The,use_defensive,1,monster_ai,The tip of %s's horn glows!,1
muse.c:L824:pline_mon:25,c_source,muse.c,824,pline_mon,use_defensive,1,monster_ai,mtmp,0
muse.c:L826:impossible:26,c_source,muse.c,826,impossible,use_defensive,1,monster_ai,No need for unicorn horn?,0
muse.c:L831:pline_mon:27,c_source,muse.c,831,pline_mon,use_defensive,1,monster_ai,mtmp,0
muse.c:L835:You_hear:28,c_source,muse.c,835,You_hear,use_defensive,1,monster_ai,You hear a bugle playing reveille!,0
muse.c:L887:pline_mon:29,c_source,muse.c,887,pline_mon,use_defensive,1,monster_ai,mtmp,0
muse.c:L891:pline_mon:30,c_source,muse.c,891,pline_mon,use_defensive,1,monster_ai,mtmp,0
muse.c:L919:pline_The:31,c_source,muse.c,919,pline_The,use_defensive,1,monster_ai,The digging ray is ineffective.,0
muse.c:L930:pline_The:32,c_source,muse.c,930,pline_The,use_defensive,1,monster_ai,The %s here is too hard to dig in.,1
muse.c:L935:pline_mon:33,c_source,muse.c,935,pline_mon,use_defensive,1,monster_ai,mtmp,0
muse.c:L947:pline_mon:34,c_source,muse.c,947,pline_mon,use_defensive,1,monster_ai,mtmp,0
muse.c:L950:pline_mon:35,c_source,muse.c,950,pline_mon,use_defensive,1,monster_ai,mtmp,0
muse.c:L956:You_hear:36,c_source,muse.c,956,You_hear,use_defensive,1,monster_ai,You hear %s crash through the %s.,2
muse.c:L1033:pline_mon:37,c_source,muse.c,1033,pline_mon,use_defensive,1,monster_ai,mtmp,0
muse.c:L1079:pline_mon:39,c_source,muse.c,1079,pline_mon,use_defensive,1,monster_ai,mtmp,0
muse.c:L1086:pline_mon:40,c_source,muse.c,1086,pline_mon,use_defensive,1,monster_ai,mtmp,0
muse.c:L1096:pline_mon:41,c_source,muse.c,1096,pline_mon,use_defensive,1,monster_ai,mtmp,0
muse.c:L1106:pline_mon:42,c_source,muse.c,1106,pline_mon,use_defensive,1,monster_ai,mtmp,0
muse.c:L1118:pline_mon:43,c_source,muse.c,1118,pline_mon,use_defensive,1,monster_ai,mtmp,0
muse.c:L1134:pline_mon:44,c_source,muse.c,1134,pline_mon,use_defensive,1,monster_ai,mtmp,0
muse.c:L1158:pline_mon:45,c_source,muse.c,1158,pline_mon,use_defensive,1,monster_ai,mtmp,0
muse.c:L1171:pline_mon:46,c_source,muse.c,1171,pline_mon,use_defensive,1,monster_ai,mtmp,0
muse.c:L1188:pline_mon:47,c_source,muse.c,1188,pline_mon,use_defensive,1,monster_ai,mtmp,0
muse.c:L1199:impossible:48,c_source,muse.c,1199,impossible,use_defensive,1,monster_ai,%s wanted to perform action %d?,2
muse.c:L1646:pline_mon:53,c_source,muse.c,1646,pline_mon,mbhitm,1,monster_ai,mtmp,0
muse.c:L1885:pline_The:54,c_source,muse.c,1885,pline_The,use_offensive,1,monster_ai,The %s rumbles %s %s!,3
muse.c:L1892:pline_The:55,c_source,muse.c,1892,pline_The,use_offensive,1,monster_ai,The %s rumbles in the middle of nowhere!,1
muse.c:L1924:verbalize:56,c_source,muse.c,1924,verbalize,use_offensive,1,monster_ai,Say cheese!,0
muse.c:L1925:pline:57,c_source,muse.c,1925,pline,use_offensive,1,monster_ai,%s takes a picture of you with %s!,2
muse.c:L1927:You:58,c_source,muse.c,1927,You,use_offensive,1,monster_ai,You are blinded by the flash of light!,0
muse.c:L1941:pline:59,c_source,muse.c,1941,pline,use_offensive,1,monster_ai,"Oh, what a pretty fire!",0
muse.c:L1948:pline_mon:61,c_source,muse.c,1948,pline_mon,use_offensive,1,monster_ai,mtmp,0
muse.c:L1996:pline_mon:63,c_source,muse.c,1996,pline_mon,use_offensive,1,monster_ai,mtmp,0
muse.c:L2011:impossible:64,c_source,muse.c,2011,impossible,use_offensive,1,monster_ai,%s wanted to perform action %d?,2
muse.c:L2332:Norep:65,c_source,muse.c,2332,Norep,mloot_container,1,monster_ai,%s rummages through %s.,2
muse.c:L2338:pline:67,c_source,muse.c,2338,pline,mloot_container,1,monster_ai,%s removes %s.,2
muse.c:L2387:pline_mon:68,c_source,muse.c,2387,pline_mon,use_misc,1,monster_ai,mtmp,0
muse.c:L2404:pline_mon:69,c_source,muse.c,2404,pline_mon,use_misc,1,monster_ai,mtmp,0
muse.c:L2409:pline_mon:70,c_source,muse.c,2409,pline_mon,use_misc,1,monster_ai,mtmp,0
muse.c:L2433:pline:71,c_source,muse.c,2433,pline,use_misc,1,monster_ai,%s body takes on a %s transparency.,2
muse.c:L2438:pline:72,c_source,muse.c,2438,pline,use_misc,1,monster_ai,Suddenly you cannot see %s.,1
muse.c:L2492:pline_mon:75,c_source,muse.c,2492,pline_mon,use_misc,1,monster_ai,mtmp,0
muse.c:L2501:pline_mon:76,c_source,muse.c,2501,pline_mon,use_misc,1,monster_ai,mtmp,0
muse.c:L2548:pline_mon:77,c_source,muse.c,2548,pline_mon,use_misc,1,monster_ai,mtmp,0
muse.c:L2552:pline:78,c_source,muse.c,2552,pline,use_misc,1,monster_ai,%s fails to wrap around %s.,2
muse.c:L2556:urgent_pline:79,c_source,muse.c,2556,urgent_pline,use_misc,1,monster_ai,%s wraps around %s you're wielding!,2
muse.c:L2568:pline_The:81,c_source,muse.c,2568,pline_The,use_misc,1,monster_ai,The whip slips free.,0
muse.c:L2580:pline_mon:82,c_source,muse.c,2580,pline_mon,use_misc,1,monster_ai,mtmp,0
muse.c:L2584:pline_mon:83,c_source,muse.c,2584,pline_mon,use_misc,1,monster_ai,mtmp,0
muse.c:L2590:pline_mon:84,c_source,muse.c,2590,pline_mon,use_misc,1,monster_ai,mtmp,0
muse.c:L2596:impossible:85,c_source,muse.c,2596,impossible,use_misc,1,monster_ai,%s wanted to perform action %d?,2
muse.c:L2601:pline:86,c_source,muse.c,2601,pline,you_aggravate,1,monster_ai,"For some reason, %s presence is known to you.",1
muse.c:L2606:You_feel:87,c_source,muse.c,2606,You_feel,you_aggravate,1,monster_ai,You feel aggravated at %s.,1
muse.c:L2773:pline:88,c_source,muse.c,2773,pline,mon_reflects,1,monster_ai,str,0
muse.c:L2778:pline:89,c_source,muse.c,2778,pline,mon_reflects,1,monster_ai,str,0
muse.c:L2783:pline:90,c_source,muse.c,2783,pline,mon_reflects,1,monster_ai,str,0
muse.c:L2797:pline:91,c_source,muse.c,2797,pline,mon_reflects,1,monster_ai,str,0
muse.c:L2806:pline:92,c_source,muse.c,2806,pline,mon_reflects,1,monster_ai,str,0
muse.c:L2813:pline:93,c_source,muse.c,2813,pline,ureflects,1,monster_ai,fmt,0
muse.c:L2819:pline:94,c_source,muse.c,2819,pline,ureflects,1,monster_ai,fmt,0
muse.c:L2821:pline:95,c_source,muse.c,2821,pline,ureflects,1,monster_ai,fmt,0
muse.c:L2826:pline:96,c_source,muse.c,2826,pline,ureflects,1,monster_ai,fmt,0
muse.c:L2829:pline:97,c_source,muse.c,2829,pline,ureflects,1,monster_ai,fmt,0
muse.c:L2931:pline:103,c_source,muse.c,2931,pline,mon_consume_unstone,1,monster_ai,What a pity - %s just ruined a future piece of art!,1
muse.c:L3090:pline:107,c_source,muse.c,3090,pline,muse_unslime,1,monster_ai,%s triggers %s fire trap!,2
muse.c:L3108:pline:108,c_source,muse.c,3108,pline,muse_unslime,1,monster_ai,%s %s %s %s fire trap!,4
muse.c:L3130:pline:110,c_source,muse.c,3130,pline,muse_unslime,1,monster_ai,"Oh, what a pretty fire!",0
muse.c:L3167:pline:112,c_source,muse.c,3167,pline,muse_unslime,1,monster_ai,%s quaffs a burning %s,2
music.c:L123:You:0,c_source,music.c,123,You,charm_snakes,1,music,"You notice %s, swaying with the music.",1
music.c:L124:pline:1,c_source,music.c,124,pline,charm_snakes,1,music,"%s freezes, then sways with the music%s.",2
music.c:L179:pline:3,c_source,music.c,179,pline,awaken_soldiers,1,music,%s is now ready for battle!,1
music.c:L233:pline:5,c_source,music.c,233,pline,do_pit,1,music,KADOOM!  The boulder falls into a chasm%s!,1
music.c:L264:pline:6,c_source,music.c,264,pline,do_pit,1,music,%s falls into a chasm!,1
music.c:L267:You_hear:7,c_source,music.c,267,You_hear,do_pit,1,music,You hear a scream!,0
music.c:L299:Your:10,c_source,music.c,299,Your,do_pit,1,music,Your chain breaks!,0
music.c:L309:You:13,c_source,music.c,309,You,do_pit,1,music,You fall into a chasm!,0
music.c:L320:You:14,c_source,music.c,320,You,do_pit,1,music,You are jostled around violently!,0
music.c:L372:pline:15,c_source,music.c,372,pline,do_earthquake,1,music,%s is shaken loose from the ceiling!,1
music.c:L377:You_hear:16,c_source,music.c,377,You_hear,do_earthquake,1,music,You hear a thump.,0
music.c:L408:pline_The:17,c_source,music.c,408,pline_The,do_earthquake,1,music,The fountain falls%s.,1
music.c:L411:pline_The:18,c_source,music.c,411,pline_The,do_earthquake,1,music,The kitchen sink falls%s.,1
music.c:L422:pline_The:19,c_source,music.c,422,pline_The,do_earthquake,1,music,The %s altar falls%s.,2
music.c:L428:pline_The:20,c_source,music.c,428,pline_The,do_earthquake,1,music,The headstone topples%s.,1
music.c:L433:pline_The:21,c_source,music.c,433,pline_The,do_earthquake,1,music,The throne falls%s.,1
music.c:L441:pline:22,c_source,music.c,441,pline,do_earthquake,1,music,A secret corridor is revealed.,0
music.c:L451:pline:23,c_source,music.c,451,pline,do_earthquake,1,music,A secret door is revealed.,0
music.c:L465:pline_The:24,c_source,music.c,465,pline_The,do_earthquake,1,music,The door collapses.,0
music.c:L549:You:25,c_source,music.c,549,You,do_improvisation,1,music,You start playing %s.,1
music.c:L550:You:26,c_source,music.c,550,You,do_improvisation,1,music,You radiate an obnoxious droning sound.,0
music.c:L553:You_feel:27,c_source,music.c,553,You_feel,do_improvisation,1,music,You feel a monotonous vibration.,0
music.c:L557:You:28,c_source,music.c,557,You,do_improvisation,1,music,You generate a raucous noise.,0
music.c:L558:You_feel:29,c_source,music.c,558,You_feel,do_improvisation,1,music,You feel a jarring vibration.,0
music.c:L561:You:30,c_source,music.c,561,You,do_improvisation,1,music,You disseminate a kaleidoscopic display of floating butterflies.,0
music.c:L572:pline:31,c_source,music.c,572,pline,do_improvisation,1,music,What you perform is quite far from music...,0
music.c:L586:You:32,c_source,music.c,586,You,do_improvisation,1,music,You %sproduce %s%s music.,3
music.c:L633:You:38,c_source,music.c,633,You,do_improvisation,1,music,"You produce a frightful, grave%s sound.",1
music.c:L637:You:39,c_source,music.c,637,You,do_improvisation,1,music,You blow into the horn.,0
music.c:L644:You:40,c_source,music.c,644,You,do_improvisation,1,music,You extract a loud%s noise from %s.,2
music.c:L647:You:41,c_source,music.c,647,You,do_improvisation,1,music,You blow into the bugle.,0
music.c:L655:pline:42,c_source,music.c,655,pline,do_improvisation,1,music,%s very attractive%s music.,2
music.c:L659:You_feel:43,c_source,music.c,659,You_feel,do_improvisation,1,music,You feel very soothing vibrations.,0
music.c:L676:You_feel:45,c_source,music.c,676,You_feel,do_improvisation,1,music,You feel soothing vibrations.,0
music.c:L689:You:46,c_source,music.c,689,You,do_improvisation,1,music,"You produce a heavy, thunderous rolling!",0
music.c:L690:pline_The:47,c_source,music.c,690,pline_The,do_improvisation,1,music,The entire %s is shaking around you!,1
music.c:L698:You:48,c_source,music.c,698,You,do_improvisation,1,music,You beat a %sdeafening row!,1
music.c:L705:You:49,c_source,music.c,705,You,do_improvisation,1,music,You pound on the drum.,0
music.c:L717:impossible:51,c_source,music.c,717,impossible,do_improvisation,1,music,What a weird instrument (%d)!,1
music.c:L748:You_cant:52,c_source,music.c,748,You_cant,do_play_instrument,1,music,You can't play music underwater!,0
music.c:L794:You:55,c_source,music.c,794,You,do_play_instrument,1,music,"You !Deaf ? ""extract a strange sound from %s!""
              : ""can feel %s emitting vibrations.""",0
music.c:L865:You_hear:56,c_source,music.c,865,You_hear,do_play_instrument,1,music,You hear %d tumbler%s click and %d gear%s turn.,4
music.c:L872:You_hear:57,c_source,music.c,872,You_hear,do_play_instrument,1,music,You hear %d tumbler%s click.,2
music.c:L875:You_hear:58,c_source,music.c,875,You_hear,do_play_instrument,1,music,You hear %d gear%s turn.,2
nhlua.c:L152:impossible:0,c_source,nhlua.c,152,impossible,l_nhcore_done,1,nhlua,l_nhcore_init failed,0
nhlua.c:L692:getlin:4,c_source,nhlua.c,692,getlin,nhl_getlin,3,nhlua,prompt,0
nhlua.c:L1218:impossible:5,c_source,nhlua.c,1218,impossible,nhl_variable,1,nhlua,nh_lua_variables is not a lua table,0
nhlua.c:L1389:pline:6,c_source,nhlua.c,1389,pline,nhl_test,1,nhlua,"TEST:{ x=%i, y=%i, name=""%s"" }",3
nhlua.c:L1674:impossible:7,c_source,nhlua.c,1674,impossible,nhl_callback,1,nhlua,nh.callback counts are wrong,0
nhlua.c:L1717:pline:8,c_source,nhlua.c,1717,pline,nhl_gamestate,1,nhlua,Resetting time to move #%ld.,1
nhlua.c:L2056:impossible:10,c_source,nhlua.c,2056,impossible,nhl_set_package_path,1,nhlua,package not a table in nhl_set_package_path,0
nhlua.c:L2151:impossible:11,c_source,nhlua.c,2151,impossible,nhl_pcall_handle,1,nhlua,Lua error: %d:%s %s,3
nhlua.c:L2184:impossible:12,c_source,nhlua.c,2184,impossible,nhl_loadlua,1,nhlua,nhl_loadlua: Error opening %s,1
nhlua.c:L2249:impossible:13,c_source,nhlua.c,2249,impossible,nhl_loadlua,1,nhlua,(%s) line too long,1
nhlua.c:L2256:impossible:14,c_source,nhlua.c,2256,impossible,nhl_loadlua,1,nhlua,luaL_loadbuffer: Error loading %s: %s,2
nhlua.c:L3042:impossible:15,c_source,nhlua.c,3042,impossible,nhl_hookfn,1,nhlua,steps and perpcall both non-zero,0
o_init.c:L69:raw_printf:0,c_source,o_init.c,69,raw_printf,setgemprobs,1,o_init,Not enough gems? - first=%d j=%d LAST_GEM=%d,3
o_init.c:L214:impossible:1,c_source,o_init.c,214,impossible,init_objects,1,o_init,obj #%d (%s) name is %s despite%s alternate description,4
o_init.c:L253:impossible:2,c_source,o_init.c,253,impossible,init_oclass_probs,1,o_init,%s (%d) probability total for oclass %d,3
o_init.c:L349:impossible:3,c_source,o_init.c,349,impossible,objdescr_is,1,o_init,objdescr_is: null obj,0
o_init.c:L844:You:5,c_source,o_init.c,844,You,dodiscovered,1,o_init,You haven't discovered anything yet...,0
o_init.c:L980:You:6,c_source,o_init.c,980,You,doclassdisco,1,o_init,You havent_discovered_any,0
o_init.c:L1006:yn_function:7,c_source,o_init.c,1006,yn_function,doclassdisco,3,o_init,prompt,0
o_init.c:L1047:You:8,c_source,o_init.c,1047,You,doclassdisco,1,o_init,You havent_discovered_any,0
o_init.c:L1066:You:9,c_source,o_init.c,1066,You,doclassdisco,1,o_init,You havent_discovered_any,0
o_init.c:L1069:impossible:10,c_source,o_init.c,1069,impossible,doclassdisco,1,o_init,doclassdisco: invalid object class '%s',1
o_init.c:L1092:You:11,c_source,o_init.c,1092,You,doclassdisco,1,o_init,You havent_discovered_any,0
o_init.c:L1163:You:12,c_source,o_init.c,1163,You,rename_disco,1,o_init,You haven't discovered anything yet...,0
o_init.c:L1167:pline:13,c_source,o_init.c,1167,pline,rename_disco,1,o_init,None of your discoveries can be assigned names...,0
objnam.c:L126:impossible:0,c_source,objnam.c,126,impossible,strprepend,1,inventory,PREFIX too short (for %d).,1
objnam.c:L318:impossible:1,c_source,objnam.c,318,impossible,safe_typename,1,inventory,safe_typename: %s,1
objnam.c:L741:impossible:4,c_source,objnam.c,741,impossible,xname_flags,1,inventory,Bad fruit #%d?,1
objnam.c:L920:impossible:5,c_source,objnam.c,920,impossible,xname_flags,1,inventory,xname_flags: %s,1
objnam.c:L1422:impossible:6,c_source,objnam.c,1422,impossible,doname_base,1,inventory,leashed %s #%u is dead,2
objnam.c:L1425:impossible:7,c_source,objnam.c,1425,impossible,doname_base,1,inventory,leashed monster #%u not found,1
objnam.c:L2148:impossible:8,c_source,objnam.c,2148,impossible,an,1,inventory,Alphabet soup: 'an(%s)'.,1
objnam.c:L2160:impossible:9,c_source,objnam.c,2160,impossible,the,1,inventory,Alphabet soup: 'the(%s)'.,1
objnam.c:L2833:impossible:10,c_source,objnam.c,2833,impossible,makeplural,1,inventory,plural of null?,0
objnam.c:L3025:impossible:11,c_source,objnam.c,3025,impossible,makesingular,1,inventory,singular of null?,0
objnam.c:L3542:pline:13,c_source,objnam.c,3542,pline,wizterrainwish,1,inventory,Creation of %s failed.,1
objnam.c:L3567:pline:14,c_source,objnam.c,3567,pline,wizterrainwish,1,inventory,A %sfountain.,1
objnam.c:L3574:pline:15,c_source,objnam.c,3574,pline,wizterrainwish,1,inventory,A throne.,0
objnam.c:L3582:pline:16,c_source,objnam.c,3582,pline,wizterrainwish,1,inventory,A sink.,0
objnam.c:L3629:pline:18,c_source,objnam.c,3629,pline,wizterrainwish,1,inventory,A %s of molten lava.,1
objnam.c:L3675:pline:20,c_source,objnam.c,3675,pline,wizterrainwish,1,inventory,%s altar.,1
objnam.c:L3686:pline:21,c_source,objnam.c,3686,pline,wizterrainwish,1,inventory,A %sgrave.,1
objnam.c:L3688:pline:22,c_source,objnam.c,3688,pline,wizterrainwish,1,inventory,Can't place a grave here.,0
objnam.c:L3695:pline:23,c_source,objnam.c,3695,pline,wizterrainwish,1,inventory,A tree.,0
objnam.c:L3708:pline:24,c_source,objnam.c,3708,pline,wizterrainwish,1,inventory,Iron bars.,0
objnam.c:L3714:pline:25,c_source,objnam.c,3714,pline,wizterrainwish,1,inventory,A cloud.,0
objnam.c:L3804:pline:27,c_source,objnam.c,3804,pline,wizterrainwish,1,inventory,%s requires door or wall location.,1
objnam.c:L3814:pline:28,c_source,objnam.c,3814,pline,wizterrainwish,1,inventory,A wall.,0
objnam.c:L3818:pline:29,c_source,objnam.c,3818,pline,wizterrainwish,1,inventory,Secret corridor.,0
objnam.c:L3820:pline:30,c_source,objnam.c,3820,pline,wizterrainwish,1,inventory,Secret corridor requires corridor location.,0
objnam.c:L3832:pline:31,c_source,objnam.c,3832,pline,wizterrainwish,1,inventory,Room floor.,0
objnam.c:L3841:pline:32,c_source,objnam.c,3841,pline,wizterrainwish,1,inventory,Room|floor|ground not allowed here.,0
objnam.c:L3904:pline:33,c_source,objnam.c,3904,pline,dbterrainmesg,1,inventory,%s %s the drawbridge.,2
objnam.c:L5319:pline:34,c_source,objnam.c,5319,pline,readobjnam,1,inventory,"For a moment, you feel %s in your %s, but it disappears!",2
objnam.c:L5582:impossible:36,c_source,objnam.c,5582,impossible,safe_qbuf,1,inventory,safe_qbuf: prefix too long (%u characters).,1
objnam.c:L5586:impossible:37,c_source,objnam.c,5586,impossible,safe_qbuf,1,inventory,safe_qbuf: suffix too long (%u + %u characters).,2
objnam.c:L5591:impossible:38,c_source,objnam.c,5591,impossible,safe_qbuf,1,inventory,safe_qbuf: filler too long (%u + %u + %u characters).,3
options.c:L1508:impossible:0,c_source,options.c,1508,impossible,optfn_disclose,1,options,bad disclosure index %d %c,2
options.c:L1751:pline:1,c_source,options.c,1751,pline,optfn_fruit,1,options,"Fruit is now ""%s"".",1
options.c:L3325:getlin:2,c_source,options.c,3325,getlin,optfn_pickup_types,3,options,qbuf,3
options.c:L3972:pline:3,c_source,options.c,3972,pline,optfn_sortvanquished,1,options,"'%s' %s ""%s: %s"".",4
options.c:L4486:pline:4,c_source,options.c,4486,pline,optfn_versinfo,1,options,'%s' %s %u.,3
options.c:L5281:pline:5,c_source,options.c,5281,pline,optfn_boolean,1,options,There is no underlying support for 'idlecheckpoint' compiled in.,0
options.c:L5395:pline:6,c_source,options.c,5395,pline,optfn_boolean,1,options,'%s' option toggled %s.,2
options.c:L5549:pline:7,c_source,options.c,5549,pline,handler_menustyle,1,options,"'menustyle' %s ""%s"".",2
options.c:L5637:pline:8,c_source,options.c,5637,pline,handler_autounlock,1,options,'%s' %s '%s'.,3
options.c:L5854:pline:9,c_source,options.c,5854,pline,handler_msg_window,1,options,"'msg_window' %.20s ""%.20s"".",2
options.c:L5858:pline:10,c_source,options.c,5858,pline,handler_msg_window,1,options,'%s' option is not supported for '%s'.,2
options.c:L6023:pline:11,c_source,options.c,6023,pline,handler_perminv_mode,1,options,'perminv_mode' %s '%s' (%s).,3
options.c:L6305:getlin:12,c_source,options.c,6305,getlin,handler_autopickup_exception,3,options,What new autopickup exception pattern?,0
options.c:L6388:getlin:13,c_source,options.c,6388,getlin,handler_menu_colors,3,options,What new menucolor pattern?,0
options.c:L6396:pline:14,c_source,options.c,6396,pline,handler_menu_colors,1,options,Error adding the menu color.,0
options.c:L6472:getlin:15,c_source,options.c,6472,getlin,handler_msgtype,3,options,What new message pattern?,0
options.c:L6478:pline:16,c_source,options.c,6478,pline,handler_msgtype,1,options,Error adding the message type.,0
options.c:L6752:pline:17,c_source,options.c,6752,pline,rejectoption,1,options,"""%s"" settable only from %s.",2
options.c:L6757:pline:18,c_source,options.c,6757,pline,rejectoption,1,options,%s can be set only from NETHACKOPTIONS or %s.,2
options.c:L7316:raw_printf:19,c_source,options.c,7316,raw_printf,initoptions_finish,1,options,Status highlighting not supported for %s interface.,1
options.c:L7369:impossible:20,c_source,options.c,7369,impossible,allopt_array_init,1,options,"conflicting option init for %s: %s is %s, %s is %s",5
options.c:L7505:You_cant:21,c_source,options.c,7505,You_cant,feature_alert_opts,1,options,You can't disable new feature alerts for future versions.,0
options.c:L8011:impossible:23,c_source,options.c,8011,impossible,oc_to_str,1,options,oc_to_str:  illegal object class %d,1
options.c:L8020:pline:24,c_source,options.c,8020,pline,add_menu_cmd_alias,1,options,out of menu map space.,0
options.c:L8639:getlin:25,c_source,options.c,8639,getlin,doset_simple_menu,3,options,buf,1
options.c:L8908:getlin:26,c_source,options.c,8908,getlin,doset,3,options,buf,1
options.c:L9199:pline:27,c_source,options.c,9199,pline,dotogglepickup,1,options,Autopickup: %s.,1
pager.c:L92:impossible:0,c_source,pager.c,92,impossible,append_str,1,pager/help,append_str: 'buf' contains %lu characters.,1
pager.c:L542:impossible:1,c_source,pager.c,542,impossible,look_at_monster,1,pager/help,lookat: unknown method of seeing monster,0
pager.c:L832:pline:2,c_source,pager.c,832,pline,checkfile,1,pager/help,Cannot open 'data' file!,0
pager.c:L838:impossible:3,c_source,pager.c,838,impossible,checkfile,1,pager/help,bad do_look buffer passed (%s)!,1
pager.c:L986:impossible:4,c_source,pager.c,986,impossible,checkfile,1,pager/help,can't get to start of 'data' file,0
pager.c:L990:impossible:5,c_source,pager.c,990,impossible,checkfile,1,pager/help,can't read 'data' file,0
pager.c:L1061:pline:6,c_source,pager.c,1061,pline,checkfile,1,pager/help,? Seek error on 'data' file!,0
pager.c:L1107:impossible:8,c_source,pager.c,1107,impossible,checkfile,1,pager/help,'data' file in wrong format or corrupted,0
pager.c:L1872:pline:10,c_source,pager.c,1872,pline,do_look,1,pager/help,Please move the cursor to %s.,1
pager.c:L1875:pline:11,c_source,pager.c,1875,pline,do_look,1,pager/help,Pick %s.,1
pager.c:L1933:pline:12,c_source,pager.c,1933,pline,do_look,1,pager/help,I've never heard of such things.,0
pager.c:L2047:pline:13,c_source,pager.c,2047,pline,look_all,1,pager/help,No %s are currently shown %s.,2
pager.c:L2113:pline:14,c_source,pager.c,2113,pline,look_traps,1,pager/help,No traps seen or remembered%s.,1
pager.c:L2202:pline:15,c_source,pager.c,2202,pline,look_engrs,1,pager/help,No engravings seen or remembered%s.,1
pager.c:L2291:getdir:16,c_source,pager.c,2291,getdir,doidtrap,3,pager/help,^,0
pager.c:L2309:pline:17,c_source,pager.c,2309,pline,doidtrap,1,pager/help,That is a trapped %s.,1
pager.c:L2338:pline:18,c_source,pager.c,2338,pline,doidtrap,1,pager/help,That is %s%s%s.,3
pager.c:L2355:pline:19,c_source,pager.c,2355,pline,doidtrap,1,pager/help,I can't see a trap there.,0
pager.c:L2398:pline:20,c_source,pager.c,2398,pline,whatdoes_help,1,pager/help,"Cannot open ""%s"" data file!",1
pager.c:L2495:impossible:21,c_source,pager.c,2495,impossible,whatdoes_cond,1,pager/help,"cmdhelp: unrecognized &%c conditional at line %d: ""%.20s""",3
pager.c:L2504:impossible:22,c_source,pager.c,2504,impossible,whatdoes_cond,1,pager/help,badstackfmt,0
pager.c:L2510:impossible:23,c_source,pager.c,2510,impossible,whatdoes_cond,1,pager/help,badstackfmt,0
pager.c:L2524:impossible:24,c_source,pager.c,2524,impossible,whatdoes_cond,1,pager/help,badstackfmt,0
pager.c:L2555:pline:25,c_source,pager.c,2555,pline,dowhatdoes_core,1,pager/help,"Cannot open ""%s"" data file!",1
pager.c:L2617:impossible:26,c_source,pager.c,2617,impossible,dowhatdoes_core,1,pager/help,cmdhelp: mismatched &? &: &. conditionals.,0
pager.c:L2624:pline:27,c_source,pager.c,2624,pline,dowhatdoes,1,pager/help,Ask about '&' or '?' to get more info.%s,1
pager.c:L2629:yn_function:28,c_source,pager.c,2629,yn_function,dowhatdoes,3,pager/help,What command?,0
pager.c:L2638:yn_function:29,c_source,pager.c,2638,yn_function,dowhatdoes,3,pager/help,],0
pager.c:L2674:pline:31,c_source,pager.c,2674,pline,dowhatdoes,1,pager/help,"%s,",1
pager.c:L2679:pline:33,c_source,pager.c,2679,pline,dowhatdoes,1,pager/help,"No such command '%s', char code %d (0%03o or 0x%02x).",4
pickup.c:L81:impossible:0,c_source,pickup.c,81,impossible,simple_look,1,pickup,simple_look(null),0
pickup.c:L202:getlin:1,c_source,pickup.c,202,getlin,query_classes,3,pickup,qbuf,2
pickup.c:L240:You:3,c_source,pickup.c,240,You,query_classes,1,pickup,You have no %c's.,1
pickup.c:L290:pline:4,c_source,pickup.c,290,pline,fatal_corpse_mistake,1,pickup,Touching %s is a fatal mistake.,1
pickup.c:L303:pline:5,c_source,pickup.c,303,pline,rider_corpse_revival,1,pickup,"At your %s, the corpse suddenly moves...",1
pickup.c:L1172:You_cant:10,c_source,pickup.c,1172,You_cant,query_objlist,1,pickup,You can't pick yourself up!,0
pickup.c:L1179:You_cant:11,c_source,pickup.c,1179,You_cant,query_objlist,1,pickup,You can't pick %s up.,1
pickup.c:L1361:impossible:12,c_source,pickup.c,1361,impossible,query_category,1,pickup,query_category: too many categories,0
pickup.c:L1672:There:15,c_source,pickup.c,1672,There,carry_count,1,pickup,"There %s %s %s, but %s%s%s%s.",7
pickup.c:L1690:You:16,c_source,pickup.c,1690,You,lift_object,1,pickup,You cannot get your %s around this %s.,2
pickup.c:L1736:Your:18,c_source,pickup.c,1736,Your,lift_object,1,pickup,Your knapsack cannot accommodate any more items%s.,1
pickup.c:L1782:impossible:19,c_source,pickup.c,1782,impossible,pickup_object,1,pickup,pickup_object: count %ld > quan %ld?,2
pickup.c:L1802:You_cant:20,c_source,pickup.c,1802,You_cant,pickup_object,1,pickup,You can't pick %s up.,1
pickup.c:L1840:pline_The:21,c_source,pickup.c,1840,pline_The,pickup_object,1,pickup,The scroll%s %s to dust as you %s %s up.,4
pickup.c:L1962:You:24,c_source,pickup.c,1962,You,encumber_msg,1,pickup,You %s under your heavy load.  Movement is very hard.,1
pickup.c:L1966:You:25,c_source,pickup.c,1966,You,encumber_msg,1,pickup,You %s move a handspan with this load!,1
pickup.c:L1984:You:28,c_source,pickup.c,1984,You,encumber_msg,1,pickup,You rebalance your load.  Movement is still difficult.,0
pickup.c:L1989:You:29,c_source,pickup.c,1989,You,encumber_msg,1,pickup,You %s under your load.  Movement is still very hard.,1
pickup.c:L2031:You:30,c_source,pickup.c,2031,You,able_to_loot,1,pickup,You cannot %s things that are deep in the %s.,2
pickup.c:L2037:pline:31,c_source,pickup.c,2037,pline,able_to_loot,1,pickup,"Without limbs, you cannot %s anything.",1
pickup.c:L2046:pline:32,c_source,pickup.c,2046,pline,able_to_loot,1,pickup,"Without a free %s, you cannot loot anything.",1
pickup.c:L2065:pline:33,c_source,pickup.c,2065,pline,do_loot_cont,1,pickup,%s locked.,1
pickup.c:L2070:pline:35,c_source,pickup.c,2070,pline,do_loot_cont,1,pickup,"Hmmm, %s turns out to be locked.",1
pickup.c:L2168:pline:39,c_source,pickup.c,2168,pline,doloot_core,1,pickup,"Being confused, you find nothing to loot.",0
pickup.c:L2269:You:40,c_source,pickup.c,2269,You,doloot_core,1,pickup,You need to dig up the grave to effectively loot it...,0
pickup.c:L2284:You:41,c_source,pickup.c,2284,You,doloot_core,1,pickup,You %s to loot on the %s.,2
pickup.c:L2309:You_cant:42,c_source,pickup.c,2309,You_cant,doloot_core,1,pickup,You can't loot anything %sthere with %s in the way.,2
pickup.c:L2316:You:43,c_source,pickup.c,2316,You,doloot_core,1,pickup,You have to be at a container to loot it.,0
pickup.c:L2318:You:44,c_source,pickup.c,2318,You,doloot_core,1,pickup,You %s %s%shere to loot.,3
pickup.c:L2324:You:45,c_source,pickup.c,2324,You,doloot_core,1,pickup,You %s %s to loot.,2
pickup.c:L2364:pline:46,c_source,pickup.c,2364,pline,reverse_loot,1,pickup,"Ok, now there is loot here.",0
pickup.c:L2382:verbalize:47,c_source,pickup.c,2382,verbalize,reverse_loot,1,pickup,Thank you for your contribution to reduce the debt.,0
pickup.c:L2399:pline:48,c_source,pickup.c,2399,pline,reverse_loot,1,pickup,The exchequer accepts your contribution.,0
pickup.c:L2422:yn_function:50,c_source,pickup.c,2422,yn_function,loot_mon,3,pickup,qbuf,1
pickup.c:L2424:You_cant:51,c_source,pickup.c,2424,You_cant,loot_mon,1,pickup,You can't do that without limbs.,0
pickup.c:L2446:You:53,c_source,pickup.c,2446,You,loot_mon,1,pickup,You take %s off of %s.,2
pickup.c:L2533:impossible:54,c_source,pickup.c,2533,impossible,in_container,1,pickup,<in> no gc.current_container?,0
pickup.c:L2537:You:55,c_source,pickup.c,2537,You,in_container,1,pickup,You must be kidding.,0
pickup.c:L2540:pline:56,c_source,pickup.c,2540,pline,in_container,1,pickup,That would be an interesting topological exercise.,0
pickup.c:L2546:Norep:57,c_source,pickup.c,2546,Norep,in_container,1,pickup,You cannot %s %s you are wearing.,2
pickup.c:L2551:pline_The:58,c_source,pickup.c,2551,pline_The,in_container,1,pickup,The stone%s won't leave your person.,1
pickup.c:L2572:pline:59,c_source,pickup.c,2572,pline,in_container,1,pickup,%s cannot be confined in such trappings.,1
pickup.c:L2576:pline:60,c_source,pickup.c,2576,pline,in_container,1,pickup,%s attached to your pet.,1
pickup.c:L2598:You:61,c_source,pickup.c,2598,You,in_container,1,pickup,You cannot fit %s into %s.,2
pickup.c:L2643:urgent_pline:62,c_source,pickup.c,2643,urgent_pline,in_container,1,pickup,"As you put %s inside, you are blasted by a magical explosion!",1
pickup.c:L2705:impossible:64,c_source,pickup.c,2705,impossible,out_container,1,pickup,<out> no gc.current_container?,0
pickup.c:L2777:pline:65,c_source,pickup.c,2777,pline,mbag_item_gone,1,pickup,%s %s vanished!,2
pickup.c:L2781:You:66,c_source,pickup.c,2781,You,mbag_item_gone,1,pickup,You %s %s disappear!,2
pickup.c:L2831:pline:68,c_source,pickup.c,2831,pline,observe_quantum_cat,1,pickup,%s inside the box is still alive!,1
pickup.c:L2852:pline_The:69,c_source,pickup.c,2852,pline_The,observe_quantum_cat,1,pickup,The %s inside the box is dead!,1
pickup.c:L2954:pline:72,c_source,pickup.c,2954,pline,use_container,1,pickup,%s locked.,1
pickup.c:L2962:You:74,c_source,pickup.c,2962,You,use_container,1,pickup,You open %s...,1
pickup.c:L2999:You:75,c_source,pickup.c,2999,You,use_container,1,pickup,You owe %ld %s for lost merchandise.,2
pickup.c:L3094:yn_function:76,c_source,pickup.c,3094,yn_function,use_container,3,pickup,qbuf,0
pickup.c:L3128:You:77,c_source,pickup.c,3128,You,use_container,1,pickup,You don't have anything%s to %s.,2
pickup.c:L3638:pline:78,c_source,pickup.c,3638,pline,dotip,1,pickup,Some %s %s onto the %s%s.,4
pickup.c:L3654:pline_The:79,c_source,pickup.c,3654,pline_The,dotip,1,pickup,The %s %s securely sealed.,2
pickup.c:L3736:pline:81,c_source,pickup.c,3736,pline,tipcontainer,1,pickup,%s into %s.,2
pickup.c:L3738:pline:82,c_source,pickup.c,3738,pline,tipcontainer,1,pickup,%s out%c,2
pickup.c:L3766:urgent_pline:83,c_source,pickup.c,3766,urgent_pline,tipcontainer,1,pickup,"As %s %s inside, you are blasted by a magical explosion!",2
pickup.c:L3804:pline:84,c_source,pickup.c,3804,pline,tipcontainer,1,pickup,%s %s to the %s.,3
pickup.c:L3815:You:86,c_source,pickup.c,3815,You,tipcontainer,1,pickup,You owe %ld %s for lost merchandise.,2
pickup.c:L3860:pline:87,c_source,pickup.c,3860,pline,tipcontainer_gettarget,1,pickup,Tipping contents to floor only...,0
pline.c:L99:pline:0,c_source,pline.c,99,pline,pline,1,pline,const char *line,0
pline.c:L133:pline_mon:1,c_source,pline.c,133,pline_mon,pline_mon,1,pline,struct monst *mtmp,0
pline.c:L311:urgent_pline:2,c_source,pline.c,311,urgent_pline,urgent_pline,1,pline,const char *line,0
pline.c:L317:Norep:3,c_source,pline.c,317,Norep,Norep,1,pline,const char *line,0
pline.c:L360:You:4,c_source,pline.c,360,You,You,1,pline,You const char *line,0
pline.c:L366:Your:5,c_source,pline.c,366,Your,Your,1,pline,Your const char *line,0
pline.c:L377:You_feel:6,c_source,pline.c,377,You_feel,You_feel,1,pline,You feel const char *line,0
pline.c:L395:You_cant:7,c_source,pline.c,395,You_cant,You_cant,1,pline,You can't const char *line,0
pline.c:L405:pline_The:8,c_source,pline.c,405,pline_The,pline_The,1,pline,The const char *line,0
pline.c:L414:There:9,c_source,pline.c,414,There,There,1,pline,There const char *line,0
pline.c:L425:You_hear:10,c_source,pline.c,425,You_hear,You_hear,1,pline,You hear const char *line,0
pline.c:L447:You_see:11,c_source,pline.c,447,You_see,You_see,1,pline,You see const char *line,0
pline.c:L468:verbalize:12,c_source,pline.c,468,verbalize,verbalize,1,pline,const char *line,0
pline.c:L538:raw_printf:13,c_source,pline.c,538,raw_printf,raw_printf,1,pline,const char *line,0
pline.c:L575:impossible:14,c_source,pline.c,575,impossible,impossible,1,pline,const char *s,0
pline.c:L609:pline:17,c_source,pline.c,609,pline,impossible,1,pline,Please report these messages to %s.,1
pline.c:L613:pline:18,c_source,pline.c,613,pline,impossible,1,pline,"Alternatively, contact local support: %s",1
pline.c:L616:yn_function:19,c_source,pline.c,616,yn_function,impossible,3,pline,Report now?,0
pline.c:L706:impossible:21,c_source,pline.c,706,impossible,nhassert_failed,1,pline,nhassert(%s) failed in file '%s' at line %d,3
polyself.c:L177:Your:0,c_source,polyself.c,177,Your,check_strangling,1,polymorph,Your %s %s your %s!,3
polyself.c:L226:urgent_pline:2,c_source,polyself.c,226,urgent_pline,polyman,1,polymorph,fmt,0
polyself.c:L1025:pline:25,c_source,polyself.c,1025,pline,polymon,1,polymorph,use_thec,0
polyself.c:L1029:pline:26,c_source,polyself.c,1029,pline,polymon,1,polymorph,use_thec,0
polyself.c:L1030:pline:27,c_source,polyself.c,1030,pline,polymon,1,polymorph,use_thec,0
polyself.c:L1032:pline:28,c_source,polyself.c,1032,pline,polymon,1,polymorph,use_thec,0
polyself.c:L1034:pline:29,c_source,polyself.c,1034,pline,polymon,1,polymorph,use_thec,0
polyself.c:L1035:pline:30,c_source,polyself.c,1035,pline,polymon,1,polymorph,use_thec,0
polyself.c:L1038:pline:31,c_source,polyself.c,1038,pline,polymon,1,polymorph,use_thec,0
polyself.c:L1040:pline:32,c_source,polyself.c,1040,pline,polymon,1,polymorph,use_thec,0
polyself.c:L1042:pline:33,c_source,polyself.c,1042,pline,polymon,1,polymorph,use_thec,0
polyself.c:L1044:pline:34,c_source,polyself.c,1044,pline,polymon,1,polymorph,use_thec,0
polyself.c:L1045:pline:35,c_source,polyself.c,1045,pline,polymon,1,polymorph,use_thec,0
polyself.c:L1048:pline:36,c_source,polyself.c,1048,pline,polymon,1,polymorph,use_thec,0
polyself.c:L1051:pline:37,c_source,polyself.c,1051,pline,polymon,1,polymorph,use_thec,0
polyself.c:L1055:pline:38,c_source,polyself.c,1055,pline,polymon,1,polymorph,use_thec,0
polyself.c:L1220:Your:49,c_source,polyself.c,1220,Your,break_armor,1,polymorph,Your %s %s through %s.,3
potion.c:L114:You_feel:1,c_source,potion.c,114,You_feel,make_stunned,1,item/potion,You feel %s now.,1
potion.c:L122:You:3,c_source,potion.c,122,You,make_stunned,1,item/potion,You %s...,1
potion.c:L291:Your:13,c_source,potion.c,291,Your,make_blinded,1,item/potion,Your eyemsg,0
potion.c:L293:Your:14,c_source,potion.c,293,Your,make_blinded,1,item/potion,Your vismsg,0
potion.c:L316:Your:17,c_source,potion.c,316,Your,make_blinded,1,item/potion,Your eyemsg,0
potion.c:L319:Your:18,c_source,potion.c,319,Your,make_blinded,1,item/potion,Your vismsg,0
potion.c:L402:Your:19,c_source,potion.c,402,Your,make_hallucinated,1,item/potion,Your eyemsg,0
potion.c:L405:Your:20,c_source,potion.c,405,Your,make_hallucinated,1,item/potion,Your vismsg,0
potion.c:L427:pline:21,c_source,potion.c,427,pline,make_hallucinated,1,item/potion,message,0
potion.c:L444:You:22,c_source,potion.c,444,You,make_deaf,1,item/potion,"You old && !Deaf ? ""can hear again.""
                             : ""are unable to hear anything.""",0
potion.c:L840:pline:48,c_source,potion.c,840,pline,peffect_see_invisible,1,item/potion,"Hallucination
              ? ""This tastes like 10%% real %s%s all-natural beverage.""
              : ""This tastes like %s%s.""",0
potion.c:L2651:pline:130,c_source,potion.c,2651,pline,potion_dip,1,item/potion,%s %s less %s.,3
pray.c:L780:pline:41,c_source,pray.c,780,pline,at_your_feet,1,pray/gods,%s %s into %s %s.,4
pray.c:L786:pline:42,c_source,pray.c,786,pline,at_your_feet,1,pray/gods,%s %s %s your %s!,4
pray.c:L1300:pline:66,c_source,pray.c,1300,pline,pleased,1,pray/gods,msg,0
pray.c:L1307:pline:67,c_source,pray.c,1307,pline,pleased,1,pray/gods,msg,0
pray.c:L1312:pline:68,c_source,pray.c,1312,pline,pleased,1,pray/gods,msg,0
pray.c:L1319:pline:69,c_source,pray.c,1319,pline,pleased,1,pray/gods,msg,0
pray.c:L1547:pline:87,c_source,pray.c,1547,pline,offer_real_amulet,1,pray/gods,cloud_of_smoke,0
pray.c:L1555:pline:91,c_source,pray.c,1555,pline,offer_real_amulet,1,pray/gods,cloud_of_smoke,0
pray.c:L2092:You:129,c_source,pray.c,2092,You,offer_corpse,1,pray/gods,"You Hallucination
                ? ""see crabgrass at your %s.  A funny thing in a dungeon.""
                        : ""glimpse a four-leaf clover at your %s.""",0
priest.c:L199:Your:1,c_source,priest.c,199,Your,pri_move,1,priest,Your displaced image doesn't fool %s!,1
priest.c:L436:pline:2,c_source,priest.c,436,pline,intemple,1,priest,%s intones:,1
priest.c:L487:You:3,c_source,priest.c,487,You,intemple,1,priest,You msg1,0
priest.c:L498:You:4,c_source,priest.c,498,You,intemple,1,priest,You have an eerie feeling...,0
priest.c:L499:You_feel:5,c_source,priest.c,499,You_feel,intemple,1,priest,You feel like you are being watched.,0
priest.c:L504:pline:6,c_source,priest.c,504,pline,intemple,1,priest,A shiver runs down your %s.,1
priest.c:L518:pline:7,c_source,priest.c,518,pline,intemple,1,priest,A%s ghost appears next to you%c,2
priest.c:L522:You:8,c_source,priest.c,522,You,intemple,1,priest,You sense a presence close by!,0
priest.c:L542:impossible:10,c_source,priest.c,542,impossible,forget_temple_entry,1,priest,attempting to manipulate shrine data for non-priest?,0
priest.c:L572:pline:11,c_source,priest.c,572,pline,priest_talk,1,priest,%s doesn't want anything to do with you!,1
priest.c:L599:verbalize:13,c_source,priest.c,599,verbalize,priest_talk,1,priest,Begone!  Thou desecratest this holy place with thy presence.,0
priest.c:L615:pline:14,c_source,priest.c,615,pline,priest_talk,1,priest,%s gives you %s%s for an ale.,3
priest.c:L619:pline:15,c_source,priest.c,619,pline,priest_talk,1,priest,%s preaches the virtues of poverty.,1
priest.c:L621:pline:16,c_source,priest.c,621,pline,priest_talk,1,priest,%s is not interested.,1
priest.c:L650:verbalize:19,c_source,priest.c,650,verbalize,priest_talk,1,priest,Thou shalt regret thine action!,0
priest.c:L657:verbalize:20,c_source,priest.c,657,verbalize,priest_talk,1,priest,Cheapskate.,0
priest.c:L661:verbalize:21,c_source,priest.c,661,verbalize,priest_talk,1,priest,I thank thee for thy contribution.,0
priest.c:L667:verbalize:22,c_source,priest.c,667,verbalize,priest_talk,1,priest,Thou art indeed a pious individual.,0
priest.c:L672:verbalize:23,c_source,priest.c,672,verbalize,priest_talk,1,priest,I bestow upon thee a blessing.,0
priest.c:L695:verbalize:24,c_source,priest.c,695,verbalize,priest_talk,1,priest,Thou hast been rewarded for thy devotion.,0
priest.c:L697:verbalize:25,c_source,priest.c,697,verbalize,priest_talk,1,priest,Thy selfless generosity is deeply appreciated.,0
priest.c:L701:verbalize:26,c_source,priest.c,701,verbalize,priest_talk,1,priest,Thy selfless generosity is deeply appreciated.,0
priest.c:L837:pline:27,c_source,priest.c,837,pline,ghod_hitsu,1,priest,"%s roars in anger:  ""Thou shalt suffer!""",1
priest.c:L842:pline:28,c_source,priest.c,842,pline,ghod_hitsu,1,priest,"%s voice booms:  ""How darest thou harm my servant!""",1
priest.c:L850:pline:29,c_source,priest.c,850,pline,ghod_hitsu,1,priest,"%s roars:  ""Thou dost profane my shrine!""",1
quest.c:L162:You:1,c_source,quest.c,162,You,is_pure,1,quest,You have converted.,0
quest.c:L166:yn_function:3,c_source,quest.c,166,yn_function,is_pure,3,quest,adjust?,0
quest.c:L212:impossible:4,c_source,quest.c,212,impossible,expulsion,1,quest,quest portal already gone?,0
quest.c:L241:verbalize:5,c_source,quest.c,241,verbalize,finish_quest,1,quest,"Sorry to say, this is a mere imitation of the true Amulet of Yendor.",0
quest.c:L244:verbalize:6,c_source,quest.c,244,verbalize,finish_quest,1,quest,"Ah, I see you've found %s.",1
quest.c:L451:pline:7,c_source,quest.c,451,pline,prisoner_speaks,1,quest,%s speaks:,1
quest.c:L454:verbalize:8,c_source,quest.c,454,verbalize,prisoner_speaks,1,quest,I'm finally free!,0
quest.c:L480:impossible:9,c_source,quest.c,480,impossible,quest_chat,1,quest,quest_chat: Unknown quest character %s.,1
questpgr.c:L42:impossible:0,c_source,questpgr.c,42,impossible,quest_info,1,questpgr,quest_info(%d),1
questpgr.c:L482:impossible:2,c_source,questpgr.c,482,impossible,com_pager_core,1,questpgr,com_pager: nhl_init() failed,0
questpgr.c:L489:impossible:3,c_source,questpgr.c,489,impossible,com_pager_core,1,questpgr,com_pager: %s not found.,1
questpgr.c:L496:impossible:4,c_source,questpgr.c,496,impossible,com_pager_core,1,questpgr,com_pager: questtext in %s is not a lua table,1
questpgr.c:L504:impossible:5,c_source,questpgr.c,504,impossible,com_pager_core,1,questpgr,com_pager: questtext[%s] in %s is not a lua table,2
questpgr.c:L525:impossible:6,c_source,questpgr.c,525,impossible,com_pager_core,1,questpgr,com_pager: questtext[%s][%s] in %s is not a lua table,3
questpgr.c:L532:impossible:7,c_source,questpgr.c,532,impossible,com_pager_core,1,questpgr,com_pager: questtext[%s][%s] and [][%s] in %s are not lua tables,4
questpgr.c:L552:impossible:8,c_source,questpgr.c,552,impossible,com_pager_core,1,questpgr,com_pager: questtext[%s][%s] in %s is not an array of strings,3
read.c:L376:You_cant:1,c_source,read.c,376,You_cant,doread,1,item/scroll,You can't find_any_braille,0
read.c:L499:You_cant:13,c_source,read.c,499,You_cant,doread,1,item/scroll,You can't find_any_braille,0
read.c:L538:You_cant:22,c_source,read.c,538,You_cant,doread,1,item/scroll,You can't find_any_braille,0
read.c:L554:pline:25,c_source,read.c,554,pline,doread,1,item/scroll,silly_thing_to,0
read.c:L616:pline:27,c_source,read.c,616,pline,doread,1,item/scroll,"nodisappear
                      ? ""You %s the formula on the scroll.""
                      : ""As you %s the formula on it, the scroll disappears.""",0
read.c:L620:pline:28,c_source,read.c,620,pline,doread,1,item/scroll,"nodisappear ? ""You read the scroll.""
                              : ""As you read the scroll, it disappears.""",0
read.c:L1479:You_feel:59,c_source,read.c,1479,You_feel,seffect_remove_curse,1,item/scroll,"You feel !Hallucination
             ? (!confused ? ""like someone is helping you.""
                : ""like you need some help."")
             : (!confused ? ""in touch with the Universal Oneness.""
                : ""the power of the Force against you!"")",0
read.c:L1817:pline:75,c_source,read.c,1817,pline,seffect_amnesia,1,item/scroll,"As your mind turns inward on itself, you forget everything else.",0
read.c:L2894:pline:139,c_source,read.c,2894,pline,do_genocide,1,item/scroll,A thunderous voice booms through the caverns:,0
rect.c:L161:impossible:0,c_source,rect.c,161,impossible,add_rect,1,rect,n_rects may be too small.,0
region.c:L168:impossible:0,c_source,region.c,168,impossible,add_mon_to_reg,1,region,add_mon_to_reg: %s [#%u] already in region.,2
region.c:L453:pline_The:1,c_source,region.c,453,pline_The,run_regions,1,region,The gas cloud around you dissipates.,0
region.c:L463:You_see:2,c_source,region.c,463,You_see,run_regions,1,region,You see %s gas cloud%s dissipate.,2
region.c:L978:You:3,c_source,region.c,978,You,enter_force_field,1,region,You bump into %s.  Ouch!,1
region.c:L987:pline:5,c_source,region.c,987,pline,enter_force_field,1,region,%s bumps into %s!,2
region.c:L1103:Your:6,c_source,region.c,1103,Your,inside_gas_cloud,1,region,Your %s sting.,1
region.c:L1105:pline:7,c_source,region.c,1105,pline,inside_gas_cloud,1,region,%s is burning your %s!,2
region.c:L1129:pline:10,c_source,region.c,1129,pline,inside_gas_cloud,1,region,%s coughs!,1
region.c:L1186:You:11,c_source,region.c,1186,You,make_gas_cloud,1,region,You are enveloped in a cloud of %s!,1
region.c:L1228:impossible:12,c_source,region.c,1228,impossible,make_gas_cloud,1,region,create_gas_cloud: cloud too large (%d)!,1
region.c:L1380:You_feel:13,c_source,region.c,1380,You_feel,region_safety,1,region,You feel able to breathe.,0
region.c:L1385:pline_The:14,c_source,region.c,1385,pline_The,region_safety,1,region,The gas cloud enveloping you dissipates.,0
region.c:L1388:pline_The:15,c_source,region.c,1388,pline_The,region_safety,1,region,The gas cloud has dissipated.,0
report.c:L125:raw_printf:0,c_source,report.c,125,raw_printf,crashreport_init,1,report,open e=%s,1
report.c:L453:pline:1,c_source,report.c,453,pline,dobugreport,1,report,Unable to send bug report.  Please visit %s instead.,1
report.c:L501:raw_printf:2,c_source,report.c,501,raw_printf,NH_panictrace_libc,1,report,[%02lu] %s,2
restore.c:L119:pline:0,c_source,restore.c,119,pline,inven_inuse,1,save_restore,Finishing off %s...,1
restore.c:L290:impossible:1,c_source,restore.c,290,impossible,restobjchn,1,save_restore,Restobjchn: error reading objchn.,0
restore.c:L436:impossible:2,c_source,restore.c,436,impossible,restmonchn,1,save_restore,bad monster weapon restore,0
restore.c:L459:impossible:3,c_source,restore.c,459,impossible,restmonchn,1,save_restore,Restmonchn: error reading monchn.,0
restore.c:L502:impossible:4,c_source,restore.c,502,impossible,ghostfruit,1,save_restore,no old fruit?,0
restore.c:L551:pline:5,c_source,restore.c,551,pline,restgamestate,1,save_restore,Saved game was not yours.,0
restore.c:L630:You:6,c_source,restore.c,630,You,restgamestate,1,save_restore,You were not healthy enough to survive restoration.,0
restore.c:L858:You:7,c_source,restore.c,858,You,dorecover,1,save_restore,You return to level %d in %s%s.,3
restore.c:L920:impossible:8,c_source,restore.c,920,impossible,dorecover,1,save_restore,restgamestate: lost ball & chain,0
restore.c:L1031:pline:9,c_source,restore.c,1031,pline,trickery,1,save_restore,"Strange, this map is not as I remember it.",0
restore.c:L1034:pline:10,c_source,restore.c,1034,pline,trickery,1,save_restore,Somebody is trying some trickery here...,0
rnd.c:L97:impossible:0,c_source,rnd.c,97,impossible,rn2,1,random,rn2(%d) attempted,1
rnd.c:L116:impossible:1,c_source,rnd.c,116,impossible,rnl,1,random,rnl(%d) attempted,1
rnd.c:L157:impossible:2,c_source,rnd.c,157,impossible,rnd,1,random,rnd(%d) attempted,1
rnd.c:L179:impossible:3,c_source,rnd.c,179,impossible,d,1,random,"d(%d,%d) attempted",2
role.c:L2233:yn_function:2,c_source,role.c,2233,yn_function,genl_player_setup,3,role/character_creation,prompt,0
role.c:L2257:yn_function:3,c_source,role.c,2257,yn_function,genl_player_setup,3,role/character_creation,prompt,0
role.c:L2270:pline:4,c_source,role.c,2270,pline,genl_player_setup,1,role/character_creation,Incompatible role!,0
role.c:L2354:pline:5,c_source,role.c,2354,pline,genl_player_setup,1,role/character_creation,Incompatible race!,0
role.c:L2441:pline:6,c_source,role.c,2441,pline,genl_player_setup,1,role/character_creation,Incompatible gender!,0
role.c:L2528:pline:7,c_source,role.c,2528,pline,genl_player_setup,1,role/character_creation,Incompatible alignment!,0
rumors.c:L159:impossible:0,c_source,rumors.c,159,impossible,getrumor,1,rumors,strange truth value for rumor,0
rumors.c:L170:impossible:1,c_source,rumors.c,170,impossible,getrumor,1,rumors,Can't find non-cookie rumor?,0
rumors.c:L278:pline:2,c_source,rumors.c,278,pline,rumor_check,1,rumors,rumors not accessible.,0
rumors.c:L321:impossible:3,c_source,rumors.c,321,impossible,others_check,1,rumors,errfmt,0
rumors.c:L536:pline:4,c_source,rumors.c,536,pline,outrumor,1,rumors,fortune_msg,0
rumors.c:L537:pline:5,c_source,rumors.c,537,pline,outrumor,1,rumors,What a pity that you cannot read it!,0
rumors.c:L545:pline:6,c_source,rumors.c,545,pline,outrumor,1,rumors,"True to her word, the Oracle %s%s: ",2
rumors.c:L558:pline:7,c_source,rumors.c,558,pline,outrumor,1,rumors,fortune_msg,0
rumors.c:L689:There:9,c_source,rumors.c,689,There,doconsult,1,rumors,There is no one here to consult.,0
rumors.c:L692:pline:10,c_source,rumors.c,692,pline,doconsult,1,rumors,%s is in no mood for consultations.,1
rumors.c:L700:You:11,c_source,rumors.c,700,You,doconsult,1,rumors,You have no gold.,0
rumors.c:L770:impossible:13,c_source,rumors.c,770,impossible,couldnt_open_file,1,rumors,Can't open '%s' file.,1
save.c:L126:pline:2,c_source,save.c,126,pline,dosave0,1,save_restore,Cannot open save file.,0
save.c:L361:pline:3,c_source,save.c,361,pline,tricked_fileremoved,1,save_restore,Probably someone removed it.,0
selvar.c:L585:impossible:0,c_source,selvar.c,585,impossible,selection_do_gradient,1,selvar,Unrecognized gradient type! Defaulting to radial...,0
sfstruct.c:L547:impossible:0,c_source,sfstruct.c,547,impossible,bwrite,1,sfstruct,fd not in list (%d)?,1
sfstruct.c:L584:pline:1,c_source,sfstruct.c,584,pline,mread,1,sfstruct,Read %d instead of %u bytes.,2
shk.c:L157:impossible:0,c_source,shk.c,157,impossible,money2mon,1,shop,%s payment in money2mon!,1
shk.c:L162:impossible:1,c_source,shk.c,162,impossible,money2mon,1,shop,Paying without %s gold?,1
shk.c:L186:impossible:2,c_source,shk.c,186,impossible,money2u,1,shop,%s payment in money2u!,1
shk.c:L191:impossible:3,c_source,shk.c,191,impossible,money2u,1,shop,%s paying without %s gold?,2
shk.c:L204:You:4,c_source,shk.c,204,You,money2u,1,shop,You have no room for the gold!,0
shk.c:L510:pline:5,c_source,shk.c,510,pline,call_kops,1,shop,An alarm sounds!,0
shk.c:L538:pline_The:7,c_source,shk.c,538,pline_The,call_kops,1,shop,The Keystone Kops appear!,0
shk.c:L545:pline_The:8,c_source,shk.c,545,pline_The,call_kops,1,shop,The Keystone Kops are after you!,0
shk.c:L604:verbalize:9,c_source,shk.c,604,verbalize,u_left_shop,1,shop,"not_upset ? ""%s!  Please pay before leaving.""
                                : ""%s!  Don't you leave without paying!""",0
shk.c:L609:pline:10,c_source,shk.c,609,pline,u_left_shop,1,shop,%s %s that you need to pay before leaving%s,3
shk.c:L653:Your:11,c_source,shk.c,653,Your,credit_report,1,shop,Your %s by %ld %s.,3
shk.c:L685:Your:12,c_source,shk.c,685,Your,rob_shop,1,shop,Your credit of %ld %s is used to cover your shopping bill.,2
shk.c:L694:You:13,c_source,shk.c,694,You,rob_shop,1,shop,You escaped the shop without paying!,0
shk.c:L736:pline:15,c_source,shk.c,736,pline,deserted_shop,1,shop,This shop %s %s.,2
shk.c:L793:verbalize:17,c_source,shk.c,793,verbalize,u_entered_shop,1,shop,Invisible customers are not welcome!,0
shk.c:L797:pline:18,c_source,shk.c,797,pline,u_entered_shop,1,shop,%s stands firm as if %s knows you are there.,2
shk.c:L805:verbalize:19,c_source,shk.c,805,verbalize,u_entered_shop,1,shop,"So, %s, you dare return to %s %s?!",3
shk.c:L813:pline:20,c_source,shk.c,813,pline,u_entered_shop,1,shop,%s seems %s over your return to %s %s!,4
shk.c:L819:verbalize:21,c_source,shk.c,819,verbalize,u_entered_shop,1,shop,"Back again, %s?  I've got my %s on you.",2
shk.c:L828:pline:23,c_source,shk.c,828,pline,u_entered_shop,1,shop,%s mutters imprecations against shoplifters.,1
shk.c:L830:pline:24,c_source,shk.c,830,pline,u_entered_shop,1,shop,%s is combing through %s inventory list.,2
shk.c:L835:verbalize:25,c_source,shk.c,835,verbalize,u_entered_shop,1,shop,"%s, %s!  Welcome%s to %s %s!",5
shk.c:L843:You:26,c_source,shk.c,843,You,u_entered_shop,1,shop,You enter %s %s%s!,3
shk.c:L876:verbalize:27,c_source,shk.c,876,verbalize,u_entered_shop,1,shop,"not_upset
                              ? ""Will you please leave your %s%s outside?""
                              : ""Leave the %s%s outside.""",0
shk.c:L882:pline:28,c_source,shk.c,882,pline,u_entered_shop,1,shop,%s %s to let you in with your %s%s.,4
shk.c:L890:verbalize:29,c_source,shk.c,890,verbalize,u_entered_shop,1,shop,"not_upset ? ""Will you please leave %s outside?""
                                    : ""Leave %s outside.""",0
shk.c:L895:pline:30,c_source,shk.c,895,pline,u_entered_shop,1,shop,%s %s to let you in while you're riding %s.,3
shk.c:L932:pline:32,c_source,shk.c,932,pline,pick_pick,1,shop,%s %s your pick!,2
shk.c:L966:impossible:33,c_source,shk.c,966,impossible,same_price,1,shop,same_price: object wasn't on any bill!,0
shk.c:L998:You:34,c_source,shk.c,998,You,shopper_financial_report,1,shop,You have no credit or debt in here.,0
shk.c:L1017:You:35,c_source,shk.c,1017,You,shopper_financial_report,1,shop,You have %ld %s credit at %s %s.,4
shk.c:L1021:You:36,c_source,shk.c,1021,You,shopper_financial_report,1,shop,You have no credit in here.,0
shk.c:L1024:You:37,c_source,shk.c,1024,You,shopper_financial_report,1,shop,You owe %s %ld %s.,3
shk.c:L1026:You:38,c_source,shk.c,1026,You,shopper_financial_report,1,shop,You don't owe any gold here.,0
shk.c:L1143:impossible:41,c_source,shk.c,1143,impossible,onbill,1,shop,onbill: paid obj on bill?,0
shk.c:L1150:impossible:42,c_source,shk.c,1150,impossible,onbill,1,shop,onbill: unpaid obj %s?,1
shk.c:L1240:impossible:43,c_source,shk.c,1240,impossible,obfree,1,shop,"obfree: not on bill, %s = (%d,%d,%ld,%d) (%d,%d,%ld,%d)?",9
shk.c:L1283:pline_The:46,c_source,shk.c,1283,pline_The,check_credit,1,shop,The price is partially covered by your credit.,0
shk.c:L1409:pline:48,c_source,shk.c,1409,pline,make_happy_shk,1,shop,%s returns to %s shop.,2
shk.c:L1434:pline:50,c_source,shk.c,1434,pline,make_happy_shk,1,shop,%s calms down.,1
shk.c:L1571:impossible:52,c_source,shk.c,1571,impossible,make_itemized_bill,1,shop,Can't find shop bill entry for #%d,1
shk.c:L1777:You_cant:54,c_source,shk.c,1777,You_cant,dopay,1,shop,You can't see...,0
shk.c:L1797:pline:55,c_source,shk.c,1797,pline,dopay,1,shop,%s is not near enough to receive your payment.,1
shk.c:L1807:pline:56,c_source,shk.c,1807,pline,dopay,1,shop,Pay whom?,0
shk.c:L1816:pline:57,c_source,shk.c,1816,pline,dopay,1,shop,Try again...,0
shk.c:L1822:You:59,c_source,shk.c,1822,You,dopay,1,shop,You can't %s anyone there.,1
shk.c:L1827:There:60,c_source,shk.c,1827,There,dopay,1,shop,There is no one there to receive your payment.,0
shk.c:L1838:pline:62,c_source,shk.c,1838,pline,dopay,1,shop,%s is too far to receive your payment.,1
shk.c:L1862:You:65,c_source,shk.c,1862,You,dopay,1,shop,You %shave no gold.,1
shk.c:L1868:pline:66,c_source,shk.c,1868,pline,dopay,1,shop,But you have some gold stashed away.,0
shk.c:L1874:You:67,c_source,shk.c,1874,You,dopay,1,shop,You give %s the %ld gold piece%s %s asked for.,4
shk.c:L1879:You:68,c_source,shk.c,1879,You,dopay,1,shop,You give %s all your%s gold.,2
shk.c:L1885:pline:69,c_source,shk.c,1885,pline,dopay,1,shop,But you have hidden gold!,0
shk.c:L1899:pline:72,c_source,shk.c,1899,pline,dopay,1,shop,no_money,0
shk.c:L1901:pline:73,c_source,shk.c,1901,pline,dopay,1,shop,"%s is after blood, not gold!",1
shk.c:L1905:pline:74,c_source,shk.c,1905,pline,dopay,1,shop,no_money,0
shk.c:L1906:pline:75,c_source,shk.c,1906,pline,dopay,1,shop,not_enough_money,0
shk.c:L1910:pline:76,c_source,shk.c,1910,pline,dopay,1,shop,"But since %s shop has been robbed recently,",1
shk.c:L1914:pline:77,c_source,shk.c,1914,pline,dopay,1,shop,you %scompensate %s for %s losses.,3
shk.c:L1922:pline:78,c_source,shk.c,1922,pline,dopay,1,shop,"%s is after your hide, not your gold!",1
shk.c:L1926:pline:79,c_source,shk.c,1926,pline,dopay,1,shop,no_money,0
shk.c:L1928:pline:80,c_source,shk.c,1928,pline,dopay,1,shop,not_enough_money,0
shk.c:L1930:You:81,c_source,shk.c,1930,You,dopay,1,shop,You try to appease %s by giving %s 1000 gold pieces.,2
shk.c:L1939:pline:82,c_source,shk.c,1939,pline,dopay,1,shop,But %s is as angry as ever.,1
shk.c:L1942:impossible:83,c_source,shk.c,1942,impossible,dopay,1,shop,dopay: not to shopkeeper?,0
shk.c:L1963:pline:84,c_source,shk.c,1963,pline,dopay,1,shop,But you don't%s have enough gold%s.,2
shk.c:L1975:Your:85,c_source,shk.c,1975,Your,dopay,1,shop,Your debt is covered by your credit.,0
shk.c:L1980:You:86,c_source,shk.c,1980,You,dopay,1,shop,You pay that debt.,0
shk.c:L1989:You:88,c_source,shk.c,1989,You,dopay,1,shop,You pay the remainder.,0
shk.c:L2006:verbalize:89,c_source,shk.c,2006,verbalize,dopay,1,shop,Thank you for shopping in %s %s%s,3
shk.c:L2012:pline:90,c_source,shk.c,2012,pline,dopay,1,shop,%s nods%s at you for shopping in %s %s%s,5
shk.c:L2060:You:91,c_source,shk.c,2060,You,pay_billed_items,1,shop,You %shave no gold or credit%s.,2
shk.c:L2076:You:92,c_source,shk.c,2076,You,pay_billed_items,1,shop,You don't have enough gold to buy%s the item%s %s.,3
shk.c:L2082:pline:93,c_source,shk.c,2082,pline,pay_billed_items,1,shop,Maybe you have some gold stashed away?,0
shk.c:L2105:yn_function:94,c_source,shk.c,2105,yn_function,pay_billed_items,3,shop,Itemized billing?,0
shk.c:L2136:verbalize:95,c_source,shk.c,2136,verbalize,pay_billed_items,1,shop,You need to remove any unpaid items from that %s and buy them separately.,1
shk.c:L2224:impossible:96,c_source,shk.c,2224,impossible,dopayobj,1,shop,Paid object on bill??,0
shk.c:L2343:impossible:97,c_source,shk.c,2343,impossible,buy_container,1,shop,Can't find contained item on shop bill (#%d).,1
shk.c:L2373:impossible:98,c_source,shk.c,2373,impossible,buy_container,1,shop,Buying %s contents: item #%u disappeared from bill.,2
shk.c:L2379:impossible:99,c_source,shk.c,2379,impossible,buy_container,1,shop,Buying %s contents failed unexpectedly (#%u %d).,3
shk.c:L2434:verbalize:100,c_source,shk.c,2434,verbalize,reject_purchase,1,shop,%s for the other %s before buying %s.,3
shk.c:L2437:pline:101,c_source,shk.c,2437,pline,reject_purchase,1,shop,%s %s%s your bill for the other %s first.,4
shk.c:L2460:You:102,c_source,shk.c,2460,You,insufficient_funds,1,shop,You %shave no gold or credit left.,1
shk.c:L2465:You:103,c_source,shk.c,2465,You,insufficient_funds,1,shop,You don't%s have gold%s enough to pay for %s.,3
shk.c:L2594:pline:104,c_source,shk.c,2594,pline,inherits,1,shop,%s %slooks at your corpse%s and %s.,4
shk.c:L2637:pline:106,c_source,shk.c,2637,pline,inherits,1,shop,%s %s all your possessions.,2
shk.c:L2644:pline:107,c_source,shk.c,2644,pline,inherits,1,shop,%s %s the %ld %s %sowed %s.,6
shk.c:L2726:impossible:108,c_source,shk.c,2726,impossible,finish_paybill,1,shop,"finish_paybill: bad location <%d,%d>.",2
shk.c:L2922:impossible:109,c_source,shk.c,2922,impossible,get_cost,1,shop,bad glass gem %d?,1
shk.c:L3092:verbalize:111,c_source,shk.c,3092,verbalize,special_stock,1,shop,"No thanks, I'd hang onto that if I were you.",0
shk.c:L3097:verbalize:112,c_source,shk.c,3097,verbalize,special_stock,1,shop,You'll need %d%s candle%s to go along with it.,3
shk.c:L3129:pline:114,c_source,shk.c,3129,pline,special_stock,1,shop,%s shakes %s %s in refusal.,3
shk.c:L3286:impossible:115,c_source,shk.c,3286,impossible,unpaid_cost,1,shop,unpaid_cost: object wasn't on any bill.,0
shk.c:L3309:You:116,c_source,shk.c,3309,You,add_one_tobill,1,shop,You got that for free!,0
shk.c:L3417:pline:117,c_source,shk.c,3417,pline,shk_names_obj,1,shop,fmtbuf,1
shk.c:L3420:You:118,c_source,shk.c,3420,You,shk_names_obj,1,shop,You fmt,0
shk.c:L3481:You:119,c_source,shk.c,3481,You,addtobill,1,shop,You got that for free!,0
shk.c:L3519:pline:120,c_source,shk.c,3519,pline,addtobill,1,shop,%s has no interest in %s.,2
shk.c:L3525:pline:121,c_source,shk.c,3525,pline,addtobill,1,shop,%s will cost you %ld %s%s.,4
shk.c:L3548:pline:122,c_source,shk.c,3548,pline,addtobill,1,shop,"%s %ld %s %s %s%s.""",6
shk.c:L3568:pline_The:123,c_source,shk.c,3568,pline_The,addtobill,1,shop,The list price of %s%s%s is %ld %s%s.,6
shk.c:L3580:pline:124,c_source,shk.c,3580,pline,addtobill,1,shop,%s does not notice.,1
shk.c:L3605:impossible:125,c_source,shk.c,3605,impossible,splitbill,1,shop,splitbill: no resident shopkeeper??,0
shk.c:L3610:impossible:126,c_source,shk.c,3610,impossible,splitbill,1,shop,splitbill: not on bill?,0
shk.c:L3612:impossible:127,c_source,shk.c,3612,impossible,splitbill,1,shop,Negative quantity on bill??,0
shk.c:L3614:impossible:128,c_source,shk.c,3614,impossible,splitbill,1,shop,Zero quantity on bill??,0
shk.c:L3651:impossible:129,c_source,shk.c,3651,impossible,sub_one_frombill,1,shop,sub_one_frombill: unpaid object not on bill,0
shk.c:L3805:You:130,c_source,shk.c,3805,You,stolen_value,1,shop,You have %ld %s credit remaining.,2
shk.c:L3808:You:131,c_source,shk.c,3808,You,stolen_value,1,shop,You have no credit remaining.,0
shk.c:L3840:Norep:133,c_source,shk.c,3840,Norep,stolen_value,1,shop,"%s booms: ""%s, you are a thief!""",2
shk.c:L3844:Norep:134,c_source,shk.c,3844,Norep,stolen_value,1,shop,"You hear a scream, ""Thief!""",0
shk.c:L3864:Your:135,c_source,shk.c,3864,Your,donate_gold,1,shop,Your debt is %spaid off.,1
shk.c:L3869:Your:136,c_source,shk.c,3869,Your,donate_gold,1,shop,Your debt is paid off.,0
shk.c:L3871:You:137,c_source,shk.c,3871,You,donate_gold,1,shop,You have %sestablished %ld %s credit.,3
shk.c:L3873:pline:138,c_source,shk.c,3873,pline,donate_gold,1,shop,%ld %s added%s to your credit; total is now %ld %s.,5
shk.c:L3938:verbalize:139,c_source,shk.c,3938,verbalize,sellobj,1,shop,"Thank you, scum!",0
shk.c:L3939:pline:140,c_source,shk.c,3939,pline,sellobj,1,shop,%s smirks with satisfaction.,1
shk.c:L3975:verbalize:142,c_source,shk.c,3975,verbalize,sellobj,1,shop,Thank you for your contribution to restock this recently plundered shop.,0
shk.c:L4023:pline:144,c_source,shk.c,4023,pline,sellobj,1,shop,%s cannot pay you at present.,1
shk.c:L4169:impossible:145,c_source,shk.c,4169,impossible,sellobj,1,shop,invalid sell response,0
shk.c:L4176:impossible:146,c_source,shk.c,4176,impossible,doinvbill,1,shop,doinvbill: no shopkeeper?,0
shk.c:L4202:impossible:147,c_source,shk.c,4202,impossible,doinvbill,1,shop,Bad shopkeeper administration.,0
shk.c:L4331:verbalize:148,c_source,shk.c,4331,verbalize,shkcatch,1,shop,"Out of my way, scum!",0
shk.c:L4511:pline:150,c_source,shk.c,4511,pline,shk_fixes_damage,1,shop,%s whispers %s.,2
shk.c:L4520:You_hear:151,c_source,shk.c,4520,You_hear,shk_fixes_damage,1,shop,You hear someone muttering an incantation.,0
shk.c:L4713:pline:153,c_source,shk.c,4713,pline,repair_damage,1,shop,%s untraps %s.,2
shk.c:L4723:pline:155,c_source,shk.c,4723,pline,repair_damage,1,shop,The %s is filled in.,1
shk.c:L4794:pline:157,c_source,shk.c,4794,pline,repair_damage,1,shop,"Suddenly, a section of the wall closes up!",0
shk.c:L4797:pline:158,c_source,shk.c,4797,pline,repair_damage,1,shop,"Suddenly, the shop door reappears!",0
shk.c:L4804:You_feel:159,c_source,shk.c,4804,You_feel,repair_damage,1,shop,You feel more claustrophobic than before.,0
shk.c:L4808:Norep:160,c_source,shk.c,4808,Norep,repair_damage,1,shop,The dungeon acoustics noticeably change.,0
shk.c:L4855:Your:161,c_source,shk.c,4855,Your,shk_move,1,shop,Your displaced image doesn't fool %s!,1
shk.c:L4869:verbalize:162,c_source,shk.c,4869,verbalize,shk_move,1,shop,"%s, %s!  I was looking for %s.",3
shk.c:L4882:verbalize:163,c_source,shk.c,4882,verbalize,shk_move,1,shop,"%s, %s!  Didn't you forget to pay?",2
shk.c:L4886:pline:164,c_source,shk.c,4886,pline,shk_move,1,shop,%s holds out %s upturned %s.,3
shk.c:L4890:pline:165,c_source,shk.c,4890,pline,shk_move,1,shop,%s doesn't like customers who don't pay.,1
shk.c:L4982:You_feel:166,c_source,shk.c,4982,You_feel,shopdig,1,shop,You feel like a common thief.,0
shk.c:L4997:verbalize:167,c_source,shk.c,4997,verbalize,shopdig,1,shop,"Be careful, %s, or you might fall through the floor.",1
shk.c:L5001:verbalize:168,c_source,shk.c,5001,verbalize,shopdig,1,shop,"%s, do not damage the floor here!",1
shk.c:L5009:You_feel:169,c_source,shk.c,5009,You_feel,shopdig,1,shop,You feel like a common thief.,0
shk.c:L5026:pline:170,c_source,shk.c,5026,pline,shopdig,1,shop,%s curses %s inability to grab your backpack!,2
shk.c:L5048:pline:171,c_source,shk.c,5048,pline,shopdig,1,shop,%s curses you in anger and frustration!,1
shk.c:L5056:pline:172,c_source,shk.c,5056,pline,shopdig,1,shop,"%s %s, and %s your backpack!",3
shk.c:L5061:pline:173,c_source,shk.c,5061,pline,shopdig,1,shop,%s %s your backpack!,2
shk.c:L5112:verbalize:174,c_source,shk.c,5112,verbalize,getcad,1,shop,How dare you %s my %s?,2
shk.c:L5113:pline:175,c_source,shk.c,5113,pline,getcad,1,shop,%s is %s that you decided to %s %s %s!,5
shk.c:L5121:verbalize:177,c_source,shk.c,5121,verbalize,getcad,1,shop,Who dared %s my %s?,2
shk.c:L5125:pline:178,c_source,shk.c,5125,pline,getcad,1,shop,%s is %s that someone decided to %s %s %s!,5
shk.c:L5216:pline:179,c_source,shk.c,5216,pline,pay_for_damage,1,shop,%s leaps towards you!,1
shk.c:L5236:You_hear:180,c_source,shk.c,5236,You_hear,pay_for_damage,1,shop,You hear an angry voice:,0
shk.c:L5238:verbalize:181,c_source,shk.c,5238,verbalize,pay_for_damage,1,shop,"Out of my way, scum!",0
shk.c:L5261:Your:182,c_source,shk.c,5261,Your,pay_for_damage,1,shop,Your invisibility does not fool %s!,1
shk.c:L5280:pline:183,c_source,shk.c,5280,pline,pay_for_damage,1,shop,"Mollified, %s accepts your restitution.",1
shk.c:L5290:pline:184,c_source,shk.c,5290,pline,pay_for_damage,1,shop,%s returns to %s shop.,2
shk.c:L5302:verbalize:186,c_source,shk.c,5302,verbalize,pay_for_damage,1,shop,"Oh, yes!  You'll pay!",0
shk.c:L5304:pline:187,c_source,shk.c,5304,pline,pay_for_damage,1,shop,%s lunges %s %s toward your %s!,4
shk.c:L5422:verbalize:189,c_source,shk.c,5422,verbalize,price_quote,1,shop,"%s, price %ld %s%s%s",5
shk.c:L5495:pline:190,c_source,shk.c,5495,pline,shk_chat,1,shop,%s asks whether you've seen any untended shops recently.,1
shk.c:L5506:pline:191,c_source,shk.c,5506,pline,shk_chat,1,shop,%s %s how much %s dislikes %s customers.,4
shk.c:L5516:verbalize:192,c_source,shk.c,5516,verbalize,shk_chat,1,shop,%s %s!  I was looking for %s.,3
shk.c:L5529:verbalize:193,c_source,shk.c,5529,verbalize,shk_chat,1,shop,%s %s!  Didn't you forget to pay?,2
shk.c:L5532:pline:194,c_source,shk.c,5532,pline,shk_chat,1,shop,%s taps you on the %s.,2
shk.c:L5534:pline:195,c_source,shk.c,5534,pline,shk_chat,1,shop,%s %s that your bill comes to %ld %s.,4
shk.c:L5537:pline:196,c_source,shk.c,5537,pline,shk_chat,1,shop,%s %s that you owe %s %ld %s.,5
shk.c:L5548:pline:197,c_source,shk.c,5548,pline,shk_chat,1,shop,%s encourages you to use your %ld %s of credit.,3
shk.c:L5551:pline:198,c_source,shk.c,5551,pline,shk_chat,1,shop,%s %s about a recent robbery.,2
shk.c:L5554:pline:199,c_source,shk.c,5554,pline,shk_chat,1,shop,%s %s that %s is watching you carefully.,3
shk.c:L5562:pline:200,c_source,shk.c,5562,pline,shk_chat,1,shop,%s %s that business is bad.,2
shk.c:L5565:pline:201,c_source,shk.c,5565,pline,shk_chat,1,shop,%s %s that business is good.,2
shk.c:L5570:pline:202,c_source,shk.c,5570,pline,shk_chat,1,shop,ROLL_FROM(Izchak_speaks),0
shk.c:L5585:pline_The:204,c_source,shk.c,5585,pline_The,kops_gone,1,shop,The Kop%s (disappointed) vanish%s into thin air.,2
shk.c:L5683:verbalize:205,c_source,shk.c,5683,verbalize,check_unpaid_usage,1,shop,fmt,0
shk.c:L5716:Your:206,c_source,shk.c,5716,Your,costly_gold,1,shop,Your credit is reduced by %ld %s.,2
shk.c:L5718:Your:207,c_source,shk.c,5718,Your,costly_gold,1,shop,Your credit is erased.,0
shk.c:L5726:Your:208,c_source,shk.c,5726,Your,costly_gold,1,shop,Your credit is erased.,0
shk.c:L5727:Your:209,c_source,shk.c,5727,Your,costly_gold,1,shop,Your debt increases by %ld %s.,2
shk.c:L5729:You:210,c_source,shk.c,5729,You,costly_gold,1,shop,You owe %s %ld %s.,3
shk.c:L5762:pline:211,c_source,shk.c,5762,pline,block_door,1,shop,%s%s blocks your way!,2
shk.c:L5799:pline:212,c_source,shk.c,5799,pline,block_entry,1,shop,%s%s blocks your way!,2
shk.c:L5865:impossible:213,c_source,shk.c,5865,impossible,cad,1,shop,cad: unknown gender,0
shk.c:L6024:Your:216,c_source,shk.c,6024,Your,globby_bill_fixup,1,shop,Your debt is paid off.,0
shk.c:L6028:pline_The:217,c_source,shk.c,6028,pline_The,globby_bill_fixup,1,shop,The %s established %ld %s credit.,3
shk.c:L6034:pline_The:218,c_source,shk.c,6034,pline_The,globby_bill_fixup,1,shop,The %s added %ld %s %s %ld %s.,6
shk.c:L6056:verbalize:219,c_source,shk.c,6056,verbalize,globby_bill_fixup,1,shop,You owe me %ld %s for my %s that you %s with your%s,5
shk.c:L6075:verbalize:220,c_source,shk.c,6075,verbalize,use_unpaid_trapobj,1,shop,"You set it, you buy it!",0
shknam.c:L636:impossible:0,c_source,shknam.c,636,impossible,shkinit,1,shop,Where is shopdoor?,0
shknam.c:L639:pline:1,c_source,shknam.c,639,pline,shkinit,1,shop,"Room at (%d,%d),(%d,%d).",4
shknam.c:L640:pline:2,c_source,shknam.c,640,pline,shkinit,1,shop,doormax=%d doorct=%d fdoor=%d,3
shknam.c:L645:pline:3,c_source,shknam.c,645,pline,shkinit,1,shop,"door [%d,%d]",2
shknam.c:L854:impossible:4,c_source,shknam.c,854,impossible,shkname,1,shop,"shkname: ""%s"" is not a shopkeeper.",1
sit.c:L52:getlin:2,c_source,sit.c,52,getlin,throne_sit_effect,3,sit/throne,Throne sit effect (1..13) [0=random],0
sit.c:L106:You_feel:6,c_source,sit.c,106,You_feel,throne_sit_effect,1,sit/throne,You feel your luck is changing.,0
sit.c:L116:pline:7,c_source,sit.c,116,pline,throne_sit_effect,1,sit/throne,A voice echoes:,0
sit.c:L118:verbalize:8,c_source,sit.c,118,verbalize,throne_sit_effect,1,sit/throne,"Thine audience hath been summoned, %s!",1
sit.c:L126:pline:9,c_source,sit.c,126,pline,throne_sit_effect,1,sit/throne,A voice echoes:,0
sit.c:L128:verbalize:10,c_source,sit.c,128,verbalize,throne_sit_effect,1,sit/throne,"By thine Imperious order, %s...",1
sit.c:L134:pline:11,c_source,sit.c,134,pline,throne_sit_effect,1,sit/throne,A voice echoes:,0
sit.c:L136:verbalize:12,c_source,sit.c,136,verbalize,throne_sit_effect,1,sit/throne,A curse upon thee for sitting upon this most holy throne!,0
sit.c:L147:pline:13,c_source,sit.c,147,pline,throne_sit_effect,1,sit/throne,A terrible drone fills your head!,0
sit.c:L156:Your:15,c_source,sit.c,156,Your,throne_sit_effect,1,sit/throne,Your vision becomes clear.,0
sit.c:L172:Your:16,c_source,sit.c,172,Your,throne_sit_effect,1,sit/throne,Your %s %s...,2
sit.c:L191:You:20,c_source,sit.c,191,You,throne_sit_effect,1,sit/throne,You are granted an insight!,0
sit.c:L203:impossible:22,c_source,sit.c,203,impossible,throne_sit_effect,1,sit/throne,throne effect,0
sit.c:L210:You_feel:23,c_source,sit.c,210,You_feel,throne_sit_effect,1,sit/throne,You feel very comfortable here.,0
sit.c:L229:pline_The:25,c_source,sit.c,229,pline_The,throne_sit_effect,1,sit/throne,The throne %s in a puff of logic.,1
sit.c:L252:pline_The:26,c_source,sit.c,252,pline_The,special_throne_effect,1,sit/throne,"The throne disintegrates, having spent its power.",0
sit.c:L255:pline:27,c_source,sit.c,255,pline,special_throne_effect,1,sit/throne,Sitting on the throne was a terrible experience.,0
sit.c:L270:pline:28,c_source,sit.c,270,pline,special_throne_effect,1,sit/throne,A greasy liquid sprays all over you!,0
sit.c:L302:pline_The:31,c_source,sit.c,302,pline_The,special_throne_effect,1,sit/throne,The throne seeems to be calling for help!,0
sit.c:L327:pline:33,c_source,sit.c,327,pline,special_throne_effect,1,sit/throne,This throne was not meant for those such as you!,0
sit.c:L332:pline:35,c_source,sit.c,332,pline,special_throne_effect,1,sit/throne,The throne is covered in acid!,0
sit.c:L340:pline:36,c_source,sit.c,340,pline,special_throne_effect,1,sit/throne,"As you sit on the throne, your body and mind start to warp.",0
sit.c:L351:pline:37,c_source,sit.c,351,pline,lay_an_egg,1,sit/throne,%s can't lay eggs!,1
sit.c:L365:You:38,c_source,sit.c,365,You,lay_an_egg,1,sit/throne,You don't have enough energy to lay an egg.,0
sit.c:L369:pline:39,c_source,sit.c,369,pline,lay_an_egg,1,sit/throne,A splash tetra you are not.,0
sit.c:L376:You:40,c_source,sit.c,376,You,lay_an_egg,1,sit/throne,You yearn for the Sargasso Sea.,0
sit.c:L387:You:41,c_source,sit.c,387,You,lay_an_egg,1,sit/throne,You %s an egg.,1
sit.c:L411:There:43,c_source,sit.c,411,There,dosit,1,sit/throne,There are no seats in here!,0
sit.c:L412:You:44,c_source,sit.c,412,You,dosit,1,sit/throne,You tumble in place.,0
sit.c:L423:pline:46,c_source,sit.c,423,pline,dosit,1,sit/throne,%s won't offer %s lap.,2
sit.c:L424:pline:47,c_source,sit.c,424,pline,dosit,1,sit/throne,%s has no lap.,1
sit.c:L439:You:48,c_source,sit.c,439,You,dosit,1,sit/throne,You coil up around your %shoard.,1
sit.c:L447:You:50,c_source,sit.c,447,You,dosit,1,sit/throne,You coil up around %s.,1
sit.c:L451:pline:52,c_source,sit.c,451,pline,dosit,1,sit/throne,It's squishy...,0
sit.c:L455:pline:53,c_source,sit.c,455,pline,dosit,1,sit/throne,Squelch!,0
sit.c:L460:pline:54,c_source,sit.c,460,pline,dosit,1,sit/throne,It's not very comfortable...,0
sit.c:L466:You_cant:55,c_source,sit.c,466,You_cant,dosit,1,sit/throne,You can't sit down with your %s in the bear trap.,1
sit.c:L476:You:57,c_source,sit.c,476,You,dosit,1,sit/throne,You sit down in the pit.,0
sit.c:L478:You:58,c_source,sit.c,478,You,dosit,1,sit/throne,You sit in the spider web and get entangled further!,0
sit.c:L484:You:59,c_source,sit.c,484,You,dosit,1,sit/throne,You sit in the %s!,1
sit.c:L491:You_cant:60,c_source,sit.c,491,You_cant,dosit,1,sit/throne,You can't maneuver to sit!,0
sit.c:L505:You:63,c_source,sit.c,505,You,dosit,1,sit/throne,You sit down on the muddy bottom.,0
sit.c:L508:You:64,c_source,sit.c,508,You,dosit,1,sit/throne,You sit in the %s.,1
sit.c:L522:You:65,c_source,sit.c,522,You,dosit,1,sit/throne,You sit_message,0
sit.c:L523:Your:66,c_source,sit.c,523,Your,dosit,1,sit/throne,Your %s gets wet.,1
sit.c:L527:You:67,c_source,sit.c,527,You,dosit,1,sit/throne,You sit_message,0
sit.c:L529:You:68,c_source,sit.c,529,You,dosit,1,sit/throne,You sit_message,0
sit.c:L531:You:69,c_source,sit.c,531,You,dosit,1,sit/throne,You sit_message,0
sit.c:L533:You:70,c_source,sit.c,533,You,dosit,1,sit/throne,You sit_message,0
sit.c:L535:You:71,c_source,sit.c,535,You,dosit,1,sit/throne,You sit_message,0
sit.c:L539:pline_The:72,c_source,sit.c,539,pline_The,dosit,1,sit/throne,The %s feels warm.,1
sit.c:L541:pline_The:73,c_source,sit.c,541,pline_The,dosit,1,sit/throne,The %s burns you!,1
sit.c:L547:You:74,c_source,sit.c,547,You,dosit,1,sit/throne,You sit_message,0
sit.c:L548:pline_The:75,c_source,sit.c,548,pline_The,dosit,1,sit/throne,The ice feels cold.,0
sit.c:L550:You:76,c_source,sit.c,550,You,dosit,1,sit/throne,You sit_message,0
sit.c:L551:You:77,c_source,sit.c,551,You,dosit,1,sit/throne,You sit_message,0
sit.c:L556:pline:78,c_source,sit.c,556,pline,dosit,1,sit/throne,Having fun sitting on the %s?,1
sit.c:L569:You:79,c_source,sit.c,569,You,rndcurse,1,sit/throne,You mal_aura,0
sit.c:L574:You:80,c_source,sit.c,574,You,rndcurse,1,sit/throne,You mal_aura,0
sit.c:L641:You_feel:83,c_source,sit.c,641,You_feel,attrcurse,1,sit/throne,You feel warmer.,0
sit.c:L651:You_feel:84,c_source,sit.c,651,You_feel,attrcurse,1,sit/throne,You feel less jumpy.,0
sit.c:L672:Your:86,c_source,sit.c,672,Your,attrcurse,1,sit/throne,Your senses fail!,0
sit.c:L689:You_feel:88,c_source,sit.c,689,You_feel,attrcurse,1,sit/throne,You feel paranoid.,0
sit.c:L714:You_feel:90,c_source,sit.c,714,You_feel,attrcurse,1,sit/throne,You feel slower.,0
sit.c:L722:You_feel:91,c_source,sit.c,722,You_feel,attrcurse,1,sit/throne,You feel clumsy.,0
sit.c:L733:You_feel:92,c_source,sit.c,733,You_feel,attrcurse,1,sit/throne,You feel vulnerable.,0
sit.c:L742:You_feel:93,c_source,sit.c,742,You_feel,attrcurse,1,sit/throne,You feel less attractive.,0
sounds.c:L48:You_hear1:0,c_source,sounds.c,48,You_hear1,throne_mon_sound,1,sound,You hear throne_msg[which],0
sounds.c:L51:pline:1,c_source,sounds.c,51,pline,throne_mon_sound,1,sound,throne_msg[2],0
sounds.c:L122:You_hear1:8,c_source,sounds.c,122,You_hear1,zoo_mon_sound,1,sound,You hear zoo_msg[selection],0
sounds.c:L170:You_hear:9,c_source,sounds.c,170,You_hear,temple_priest_sound,1,sound,You hear msg,0
sounds.c:L172:You_hear1:10,c_source,sounds.c,172,You_hear1,temple_priest_sound,1,sound,You hear msg,0
sounds.c:L194:You_hear1:11,c_source,sounds.c,194,You_hear1,oracle_sound,1,sound,You hear ora_msg[rn2(3) + hallu * 2],0
sounds.c:L216:You_hear1:12,c_source,sounds.c,216,You_hear1,dosounds,1,sound,You hear fountain_msg[rn2(3) + hallu],0
sounds.c:L222:You_hear1:13,c_source,sounds.c,222,You_hear1,dosounds,1,sound,You hear sink_msg[rn2(2) + hallu],0
sounds.c:L254:You_hear:14,c_source,sounds.c,254,You_hear,dosounds,1,sound,"You hear !hallu
                                     ? ""someone counting gold coins.""
                                     : ""the quarterback calling the play.""",0
sounds.c:L302:You_hear1:18,c_source,sounds.c,302,You_hear1,dosounds,1,sound,You hear barracks_msg[rn2(3) + hallu],0
sounds.c:L323:You_hear1:19,c_source,sounds.c,323,You_hear1,dosounds,1,sound,You hear shop_msg[rn2(2) + hallu],0
sp_lev.c:L1242:impossible:0,c_source,sp_lev.c,1242,impossible,get_location,1,special_levels,get_location:  can't find a place!,0
sp_lev.c:L1783:impossible:1,c_source,sp_lev.c,1783,impossible,create_door,1,special_levels,create_door: Can't find a proper place!,0
sp_lev.c:L1998:impossible:2,c_source,sp_lev.c,1998,impossible,create_monster,1,special_levels,"create_monster: mon has an appearance, ""%s"", but no type",1
sp_lev.c:L2006:impossible:3,c_source,sp_lev.c,2006,impossible,create_monster,1,special_levels,"create_monster: can't find feature ""%s""",1
sp_lev.c:L2021:impossible:4,c_source,sp_lev.c,2021,impossible,create_monster,1,special_levels,"create_monster: can't find object ""%s""",1
sp_lev.c:L2105:impossible:6,c_source,sp_lev.c,2105,impossible,create_monster,1,special_levels,"create_monster: unimplemented mon appear type [%d,""%s""]",2
sp_lev.c:L2332:impossible:7,c_source,sp_lev.c,2332,impossible,create_object,1,special_levels,create_object: too deeply nested containers.,0
sp_lev.c:L2384:impossible:8,c_source,sp_lev.c,2384,impossible,create_object,1,special_levels,prize_warning,0
sp_lev.c:L2398:impossible:9,c_source,sp_lev.c,2398,impossible,create_object,1,special_levels,prize_warning,0
sp_lev.c:L2658:impossible:11,c_source,sp_lev.c,2658,impossible,create_corridor,1,special_levels,create_corridor to/from a random wall,0
sp_lev.c:L2959:impossible:12,c_source,sp_lev.c,2959,impossible,splev_initlev,1,special_levels,Unrecognized level init style.,0
sp_lev.c:L3964:impossible:13,c_source,sp_lev.c,3964,impossible,get_mkroom_name,1,special_levels,get_mkroom_name unknown rtype %d,1
sp_lev.c:L3986:impossible:14,c_source,sp_lev.c,3986,impossible,get_table_roomtype_opt,1,special_levels,Unknown room type '%s',1
sp_lev.c:L4609:impossible:15,c_source,sp_lev.c,4609,impossible,sel_set_feature,1,special_levels,"sel_set_feature(%i,%i,%i) !isok",3
sp_lev.c:L4862:impossible:16,c_source,sp_lev.c,4862,impossible,lspo_feature,1,special_levels,feature has unknown type param.,0
sp_lev.c:L5626:impossible:17,c_source,sp_lev.c,5626,impossible,lspo_region,1,special_levels,Too many rooms on new level!,0
sp_lev.c:L5658:impossible:18,c_source,sp_lev.c,5658,impossible,lspo_region,1,special_levels,region as subroom,0
sp_lev.c:L5713:impossible:19,c_source,sp_lev.c,5713,impossible,lspo_drawbridge,1,special_levels,Cannot create drawbridge.,0
sp_lev.c:L5777:impossible:20,c_source,sp_lev.c,5777,impossible,lspo_mazewalk,1,special_levels,mazewalk: Bad direction,0
spell.c:L758:yn_function:40,c_source,spell.c,758,yn_function,getspell,3,spell,qbuf,0
steal.c:L90:pline:0,c_source,steal.c,90,pline,stealgold,1,steal,%s quickly snatches some gold from %s %s %s!,4
steal.c:L177:impossible:3,c_source,steal.c,177,impossible,stealarm,1,steal,stealarm(): dead monster stealing,0
steal.c:L239:impossible:5,c_source,steal.c,239,impossible,remove_worn_item,1,steal,Removing embedded scales?,0
steal.c:L388:pline:8,c_source,steal.c,388,pline,steal,1,steal,"Somebody tries to rob you, but finds nothing to steal.",0
steal.c:L424:impossible:11,c_source,steal.c,424,impossible,steal,1,steal,Steal fails!,0
steal.c:L473:pline:12,c_source,steal.c,473,pline,steal,1,steal,%s tries to %s %s%s but gives up.,4
steal.c:L524:urgent_pline:13,c_source,steal.c,524,urgent_pline,steal,1,steal,%s charms you.  You gladly %s your %s.,3
steal.c:L554:impossible:15,c_source,steal.c,554,impossible,steal,1,steal,Tried to steal a strange worn thing. [%d],1
steal.c:L609:impossible:17,c_source,steal.c,609,impossible,mpickobj,1,steal,monster (%s) taking or picking up nothing?,1
steal.c:L618:impossible:18,c_source,steal.c,618,impossible,mpickobj,1,steal,monster (%s) taking or picking up attached %s (%s)?,3
steal.c:L645:pline:19,c_source,steal.c,645,pline,mpickobj,1,steal,%s out.,1
steal.c:L779:pline:21,c_source,steal.c,779,pline,maybe_absorb_item,1,steal,%s pulls %s away from you and absorbs %s!,3
steal.c:L793:pline:23,c_source,steal.c,793,pline,maybe_absorb_item,1,steal,%s absorbs %s!,2
steal.c:L867:pline:25,c_source,steal.c,867,pline,relobj,1,steal,%s gold %s.,2
steed.c:L17:You:0,c_source,steed.c,17,You,rider_cant_reach,1,steed/mount,You aren't skilled enough to reach from %s.,1
steed.c:L50:pline:2,c_source,steed.c,50,pline,use_saddle,1,steed/mount,Saddle yourself?  Very funny...,0
steed.c:L62:pline:4,c_source,steed.c,62,pline,use_saddle,1,steed/mount,%s doesn't need another one.,1
steed.c:L77:pline:6,c_source,steed.c,77,pline,use_saddle,1,steed/mount,Shame on you!,0
steed.c:L82:pline:7,c_source,steed.c,82,pline,use_saddle,1,steed/mount,I think %s would mind.,1
steed.c:L87:You_cant:8,c_source,steed.c,87,You_cant,use_saddle,1,steed/mount,You can't saddle such a creature.,0
steed.c:L128:You:9,c_source,steed.c,128,You,use_saddle,1,steed/mount,You put the saddle on %s.,1
steed.c:L134:pline:10,c_source,steed.c,134,pline,use_saddle,1,steed/mount,%s resists!,1
steed.c:L144:impossible:11,c_source,steed.c,144,impossible,put_saddle_on_mon,1,steed/mount,put_saddle_on_mon: saddle obj could get orphaned,0
steed.c:L208:pline:14,c_source,steed.c,208,pline,mount_steed,1,steed/mount,Maybe you should find a designated driver.,0
steed.c:L243:You:15,c_source,steed.c,243,You,mount_steed,1,steed/mount,You won't fit on a saddle.,0
steed.c:L265:You:18,c_source,steed.c,265,You,mount_steed,1,steed/mount,"You couldn't ride %s, let alone its tail.",1
steed.c:L293:pline:23,c_source,steed.c,293,pline,mount_steed,1,steed/mount,I think %s would mind.,1
steed.c:L298:You_cant:24,c_source,steed.c,298,You_cant,mount_steed,1,steed/mount,You can't mount %s while %s's trapped in %s.,3
steed.c:L308:pline:25,c_source,steed.c,308,pline,mount_steed,1,steed/mount,%s resists%s!,2
steed.c:L314:You_cant:26,c_source,steed.c,314,You_cant,mount_steed,1,steed/mount,You can't ride that creature while under %s.,1
steed.c:L319:You_cant:27,c_source,steed.c,319,You_cant,mount_steed,1,steed/mount,You can't ride such a creature.,0
steed.c:L330:Your:29,c_source,steed.c,330,Your,mount_steed,1,steed/mount,Your %s armor is too stiff to be able to mount %s.,2
steed.c:L340:pline:30,c_source,steed.c,340,pline,mount_steed,1,steed/mount,%s slips away from you.,1
steed.c:L371:You:35,c_source,steed.c,371,You,mount_steed,1,steed/mount,You aren't stealthy anymore.,0
steed.c:L427:pline:38,c_source,steed.c,427,pline,kick_steed,1,steed/mount,%s does not respond.,1
steed.c:L441:pline:39,c_source,steed.c,441,pline,kick_steed,1,steed/mount,%s gallops!,1
steed.c:L597:You:40,c_source,steed.c,597,You,dismount_steed,1,steed/mount,You %s off of %s!,2
steed.c:L632:You:43,c_source,steed.c,632,You,dismount_steed,1,steed/mount,You can't.  There isn't anywhere for you to stand.,0
steed.c:L643:You:46,c_source,steed.c,643,You,dismount_steed,1,steed/mount,You dismount %s.,1
steed.c:L653:You:47,c_source,steed.c,653,You,dismount_steed,1,steed/mount,You seem less noisy now.,0
steed.c:L719:pline:48,c_source,steed.c,719,pline,dismount_steed,1,steed/mount,%s falls into the %s!,2
steed.c:L726:pline:49,c_source,steed.c,726,pline,dismount_steed,1,steed/mount,%s is pulled into the %s!,2
steed.c:L857:You:51,c_source,steed.c,857,You,poly_steed,1,steed/mount,You adjust yourself in the saddle on %s.,1
steed.c:L868:pline:52,c_source,steed.c,868,pline,stucksteed,1,steed/mount,%s won't move!,1
steed.c:L876:pline:53,c_source,steed.c,876,pline,stucksteed,1,steed/mount,%s is still eating.,1
steed.c:L898:impossible:54,c_source,steed.c,898,impossible,place_monster,1,steed/mount,"trying to place %s at <%d,%d> mstate:%lx on %s",5
steed.c:L909:impossible:55,c_source,steed.c,909,impossible,place_monster,1,steed/mount,"placing %s onto map, mstate:%lx, on %s?",3
steed.c:L917:impossible:56,c_source,steed.c,917,impossible,place_monster,1,steed/mount,"placing %s over %s at <%d,%d>, mstates:%lx %lx on %s?",7
symbols.c:L1111:pline:1,c_source,symbols.c,1111,pline,do_symset,1,symbols,"Unable to access ""%s"" file.",1
symbols.c:L1115:There:2,c_source,symbols.c,1115,There,do_symset,1,symbols,"There were no symbol sets found in ""%s"".",1
teleport.c:L537:You:0,c_source,teleport.c,537,You,teleds,1,teleport,You materialize in %s location!,1
teleport.c:L769:impossible:1,c_source,teleport.c,769,impossible,teleport_pet,1,teleport,"%s is leashed, without a leash.",1
teleport.c:L780:Your:2,c_source,teleport.c,780,Your,teleport_pet,1,teleport,Your leash goes slack.,0
teleport.c:L863:pline:6,c_source,teleport.c,863,pline,scrolltele,1,teleport,"Being unconscious, you cannot control your teleport.",0
teleport.c:L868:pline:7,c_source,teleport.c,868,pline,scrolltele,1,teleport,Where do %s want to be teleported?,1
teleport.c:L892:pline:8,c_source,teleport.c,892,pline,scrolltele,1,teleport,Sorry...,0
teleport.c:L1043:pline:9,c_source,teleport.c,1043,pline,dotele,1,teleport,"This is a vault teleport, usable once only.",0
teleport.c:L1050:You:10,c_source,teleport.c,1050,You,dotele,1,teleport,You %s onto the teleportation trap.,1
teleport.c:L1198:getlin:15,c_source,teleport.c,1198,getlin,level_tele,3,teleport,qbuf,0
teleport.c:L1201:pline:16,c_source,teleport.c,1201,pline,level_tele,1,teleport,Oops...,0
teleport.c:L1246:You:18,c_source,teleport.c,1246,You,level_tele,1,teleport,You cease to exist.,0
teleport.c:L1254:pline:20,c_source,teleport.c,1254,pline,level_tele,1,teleport,An energized cloud of dust begins to coalesce.,0
teleport.c:L1256:Your:21,c_source,teleport.c,1256,Your,level_tele,1,teleport,Your body rematerializes%s.,1
teleport.c:L1289:You_cant:22,c_source,teleport.c,1289,You_cant,level_tele,1,teleport,You can't get_there_from,0
teleport.c:L1315:You:23,c_source,teleport.c,1315,You,level_tele,1,teleport,You arrive in heaven.,0
teleport.c:L1317:verbalize:24,c_source,teleport.c,1317,verbalize,level_tele,1,teleport,"Thou art early, but we'll admit thee.",0
teleport.c:L1325:You_feel:25,c_source,teleport.c,1325,You_feel,level_tele,1,teleport,You feel deliriously happy.,0
teleport.c:L1327:pline:26,c_source,teleport.c,1327,pline,level_tele,1,teleport,"(In fact, you're on Cloud 9!)",0
teleport.c:L1338:You:29,c_source,teleport.c,1338,You,level_tele,1,teleport,You plummet a few thousand feet to your death.,0
teleport.c:L1393:pline:31,c_source,teleport.c,1393,pline,level_tele,1,teleport,Sorry...,0
teleport.c:L1401:You_cant:32,c_source,teleport.c,1401,You_cant,level_tele,1,teleport,You can't get_there_from,0
teleport.c:L1519:You:36,c_source,teleport.c,1519,You,level_tele_trap,1,teleport,You %s a level teleport trap!,1
teleport.c:L1529:You:38,c_source,teleport.c,1529,You,level_tele_trap,1,teleport,You briefly feel %s.,1
teleport.c:L1535:You_feel:39,c_source,teleport.c,1535,You_feel,level_tele_trap,1,teleport,You feel %sdisoriented.,1
teleport.c:L1690:pline:42,c_source,teleport.c,1690,pline,rloc_to_core,1,teleport,%s vanishes and reappears%s.,2
teleport.c:L1702:pline:43,c_source,teleport.c,1702,pline,rloc_to_core,1,teleport,%s %s%s%s!,4
teleport.c:L1864:impossible:44,c_source,teleport.c,1864,impossible,rloc,1,teleport,rloc(): couldn't relocate monster,0
teleport.c:L1881:pline:45,c_source,teleport.c,1881,pline,control_mon_tele,1,teleport,"Teleport %s @ <%d,%d> where?",3
teleport.c:L1902:pline:46,c_source,teleport.c,1902,pline,control_mon_tele,1,teleport,%s destination.,1
teleport.c:L1989:pline_mon:50,c_source,teleport.c,1989,pline_mon,mlevel_tele_trap,1,teleport,mtmp,0
teleport.c:L2015:pline_mon:51,c_source,teleport.c,2015,pline_mon,mlevel_tele_trap,1,teleport,mtmp,0
teleport.c:L2036:pline_mon:52,c_source,teleport.c,2036,pline_mon,mlevel_tele_trap,1,teleport,mtmp,0
teleport.c:L2053:pline_mon:53,c_source,teleport.c,2053,pline_mon,mlevel_tele_trap,1,teleport,mtmp,0
teleport.c:L2059:pline_mon:55,c_source,teleport.c,2059,pline_mon,mlevel_tele_trap,1,teleport,mtmp,0
teleport.c:L2231:pline:56,c_source,teleport.c,2231,pline,u_teleport_mon,1,teleport,A mysterious force prevents you teleporting %s!,1
teleport.c:L2237:pline:57,c_source,teleport.c,2237,pline,u_teleport_mon,1,teleport,%s resists your magic!,1
teleport.c:L2240:You:58,c_source,teleport.c,2240,You,u_teleport_mon,1,teleport,You are no longer inside %s!,1
timeout.c:L294:urgent_pline:3,c_source,timeout.c,294,urgent_pline,choke_dialogue,1,timer/timeout,choke_texts2[SIZE(choke_texts2) - i],0
timeout.c:L302:urgent_pline:4,c_source,timeout.c,302,urgent_pline,choke_dialogue,1,timer/timeout,str,0
timeout.c:L366:urgent_pline:7,c_source,timeout.c,366,urgent_pline,levitation_dialogue,1,timer/timeout,s,0
timeout.c:L409:urgent_pline:8,c_source,timeout.c,409,urgent_pline,slime_dialogue,1,timer/timeout,buf,0
timeout.c:L412:urgent_pline:9,c_source,timeout.c,412,urgent_pline,slime_dialogue,1,timer/timeout,buf,0
timeout.c:L752:You:20,c_source,timeout.c,752,You,nh_timeout,1,timer/timeout,"You !See_invisible
                            ? ""are no longer invisible.""
                            : ""can no longer see through yourself.""",0
timeout.c:L1610:pline:74,c_source,timeout.c,1610,pline,burn_object,1,timer/timeout,"Hallucination
                              ? (many ? ""They shriek!"" : ""It shrieks!"")
                              : Blind ? """" : (many ? ""Their flames die.""
                                                   : ""Its flame dies."")",0
trap.c:L280:pline:3,c_source,trap.c,280,pline,erode_obj,1,trap,%s %s %s%s!,4
trap.c:L307:pline:4,c_source,trap.c,307,pline,erode_obj,1,trap,%s %s %s!,3
trap.c:L330:impossible:5,c_source,trap.c,330,impossible,erode_obj,1,trap,"erode_obj(%d): destroying strangely worn item [%d, 0x%08lx: %s]",4
trap.c:L366:Your:8,c_source,trap.c,366,Your,grease_protect,1,trap,Your %s %s %s,3
trap.c:L369:pline:9,c_source,trap.c,369,pline,grease_protect,1,trap,%s's %s %s %s,4
trap.c:L982:pline_mon:26,c_source,trap.c,982,pline_mon,mu_maybe_destroy_web,1,trap,mtmp,0
trap.c:L994:pline_mon:28,c_source,trap.c,994,pline_mon,mu_maybe_destroy_web,1,trap,mtmp,0
trap.c:L1220:pline_mon:33,c_source,trap.c,1220,pline_mon,trapeffect_arrow_trap,1,trap,mtmp,0
trap.c:L1291:pline_mon:36,c_source,trap.c,1291,pline_mon,trapeffect_dart_trap,1,trap,mtmp,0
trap.c:L1373:pline_mon:43,c_source,trap.c,1373,pline_mon,trapeffect_rocktrap,1,trap,mtmp,0
trap.c:L1438:pline_mon:47,c_source,trap.c,1438,pline_mon,trapeffect_sqky_board,1,trap,mtmp,0
trap.c:L1446:pline_mon:48,c_source,trap.c,1446,pline_mon,trapeffect_sqky_board,1,trap,mtmp,0
trap.c:L1524:pline_mon:56,c_source,trap.c,1524,pline_mon,trapeffect_bear_trap,1,trap,mtmp,0
trap.c:L1538:pline_mon:58,c_source,trap.c,1538,pline_mon,trapeffect_bear_trap,1,trap,mtmp,0
trap.c:L1576:pline_mon:61,c_source,trap.c,1576,pline_mon,trapeffect_slp_gas_trap,1,trap,mtmp,0
trap.c:L1621:pline:65,c_source,trap.c,1621,pline,trapeffect_rust_trap,1,trap,%s you!,1
trap.c:L1654:pline_mon:67,c_source,trap.c,1654,pline_mon,trapeffect_rust_trap,1,trap,mtmp,0
trap.c:L1664:pline_mon:68,c_source,trap.c,1664,pline_mon,trapeffect_rust_trap,1,trap,mtmp,0
trap.c:L1680:pline_mon:69,c_source,trap.c,1680,pline_mon,trapeffect_rust_trap,1,trap,mtmp,0
trap.c:L1706:pline_mon:71,c_source,trap.c,1706,pline_mon,trapeffect_rust_trap,1,trap,mtmp,0
trap.c:L1735:pline_mon:72,c_source,trap.c,1735,pline_mon,trapeffect_fire_trap,1,trap,mtmp,0
trap.c:L1900:pline:86,c_source,trap.c,1900,pline,trapeffect_pit,1,trap,%s %s %s!,3
trap.c:L1971:pline_mon:88,c_source,trap.c,1971,pline_mon,trapeffect_pit,1,trap,mtmp,0
trap.c:L1980:pline_mon:89,c_source,trap.c,1980,pline_mon,trapeffect_pit,1,trap,mtmp,0
trap.c:L2037:pline_mon:93,c_source,trap.c,2037,pline_mon,trapeffect_hole,1,trap,mtmp,0
trap.c:L2041:pline_mon:94,c_source,trap.c,2041,pline_mon,trapeffect_hole,1,trap,mtmp,0
trap.c:L2048:pline_mon:95,c_source,trap.c,2048,pline_mon,trapeffect_hole,1,trap,mtmp,0
trap.c:L2117:pline:96,c_source,trap.c,2117,pline,trapeffect_web,1,trap,"trap->madeby_u ? ""You take a walk on your web.""
                      : ""There is a spider web here.""",0
trap.c:L2221:pline_mon:100,c_source,trap.c,2221,pline_mon,trapeffect_web,1,trap,mtmp,0
trap.c:L2242:pline_mon:101,c_source,trap.c,2242,pline_mon,trapeffect_web,1,trap,mtmp,0
trap.c:L2250:pline_mon:102,c_source,trap.c,2250,pline_mon,trapeffect_web,1,trap,mtmp,0
trap.c:L2362:You_feel:106,c_source,trap.c,2362,You_feel,trapeffect_anti_magic,1,trap,"You feel (dmgval2 >= hp) ? ""unbearably torpid!""
                     : (dmgval2 >= hp / 4) ? ""very lethargic.""
                       : ""sluggish.""",0
trap.c:L2398:pline_mon:107,c_source,trap.c,2398,pline_mon,trapeffect_anti_magic,1,trap,mtmp,0
trap.c:L2597:pline_mon:116,c_source,trap.c,2597,pline_mon,trapeffect_landmine,1,trap,mtmp,0
trap.c:L2609:pline_mon:118,c_source,trap.c,2609,pline_mon,trapeffect_landmine,1,trap,mtmp,0
trap.c:L2677:pline_mon:123,c_source,trap.c,2677,pline_mon,trapeffect_rolling_boulder_trap,1,trap,mtmp,0
trap.c:L3008:You:130,c_source,trap.c,3008,You,dotrap,1,trap,You %s over %s %s.,3
trap.c:L3373:pline_mon:138,c_source,trap.c,3373,pline_mon,launch_obj,1,trap,mtmp,0
trap.c:L3731:pline_mon:144,c_source,trap.c,3731,pline_mon,mintrap,1,trap,mtmp,0
trap.c:L3755:pline_mon:147,c_source,trap.c,3755,pline_mon,mintrap,1,trap,mtmp,0
trap.c:L3761:pline_mon:148,c_source,trap.c,3761,pline_mon,mintrap,1,trap,mtmp,0
trap.c:L3812:pline_mon:149,c_source,trap.c,3812,pline_mon,mintrap,1,trap,mtmp,0
trap.c:L4170:You:184,c_source,trap.c,4170,You,climb_pit,1,trap,You %s from the %s.,2
trap.c:L4202:Norep:187,c_source,trap.c,4202,Norep,climb_pit,1,trap,"(Hallucination && !rn2(5))
                      ? ""You've fallen, and you can't get up.""
                      : ""You are still in a pit.""",0
trap.c:L4354:You_hear:202,c_source,trap.c,4354,You_hear,domagictrap,1,trap,"You hear Hallucination ? ""the moon howling at you.""
                                   : ""distant howling.""",0
trap.c:L4376:You:206,c_source,trap.c,4376,You,domagictrap,1,trap,"You Hallucination ? ""smell hamburgers."" : ""smell charred flesh.""",0
trap.c:L5028:You:233,c_source,trap.c,5028,You,drown,1,trap,You %s into the %s%c,3
trap.c:L6247:You:307,c_source,trap.c,6247,You,chest_trap,1,trap,"You disarm ? ""set it off!"" : ""trigger a trap!""",0
trap.c:L6884:urgent_pline:333,c_source,trap.c,6884,urgent_pline,lava_effects,1,trap,You %s...,1
trap.c:L6972:pline:337,c_source,trap.c,6972,pline,sink_into_lava,1,trap,sink_deeper,0
trap.c:L6973:Norep:338,c_source,trap.c,6973,Norep,sink_into_lava,1,trap,sink_deeper,0
uhitm.c:L93:pline_mon:1,c_source,uhitm.c,93,pline_mon,mhitm_mgc_atk_negated,1,combat/player_attack,mdef,0
uhitm.c:L231:pline:2,c_source,uhitm.c,231,pline,attack_checks,1,combat/player_attack,Wait!  There's %s there you can't see!,1
uhitm.c:L284:pline:3,c_source,uhitm.c,284,pline,attack_checks,1,combat/player_attack,A %s %s %s!,3
uhitm.c:L288:pline:4,c_source,uhitm.c,288,pline,attack_checks,1,combat/player_attack,Wait!  There's a hidden monster there!,0
uhitm.c:L336:You:6,c_source,uhitm.c,336,You,check_caitiff,1,combat/player_attack,You caitiff!,0
uhitm.c:L520:You:10,c_source,uhitm.c,520,You,do_attack,1,combat/player_attack,You have no way to attack monsters physically.,0
uhitm.c:L533:You:11,c_source,uhitm.c,533,You,do_attack,1,combat/player_attack,You begin bashing monsters with %s.,1
uhitm.c:L539:You:12,c_source,uhitm.c,539,You,do_attack,1,combat/player_attack,You begin %s monsters with your %s %s.,3
uhitm.c:L600:Your:14,c_source,uhitm.c,600,Your,known_hitum,1,combat/player_attack,Your bloodthirsty blade attacks!,0
uhitm.c:L658:impossible:15,c_source,uhitm.c,658,impossible,hitum_cleave,1,combat/player_attack,"hitum_cleave: unknown target direction [%d,%d,%d]?",3
uhitm.c:L892:pline:16,c_source,uhitm.c,892,pline,hmon_hitmon_weapon_ranged,1,combat/player_attack,"As you hit %s, %s%s breaks into splinters.",3
uhitm.c:L1108:You:19,c_source,uhitm.c,1108,You,hmon_hitmon_misc_obj,1,combat/player_attack,You break %s.  That's bad luck!,1
uhitm.c:L1122:You:20,c_source,uhitm.c,1122,You,hmon_hitmon_misc_obj,1,combat/player_attack,You succeed in destroying %s.  Congratulations!,1
uhitm.c:L1189:pline:22,c_source,uhitm.c,1189,pline,hmon_hitmon_misc_obj,1,combat/player_attack,Splat!  You hit %s with %s %s egg%s!,4
uhitm.c:L1215:pline_The:24,c_source,uhitm.c,1215,pline_The,hmon_hitmon_misc_obj,1,combat/player_attack,The egg%s %s alive any more...,2
uhitm.c:L1235:pline:25,c_source,uhitm.c,1235,pline,hmon_hitmon_misc_obj,1,combat/player_attack,Splat!,0
uhitm.c:L1251:pline:26,c_source,uhitm.c,1251,pline,hmon_hitmon_misc_obj,1,combat/player_attack,"obj->otyp == CREAM_PIE ? ""Splat!""
                      : ""Splash!""",0
uhitm.c:L1259:pline_The:27,c_source,uhitm.c,1259,pline_The,hmon_hitmon_misc_obj,1,combat/player_attack,The venom blinds %s%s!,2
uhitm.c:L1276:pline:28,c_source,uhitm.c,1276,pline,hmon_hitmon_misc_obj,1,combat/player_attack,%s %s over %s!,3
uhitm.c:L1284:pline:29,c_source,uhitm.c,1284,pline,hmon_hitmon_misc_obj,1,combat/player_attack,"obj->otyp == CREAM_PIE ? ""Splat!"" : ""Splash!""",0
uhitm.c:L1299:Your:31,c_source,uhitm.c,1299,Your,hmon_hitmon_misc_obj,1,combat/player_attack,Your venom burns %s!,1
uhitm.c:L1492:You:32,c_source,uhitm.c,1492,You,hmon_hitmon_poison,1,combat/player_attack,You dishonorably use a poisoned weapon!,0
uhitm.c:L1496:You_feel:33,c_source,uhitm.c,1496,You_feel,hmon_hitmon_poison,1,combat/player_attack,You feel like an evil coward for using a poisoned weapon.,0
uhitm.c:L1522:You:34,c_source,uhitm.c,1522,You,hmon_hitmon_jousting,1,combat/player_attack,You joust %s%s,2
uhitm.c:L1537:pline:35,c_source,uhitm.c,1537,pline,hmon_hitmon_jousting,1,combat/player_attack,%s shatters on impact!,1
uhitm.c:L1611:pline:37,c_source,uhitm.c,1611,pline,hmon_hitmon_splitmon,1,combat/player_attack,%s divides as you hit it%s!,2
uhitm.c:L1625:You:39,c_source,uhitm.c,1625,You,hmon_hitmon_msg_hit,1,combat/player_attack,You %s %s%s,3
uhitm.c:L1678:pline:40,c_source,uhitm.c,1678,pline,hmon_hitmon_msg_silver,1,combat/player_attack,fmt,0
uhitm.c:L1697:pline:41,c_source,uhitm.c,1697,pline,hmon_hitmon_msg_lightobj,1,combat/player_attack,fmt,0
uhitm.c:L1872:pline_The:42,c_source,uhitm.c,1872,pline_The,hmon_hitmon,1,combat/player_attack,The poison doesn't seem to affect %s.,1
uhitm.c:L1894:Your:45,c_source,uhitm.c,1894,Your,hmon_hitmon,1,combat/player_attack,Your %s %s no longer poisoned.,2
uhitm.c:L2008:pline:46,c_source,uhitm.c,2008,pline,shade_miss,1,combat/player_attack,%s %s %s%s%s.,5
uhitm.c:L2014:pline:47,c_source,uhitm.c,2014,pline,shade_miss,1,combat/player_attack,%s %s%s%s.,4
uhitm.c:L2043:You:48,c_source,uhitm.c,2043,You,m_slips_free,1,combat/player_attack,You %s %s %s %s!,4
uhitm.c:L2061:pline_The:49,c_source,uhitm.c,2061,pline_The,m_slips_free,1,combat/player_attack,The grease wears off.,0
uhitm.c:L2108:pline:50,c_source,uhitm.c,2108,pline,demonpet,1,combat/player_attack,Some hell-p has arrived!,0
uhitm.c:L2180:You:51,c_source,uhitm.c,2180,You,steal_it,1,combat/player_attack,You charm %s.  %s gladly hands over %s%s possessions.,4
uhitm.c:L2186:You:52,c_source,uhitm.c,2186,You,steal_it,1,combat/player_attack,You seduce %s and %s starts to take off %s clothes.,3
uhitm.c:L2219:pline:53,c_source,uhitm.c,2219,pline,steal_it,1,combat/player_attack,%s finishes taking off %s suit.,2
uhitm.c:L2275:pline_mon:56,c_source,uhitm.c,2275,pline_mon,mhitm_ad_rust,1,combat/player_attack,mdef,0
uhitm.c:L2333:You:58,c_source,uhitm.c,2333,You,mhitm_ad_dcay,1,combat/player_attack,You rot!,0
uhitm.c:L2354:pline_mon:59,c_source,uhitm.c,2354,pline_mon,mhitm_ad_dcay,1,combat/player_attack,mdef,0
uhitm.c:L2409:pline:60,c_source,uhitm.c,2409,pline,mhitm_ad_drli,1,combat/player_attack,%s becomes weaker!,1
uhitm.c:L2466:pline_mon:62,c_source,uhitm.c,2466,pline_mon,mhitm_ad_drli,1,combat/player_attack,mdef,0
uhitm.c:L2496:pline:63,c_source,uhitm.c,2496,pline,mhitm_ad_fire,1,combat/player_attack,%s is %s!,2
uhitm.c:L2505:You:65,c_source,uhitm.c,2505,You,mhitm_ad_fire,1,combat/player_attack,You smell burning%s.,1
uhitm.c:L2515:pline_The:66,c_source,uhitm.c,2515,pline_The,mhitm_ad_fire,1,combat/player_attack,The fire doesn't heat %s!,1
uhitm.c:L2532:pline:67,c_source,uhitm.c,2532,pline,mhitm_ad_fire,1,combat/player_attack,You're %s!,1
uhitm.c:L2536:You:68,c_source,uhitm.c,2536,You,mhitm_ad_fire,1,combat/player_attack,You go up in flames!,0
uhitm.c:L2540:pline_The:69,c_source,uhitm.c,2540,pline_The,mhitm_ad_fire,1,combat/player_attack,The fire doesn't feel hot!,0
uhitm.c:L2554:pline_mon:70,c_source,uhitm.c,2554,pline_mon,mhitm_ad_fire,1,combat/player_attack,mdef,0
uhitm.c:L2561:pline_mon:71,c_source,uhitm.c,2561,pline_mon,mhitm_ad_fire,1,combat/player_attack,mdef,0
uhitm.c:L2579:pline_The:72,c_source,uhitm.c,2579,pline_The,mhitm_ad_fire,1,combat/player_attack,The fire doesn't seem to burn %s!,1
uhitm.c:L2597:pline:73,c_source,uhitm.c,2597,pline,mhitm_ad_cold,1,combat/player_attack,%s is covered in frost!,1
uhitm.c:L2600:pline_The:74,c_source,uhitm.c,2600,pline_The,mhitm_ad_cold,1,combat/player_attack,The frost doesn't chill %s!,1
uhitm.c:L2609:pline:75,c_source,uhitm.c,2609,pline,mhitm_ad_cold,1,combat/player_attack,You're covered in frost!,0
uhitm.c:L2610:pline_The:76,c_source,uhitm.c,2610,pline_The,mhitm_ad_cold,1,combat/player_attack,The frost doesn't seem cold!,0
uhitm.c:L2628:pline_mon:77,c_source,uhitm.c,2628,pline_mon,mhitm_ad_cold,1,combat/player_attack,mdef,0
uhitm.c:L2635:pline_The:78,c_source,uhitm.c,2635,pline_The,mhitm_ad_cold,1,combat/player_attack,The frost doesn't seem to chill %s!,1
uhitm.c:L2651:pline:79,c_source,uhitm.c,2651,pline,mhitm_ad_elec,1,combat/player_attack,%s is zapped!,1
uhitm.c:L2654:pline_The:80,c_source,uhitm.c,2654,pline_The,mhitm_ad_elec,1,combat/player_attack,The zap doesn't shock %s!,1
uhitm.c:L2670:pline_The:82,c_source,uhitm.c,2670,pline_The,mhitm_ad_elec,1,combat/player_attack,The zap doesn't shock you!,0
uhitm.c:L2685:pline_mon:83,c_source,uhitm.c,2685,pline_mon,mhitm_ad_elec,1,combat/player_attack,mdef,0
uhitm.c:L2692:pline_The:84,c_source,uhitm.c,2692,pline_The,mhitm_ad_elec,1,combat/player_attack,The zap doesn't shock %s!,1
uhitm.c:L2732:pline_mon:88,c_source,uhitm.c,2732,pline_mon,mhitm_ad_acid,1,combat/player_attack,mdef,0
uhitm.c:L2734:pline:89,c_source,uhitm.c,2734,pline,mhitm_ad_acid,1,combat/player_attack,It burns %s!,1
uhitm.c:L2758:Your:90,c_source,uhitm.c,2758,Your,mhitm_ad_sgld,1,combat/player_attack,Your purse feels heavier.,0
uhitm.c:L2791:pline:92,c_source,uhitm.c,2791,pline,mhitm_ad_sgld,1,combat/player_attack,%s steals some gold from %s.,2
uhitm.c:L2813:pline:94,c_source,uhitm.c,2813,pline,mhitm_ad_tlpt,1,combat/player_attack,%s is not affected.,1
uhitm.c:L2904:pline_mon:98,c_source,uhitm.c,2904,pline_mon,mhitm_ad_tlpt,1,combat/player_attack,mdef,0
uhitm.c:L2924:pline:100,c_source,uhitm.c,2924,pline,mhitm_ad_blnd,1,combat/player_attack,%s is blinded.,1
uhitm.c:L2992:You:104,c_source,uhitm.c,2992,You,mhitm_ad_curs,1,combat/player_attack,You chuckle.,0
uhitm.c:L2998:pline_mon:106,c_source,uhitm.c,2998,pline_mon,mhitm_ad_curs,1,combat/player_attack,magr,0
uhitm.c:L3028:pline_mon:109,c_source,uhitm.c,3028,pline_mon,mhitm_ad_curs,1,combat/player_attack,mdef,0
uhitm.c:L3038:You:110,c_source,uhitm.c,3038,You,mhitm_ad_curs,1,combat/player_attack,You brief_feeling,0
uhitm.c:L3051:pline_mon:112,c_source,uhitm.c,3051,pline_mon,mhitm_ad_curs,1,combat/player_attack,magr,0
uhitm.c:L3071:pline_The:114,c_source,uhitm.c,3071,pline_The,mhitm_really_poison,1,combat/player_attack,The poison doesn't seem to affect %s.,1
uhitm.c:L3088:pline_The:117,c_source,uhitm.c,3088,pline_The,mhitm_ad_drst,1,combat/player_attack,The poison doesn't seem to affect %s.,1
uhitm.c:L3137:pline:119,c_source,uhitm.c,3137,pline,mhitm_ad_drin,1,combat/player_attack,%s doesn't seem harmed.,1
uhitm.c:L3150:You:120,c_source,uhitm.c,3150,You,mhitm_ad_drin,1,combat/player_attack,You suck in some slime and don't feel very well.,0
uhitm.c:L3157:pline:121,c_source,uhitm.c,3157,pline,mhitm_ad_drin,1,combat/player_attack,%s %s blocks your attack to %s head.,3
uhitm.c:L3180:You:122,c_source,uhitm.c,3180,You,mhitm_ad_drin,1,combat/player_attack,You don't seem harmed.,0
uhitm.c:L3190:Your:123,c_source,uhitm.c,3190,Your,mhitm_ad_drin,1,combat/player_attack,Your %s blocks the attack to your head.,1
uhitm.c:L3230:pline_mon:124,c_source,uhitm.c,3230,pline_mon,mhitm_ad_drin,1,combat/player_attack,mdef,0
uhitm.c:L3247:pline:125,c_source,uhitm.c,3247,pline,mhitm_ad_drin,1,combat/player_attack,%s helmet blocks %s attack to %s head.,3
uhitm.c:L3271:Your:126,c_source,uhitm.c,3271,Your,mhitm_ad_stck,1,combat/player_attack,Your barbs stick to %s!,1
uhitm.c:L3279:pline:127,c_source,uhitm.c,3279,pline,mhitm_ad_stck,1,combat/player_attack,The barbs stick to you!,0
uhitm.c:L3295:You:128,c_source,uhitm.c,3295,You,mhitm_ad_wrap,1,combat/player_attack,You %s yourself around %s!,2
uhitm.c:L3308:You:129,c_source,uhitm.c,3308,You,mhitm_ad_wrap,1,combat/player_attack,You drown %s...,1
uhitm.c:L3312:pline:130,c_source,uhitm.c,3312,pline,mhitm_ad_wrap,1,combat/player_attack,%s is being crushed.,1
uhitm.c:L3317:You:131,c_source,uhitm.c,3317,You,mhitm_ad_wrap,1,combat/player_attack,You brush against %s.,1
uhitm.c:L3319:You:132,c_source,uhitm.c,3319,You,mhitm_ad_wrap,1,combat/player_attack,You brush against %s %s.,2
uhitm.c:L3342:urgent_pline:133,c_source,uhitm.c,3342,urgent_pline,mhitm_ad_wrap,1,combat/player_attack,%s %s itself around you!,2
uhitm.c:L3358:urgent_pline:134,c_source,uhitm.c,3358,urgent_pline,mhitm_ad_wrap,1,combat/player_attack,%s drowns you...,1
uhitm.c:L3370:pline_mon:136,c_source,uhitm.c,3370,pline_mon,mhitm_ad_wrap,1,combat/player_attack,magr,0
uhitm.c:L3375:pline_mon:137,c_source,uhitm.c,3375,pline_mon,mhitm_ad_wrap,1,combat/player_attack,magr,0
uhitm.c:L3383:pline:138,c_source,uhitm.c,3383,pline,mhitm_ad_wrap,1,combat/player_attack,%s brushes against %s.,2
uhitm.c:L3391:pline:139,c_source,uhitm.c,3391,pline,mhitm_ad_plys,1,combat/player_attack,%s is frozen by you!,1
uhitm.c:L3399:You:141,c_source,uhitm.c,3399,You,mhitm_ad_plys,1,combat/player_attack,You are frozen!,0
uhitm.c:L3400:You:142,c_source,uhitm.c,3400,You,mhitm_ad_plys,1,combat/player_attack,You are frozen by %s!,1
uhitm.c:L3415:pline:143,c_source,uhitm.c,3415,pline,mhitm_ad_plys,1,combat/player_attack,%s is frozen by %s.,2
uhitm.c:L3435:pline:144,c_source,uhitm.c,3435,pline,mhitm_ad_slee,1,combat/player_attack,%s is put to sleep by you!,1
uhitm.c:L3449:You:145,c_source,uhitm.c,3449,You,mhitm_ad_slee,1,combat/player_attack,You are put to sleep!,0
uhitm.c:L3459:pline:147,c_source,uhitm.c,3459,pline,mhitm_ad_slee,1,combat/player_attack,%s is put to sleep by %s.,2
uhitm.c:L3486:You:148,c_source,uhitm.c,3486,You,mhitm_ad_slim,1,combat/player_attack,You turn %s into slime.,1
uhitm.c:L3519:pline:153,c_source,uhitm.c,3519,pline,mhitm_ad_slim,1,combat/player_attack,Yuck!,0
uhitm.c:L3584:pline:154,c_source,uhitm.c,3584,pline,mhitm_ad_ench,1,combat/player_attack,%s less effective.,1
uhitm.c:L3606:pline:155,c_source,uhitm.c,3606,pline,mhitm_ad_slow,1,combat/player_attack,%s slows down.,1
uhitm.c:L3622:pline_mon:156,c_source,uhitm.c,3622,pline_mon,mhitm_ad_slow,1,combat/player_attack,mdef,0
uhitm.c:L3631:pline:157,c_source,uhitm.c,3631,pline,mhitm_ad_conf,1,combat/player_attack,%s looks confused.,1
uhitm.c:L3667:pline_mon:160,c_source,uhitm.c,3667,pline_mon,mhitm_ad_conf,1,combat/player_attack,mdef,0
uhitm.c:L3683:pline:161,c_source,uhitm.c,3683,pline,mhitm_ad_poly,1,combat/player_attack,%s is not transformed.,1
uhitm.c:L3705:You:162,c_source,uhitm.c,3705,You,mhitm_ad_poly,1,combat/player_attack,You aren't transformed.,0
uhitm.c:L3734:pline_mon:163,c_source,uhitm.c,3734,pline_mon,mhitm_ad_famn,1,combat/player_attack,magr,0
uhitm.c:L3760:pline_mon:164,c_source,uhitm.c,3760,pline_mon,mhitm_ad_pest,1,combat/player_attack,magr,0
uhitm.c:L3791:pline_mon:165,c_source,uhitm.c,3791,pline_mon,mhitm_ad_deth,1,combat/player_attack,magr,0
uhitm.c:L3798:pline:166,c_source,uhitm.c,3798,pline,mhitm_ad_deth,1,combat/player_attack,Was that the touch of death?,0
uhitm.c:L3810:You_feel:167,c_source,uhitm.c,3810,You_feel,mhitm_ad_deth,1,combat/player_attack,You feel your life force draining away...,0
uhitm.c:L3817:pline:168,c_source,uhitm.c,3817,pline,mhitm_ad_deth,1,combat/player_attack,"Lucky for you, it didn't work!",0
uhitm.c:L3849:pline_mon:169,c_source,uhitm.c,3849,pline_mon,mhitm_ad_halu,1,combat/player_attack,mdef,0
uhitm.c:L3888:pline_mon:170,c_source,uhitm.c,3888,pline_mon,do_stone_mon,1,combat/player_attack,mdef,0
uhitm.c:L3898:You:171,c_source,uhitm.c,3898,You,do_stone_mon,1,combat/player_attack,You brief_feeling,0
uhitm.c:L3918:impossible:172,c_source,uhitm.c,3918,impossible,mhitm_ad_phys,1,combat/player_attack,bad shade attack function flow?,0
uhitm.c:L3974:pline_mon:173,c_source,uhitm.c,3974,pline_mon,mhitm_ad_phys,1,combat/player_attack,magr,0
uhitm.c:L4001:pline_mon:175,c_source,uhitm.c,4001,pline_mon,mhitm_ad_phys,1,combat/player_attack,magr,0
uhitm.c:L4030:pline_The:176,c_source,uhitm.c,4030,pline_The,mhitm_ad_phys,1,combat/player_attack,The silver sears your flesh!,0
uhitm.c:L4120:pline_mon:178,c_source,uhitm.c,4120,pline_mon,mhitm_ad_phys,1,combat/player_attack,magr,0
uhitm.c:L4167:You_hear:179,c_source,uhitm.c,4167,You_hear,mhitm_ad_ston,1,combat/player_attack,You hear a cough from %s!,1
uhitm.c:L4171:You_hear:180,c_source,uhitm.c,4171,You_hear,mhitm_ad_ston,1,combat/player_attack,You hear hissing.,0
uhitm.c:L4172:pline:181,c_source,uhitm.c,4172,pline,mhitm_ad_ston,1,combat/player_attack,%s appears to be blowing you a kiss...,1
uhitm.c:L4175:You_hear:182,c_source,uhitm.c,4175,You_hear,mhitm_ad_ston,1,combat/player_attack,You hear %s hissing!,1
uhitm.c:L4246:pline_mon:185,c_source,uhitm.c,4246,pline_mon,mhitm_ad_heal,1,combat/player_attack,magr,0
uhitm.c:L4345:pline_mon:188,c_source,uhitm.c,4345,pline_mon,mhitm_ad_stun,1,combat/player_attack,mdef,0
uhitm.c:L4375:pline:189,c_source,uhitm.c,4375,pline,mhitm_ad_legs,1,combat/player_attack,%s tries to reach your %s %s!,3
uhitm.c:L4381:pline_mon:190,c_source,uhitm.c,4381,pline_mon,mhitm_ad_legs,1,combat/player_attack,magr,0
uhitm.c:L4397:pline:191,c_source,uhitm.c,4397,pline,mhitm_ad_legs,1,combat/player_attack,%s pricks the exposed part of your %s %s!,3
uhitm.c:L4400:pline:192,c_source,uhitm.c,4400,pline,mhitm_ad_legs,1,combat/player_attack,%s pricks through your %s boot!,2
uhitm.c:L4406:pline:193,c_source,uhitm.c,4406,pline,mhitm_ad_legs,1,combat/player_attack,%s scratches your %s boot!,2
uhitm.c:L4412:pline:194,c_source,uhitm.c,4412,pline,mhitm_ad_legs,1,combat/player_attack,%s pricks your %s %s!,3
uhitm.c:L4446:pline_mon:195,c_source,uhitm.c,4446,pline_mon,mhitm_ad_dgst,1,combat/player_attack,magr,0
uhitm.c:L4459:You:196,c_source,uhitm.c,4459,You,mhitm_ad_dgst,1,combat/player_attack,You brief_feeling,0
uhitm.c:L4463:verbalize:197,c_source,uhitm.c,4463,verbalize,mhitm_ad_dgst,1,combat/player_attack,Burrrrp!,0
uhitm.c:L4578:pline_mon:198,c_source,uhitm.c,4578,pline_mon,mhitm_ad_sedu,1,combat/player_attack,magr,0
uhitm.c:L4597:pline:199,c_source,uhitm.c,4597,pline,mhitm_ad_sedu,1,combat/player_attack,"%s tries to %s you, but you seem %s.",3
uhitm.c:L4625:pline_mon:200,c_source,uhitm.c,4625,pline_mon,mhitm_ad_sedu,1,combat/player_attack,magr,0
uhitm.c:L4827:pline:205,c_source,uhitm.c,4827,pline,explum,1,combat/player_attack,%s is blinded by your flash of light!,1
uhitm.c:L4838:pline:206,c_source,uhitm.c,4838,pline,explum,1,combat/player_attack,%s is affected by your flash of light!,1
uhitm.c:L4869:You:207,c_source,uhitm.c,4869,You,start_engulf,1,combat/player_attack,You %s %s%s!,3
uhitm.c:L4918:You:208,c_source,uhitm.c,4918,You,gulpum,1,combat/player_attack,"You %s it, then %s it.",2
uhitm.c:L4934:pline:209,c_source,uhitm.c,4934,pline,gulpum,1,combat/player_attack,It turns into %s.,1
uhitm.c:L5034:You:213,c_source,uhitm.c,5034,You,gulpum,1,combat/player_attack,You digest %s.,1
uhitm.c:L5061:pline:214,c_source,uhitm.c,5061,pline,gulpum,1,combat/player_attack,%s is laden with your moisture.,1
uhitm.c:L5066:pline:216,c_source,uhitm.c,5066,pline,gulpum,1,combat/player_attack,%s is %s!,2
uhitm.c:L5071:pline:217,c_source,uhitm.c,5071,pline,gulpum,1,combat/player_attack,%s is covered with your goo!,1
uhitm.c:L5079:pline:219,c_source,uhitm.c,5079,pline,gulpum,1,combat/player_attack,%s can't see in there!,1
uhitm.c:L5086:pline_The:220,c_source,uhitm.c,5086,pline_The,gulpum,1,combat/player_attack,The air around %s crackles with electricity.,1
uhitm.c:L5099:pline:223,c_source,uhitm.c,5099,pline,gulpum,1,combat/player_attack,%s is freezing to death!,1
uhitm.c:L5110:pline:225,c_source,uhitm.c,5110,pline,gulpum,1,combat/player_attack,%s is burning to a crisp!,1
uhitm.c:L5127:pline:227,c_source,uhitm.c,5127,pline,gulpum,1,combat/player_attack,"Obviously, you didn't like %s taste.",1
uhitm.c:L5134:Your:228,c_source,uhitm.c,5134,Your,missum,1,combat/player_attack,Your armor is rather cumbersome...,0
uhitm.c:L5136:You:229,c_source,uhitm.c,5136,You,missum,1,combat/player_attack,You pretend to be friendly to %s.,1
uhitm.c:L5274:You:232,c_source,uhitm.c,5274,You,mhitm_knockback,1,combat/player_attack,You %sdon't budge.,1
uhitm.c:L5299:pline:234,c_source,uhitm.c,5299,pline,mhitm_knockback,1,combat/player_attack,%s %s %s %s with a %s %s!,6
uhitm.c:L5596:Your:237,c_source,uhitm.c,5596,Your,hmonas,1,combat/player_attack,Your %s %s harmlessly through %s.,3
uhitm.c:L5602:Your:238,c_source,uhitm.c,5602,Your,hmonas,1,combat/player_attack,Your tentacles suck %s.,1
uhitm.c:L5673:You:240,c_source,uhitm.c,5673,You,hmonas,1,combat/player_attack,You %s %s%s,3
uhitm.c:L5678:Your:241,c_source,uhitm.c,5678,Your,hmonas,1,combat/player_attack,Your %s passes harmlessly through %s.,2
uhitm.c:L5684:pline:242,c_source,uhitm.c,5684,pline,hmonas,1,combat/player_attack,%s is being %s%s.,3
uhitm.c:L5699:You:243,c_source,uhitm.c,5699,You,hmonas,1,combat/player_attack,You grab %s!,1
uhitm.c:L5717:Your:245,c_source,uhitm.c,5717,Your,hmonas,1,combat/player_attack,Your attempt to surround %s is harmless.,1
uhitm.c:L5726:You_feel:246,c_source,uhitm.c,5726,You_feel,hmonas,1,combat/player_attack,You feel %ssick.,1
uhitm.c:L5824:You:248,c_source,uhitm.c,5824,You,passive,1,combat/player_attack,You are splashed!,0
uhitm.c:L5826:You:249,c_source,uhitm.c,5826,You,passive,1,combat/player_attack,You are splashed by %s %s!,2
uhitm.c:L5911:pline:250,c_source,uhitm.c,5911,pline,passive,1,combat/player_attack,A hail of magic missiles narrowly misses you!,0
uhitm.c:L5960:pline:252,c_source,uhitm.c,5960,pline,passive,1,combat/player_attack,%s looks %s%s.,3
uhitm.c:L5964:You:253,c_source,uhitm.c,5964,You,passive,1,combat/player_attack,You momentarily stiffen under %s gaze!,1
uhitm.c:L5977:pline:255,c_source,uhitm.c,5977,pline,passive,1,combat/player_attack,%s cannot defend itself.,1
uhitm.c:L5987:You:257,c_source,uhitm.c,5987,You,passive,1,combat/player_attack,You are frozen by %s!,1
uhitm.c:L6001:You_feel:258,c_source,uhitm.c,6001,You_feel,passive,1,combat/player_attack,You feel a mild chill.,0
uhitm.c:L6028:You_feel:260,c_source,uhitm.c,6028,You_feel,passive,1,combat/player_attack,You feel mildly warm.,0
uhitm.c:L6087:pline:264,c_source,uhitm.c,6087,pline,passive_obj,1,combat/player_attack,%s less effective.,1
uhitm.c:L6194:pline:265,c_source,uhitm.c,6194,pline,that_is_a_mimic,1,combat/player_attack,&fmtbuf[i],0
uhitm.c:L6233:Your:266,c_source,uhitm.c,6233,Your,nohandglow,1,combat/player_attack,Your %s stop tingling.,1
uhitm.c:L6234:Your:267,c_source,uhitm.c,6234,Your,nohandglow,1,combat/player_attack,Your %s stop glowing %s.,2
uhitm.c:L6236:Your:269,c_source,uhitm.c,6236,Your,nohandglow,1,combat/player_attack,Your %s no longer glow so brightly %s.,2
uhitm.c:L6260:pline:270,c_source,uhitm.c,6260,pline,flash_hits_mon,1,combat/player_attack,That %s is really %s%c,3
uhitm.c:L6270:pline_The:271,c_source,uhitm.c,6270,pline_The,flash_hits_mon,1,combat/player_attack,The flash awakens %s.,1
uhitm.c:L6322:pline:273,c_source,uhitm.c,6322,pline,flash_hits_mon,1,combat/player_attack,The flash of light shines on %s.,1
uhitm.c:L6324:pline:274,c_source,uhitm.c,6324,pline,flash_hits_mon,1,combat/player_attack,%s is illuminated.,1
vault.c:L261:impossible:2,c_source,vault.c,261,impossible,uleftvault,1,vault,escaping vault without guard?,0
vault.c:L269:pline:3,c_source,vault.c,269,pline,uleftvault,1,vault,%s becomes irate.,1
vault.c:L306:impossible:4,c_source,vault.c,306,impossible,find_guard_dest,1,vault,Not a single corridor on this level?,0
vault.c:L443:pline:5,c_source,vault.c,443,pline,invault,1,vault,Suddenly one of the Vault's %s enters!,1
vault.c:L448:pline:6,c_source,vault.c,448,pline,invault,1,vault,Someone else has entered the Vault.,0
vault.c:L459:verbalize:7,c_source,vault.c,459,verbalize,invault,1,vault,What's going on here?,0
vault.c:L471:verbalize:9,c_source,vault.c,471,verbalize,invault,1,vault,Hey!  Who left that %s in here?,1
vault.c:L475:pline:10,c_source,vault.c,475,pline,invault,1,vault,"Puzzled, %s turns around and leaves.",1
vault.c:L485:pline:11,c_source,vault.c,485,pline,invault,1,vault,%s huffs and turns to leave.,1
vault.c:L486:verbalize:12,c_source,vault.c,486,verbalize,invault,1,vault,I'll be back when you're ready to speak to me!,0
vault.c:L497:getlin:13,c_source,vault.c,497,getlin,invault,3,vault,"Deaf ? ""You are required to supply your name. -""
                        : ""\""Hello stranger, who are you?\"" -""",0
vault.c:L516:pline:14,c_source,vault.c,516,pline,invault,1,vault,%s waves goodbye.,1
vault.c:L520:verbalize:15,c_source,vault.c,520,verbalize,invault,1,vault,"Oh, yes, of course.  Sorry to have disturbed you.",0
vault.c:L525:pline:16,c_source,vault.c,525,pline,invault,1,vault,%s mouths something and looks very angry!,1
vault.c:L532:verbalize:17,c_source,vault.c,532,verbalize,invault,1,vault,"Back from the dead, are you?  I'll remedy that!",0
vault.c:L541:pline:18,c_source,vault.c,541,pline,invault,1,vault,%s doesn't %srecognize you.,2
vault.c:L547:verbalize:19,c_source,vault.c,547,verbalize,invault,1,vault,I don't know you.,0
vault.c:L551:pline:20,c_source,vault.c,551,pline,invault,1,vault,%s stomps%s.,2
vault.c:L560:pline:22,c_source,vault.c,560,pline,invault,1,vault,%s glares at you%s.,2
vault.c:L567:verbalize:23,c_source,vault.c,567,verbalize,invault,1,vault,You have hidden gold.,0
vault.c:L570:pline:24,c_source,vault.c,570,pline,invault,1,vault,%s holds out %s palm and beckons with %s other hand.,3
vault.c:L577:verbalize:25,c_source,vault.c,577,verbalize,invault,1,vault,Most likely all your gold was stolen from this vault.,0
vault.c:L718:pline:27,c_source,vault.c,718,pline,wallify_vault,1,vault,%s whispers an incantation.,1
vault.c:L720:You_hear:28,c_source,vault.c,720,You_hear,wallify_vault,1,vault,You hear a distant chant.,0
vault.c:L724:pline:29,c_source,vault.c,724,pline,wallify_vault,1,vault,A mysterious force moves the gold into the vault.,0
vault.c:L725:pline_The:30,c_source,vault.c,725,pline_The,wallify_vault,1,vault,The damaged vault's walls are magically restored!,0
vault.c:L732:verbalize:31,c_source,vault.c,732,verbalize,gd_mv_monaway,1,vault,"Out of my way, scum!",0
vault.c:L762:impossible:32,c_source,vault.c,762,impossible,gd_pick_corridor_gold,1,vault,vault guard: no gold at hero's feet?,0
vault.c:L868:You:36,c_source,vault.c,868,You,gd_letknow,1,vault,"You um_dist(grd->mx, grd->my, 2)
                ? ""see %s approaching.""
                : ""are confronted by %s.""",0
vault.c:L929:verbalize:37,c_source,vault.c,929,verbalize,gd_move,1,vault,"How dare you %s that gold, scoundrel!",1
vault.c:L954:verbalize:38,c_source,vault.c,954,verbalize,gd_move,1,vault,"I repeat, %s",1
vault.c:L961:verbalize:40,c_source,vault.c,961,verbalize,gd_move,1,vault,"You've been warned, knave!",0
vault.c:L995:verbalize:41,c_source,vault.c,995,verbalize,gd_move,1,vault,"Well, begone.",0
vault.c:L1021:pline:43,c_source,vault.c,1021,pline,gd_move,1,vault,%s holds out %s palm demandingly!,2
vault.c:L1032:pline:45,c_source,vault.c,1032,pline,gd_move,1,vault,%s rubs %s hands with enraged delight!,2
vault.c:L1036:verbalize:46,c_source,vault.c,1036,verbalize,gd_move,1,vault,"So be it, rogue!",0
vault.c:L1063:verbalize:47,c_source,vault.c,1063,verbalize,gd_move,1,vault,Move along!,0
vault.c:L1201:Your:50,c_source,vault.c,1201,Your,paygd,1,vault,Your %ld %s goes into the Magic Memory Vault.,2
vault.c:L1216:pline:51,c_source,vault.c,1216,pline,paygd,1,vault,%s remits your gold to the vault.,1
version.c:L395:pline:4,c_source,version.c,395,pline,check_version,1,version,"Version mismatch for file ""%s"".",1
version.c:L411:pline:5,c_source,version.c,411,pline,check_version,1,version,"Configuration incompatibility for file ""%s"".",1
version.c:L726:raw_printf:6,c_source,version.c,726,raw_printf,uptodate,1,version,comparison of critical bytes mismatched at %d (%s).,2
version.c:L767:raw_printf:7,c_source,version.c,767,raw_printf,compare_critical_bytes,1,version,"critical byte counts do not match, file:%d, critical_sizes:%d.",2
weapon.c:L456:Your:1,c_source,weapon.c,456,Your,silver_sears,1,weapon,Your %s%s %s %s!,4
weapon.c:L832:impossible:3,c_source,weapon.c,832,impossible,mon_wield_item,1,weapon,weapon_check %d for %s?,2
weapon.c:L863:pline:4,c_source,weapon.c,863,pline,mon_wield_item,1,weapon,"Since %s weapon%s %s,",3
weapon.c:L867:pline:5,c_source,weapon.c,867,pline,mon_wield_item,1,weapon,%s cannot wield that %s.,2
weapon.c:L903:pline:10,c_source,weapon.c,903,pline,mon_wield_item,1,weapon,%s %s to %s %s!,4
weapon.c:L911:pline:11,c_source,weapon.c,911,pline,mon_wield_item,1,weapon,%s %s in %s %s!,4
weapon.c:L1040:pline:13,c_source,weapon.c,1040,pline,wet_a_towel,1,weapon,%s gets %s.,2
weapon.c:L1045:pline:14,c_source,weapon.c,1045,pline,wet_a_towel,1,weapon,%s %s gets %s.,3
weapon.c:L1061:pline:15,c_source,weapon.c,1061,pline,dry_a_towel,1,weapon,%s dries%s.,2
weapon.c:L1069:pline:16,c_source,weapon.c,1069,pline,dry_a_towel,1,weapon,%s %s dries%s.,3
weapon.c:L1292:pline:18,c_source,weapon.c,1292,pline,show_skills,1,weapon,Skills:,0
weapon.c:L1497:You:20,c_source,weapon.c,1497,You,drain_weapon_skill,1,weapon,You forget %syour training in %s.,2
weapon.c:L1541:impossible:21,c_source,weapon.c,1541,impossible,weapon_hit_bonus,1,weapon,bad_skill,0
weapon.c:L1560:impossible:22,c_source,weapon.c,1560,impossible,weapon_hit_bonus,1,weapon,bad_skill,0
weapon.c:L1635:impossible:23,c_source,weapon.c,1635,impossible,weapon_dam_bonus,1,weapon,weapon_dam_bonus: bad skill %d,1
weapon.c:L1778:impossible:24,c_source,weapon.c,1778,impossible,skill_init,1,weapon,skill_init: curr > max: %s,1
were.c:L106:impossible:1,c_source,were.c,106,impossible,new_were,1,lycanthropy,unknown lycanthrope %s.,1
were.c:L215:You_feel:3,c_source,were.c,215,You_feel,you_unwere,1,lycanthropy,You feel purified.,0
windows.c:L293:raw_printf:0,c_source,windows.c,293,raw_printf,choose_windows,1,windowport,No window types supported?,0
windows.c:L355:raw_printf:1,c_source,windows.c,355,raw_printf,addto_windowchain,1,windowport,Window processor %s not recognized.  Choices are:,1
windows.c:L386:raw_printf:3,c_source,windows.c,386,raw_printf,commit_windowchain,1,windowport,Can't locate processor '-chainin',0
windows.c:L394:raw_printf:4,c_source,windows.c,394,raw_printf,commit_windowchain,1,windowport,Can't locate processor '-chainout',0
windows.c:L1836:getlin:7,c_source,windows.c,1836,getlin,getlin,3,windowport,const char *query,0
wizard.c:L76:pline:0,c_source,wizard.c,76,pline,amulet,1,wizard_mode,%s hot!,1
wizard.c:L78:pline:1,c_source,wizard.c,78,pline,amulet,1,wizard_mode,%s very warm.,1
wizard.c:L80:pline:2,c_source,wizard.c,80,pline,amulet,1,wizard_mode,%s warm.,1
wizard.c:L96:You:3,c_source,wizard.c,96,You,amulet,1,wizard_mode,You get the creepy feeling that somebody noticed your taking the Amulet.,0
wizard.c:L765:pline:5,c_source,wizard.c,765,pline,resurrect,1,wizard_mode,A voice booms out...,0
wizard.c:L766:verbalize:6,c_source,wizard.c,766,verbalize,resurrect,1,wizard_mode,"So thou thought thou couldst %s me, fool.",1
wizard.c:L775:You_feel:7,c_source,wizard.c,775,You_feel,intervene,1,wizard_mode,You feel vaguely nervous.,0
wizard.c:L777:You:8,c_source,wizard.c,777,You,intervene,1,wizard_mode,You notice a %s glow surrounding you.,1
wizard.c:L837:pline:9,c_source,wizard.c,837,pline,cuss,1,wizard_mode,%s laughs fiendishly.,1
wizard.c:L839:verbalize:10,c_source,wizard.c,839,verbalize,cuss,1,wizard_mode,"Relinquish the amulet, %s!",1
wizard.c:L848:verbalize:11,c_source,wizard.c,848,verbalize,cuss,1,wizard_mode,"rn2(2) ? ""Even now thy life force ebbs, %s!""
                             : ""Savor thy breath, %s, it be thy last!""",0
wizard.c:L855:verbalize:12,c_source,wizard.c,855,verbalize,cuss,1,wizard_mode,"rn2(2) ? ""I shall return."" : ""I'll be back.""",0
wizard.c:L867:pline:14,c_source,wizard.c,867,pline,cuss,1,wizard_mode,%s casts aspersions on your ancestry.,1
wizcmds.c:L40:pline:0,c_source,wizcmds.c,40,pline,wiz_wish,1,wizcmds,unavailcmd,0
wizcmds.c:L62:pline:1,c_source,wizcmds.c,62,pline,wiz_identify,1,wizcmds,unavailcmd,0
wizcmds.c:L144:impossible:2,c_source,wizcmds.c,144,impossible,makemap_remove_mons,1,wizcmds,makemap_remove_mons: 'fmon' did not get emptied?,0
wizcmds.c:L165:pline:3,c_source,wizcmds.c,165,pline,wiz_makemap,1,wizcmds,unavailcmd,0
wizcmds.c:L194:pline:4,c_source,wizcmds.c,194,pline,wiz_map,1,wizcmds,unavailcmd,0
wizcmds.c:L209:pline:5,c_source,wizcmds.c,209,pline,wiz_genesis,1,wizcmds,unavailcmd,0
wizcmds.c:L219:pline:6,c_source,wizcmds.c,219,pline,wiz_where,1,wizcmds,unavailcmd,0
wizcmds.c:L228:pline:7,c_source,wizcmds.c,228,pline,wiz_detect,1,wizcmds,unavailcmd,0
wizcmds.c:L252:pline:8,c_source,wizcmds.c,252,pline,wiz_kill,1,wizcmds,%s:,1
wizcmds.c:L321:pline:10,c_source,wizcmds.c,321,pline,wiz_kill,1,wizcmds,%s is %s.,2
wizcmds.c:L359:getlin:12,c_source,wizcmds.c,359,getlin,wiz_load_lua,3,wizcmds,Load which lua file?,0
wizcmds.c:L365:pline:13,c_source,wizcmds.c,365,pline,wiz_load_lua,1,wizcmds,unavailcmd,0
wizcmds.c:L372:getlin:14,c_source,wizcmds.c,372,getlin,wiz_load_splua,3,wizcmds,Load which des lua file?,0
wizcmds.c:L386:pline:15,c_source,wizcmds.c,386,pline,wiz_load_splua,1,wizcmds,unavailcmd,0
wizcmds.c:L394:pline:16,c_source,wizcmds.c,394,pline,wiz_level_tele,1,wizcmds,unavailcmd,0
wizcmds.c:L422:yn_function:17,c_source,wizcmds.c,422,yn_function,wiz_flip_level,3,wizcmds,prmpt,0
wizcmds.c:L445:getlin:19,c_source,wizcmds.c,445,getlin,wiz_level_change,3,wizcmds,To what experience level do you want to be set?,0
wizcmds.c:L491:pline:23,c_source,wizcmds.c,491,pline,wiz_telekinesis,1,wizcmds,Pick a monster to hurtle.,0
wizcmds.c:L506:getdir:24,c_source,wizcmds.c,506,getdir,wiz_telekinesis,3,wizcmds,which direction?,0
wizcmds.c:L543:pline:25,c_source,wizcmds.c,543,pline,wiz_fuzzer,1,wizcmds,The fuzz tester will make NetHack execute random keypresses.,0
wizcmds.c:L554:impossible:27,c_source,wizcmds.c,554,impossible,wiz_fuzzer,1,wizcmds,,0
wizcmds.c:L889:pline:30,c_source,wizcmds.c,889,pline,wiz_smell,1,wizcmds,Pick a monster to smell.,0
wizcmds.c:L917:You:31,c_source,wizcmds.c,917,You,wiz_smell,1,wizcmds,You surreptitiously sniff under your %s.,1
wizcmds.c:L921:pline:32,c_source,wizcmds.c,921,pline,wiz_smell,1,wizcmds,%s to not give off any smell.,1
wizcmds.c:L926:You:33,c_source,wizcmds.c,926,You,wiz_smell,1,wizcmds,You don't smell any monster there.,0
wizcmds.c:L1067:pline:34,c_source,wizcmds.c,1067,pline,wiz_intrinsic,1,wizcmds,Timeout for %s %s %d.,3
wizcmds.c:L1082:pline:35,c_source,wizcmds.c,1082,pline,wiz_intrinsic,1,wizcmds,unavailcmd,0
wizcmds.c:L1390:impossible:36,c_source,wizcmds.c,1390,impossible,you_sanity_check,1,wizcmds,sanity_check: swallowed by nothing?,0
wizcmds.c:L1403:impossible:37,c_source,wizcmds.c,1403,impossible,you_sanity_check,1,wizcmds,sanity_check: you over monster,0
wizcmds.c:L1435:impossible:41,c_source,wizcmds.c,1435,impossible,levl_sanity_check,1,wizcmds,levl[%i][%i] vision blocking,2
wizcmds.c:L1511:pline:42,c_source,wizcmds.c,1511,pline,list_migrating_mons,1,wizcmds,No monsters currently migrating.,0
wizcmds.c:L1515:pline:43,c_source,wizcmds.c,1515,pline,list_migrating_mons,1,wizcmds,"%d mon%s pending for current level, %d for next level, %d for others.",4
wizcmds.c:L1528:yn_function:44,c_source,wizcmds.c,1528,yn_function,list_migrating_mons,3,wizcmds,List which?,0
wizcmds.c:L1594:pline:45,c_source,wizcmds.c,1594,pline,list_migrating_mons,1,wizcmds,None.,0
wizcmds.c:L1764:pline:46,c_source,wizcmds.c,1764,pline,wiz_show_nhuuid,1,wizcmds,The NHUUID for this game is { %s }.,1
wizcmds.c:L1874:getlin:47,c_source,wizcmds.c,1874,getlin,wiz_migrate_mons,3,wizcmds,How many random monsters to migrate to next level? [0],0
wizcmds.c:L1879:pline:48,c_source,wizcmds.c,1879,pline,wiz_migrate_mons,1,wizcmds,Can't get there from here.,0
wizcmds.c:L1964:pline:49,c_source,wizcmds.c,1964,pline,wiz_custom,1,wizcmds,unavailcmd,0
worm.c:L305:impossible:0,c_source,worm.c,305,impossible,wormgone,1,worm,wormgone: wormno is 0,0
worm.c:L433:pline:2,c_source,worm.c,433,pline,cutworm,1,worm,Part of %s tail has been cut off.,1
worm.c:L438:You:3,c_source,worm.c,438,You,cutworm,1,worm,You cut part of the tail off of %s.,1
worm.c:L466:pline:4,c_source,worm.c,466,pline,cutworm,1,worm,%s is cut in half.,1
worm.c:L467:You:5,c_source,worm.c,467,You,cutworm,1,worm,You cut %s in half.,1
worm.c:L613:impossible:6,c_source,worm.c,613,impossible,place_wsegs,1,worm,"placing worm seg <%d,%d> over another mon",2
worm.c:L617:impossible:7,c_source,worm.c,617,impossible,place_wsegs,1,worm,"replacing worm seg <%d,%d> on empty spot",2
worm.c:L628:impossible:8,c_source,worm.c,628,impossible,sanity_check_worm,1,worm,worm_sanity: null monster!,0
worm.c:L645:impossible:9,c_source,worm.c,645,impossible,sanity_check_worm,1,worm,worm_sanity: not a worm!,0
worm.c:L649:impossible:10,c_source,worm.c,649,impossible,sanity_check_worm,1,worm,wormno %d is set without proper tail,1
worm.c:L658:impossible:11,c_source,worm.c,658,impossible,sanity_check_worm,1,worm,"worm seg not isok <%d,%d>",2
worm.c:L689:impossible:13,c_source,worm.c,689,impossible,wormno_sanity_check,1,worm,"phantom worm tail #0 [head=%s, %d segment%s; tail=%s, %d segment%s]",6
worm.c:L734:impossible:14,c_source,worm.c,734,impossible,place_worm_tail_randomly,1,worm,place_worm_tail_randomly: wormno is set without a tail!,0
worm.c:L746:impossible:15,c_source,worm.c,746,impossible,place_worm_tail_randomly,1,worm,"place_worm_tail_randomly: tail segment at <%d,%d>, worm at <%d,%d>",4
worm.c:L896:impossible:16,c_source,worm.c,896,impossible,worm_cross,1,worm,worm_cross checking for non-adjacent location?,0
worn.c:L87:impossible:0,c_source,worn.c,87,impossible,setworn,1,wear,Setworn: mask=0x%08lx.,1
worn.c:L381:impossible:1,c_source,worn.c,381,impossible,check_wornmask_slots,1,wear,Worn-slot insanity: %s.,1
worn.c:L398:impossible:2,c_source,worn.c,398,impossible,check_wornmask_slots,1,wear,Worn-slot insanity: %s.,1
worn.c:L428:impossible:3,c_source,worn.c,428,impossible,check_wornmask_slots,1,wear,Worn-slot insanity: %s.,1
worn.c:L459:impossible:4,c_source,worn.c,459,impossible,check_wornmask_slots,1,wear,Two-weapon insanity: %s.,1
worn.c:L967:pline:10,c_source,worn.c,967,pline,m_dowear_type,1,wear,%s %s to shine %s.,3
worn.c:L974:pline:11,c_source,worn.c,974,pline,m_dowear_type,1,wear,%s %s shining %s.,3
worn.c:L978:pline:12,c_source,worn.c,978,pline,m_dowear_type,1,wear,%s begins to shine %s.,2
worn.c:L981:pline:13,c_source,worn.c,981,pline,m_dowear_type,1,wear,%s is shining %s.,2
worn.c:L986:pline:14,c_source,worn.c,986,pline,m_dowear_type,1,wear,Suddenly you cannot see %s.,1
worn.c:L1001:impossible:15,c_source,worn.c,1001,impossible,which_armor,1,wear,bad flag in which_armor,0
worn.c:L1188:You_hear:17,c_source,worn.c,1188,You_hear,mon_break_armor,1,wear,You hear a cracking sound.,0
worn.c:L1205:You_hear:20,c_source,worn.c,1205,You_hear,mon_break_armor,1,wear,You hear a ripping sound.,0
worn.c:L1212:You_hear:22,c_source,worn.c,1212,You_hear,mon_break_armor,1,wear,You hear a ripping sound.,0
worn.c:L1224:You_hear:24,c_source,worn.c,1224,You_hear,mon_break_armor,1,wear,You hear a thud.,0
worn.c:L1269:You_hear:31,c_source,worn.c,1269,You_hear,mon_break_armor,1,wear,You hear a clank.,0
worn.c:L1281:You_hear:33,c_source,worn.c,1281,You_hear,mon_break_armor,1,wear,You hear a clank.,0
write.c:L53:impossible:0,c_source,write.c,53,impossible,cost,1,writing,You can't write such a weird scroll!,0
write.c:L87:You:1,c_source,write.c,87,You,dowrite,1,writing,You need hands to be able to write!,0
write.c:L90:pline:2,c_source,write.c,90,pline,dowrite,1,writing,%s from your %s.,2
write.c:L107:You:3,c_source,write.c,107,You,dowrite,1,writing,You don't know whether that %s is blank or not.,1
write.c:L111:pline:4,c_source,write.c,111,pline,dowrite,1,writing,%s can't create braille text.,1
write.c:L126:getlin:6,c_source,write.c,126,getlin,dowrite,3,writing,qbuf,1
write.c:L198:There:7,c_source,write.c,198,There,dowrite,1,writing,There is no such %s!,1
write.c:L208:You_cant:8,c_source,write.c,208,You_cant,dowrite,1,writing,You can't write that!,0
write.c:L211:pline:9,c_source,write.c,211,pline,dowrite,1,writing,It's obscene!,0
write.c:L215:You:10,c_source,write.c,215,You,dowrite,1,writing,"You %s to write the Great Yendorian Novel, but %s inspiration.",2
write.c:L220:You:11,c_source,write.c,220,You,dowrite,1,writing,You %sproduce really %s fan-fiction.,2
write.c:L225:You:12,c_source,write.c,225,You,dowrite,1,writing,You give up on the idea.,0
write.c:L227:You:13,c_source,write.c,227,You,dowrite,1,writing,You tear it up.,0
write.c:L231:pline:14,c_source,write.c,231,pline,dowrite,1,writing,No mere dungeon adventurer could write that.,0
write.c:L238:pline:15,c_source,write.c,238,pline,dowrite,1,writing,Unfortunately you don't have enough information to go on.,0
write.c:L274:pline_The:19,c_source,write.c,274,pline_The,dowrite,1,writing,The scroll is now useless and disappears!,0
write.c:L319:You:20,c_source,write.c,319,You,dowrite,1,writing,You %s to write that.,1
zap.c:L2850:pline:74,c_source,zap.c,2850,pline,zapyourself,1,item/wand_spell,"(obj->otyp == WAN_DEATH)
                      ? ""The wand shoots an apparently harmless beam at you.""
                      : ""You seem no deader than before.""",0
zap.c:L3038:You:80,c_source,zap.c,3038,You,flashburn,1,item/wand_spell,You are_blinded_by_the_flash,0
zap.c:L3154:pline:81,c_source,zap.c,3154,pline,cancel_monst,1,item/wand_spell,writing_vanishes,0
zap.c:L3173:pline:84,c_source,zap.c,3173,pline,cancel_monst,1,item/wand_spell,writing_vanishes,0
zap.c:L3507:pline:99,c_source,zap.c,3507,pline,hit,1,item/wand_spell,%s %s %s%s,4
zap.c:L3630:pline_The:101,c_source,zap.c,3630,pline_The,zap_map,1,item/wand_spell,"The Hallucination
                                  ? ""floor runs like butter!""
                                  : ""edges on the floor get smoother.""",0
zap.c:L3759:You:104,c_source,zap.c,3759,You,zap_map,1,item/wand_spell,You find %s%c,2
zap.c:L3924:pline:108,c_source,zap.c,3924,pline,bhit,1,item/wand_spell,%s %s over %s.,3
zap.c:L5310:Norep:153,c_source,zap.c,5310,Norep,zap_over_floor,1,item/wand_spell,The %s %s.,2
zap.c:L5422:You_hear1:158,c_source,zap.c,5422,You_hear1,zap_over_floor,1,item/wand_spell,You hear hear_txt,0
rumors.fal:L25,dat_file,rumors.fal,25,,,4,rumors,"[cookie] A wish?  Okay, make me a fortune cookie!",0
rumors.fal:L80,dat_file,rumors.fal,80,,,4,rumors,[cookie] Help!  I'm being held prisoner in a fortune cookie factory!,0
rumors.fal:L131,dat_file,rumors.fal,131,,,4,rumors,"[cookie] No part of this fortune may be reproduced, stored in a retrieval system, ...",0
rumors.fal:L160,dat_file,rumors.fal,160,,,4,rumors,"[cookie] Sorry, no fortune this time.  Better luck next cookie!",0
rumors.fal:L193,dat_file,rumors.fal,193,,,4,rumors,[cookie] They say that a fortune only has 1 line and you can't read between it.,0
rumors.fal:L194,dat_file,rumors.fal,194,,,4,rumors,"[cookie] They say that a fortune only has 1 line, but you can read between it.",0
rumors.fal:L253,dat_file,rumors.fal,253,,,4,rumors,[cookie] They say that fortune cookies are food for thought.,0
rumors.fal:L355,dat_file,rumors.fal,355,,,4,rumors,[cookie] This fortune cookie is copy protected.,0
rumors.fal:L356,dat_file,rumors.fal,356,,,4,rumors,"[cookie] This fortune cookie is the property of Fortune Cookies, Inc.",0
rumors.fal:L371,dat_file,rumors.fal,371,,,4,rumors,[cookie] Warning:  fortune reading can be hazardous to your health.,0
rumors.fal:L374,dat_file,rumors.fal,374,,,4,rumors,"[cookie] What a pity, you cannot read it!",0
rumors.fal:L379,dat_file,rumors.fal,379,,,4,rumors,[cookie] Why are you wasting time reading fortunes?,0
rumors.fal:L384,dat_file,rumors.fal,384,,,4,rumors,[cookie] You are destined to be misled by a fortune.,0
rumors.fal:L389,dat_file,rumors.fal,389,,,4,rumors,[cookie] You choke on the fortune cookie.  --More--,0
rumors.fal:L392,dat_file,rumors.fal,392,,,4,rumors,[cookie] You hear the fortune cookie's hissing!,0
rumors.fal:L395,dat_file,rumors.fal,395,,,4,rumors,[cookie] You swallowed the fortune!,0
oracles.txt:L100,dat_file,oracles.txt,100,,,4,oracles,"The name of Elbereth may strike fear into the hearts of thine enemies, if thou dost write it upon the ground at thy feet.  If thou maintainest the utmost calm, thy safety will be aided greatly, but beware lest thy clumsy feet scuff the inscription, cancelling its potence, or thy wayward sword-arm break the truce.",0
quest.lua:idx_2,dat_file,quest.lua,0,,,4,quest,%p:	return(plname);,0
quest.lua:idx_3,dat_file,quest.lua,0,,,4,quest,%c:	return(pl_character);,0
quest.lua:idx_4,dat_file,quest.lua,0,,,4,quest,%r:	return((char *)rank_of(u.ulevel));,0
quest.lua:idx_5,dat_file,quest.lua,0,,,4,quest,%R:	return((char *)rank_of(MIN_QUEST_LEVEL));,0
quest.lua:idx_6,dat_file,quest.lua,0,,,4,quest,"%s:	return((flags.female) ? ""sister"" : ""brother"" );",0
quest.lua:idx_7,dat_file,quest.lua,0,,,4,quest,"%S:	return((flags.female) ? ""daughter"" : ""son"" );",0
quest.lua:idx_8,dat_file,quest.lua,0,,,4,quest,%l:	return((char *)ldrname());,0
quest.lua:idx_9,dat_file,quest.lua,0,,,4,quest,%i:	return(intermed());,0
quest.lua:idx_10,dat_file,quest.lua,0,,,4,quest,%o:	return(artiname());,0
quest.lua:idx_11,dat_file,quest.lua,0,,,4,quest,%O:	return(shortened(artiname()));,0
quest.lua:idx_12,dat_file,quest.lua,0,,,4,quest,%n:	return((char *)neminame());,0
quest.lua:idx_13,dat_file,quest.lua,0,,,4,quest,%g:	return((char *)guardname());,0
quest.lua:idx_14,dat_file,quest.lua,0,,,4,quest,%G:	return((char *)align_gtitle(u.ualignbase[1]));,0
quest.lua:idx_15,dat_file,quest.lua,0,,,4,quest,%H:	return((char *)homebase());,0
quest.lua:idx_16,dat_file,quest.lua,0,,,4,quest,%a:	return(Alignnam(u.ualignbase[1]));,0
quest.lua:idx_17,dat_file,quest.lua,0,,,4,quest,%A:	return(Alignnam(u.ualign.type));,0
quest.lua:idx_18,dat_file,quest.lua,0,,,4,quest,%d:	return((char *)align_gname(u.ualignbase[1]));,0
quest.lua:idx_19,dat_file,quest.lua,0,,,4,quest,%D:	return((char *)align_gname(A_LAWFUL));,0
quest.lua:idx_20,dat_file,quest.lua,0,,,4,quest,"%C:	return(""chaotic"");",0
quest.lua:idx_21,dat_file,quest.lua,0,,,4,quest,"%N:	return(""neutral"");",0
quest.lua:idx_22,dat_file,quest.lua,0,,,4,quest,"%L:	return(""lawful"");",0
quest.lua:idx_23,dat_file,quest.lua,0,,,4,quest,"%x:	return((Blind) ? ""sense"" : ""see"");",0
quest.lua:idx_24,dat_file,quest.lua,0,,,4,quest,"%Z:	return(""The Dungeons of Doom"");",0
quest.lua:idx_25,dat_file,quest.lua,0,,,4,quest,%%:	return(percent_sign);,0
quest.lua:idx_26,dat_file,quest.lua,0,,,4,quest,a suffix:	return an(root);,0
quest.lua:idx_27,dat_file,quest.lua,0,,,4,quest,A suffix:	return An(root);,0
quest.lua:idx_28,dat_file,quest.lua,0,,,4,quest,C suffix:	return capitalized(root);,0
quest.lua:idx_29,dat_file,quest.lua,0,,,4,quest,"h suffix:	return pronoun(he_or_she, mon_of(root)); /* for %l,%n,%d,%o */",0
quest.lua:idx_30,dat_file,quest.lua,0,,,4,quest,"H suffix:	return capitalized(pronoun(he_or_she, mon_of(root)));",0
quest.lua:idx_31,dat_file,quest.lua,0,,,4,quest,"i suffix:	return pronoun(him_or_her, mon_of(root));",0
quest.lua:idx_32,dat_file,quest.lua,0,,,4,quest,"I suffix:	return capitalized(pronoun(him_or_her, mon_of(root)));",0
quest.lua:idx_33,dat_file,quest.lua,0,,,4,quest,"j suffix:	return pronoun(his_or_her, mon_of(root));",0
quest.lua:idx_34,dat_file,quest.lua,0,,,4,quest,"J suffix:	return capitalized(pronoun(his_or_her, mon_of(root)));",0
quest.lua:idx_35,dat_file,quest.lua,0,,,4,quest,p suffix:	return makeplural(root);,0
quest.lua:idx_36,dat_file,quest.lua,0,,,4,quest,P suffix:	return makeplural(capitalized(root));,0
quest.lua:idx_37,dat_file,quest.lua,0,,,4,quest,s suffix:	return s_suffix(root);,0
quest.lua:idx_38,dat_file,quest.lua,0,,,4,quest,S suffix:	return s_suffix(capitalized(root));,0
quest.lua:idx_39,dat_file,quest.lua,0,,,4,quest,t suffix:	return strip_the_prefix(root);,0
quest.lua:idx_49,dat_file,quest.lua,0,,,4,quest,[%dC has chosen you to recover the Amulet of Yendor for %dI.],0
quest.lua:idx_57,dat_file,quest.lua,0,,,4,quest,"Your %G %d seeks to possess the Amulet, and with it",0
quest.lua:idx_64,dat_file,quest.lua,0,,,4,quest,[%dC has chosen you to recover the Amulet of Yendor for %dI.],0
quest.lua:idx_72,dat_file,quest.lua,0,,,4,quest,"Your %G %d seeks to possess the Amulet, and with it",0
quest.lua:idx_387,dat_file,quest.lua,0,,,4,quest,alchemy and veterinary practices before I can send you on this quest,0
quest.lua:idx_394,dat_file,quest.lua,0,,,4,quest,"No rhizotomists are tending the materia medica gardens, and where are the",0
quest.lua:idx_407,dat_file,quest.lua,0,,,4,quest,"warm your soul.  You curse Zeus for taking it from its rightful owner,",0
quest.lua:idx_1210,dat_file,quest.lua,0,,,4,quest,"""Again, I shall read your fate, my %S.  Let us both hope that you have",0
tribute:L21,dat_file,tribute,21,,,4,tribute,It has been remarked before that those who are sensitive to radiations in,0
tribute:L22,dat_file,tribute,22,,,4,tribute,"the far octarine--the eighth colour, the pigment of the Imagination--can",0
tribute:L23,dat_file,tribute,23,,,4,tribute,see things that others cannot.,0
tribute:L25,dat_file,tribute,25,,,4,tribute,"Thus it was that Rincewind, hurrying through the crowded, flare-lit,",0
tribute:L26,dat_file,tribute,26,,,4,tribute,"evening bazaars of Morpork with the Luggage trundling behind him, jostled",0
tribute:L27,dat_file,tribute,27,,,4,tribute,"a tall dark figure, turned to deliver a few suitable curses, and beheld",0
tribute:L28,dat_file,tribute,28,,,4,tribute,Death.,0
tribute:L30,dat_file,tribute,30,,,4,tribute,"It had to be Death.  No-one else went around with empty eye sockets and,",0
tribute:L31,dat_file,tribute,31,,,4,tribute,"of course, the scythe over one shoulder was another clue.  [...]",0
tribute:L37,dat_file,tribute,37,,,4,tribute,As he was drawn towards the Eye the terror-struck Rincewind raised the box,0
tribute:L38,dat_file,tribute,38,,,4,tribute,"protectively, and at the same time heard the picture imp say, ""They're",0
tribute:L39,dat_file,tribute,39,,,4,tribute,"about ripe now, can't hold them any longer.  Everyone smile, please.""",0
tribute:L41,dat_file,tribute,41,,,4,tribute,There was a--,0
tribute:L42,dat_file,tribute,42,,,4,tribute,--flash of light so white and so bright--,0
tribute:L43,dat_file,tribute,43,,,4,tribute,--it didn't seem like light at all.,0
tribute:L45,dat_file,tribute,45,,,4,tribute,"Bel-Shamharoth screamed, a sound that started in the far ultrasonic and",0
tribute:L46,dat_file,tribute,46,,,4,tribute,finished somewhere in Rincewind's bowels.  The tentacles went momentarily,0
tribute:L47,dat_file,tribute,47,,,4,tribute,"as stiff as rods, hurling their various cargoes around the room, before",0
tribute:L48,dat_file,tribute,48,,,4,tribute,bunching up protectively in front of the abused Eye.  The whole mass,0
tribute:L49,dat_file,tribute,49,,,4,tribute,dropped into the pit and a moment later the big slab was snatched up by,0
tribute:L50,dat_file,tribute,50,,,4,tribute,"several dozen tentacles and slammed into place, leaving a number of",0
tribute:L51,dat_file,tribute,51,,,4,tribute,thrashing limbs trapped around the edge.,0
tribute:L58,dat_file,tribute,58,,,4,tribute,cosmos.,0
tribute:L60,dat_file,tribute,60,,,4,tribute,"There was, for example, the theory that A'Tuin had come from nowhere and",0
tribute:L61,dat_file,tribute,61,,,4,tribute,"would continue at a uniform crawl, or steady gait, into nowhere, for all",0
tribute:L62,dat_file,tribute,62,,,4,tribute,time.  This theory was popular among academics.,0
tribute:L64,dat_file,tribute,64,,,4,tribute,"An alternative, favoured by those of a religious persuasion, was that",0
tribute:L65,dat_file,tribute,65,,,4,tribute,"A'Tuin was crawling from the Birthplace to the Time of Mating, as were",0
tribute:L66,dat_file,tribute,66,,,4,tribute,"all the stars in the sky which were, obviously, also carried by giant",0
tribute:L67,dat_file,tribute,67,,,4,tribute,"turtles.  When they arrived they would briefly and passionately mate, for",0
tribute:L68,dat_file,tribute,68,,,4,tribute,"the first and only time, and from that fiery union new turtles would be",0
tribute:L69,dat_file,tribute,69,,,4,tribute,born to carry a new pattern of worlds.  This was known as the Big Bang,0
tribute:L70,dat_file,tribute,70,,,4,tribute,hypothesis.,0
tribute:L79,dat_file,tribute,79,,,4,tribute,"There are, of course, eight days in a disc week and eight colours in its",0
tribute:L81,dat_file,tribute,81,,,4,tribute,"significance on the disc and must never, ever, be spoken by a wizard.",0
tribute:L83,dat_file,tribute,83,,,4,tribute,"Precisely why all the above should be so is not clear, but goes some way",0
tribute:L84,dat_file,tribute,84,,,4,tribute,"to explain why, on the disc, the Gods are not so much worshipped as blamed.",0
tribute:L90,dat_file,tribute,90,,,4,tribute,"""I assure you the thought never even crossed my mind, lord.""",0
tribute:L92,dat_file,tribute,92,,,4,tribute,"""Indeed?  Then if I were you I'd sue my face for slander.""",0
tribute:L99,dat_file,tribute,99,,,4,tribute,All the heroes of the Circle Sea passed through the gates of Ankh-Morpork,0
tribute:L100,dat_file,tribute,100,,,4,tribute,sooner or later.  Most of them were from the barbaric tribes nearer the,0
tribute:L101,dat_file,tribute,101,,,4,tribute,"frozen Hub, which had a sort of export trade in heroes.  Almost all of",0
tribute:L102,dat_file,tribute,102,,,4,tribute,"them had crude magic swords, whose unsuppressed harmonics on the astral",0
tribute:L103,dat_file,tribute,103,,,4,tribute,plane played hell with any delicate experiments in applied sorcery for,0
tribute:L104,dat_file,tribute,104,,,4,tribute,"miles around, but Rincewind didn't object to them on that score.  He knew",0
tribute:L105,dat_file,tribute,105,,,4,tribute,"himself to be a magical dropout, so it didn't bother him that the mere",0
tribute:L106,dat_file,tribute,106,,,4,tribute,appearance of a hero at the city gates was enough to cause retorts to,0
tribute:L107,dat_file,tribute,107,,,4,tribute,"explode and demons to materialize all through the Magical Quarter.  No,",0
tribute:L108,dat_file,tribute,108,,,4,tribute,what he didn't like about heroes was that they were usually suicidally,0
tribute:L109,dat_file,tribute,109,,,4,tribute,gloomy when sober and homicidally insane when drunk.  There were too many,0
tribute:L110,dat_file,tribute,110,,,4,tribute,"of them, too.  Some of the most notable questing grounds were a veritable",0
tribute:L111,dat_file,tribute,111,,,4,tribute,hubbub in the season.  There was talk of organising a rota.,0
tribute:L130,dat_file,tribute,130,,,4,tribute,"them, are seldom satisfied.  It is embarrassing to know that one is a god",0
tribute:L131,dat_file,tribute,131,,,4,tribute,of a world that only exists because every improbability curve must have,0
tribute:L132,dat_file,tribute,132,,,4,tribute,its far end; especially when one can peer into other dimensions at worlds,0
tribute:L133,dat_file,tribute,133,,,4,tribute,"whose Creators had more mechanical aptitude than imagination.  No wonder,",0
tribute:L134,dat_file,tribute,134,,,4,tribute,"then, that the disc gods spend more time bickering than in omnicognizance.",0
tribute:L137,dat_file,tribute,137,,,4,tribute,"of the gods, sat with his chin on his hand and looked at the gaming board",0
tribute:L139,dat_file,tribute,139,,,4,tribute,"because, where his eye sockets should have been, there were nothing but",0
tribute:L140,dat_file,tribute,140,,,4,tribute,"two areas of blank skin.  His eyes, of which he had an impressively large",0
tribute:L141,dat_file,tribute,141,,,4,tribute,"number, led a semi-independent life of their own.  Several were currently",0
tribute:L142,dat_file,tribute,142,,,4,tribute,hovering above the table.,0
tribute:L144,dat_file,tribute,144,,,4,tribute,"The gaming board was a carefully-carved map of the disc world, overprinted",0
tribute:L145,dat_file,tribute,145,,,4,tribute,with squares.  A number of beautifully modelled playing pieces were now,0
tribute:L146,dat_file,tribute,146,,,4,tribute,"occupying some of the squares.  A human onlooker would, for example, have",0
tribute:L147,dat_file,tribute,147,,,4,tribute,recognized in two of them the likenesses of Bravd and the Weasel.  Others,0
tribute:L148,dat_file,tribute,148,,,4,tribute,"represented yet more heroes and champions, of which the disc had a more",0
tribute:L149,dat_file,tribute,149,,,4,tribute,than adequate supply.,0
tribute:L151,dat_file,tribute,151,,,4,tribute,"Still in the game were Io, Offler the Crocodile God, Zephyrus the god of",0
tribute:L152,dat_file,tribute,152,,,4,tribute,"slight breezes, Fate, and the Lady.  There was an air of concentration",0
tribute:L153,dat_file,tribute,153,,,4,tribute,around the board now that the lesser players had been removed from the,0
tribute:L154,dat_file,tribute,154,,,4,tribute,"Game.  Chance had been an early casualty, running her hero into a full",0
tribute:L155,dat_file,tribute,155,,,4,tribute,house of armed gnolls (the result of a lucky throw by Offler) and shortly,0
tribute:L156,dat_file,tribute,156,,,4,tribute,"afterwards Night had cashed his chips, pleading an appointment with",0
tribute:L157,dat_file,tribute,157,,,4,tribute,Destiny.  Several minor deities had drifted up and were kibitzing over,0
tribute:L158,dat_file,tribute,158,,,4,tribute,the shoulders of the players.,0
tribute:L160,dat_file,tribute,160,,,4,tribute,Side bets were made that the Lady would be the next to leave the board.,0
tribute:L161,dat_file,tribute,161,,,4,tribute,Her last champion of any standing was now a pinch of potash in the ruins,0
tribute:L162,dat_file,tribute,162,,,4,tribute,"of still-smoking Ankh-Morpork, and there were hardly any pieces that she",0
tribute:L163,dat_file,tribute,163,,,4,tribute,could promote to first rank.,0
tribute:L165,dat_file,tribute,165,,,4,tribute,"Blind Io took up the dice-box, which was a skull whose various orifices",0
tribute:L166,dat_file,tribute,166,,,4,tribute,"had been stoppered with rubies, and with several of his eyes on the Lady",0
tribute:L167,dat_file,tribute,167,,,4,tribute,he rolled three fives.,0
tribute:L169,dat_file,tribute,169,,,4,tribute,She smiled.  This was the nature of the Lady's eyes:  they were bright,0
tribute:L170,dat_file,tribute,170,,,4,tribute,"green, lacking iris or pupil, and they glowed from within.",0
tribute:L172,dat_file,tribute,172,,,4,tribute,"The room was silent as she scrabbled in her box of pieces and, from the",0
tribute:L173,dat_file,tribute,173,,,4,tribute,"very bottom, produced a couple that she set down on the board with two",0
tribute:L174,dat_file,tribute,174,,,4,tribute,"decisive clicks.  The rest of the players, as one God, craned forward to",0
tribute:L175,dat_file,tribute,175,,,4,tribute,peer at them.,0
tribute:L177,dat_file,tribute,177,,,4,tribute,"""A wenegrade wiffard and fome fort of clerk,"" said Offler the Crocodile",0
tribute:L178,dat_file,tribute,178,,,4,tribute,"God, hindered as usual by his tusks.  ""Well, weally!""  With one claw he",0
tribute:L179,dat_file,tribute,179,,,4,tribute,pushed a pile of bone-white tokens into the centre of the table.,0
tribute:L181,dat_file,tribute,181,,,4,tribute,The Lady nodded slightly.  She picked up the dice-cup and held it as steady,0
tribute:L182,dat_file,tribute,182,,,4,tribute,"as a rock, yet all the gods could hear the three cubes rattling about",0
tribute:L183,dat_file,tribute,183,,,4,tribute,inside.  And then she sent them bouncing across the table.,0
tribute:L187,dat_file,tribute,187,,,4,tribute,"Something was happening to the five, however.  Battered by the chance",0
tribute:L188,dat_file,tribute,188,,,4,tribute,"collision of several billion molecules, the die flipped onto a point, spun",0
tribute:L189,dat_file,tribute,189,,,4,tribute,gently and came down a seven.,0
tribute:L191,dat_file,tribute,191,,,4,tribute,Blind Io picked up the cube and counted the sides.,0
tribute:L193,dat_file,tribute,193,,,4,tribute,"""Come /on/,"" he said wearily.  ""Play fair.""",0
tribute:L201,dat_file,tribute,201,,,4,tribute,"Picturesque.  That was a new word to Rincewind the wizard (B. Mgc.,",0
tribute:L202,dat_file,tribute,202,,,4,tribute,Unseen University [failed]).  It was one of a number he had picked up,0
tribute:L203,dat_file,tribute,203,,,4,tribute,since leaving the charred ruins of Ankh-Morpork.  Quaint was another one.,0
tribute:L204,dat_file,tribute,204,,,4,tribute,Picturesque meant--he decided after careful observation of the scenery,0
tribute:L205,dat_file,tribute,205,,,4,tribute,that inspired Twoflower to use the word--that the landscape was horribly,0
tribute:L206,dat_file,tribute,206,,,4,tribute,"precipitous.  Quaint, when used to describe the occasional village through",0
tribute:L207,dat_file,tribute,207,,,4,tribute,"which they passed, meant fever-ridden and tumbledown.",0
tribute:L209,dat_file,tribute,209,,,4,tribute,"Twoflower was a tourist, the first ever seen on the discworld.  Tourist,",0
tribute:L210,dat_file,tribute,210,,,4,tribute,"Rincewind decided, meant ""idiot.""",0
tribute:L216,dat_file,tribute,216,,,4,tribute,Currently Twoflower was showing a great interest in the theory and practice,0
tribute:L217,dat_file,tribute,217,,,4,tribute,of magic.,0
tribute:L219,dat_file,tribute,219,,,4,tribute,"""It all seems, well, rather useless to me,"" he said.  ""I always thought",0
tribute:L220,dat_file,tribute,220,,,4,tribute,"that, you know, a wizard just said the words and that was that.  Not all",0
tribute:L221,dat_file,tribute,221,,,4,tribute,"this tedious memorising.""",0
tribute:L223,dat_file,tribute,223,,,4,tribute,Rincewind agreed moodily.  He tried to explain that magic had indeed once,0
tribute:L224,dat_file,tribute,224,,,4,tribute,"been wild and lawless, but had been tamed back in the mists of time by the",0
tribute:L225,dat_file,tribute,225,,,4,tribute,"Olden Ones, who had bound it to obey among other things the Law of",0
tribute:L226,dat_file,tribute,226,,,4,tribute,Conservation of Reality; this demanded that the effort needed to achieve,0
tribute:L227,dat_file,tribute,227,,,4,tribute,a goal should be the same regardless of the means used.  In practical,0
tribute:L228,dat_file,tribute,228,,,4,tribute,"terms, this meant that, say, creating the illusion of a glass of wine was",0
tribute:L229,dat_file,tribute,229,,,4,tribute,"relatively easy, since it involved merely the subtle shifting of light",0
tribute:L230,dat_file,tribute,230,,,4,tribute,"patterns.  On the other hand, lifting a genuine wineglass a few feet in",0
tribute:L231,dat_file,tribute,231,,,4,tribute,the air by sheer mental energy required several hours of systematic,0
tribute:L232,dat_file,tribute,232,,,4,tribute,preparation if the wizard wished to prevent the simple principle of,0
tribute:L233,dat_file,tribute,233,,,4,tribute,leverage flicking his brain out through his ears.,0
tribute:L235,dat_file,tribute,235,,,4,tribute,He went on to add that some of the ancient magic could still be found in,0
tribute:L236,dat_file,tribute,236,,,4,tribute,"its raw state, recognizable--to the initiated--by the eightfold shape it",0
tribute:L237,dat_file,tribute,237,,,4,tribute,made in the crystalline structure of space-time.  There was the metal,0
tribute:L238,dat_file,tribute,238,,,4,tribute,"octiron, for example, and the gas octogen.  Both radiated dangerous",0
tribute:L239,dat_file,tribute,239,,,4,tribute,amounts of raw enchantment.,0
tribute:L246,dat_file,tribute,246,,,4,tribute,"""I challenge you,"" said Hrun, glaring at the brothers, ""both at once.""",0
tribute:L248,dat_file,tribute,248,,,4,tribute,Lio!rt and Liartes exchanged looks.,0
tribute:L250,dat_file,tribute,250,,,4,tribute,"""You'll fight us both together?"" said Liartes, a tall, wiry man with long",0
tribute:L251,dat_file,tribute,251,,,4,tribute,black hair.,0
tribute:L253,dat_file,tribute,253,,,4,tribute,"""Yah.""",0
tribute:L255,dat_file,tribute,255,,,4,tribute,"""That's pretty uneven odds, isn't it?""",0
tribute:L257,dat_file,tribute,257,,,4,tribute,"""Yah.  I outnumber you one to two.""",0
tribute:L259,dat_file,tribute,259,,,4,tribute,"Lio!rt scowled.  ""You arrogant barbarian--""",0
tribute:L261,dat_file,tribute,261,,,4,tribute,"""That just about does it!"" growled Hrun.  ""I'll--""",0
tribute:L263,dat_file,tribute,263,,,4,tribute,The Loremaster put out a blue-veined hand to restrain him.,0
tribute:L265,dat_file,tribute,265,,,4,tribute,"""It is forbidden to fight on the Killing Ground,"" he said, and paused",0
tribute:L266,dat_file,tribute,266,,,4,tribute,"while he considered the sense of this.  ""You know what I mean, anyway,"" he",0
tribute:L267,dat_file,tribute,267,,,4,tribute,"hazarded, giving up, and added, ""As the challenged parties my lords Lio!rt",0
tribute:L268,dat_file,tribute,268,,,4,tribute,"and Liartes have choice of weapons.""",0
tribute:L270,dat_file,tribute,270,,,4,tribute,"""Dragons,"" they said together.  Liessa snorted.",0
tribute:L272,dat_file,tribute,272,,,4,tribute,"""Dragons can be used offensively, therefore they are weapons,"" said Lio!rt",0
tribute:L273,dat_file,tribute,273,,,4,tribute,"firmly.  ""If you disagree we can fight over it.""",0
tribute:L275,dat_file,tribute,275,,,4,tribute,"""Yah,"" said his brother, nodding at Hrun.",0
tribute:L281,dat_file,tribute,281,,,4,tribute,Some pirates achieved immortality by great deeds of cruelty or derring-do.,0
tribute:L282,dat_file,tribute,282,,,4,tribute,Some achieved immortality by amassing great wealth.  But the captain had,0
tribute:L283,dat_file,tribute,283,,,4,tribute,"long ago decided that he would, on the whole, prefer to achieve immortality",0
tribute:L284,dat_file,tribute,284,,,4,tribute,by not dying.,0
tribute:L290,dat_file,tribute,290,,,4,tribute,"Plants on the disc, while including the categories known commonly as",0
tribute:L291,dat_file,tribute,291,,,4,tribute,"/annuals/, which were sown this year to come up later this year,",0
tribute:L292,dat_file,tribute,292,,,4,tribute,"/biennials/, sown this year to grow next year, and /perennials/, sown this",0
tribute:L293,dat_file,tribute,293,,,4,tribute,"year to grow until further notice, also included a few rare /re-annuals/",0
tribute:L294,dat_file,tribute,294,,,4,tribute,"which, because of an unusual four-dimensional twist in their genes, could",0
tribute:L295,dat_file,tribute,295,,,4,tribute,be planted this year to come up /last year/.  The /vul/ nut vine was,0
tribute:L296,dat_file,tribute,296,,,4,tribute,particularly exceptional in that it could flourish as many as eight years,0
tribute:L297,dat_file,tribute,297,,,4,tribute,prior to its seed actually being sown.  /Vul/ nut wine was reputed to give,0
tribute:L298,dat_file,tribute,298,,,4,tribute,"certain drinkers an insight into the future which was, from the nut's",0
tribute:L299,dat_file,tribute,299,,,4,tribute,"point of view, the past.  Strange but true.",0
tribute:L305,dat_file,tribute,305,,,4,tribute,"""I hope you're not proposing to enslave us,"" said Twoflower.",0
tribute:L307,dat_file,tribute,307,,,4,tribute,"Marchesa looked genuinely shocked.  ""Certainly not!  Whatever could",0
tribute:L308,dat_file,tribute,308,,,4,tribute,"have given you that idea?  Your lives in Krull will be rich, full and",0
tribute:L309,dat_file,tribute,309,,,4,tribute,"comfortable--""",0
tribute:L311,dat_file,tribute,311,,,4,tribute,"""Oh, good,"" said Rincewind.",0
tribute:L313,dat_file,tribute,313,,,4,tribute,"""--just not very long.""",0
tribute:L320,dat_file,tribute,320,,,4,tribute,"never found her, yet she was known to come to the aid of those in greatest",0
tribute:L321,dat_file,tribute,321,,,4,tribute,"need.  And, then again, sometimes she didn't.  She was like that.  She",0
tribute:L322,dat_file,tribute,322,,,4,tribute,"didn't like the clicking of rosaries, but was attracted to the sound of",0
tribute:L324,dat_file,tribute,324,,,4,tribute,when a man who was gambling his life on the turn of the cards would pick,0
tribute:L325,dat_file,tribute,325,,,4,tribute,"up the hand he had been dealt and stare Her full in the face.  Of course,",0
tribute:L326,dat_file,tribute,326,,,4,tribute,sometimes he didn't.  Among all the gods she was at one and the same time,0
tribute:L327,dat_file,tribute,327,,,4,tribute,the most courted and the most cursed.,0
tribute:L338,dat_file,tribute,338,,,4,tribute,"'Cohen ish my name, boy.'  Bethan's hands stopped moving.",0
tribute:L340,dat_file,tribute,340,,,4,tribute,'Cohen?' she said.  'Cohen the Barbarian?',0
tribute:L342,dat_file,tribute,342,,,4,tribute,'The very shame.',0
tribute:L344,dat_file,tribute,344,,,4,tribute,"'Hang on, hang on,' said Rincewind.  'Cohen's a great big chap, neck like a",0
tribute:L345,dat_file,tribute,345,,,4,tribute,"bull, got chest muscles like a sack of footballs.  I mean, he's the Disc's",0
tribute:L346,dat_file,tribute,346,,,4,tribute,"greatest warrior, a legend in his own lifetime.  I remember my grandad",0
tribute:L347,dat_file,tribute,347,,,4,tribute,telling me he saw him... my grandad telling me he... my grandad...',0
tribute:L349,dat_file,tribute,349,,,4,tribute,He faltered under the gimlet gaze.,0
tribute:L351,dat_file,tribute,351,,,4,tribute,"'Oh,' he said.  'Oh.  Of course.  Sorry.'",0
tribute:L353,dat_file,tribute,353,,,4,tribute,"'Yesh,' said Cohen, and sighed.  'That's right boy.  I'm a lifetime in my",0
tribute:L354,dat_file,tribute,354,,,4,tribute,own legend.',0
tribute:L363,dat_file,tribute,363,,,4,tribute,"Death sat at one side of a black baize table in the centre of the room,",0
tribute:L364,dat_file,tribute,364,,,4,tribute,"arguing with Famine, War and Pestilence.  Twoflower was the only one to",0
tribute:L367,dat_file,tribute,367,,,4,tribute,"'Hey, how did you get here?' he said.",0
tribute:L369,dat_file,tribute,369,,,4,tribute,"'Well, some say that the creator took a handful--oh, I see, well, it's",0
tribute:L370,dat_file,tribute,370,,,4,tribute,hard to explain but I--',0
tribute:L372,dat_file,tribute,372,,,4,tribute,'Have you got the Luggage?',0
tribute:L374,dat_file,tribute,374,,,4,tribute,The wooden box pushed past Rincewind and settled down in front of its,0
tribute:L375,dat_file,tribute,375,,,4,tribute,"owner, who opened its lid and rummaged around inside until he came up with",0
tribute:L376,dat_file,tribute,376,,,4,tribute,"a small, leatherbound book which he handed to War, who was hammering the",0
tribute:L377,dat_file,tribute,377,,,4,tribute,table with a mailed fist.,0
tribute:L379,dat_file,tribute,379,,,4,tribute,"'It's ""Nosehinger on the Laws of Contract"",' he said.  'It's quite good,",0
tribute:L380,dat_file,tribute,380,,,4,tribute,there's a lot in it about double finessing and how to--',0
tribute:L382,dat_file,tribute,382,,,4,tribute,"Death snatched the book with a bony hand and flipped through the pages,",0
tribute:L383,dat_file,tribute,383,,,4,tribute,quite oblivious to the presence of the two men.,0
tribute:L385,dat_file,tribute,385,,,4,tribute,"'RIGHT,' he said, 'PESTILENCE, OPEN ANOTHER PACK OF CARDS.  I'M GOING TO",0
tribute:L386,dat_file,tribute,386,,,4,tribute,GET TO THE BOTTOM OF THIS IF IT KILLS ME.  FIGURATIVELY SPEAKING OF COURSE.',0
tribute:L397,dat_file,tribute,397,,,4,tribute,"worth.  For example, it is said that someone at a party once asked the",0
tribute:L398,dat_file,tribute,398,,,4,tribute,"famous philosopher Ly Tin Weedle ""Why are you here?"" and the reply took",0
tribute:L399,dat_file,tribute,399,,,4,tribute,three years.,0
tribute:L405,dat_file,tribute,405,,,4,tribute,"The only furnishing in the room was a lectern of dark wood, carved into the",0
tribute:L406,dat_file,tribute,406,,,4,tribute,"shape of a bird--well, to be frank, into the shape of a winged thing it is",0
tribute:L407,dat_file,tribute,407,,,4,tribute,"probably best not to examine too closely--and on the lectern, fastened to",0
tribute:L408,dat_file,tribute,408,,,4,tribute,"it by a heavy chain covered in padlocks, was a book.",0
tribute:L410,dat_file,tribute,410,,,4,tribute,"A large, but not particularly impressive, book.  Other books in the",0
tribute:L411,dat_file,tribute,411,,,4,tribute,University's libraries had covers inlaid with rare jewels and fascinating,0
tribute:L412,dat_file,tribute,412,,,4,tribute,"wood, or bound with dragon skin.  This one was just a rather tatty leather.",0
tribute:L413,dat_file,tribute,413,,,4,tribute,"It looked the sort of book described in library catalogues as ""slightly",0
tribute:L414,dat_file,tribute,414,,,4,tribute,"foxed,"" although it would be more honest to admit that it looked as though",0
tribute:L415,dat_file,tribute,415,,,4,tribute,"it had been badgered, wolved and possibly beared as well.",0
tribute:L421,dat_file,tribute,421,,,4,tribute,"The barbarian chieftain said:  ""What then are the greatest things that a",0
tribute:L422,dat_file,tribute,422,,,4,tribute,"man may find in life?""  This is the sort of thing you're supposed to say to",0
tribute:L423,dat_file,tribute,423,,,4,tribute,maintain steppecred in barbarian circles.,0
tribute:L425,dat_file,tribute,425,,,4,tribute,The man on his right thoughtfully drank his cocktail of mare's milk and,0
tribute:L426,dat_file,tribute,426,,,4,tribute,"snowcat blood, and spoke thus:  ""The crisp horizon of the steppe, the wind",0
tribute:L429,dat_file,tribute,429,,,4,tribute,"The man on his left said:  ""The cry of the white eagle in the heights, the",0
tribute:L430,dat_file,tribute,430,,,4,tribute,"fall of snow in the forest, a true arrow in your bow.""",0
tribute:L432,dat_file,tribute,432,,,4,tribute,"The chieftain nodded and said:  ""Surely it is the sight of your enemy",0
tribute:L433,dat_file,tribute,433,,,4,tribute,"slain, the humiliation of his tribe and the lamentation of his women.""",0
tribute:L435,dat_file,tribute,435,,,4,tribute,There was a general murmur of whiskery approval at this outrageous display.,0
tribute:L437,dat_file,tribute,437,,,4,tribute,"Then the chieftain turned respectfully to his guest, a small figure",0
tribute:L438,dat_file,tribute,438,,,4,tribute,"carefully warming his chilblains by the fire, and said:  ""But our guest,",0
tribute:L439,dat_file,tribute,439,,,4,tribute,"whose name is legend, must tell us truly:  what is it that a man may call",0
tribute:L440,dat_file,tribute,440,,,4,tribute,"the greatest things in life?""",0
tribute:L442,dat_file,tribute,442,,,4,tribute,The guest paused in the middle of another unsuccessful attempt to light up.,0
tribute:L444,dat_file,tribute,444,,,4,tribute,"""What shay?"" he said, toothlessly.",0
tribute:L446,dat_file,tribute,446,,,4,tribute,"""I said:  what is it that a man may call the greatest things in life?""",0
tribute:L448,dat_file,tribute,448,,,4,tribute,The warriors leaned closer.  This should be worth hearing.,0
tribute:L450,dat_file,tribute,450,,,4,tribute,"The guest thought long and hard and then said, with deliberation:  ""Hot",0
tribute:L451,dat_file,tribute,451,,,4,tribute,"water, good dentishtry and shoft lavatory paper.""",0
tribute:L457,dat_file,tribute,457,,,4,tribute,"""Have a bit more table,"" said Rincewind.",0
tribute:L459,dat_file,tribute,459,,,4,tribute,"""No thanks, I don't like marzipan,"" said Twoflower.  ""Anyway, I'm sure it's",0
tribute:L460,dat_file,tribute,460,,,4,tribute,"not right to eat other people's furniture.""",0
tribute:L462,dat_file,tribute,462,,,4,tribute,"""Don't worry,"" said Swires.  ""The old witch hasn't been seen for years.",0
tribute:L463,dat_file,tribute,463,,,4,tribute,"They say she was done up good and proper by a couple of young tearaways.""",0
tribute:L465,dat_file,tribute,465,,,4,tribute,"""Kids of today,"" said Rincewind.",0
tribute:L467,dat_file,tribute,467,,,4,tribute,"""I blame the parents,"" said Twoflower.",0
tribute:L473,dat_file,tribute,473,,,4,tribute,"It is a well known fact that warriors and wizards do not get along, because",0
tribute:L474,dat_file,tribute,474,,,4,tribute,one side considers the other side to be a collection of bloodthirsty idiots,0
tribute:L475,dat_file,tribute,475,,,4,tribute,"who can't walk and think at the same time, while the other side is naturally",0
tribute:L476,dat_file,tribute,476,,,4,tribute,"suspicious of a body of men who mumble a lot and wear long dresses.  Oh, say",0
tribute:L477,dat_file,tribute,477,,,4,tribute,"the wizards, if we're going to be like that, then, what about all those",0
tribute:L478,dat_file,tribute,478,,,4,tribute,studded collars and oiled muscles down at the Young Men's Pagan Association?,0
tribute:L479,dat_file,tribute,479,,,4,tribute,"To which the heroes reply, that's a pretty good allegation coming from a",0
tribute:L480,dat_file,tribute,480,,,4,tribute,"bunch of wimpsoes who won't go near a woman on account, can you believe it,",0
tribute:L481,dat_file,tribute,481,,,4,tribute,"of their mystical power being sort of drained out.  Right, say the wizards,",0
tribute:L482,dat_file,tribute,482,,,4,tribute,"that just about does it, you and your leather posing pouches.  Oh yeah, say",0
tribute:L483,dat_file,tribute,483,,,4,tribute,"the heroes, why don't you...",0
tribute:L485,dat_file,tribute,485,,,4,tribute,"And so on.  This sort of thing has been going on for centuries, and caused",0
tribute:L486,dat_file,tribute,486,,,4,tribute,a number of major battles which have left large tracts of land uninhabitable,0
tribute:L493,dat_file,tribute,493,,,4,tribute,"""He'sh mad?""",0
tribute:L495,dat_file,tribute,495,,,4,tribute,"""Sort of mad.  But mad with lots of money.""",0
tribute:L497,dat_file,tribute,497,,,4,tribute,"""Ah, then he can't be mad.  I've been around; if a man hash lotsh of money",0
tribute:L498,dat_file,tribute,498,,,4,tribute,"he'sh just ecshentric.""",0
tribute:L504,dat_file,tribute,504,,,4,tribute,Cohen tapped him on the shoulder.  The man looked around irritably.,0
tribute:L506,dat_file,tribute,506,,,4,tribute,"""What do you want, grandad?"" he snarled.",0
tribute:L508,dat_file,tribute,508,,,4,tribute,"Cohen paused until he had the man's full attention, and then he smiled.  It",0
tribute:L509,dat_file,tribute,509,,,4,tribute,"was a slow, lazy smile, unveiling about 300 carats of mouth jewelry that",0
tribute:L510,dat_file,tribute,510,,,4,tribute,seemed to light up the room.,0
tribute:L512,dat_file,tribute,512,,,4,tribute,"""I will count to three,"" he said, in a friendly tone of voice.  ""One, Two.""",0
tribute:L513,dat_file,tribute,513,,,4,tribute,"His bony knee came up in the man's groin with a satisfyingly meaty noise,",0
tribute:L514,dat_file,tribute,514,,,4,tribute,and he half-turned to bring the full force of an elbow into the kidneys as,0
tribute:L515,dat_file,tribute,515,,,4,tribute,the leader collapsed around his private universe of pain.,0
tribute:L517,dat_file,tribute,517,,,4,tribute,"""Three,"" to told the ball of agony on the floor.  Cohen had heard of",0
tribute:L518,dat_file,tribute,518,,,4,tribute,"fighting fair, and had long ago decided he wanted no part of it.",0
tribute:L524,dat_file,tribute,524,,,4,tribute,There have been three general theories put forward to explain the,0
tribute:L525,dat_file,tribute,525,,,4,tribute,"phenomenon of the wandering shops, or as they are generically known,",0
tribute:L526,dat_file,tribute,526,,,4,tribute,/tabernae vagantes/.,0
tribute:L528,dat_file,tribute,528,,,4,tribute,The first postulates that many thousands of years ago there evolved,0
tribute:L529,dat_file,tribute,529,,,4,tribute,somewhere in the multiverse a race whose single talent was to buy cheap,0
tribute:L530,dat_file,tribute,530,,,4,tribute,"and sell dear.  Soon they controlled a vast galactic empire or, as they put",0
tribute:L531,dat_file,tribute,531,,,4,tribute,"it, Emporium, and the more advanced members of the species found a way to",0
tribute:L532,dat_file,tribute,532,,,4,tribute,equip their very shops with unique propulsion units that could break the,0
tribute:L533,dat_file,tribute,533,,,4,tribute,dark walls of space itself and open up vast new markets.  And long after,0
tribute:L534,dat_file,tribute,534,,,4,tribute,the worlds of the Emporium perished in the heat death of their particular,0
tribute:L535,dat_file,tribute,535,,,4,tribute,"universe, after one last defiant fire sale, the wandering starshops still",0
tribute:L536,dat_file,tribute,536,,,4,tribute,"ply their trade, eating their way through the pages of space-time like a",0
tribute:L537,dat_file,tribute,537,,,4,tribute,worm through a three-volume novel.,0
tribute:L542,dat_file,tribute,542,,,4,tribute,The third is that they are simply a very clever way of getting around the,0
tribute:L543,dat_file,tribute,543,,,4,tribute,various Sunday Closing acts.,0
tribute:L545,dat_file,tribute,545,,,4,tribute,"All these theories, diverse as they are, have two things in common.  They",0
tribute:L552,dat_file,tribute,552,,,4,tribute,"""Where do they all come from?"" said Twoflower, as they fled yet another mob.",0
tribute:L554,dat_file,tribute,554,,,4,tribute,"""Inside every sane person there's a madman struggling to get out,"" said the",0
tribute:L555,dat_file,tribute,555,,,4,tribute,"shopkeeper,  ""That's what I've always thought.  No one goes mad quicker than",0
tribute:L556,dat_file,tribute,556,,,4,tribute,"a totally sane person.""",0
tribute:L562,dat_file,tribute,562,,,4,tribute,Trymon was looking at him.  /Something/ was looking at him.  And still the,0
tribute:L563,dat_file,tribute,563,,,4,tribute,others hadn't noticed.  Could he even explain it?  Trymon looked the same,0
tribute:L564,dat_file,tribute,564,,,4,tribute,"as he had always done, except for the eyes, and a slight sheen to his skin.",0
tribute:L566,dat_file,tribute,566,,,4,tribute,"Rincewind stared, and knew that there were far worse things than Evil.  All",0
tribute:L567,dat_file,tribute,567,,,4,tribute,"the demons in Hell would torture your very soul, but that was precisely",0
tribute:L568,dat_file,tribute,568,,,4,tribute,because they value souls very highly; evil would always try to steal the,0
tribute:L569,dat_file,tribute,569,,,4,tribute,"universe, but at least it considered the universe worth stealing.  But the",0
tribute:L570,dat_file,tribute,570,,,4,tribute,grey world behind those empty eyes would trample and destroy without even,0
tribute:L571,dat_file,tribute,571,,,4,tribute,according its victims the dignity of hatred.  It wouldn't even notice them.,0
tribute:L583,dat_file,tribute,583,,,4,tribute,that what you're attempting can't be done.  [...],0
tribute:L595,dat_file,tribute,595,,,4,tribute,"Animal minds are simple, and therefore sharp.  Animals never spend time",0
tribute:L596,dat_file,tribute,596,,,4,tribute,dividing experience into little bits and speculating about all the bits,0
tribute:L597,dat_file,tribute,597,,,4,tribute,they've missed.  The whole panoply of the universe has been neatly,0
tribute:L598,dat_file,tribute,598,,,4,tribute,"expressed to them as things to (a) mate with, (b) eat, (c) run away from,",0
tribute:L599,dat_file,tribute,599,,,4,tribute,and (d) rocks.  This frees the mind from unnecessary thoughts and gives,0
tribute:L600,dat_file,tribute,600,,,4,tribute,"it a cutting edge where it matters.  Your normal animal, in fact, never",0
tribute:L601,dat_file,tribute,601,,,4,tribute,tries to walk and chew gum at the same time.,0
tribute:L603,dat_file,tribute,603,,,4,tribute,"The average human, on the other hand, thinks about all sorts of things",0
tribute:L604,dat_file,tribute,604,,,4,tribute,"around the clock, on all sorts of levels, with interruptions from dozens",0
tribute:L605,dat_file,tribute,605,,,4,tribute,"of biological calendars and timepieces.  There's thoughts about to be said,",0
tribute:L606,dat_file,tribute,606,,,4,tribute,"and private thoughts, and real thoughts, and thoughts about thoughts, and",0
tribute:L607,dat_file,tribute,607,,,4,tribute,a whole gamut of subconscious thoughts.  To a telepath the human head is,0
tribute:L608,dat_file,tribute,608,,,4,tribute,a din.  It is a railway terminus with all the Tannoys talking at once.,0
tribute:L609,dat_file,tribute,609,,,4,tribute,"It is a complete FM waveband--and some of those stations aren't reputable,",0
tribute:L610,dat_file,tribute,610,,,4,tribute,they're outlawed pirates on forbidden seas who play late-night records with,0
tribute:L611,dat_file,tribute,611,,,4,tribute,limbic lyrics.,0
tribute:L617,dat_file,tribute,617,,,4,tribute,Smith took a spade from beside the back door and hesitated.,0
tribute:L619,dat_file,tribute,619,,,4,tribute,"""Granny.""",0
tribute:L621,dat_file,tribute,621,,,4,tribute,"""What?""",0
tribute:L623,dat_file,tribute,623,,,4,tribute,"""Do you know how wizards like to be buried?""",0
tribute:L625,dat_file,tribute,625,,,4,tribute,"""Yes!""",0
tribute:L627,dat_file,tribute,627,,,4,tribute,"""Well, how?""",0
tribute:L629,dat_file,tribute,629,,,4,tribute,Granny paused at the bottom of the stairs.,0
tribute:L631,dat_file,tribute,631,,,4,tribute,"""Reluctantly.""",0
tribute:L637,dat_file,tribute,637,,,4,tribute,"Granny sighed.  ""You have learned something,"" she said, and thought it",0
tribute:L638,dat_file,tribute,638,,,4,tribute,"was safe to insert a touch of sternness into her voice.  ""They say that a",0
tribute:L639,dat_file,tribute,639,,,4,tribute,"little knowledge is a dangerous thing, but it is not one half so bad as a",0
tribute:L640,dat_file,tribute,640,,,4,tribute,"lot of ignorance.""",0
tribute:L646,dat_file,tribute,646,,,4,tribute,The barges stopped at some of the towns.  By tradition only the men went,0
tribute:L647,dat_file,tribute,647,,,4,tribute,"ashore, and only Amschat, wearing his ceremonial Lying hat, spoke to",0
tribute:L648,dat_file,tribute,648,,,4,tribute,non-Zoons.  Esk usually went with him.  He tried hinting that she should,0
tribute:L649,dat_file,tribute,649,,,4,tribute,"obey the unwritten rules of Zoon life and stay afloat, but a hint was to",0
tribute:L650,dat_file,tribute,650,,,4,tribute,Esk what a mosquito bite was to the average rhino because she was already,0
tribute:L651,dat_file,tribute,651,,,4,tribute,"learning that if you ignore the rules people will, half the time, quietly",0
tribute:L652,dat_file,tribute,652,,,4,tribute,rewrite them so that they don't apply to you.,0
tribute:L658,dat_file,tribute,658,,,4,tribute,"The town was smaller than Ohulan, and very different because it lay on the",0
tribute:L659,dat_file,tribute,659,,,4,tribute,junction of three trade routes quite apart from the river itself.  It was,0
tribute:L660,dat_file,tribute,660,,,4,tribute,built around one enormous square which was a cross between a permanent,0
tribute:L661,dat_file,tribute,661,,,4,tribute,"exotic traffic jam and a tent village.  Camels kicked mules, mules kicked",0
tribute:L662,dat_file,tribute,662,,,4,tribute,"horses, horses kicked camels and they all kicked humans; there was a riot",0
tribute:L663,dat_file,tribute,663,,,4,tribute,"of colours, a din of noise, a nasal orchestration of smells and the steady,",0
tribute:L664,dat_file,tribute,664,,,4,tribute,heady sound of hundreds of people working hard at making money.,0
tribute:L666,dat_file,tribute,666,,,4,tribute,One reason for the bustle was that over large parts of the continent other,0
tribute:L667,dat_file,tribute,667,,,4,tribute,"people preferred to make money without working at all, and since the Disc",0
tribute:L668,dat_file,tribute,668,,,4,tribute,had yet to develop a music recording industry they were forced to fall back,0
tribute:L671,dat_file,tribute,671,,,4,tribute,Strangely enough these often involved considerable effort.  Rolling heavy,0
tribute:L672,dat_file,tribute,672,,,4,tribute,"rocks to the top of cliffs for a decent ambush, cutting down trees to",0
tribute:L673,dat_file,tribute,673,,,4,tribute,"block the road, and digging a pit lined with spikes while still keeping a",0
tribute:L674,dat_file,tribute,674,,,4,tribute,wicked edge on a dagger probably involved a much greater expenditure of,0
tribute:L675,dat_file,tribute,675,,,4,tribute,"thought and muscle than more socially-acceptable professions but,",0
tribute:L676,dat_file,tribute,676,,,4,tribute,"nevertheless, there were still people misguided enough to endure all this,",0
tribute:L677,dat_file,tribute,677,,,4,tribute,"plus long nights in uncomfortable surroundings, merely to get their hands",0
tribute:L687,dat_file,tribute,687,,,4,tribute,"So a town like Zemphis was the place where caravans split, mingled and",0
tribute:L688,dat_file,tribute,688,,,4,tribute,"came together again, as dozens of merchants and travellers banded together",0
tribute:L689,dat_file,tribute,689,,,4,tribute,for protection against the socially disadvantaged on the trails ahead.,0
tribute:L690,dat_file,tribute,690,,,4,tribute,"Esk, wandering unregarded amidst the bustle, learned all this by the simple",0
tribute:L691,dat_file,tribute,691,,,4,tribute,method of finding someone who looked important and tugging on the hem of,0
tribute:L692,dat_file,tribute,692,,,4,tribute,his coat.,0
tribute:L694,dat_file,tribute,694,,,4,tribute,This particular man was counting bales of tobacco and would have succeeded,0
tribute:L695,dat_file,tribute,695,,,4,tribute,but for the interruption.,0
tribute:L697,dat_file,tribute,697,,,4,tribute,"""What?""",0
tribute:L699,dat_file,tribute,699,,,4,tribute,"""I said, what is happening here?""",0
tribute:L701,dat_file,tribute,701,,,4,tribute,"The man meant to say:  ""Push off and bother someone else.""  He meant to",0
tribute:L702,dat_file,tribute,702,,,4,tribute,give her a light cuff about the head.  So he was astonished to find himself,0
tribute:L703,dat_file,tribute,703,,,4,tribute,"bending down and talking seriously to a small, grubby-faced child holding",0
tribute:L704,dat_file,tribute,704,,,4,tribute,"a large broomstick (which also, it seemed to him later, was in some",0
tribute:L705,dat_file,tribute,705,,,4,tribute,indefinable way /paying attention/).,0
tribute:L707,dat_file,tribute,707,,,4,tribute,He explained about the caravans.  The child nodded.,0
tribute:L709,dat_file,tribute,709,,,4,tribute,"""People all get together to travel?""",0
tribute:L711,dat_file,tribute,711,,,4,tribute,"""Precisely.""",0
tribute:L713,dat_file,tribute,713,,,4,tribute,"""Where to?""",0
tribute:L715,dat_file,tribute,715,,,4,tribute,"""All sorts of places.  Sto Lat, Pseudopolis... Ankh-Morpork, of course....""",0
tribute:L717,dat_file,tribute,717,,,4,tribute,"""But the river goes there,"" said Esk, reasonably.  ""Barges.  The Zoons.""",0
tribute:L719,dat_file,tribute,719,,,4,tribute,"""Ah, yes,"" said the merchant, ""but they charge high prices and they can't",0
tribute:L720,dat_file,tribute,720,,,4,tribute,"carry everything and, anyway, no one trusts them much.""",0
tribute:L722,dat_file,tribute,722,,,4,tribute,"""But they're very honest!""",0
tribute:L724,dat_file,tribute,724,,,4,tribute,"""Huh, yes,"" he said.  ""But you know what they say:  never trust an honest",0
tribute:L725,dat_file,tribute,725,,,4,tribute,"man.""  He smiled knowingly.",0
tribute:L727,dat_file,tribute,727,,,4,tribute,"""Who says that?""",0
tribute:L729,dat_file,tribute,729,,,4,tribute,"""They do.  You know.  People,"" he said, a certain uneasiness entering his",0
tribute:L730,dat_file,tribute,730,,,4,tribute,voice.,0
tribute:L732,dat_file,tribute,732,,,4,tribute,"""Oh,"" said Esk.  She thought about it.  ""They must be very silly,"" she said",0
tribute:L733,dat_file,tribute,733,,,4,tribute,"primly.  ""Thank you, anyway.""",0
tribute:L739,dat_file,tribute,739,,,4,tribute,The broomstick lay between two trestles.  Granny Weatherwax sat on a rock,0
tribute:L740,dat_file,tribute,740,,,4,tribute,"outcrop while a dwarf half her height, wearing an apron that was a mass of",0
tribute:L741,dat_file,tribute,741,,,4,tribute,"pockets, walked around the broom and occasionally poked it.",0
tribute:L743,dat_file,tribute,743,,,4,tribute,"Eventually he kicked the bristles and gave a long intake of breath, a sort",0
tribute:L744,dat_file,tribute,744,,,4,tribute,"of reverse whistle, which is the secret sign of craftsman across the",0
tribute:L745,dat_file,tribute,745,,,4,tribute,universe and means that something expensive is about to happen.,0
tribute:L747,dat_file,tribute,747,,,4,tribute,"""Weellll,"" he said.  ""I could get the apprentices in to look at this, I",0
tribute:L748,dat_file,tribute,748,,,4,tribute,could.  It's an education in itself.  And you say it actually managed to,0
tribute:L749,dat_file,tribute,749,,,4,tribute,"get airborne?""",0
tribute:L751,dat_file,tribute,751,,,4,tribute,"""It flew like a bird,"" said Granny.",0
tribute:L753,dat_file,tribute,753,,,4,tribute,"The dwarf lit a pipe.  ""I should very much like to see that bird,"" he said",0
tribute:L754,dat_file,tribute,754,,,4,tribute,"reflectively.  ""I should imagine it's quite something to watch, a bird like",0
tribute:L755,dat_file,tribute,755,,,4,tribute,"that.""",0
tribute:L757,dat_file,tribute,757,,,4,tribute,"""Yes, but can you repair it?"" said Granny.  ""I'm in a hurry.""",0
tribute:L759,dat_file,tribute,759,,,4,tribute,"The dwarf sat down, slowly and deliberately.",0
tribute:L761,dat_file,tribute,761,,,4,tribute,"""As for /repair/,"" he said, ""well, I don't know about /repair/.  Rebuild,",0
tribute:L762,dat_file,tribute,762,,,4,tribute,"maybe.  Of course, it's hard to get the bristles these days even if you can",0
tribute:L763,dat_file,tribute,763,,,4,tribute,"find people to do the proper binding, and the spells need--""",0
tribute:L765,dat_file,tribute,765,,,4,tribute,"""I don't want it rebuilt, I just want it to work properly,"" said Granny.",0
tribute:L767,dat_file,tribute,767,,,4,tribute,"""It's an early model, you see,"" the dwarf plugged on.  ""Very tricky, those",0
tribute:L768,dat_file,tribute,768,,,4,tribute,"early models.  You can't get the wood--""",0
tribute:L770,dat_file,tribute,770,,,4,tribute,"He was picked up bodily until his eyes were level with Granny's.  Dwarves,",0
tribute:L771,dat_file,tribute,771,,,4,tribute,"being magical in themselves as it were, are quite resistant to magic but",0
tribute:L772,dat_file,tribute,772,,,4,tribute,her expression looked as though she was trying to weld his eyeballs to the,0
tribute:L773,dat_file,tribute,773,,,4,tribute,back of his skull.,0
tribute:L775,dat_file,tribute,775,,,4,tribute,"""Just repair it,"" she hissed.  ""Please?""",0
tribute:L777,dat_file,tribute,777,,,4,tribute,"""What, make a bodge job?"" said the dwarf, his pipe clattering to the floor.",0
tribute:L781,dat_file,tribute,781,,,4,tribute,"""Patch it up, you mean?  Betray my training by doing half a job?""",0
tribute:L783,dat_file,tribute,783,,,4,tribute,"""Yes,"" said Granny.  Her pupils were two little black holes.",0
tribute:L785,dat_file,tribute,785,,,4,tribute,"""Oh,"" said the dwarf.  ""Right, then.""",0
tribute:L791,dat_file,tribute,791,,,4,tribute,There may be universes where librarianship is considered a peaceful sort of,0
tribute:L792,dat_file,tribute,792,,,4,tribute,"occupation, and where the risks are limited to large volumes falling off",0
tribute:L793,dat_file,tribute,793,,,4,tribute,"the shelves on to one's head, but the keeper of a /magic/ library is no job",0
tribute:L794,dat_file,tribute,794,,,4,tribute,"for the unwary.  Spells have power, and merely writing them down and",0
tribute:L795,dat_file,tribute,795,,,4,tribute,shoving them between covers doesn't do anything to reduce it.  The stuff,0
tribute:L796,dat_file,tribute,796,,,4,tribute,"leaks.  Books tend to react with one another, creating randomized magic",0
tribute:L797,dat_file,tribute,797,,,4,tribute,with a mind of its own.  Books of magic are usually chained to their,0
tribute:L798,dat_file,tribute,798,,,4,tribute,"shelves, but not to prevent them being stolen....",0
tribute:L810,dat_file,tribute,810,,,4,tribute,Ankh-Morpork had dallied with many forms of government and had ended up,0
tribute:L811,dat_file,tribute,811,,,4,tribute,"with that form of democracy known as One Man, One Vote.  The Patrician was",0
tribute:L812,dat_file,tribute,812,,,4,tribute,the Man; he had the Vote.,0
tribute:L818,dat_file,tribute,818,,,4,tribute,"Mort was getting interested in the rock.  It had curly shells in it, relics",0
tribute:L819,dat_file,tribute,819,,,4,tribute,of the early days of the world when the Creator had made creatures out of,0
tribute:L820,dat_file,tribute,820,,,4,tribute,"stone, no-one knew why.",0
tribute:L822,dat_file,tribute,822,,,4,tribute,Mort was interested in lots of things.  Why people's teeth fitted together,0
tribute:L823,dat_file,tribute,823,,,4,tribute,"so neatly, for example.  He'd given that one a lot of thought.  Then there",0
tribute:L824,dat_file,tribute,824,,,4,tribute,"was the puzzle of why the sun came out during the day, instead of at night",0
tribute:L825,dat_file,tribute,825,,,4,tribute,"when the light would come in useful.  He knew the standard explanation,",0
tribute:L826,dat_file,tribute,826,,,4,tribute,which somehow didn't seem satisfying.,0
tribute:L829,dat_file,tribute,829,,,4,tribute,full of rattlesnakes.  He was determined to discover the underlying logic,0
tribute:L830,dat_file,tribute,830,,,4,tribute,behind the universe.,0
tribute:L832,dat_file,tribute,832,,,4,tribute,"Which was going to be hard, because there wasn't one.  The Creator had a",0
tribute:L833,dat_file,tribute,833,,,4,tribute,"lot of remarkably good ideas when he put the world together, but making it",0
tribute:L834,dat_file,tribute,834,,,4,tribute,understandable hadn't been one of them.,0
tribute:L840,dat_file,tribute,840,,,4,tribute,"""But you're Death,"" said Mort.  ""You go around killing people!""",0
tribute:L842,dat_file,tribute,842,,,4,tribute,"I?  KILL? said Death, obviously offended.  CERTAINLY NOT.  PEOPLE /GET/",0
tribute:L843,dat_file,tribute,843,,,4,tribute,"KILLED, BUT THAT'S THEIR BUSINESS.  I JUST TAKE OVER FROM THEN ON.  AFTER",0
tribute:L844,dat_file,tribute,844,,,4,tribute,"ALL, IT'D BE A BLOODY STUPID WORLD IF PEOPLE GOT KILLED WITHOUT DYING,",0
tribute:L845,dat_file,tribute,845,,,4,tribute,WOULDN'T IT?,0
tribute:L851,dat_file,tribute,851,,,4,tribute,"""Is it magic?"" said Mort.",0
tribute:L853,dat_file,tribute,853,,,4,tribute,"WHAT DO YOU THINK? said Death.  AM I REALLY HERE, BOY?",0
tribute:L855,dat_file,tribute,855,,,4,tribute,"""Yes,"" said Mort slowly.  ""I... I've watched people.  They look at you but",0
tribute:L856,dat_file,tribute,856,,,4,tribute,"they don't see you, I think.  You do something to their minds.""",0
tribute:L858,dat_file,tribute,858,,,4,tribute,Death shook his head.,0
tribute:L860,dat_file,tribute,860,,,4,tribute,"THEY DO IT ALL THEMSELVES, he said.  THERE'S NO MAGIC.  PEOPLE CAN'T SEE ME,",0
tribute:L861,dat_file,tribute,861,,,4,tribute,"THEY SIMPLY WON'T ALLOW THEMSELVES TO DO IT.  UNTIL IT'S TIME, OF COURSE.",0
tribute:L862,dat_file,tribute,862,,,4,tribute,"WIZARDS CAN SEE ME, AND CATS.  BUT YOUR AVERAGE HUMAN... NO, NEVER.  He blew",0
tribute:L863,dat_file,tribute,863,,,4,tribute,"a smoke ring at the sky, and added, STRANGE BUT TRUE.",0
tribute:L870,dat_file,tribute,870,,,4,tribute,They were on the roof before he spoke again.,0
tribute:L872,dat_file,tribute,872,,,4,tribute,"YOU TRIED TO WARN HIM, he said, removing Binky's nosebag.",0
tribute:L874,dat_file,tribute,874,,,4,tribute,"""Yes, sir.  Sorry.""",0
tribute:L876,dat_file,tribute,876,,,4,tribute,YOU CANNOT INTERFERE WITH FATE.  WHO ARE YOU TO JUDGE WHO SHOULD LIVE AND,0
tribute:L877,dat_file,tribute,877,,,4,tribute,WHO SHOULD DIE?,0
tribute:L879,dat_file,tribute,879,,,4,tribute,Death watched Mort's expression carefully.,0
tribute:L881,dat_file,tribute,881,,,4,tribute,"ONLY THE GODS ARE ALLOWED TO DO THAT, he added.  TO TINKER WITH THE FATE OF",0
tribute:L882,dat_file,tribute,882,,,4,tribute,EVEN ONE INDIVIDUAL COULD DESTROY THE WHOLE WORLD.  DO YOU UNDERSTAND?,0
tribute:L884,dat_file,tribute,884,,,4,tribute,Mort nodded miserably.,0
tribute:L886,dat_file,tribute,886,,,4,tribute,"""Are you going to send me home?"" he said.",0
tribute:L888,dat_file,tribute,888,,,4,tribute,Death reached down and swung him up behind the saddle.,0
tribute:L890,dat_file,tribute,890,,,4,tribute,BECAUSE YOU SHOWED COMPASSION?  NO.  I MIGHT HAVE DONE IF YOU HAD SHOWN,0
tribute:L891,dat_file,tribute,891,,,4,tribute,PLEASURE.  BUT YOU MUST LEARN THE COMPASSION PROPER TO YOUR TRADE.,0
tribute:L893,dat_file,tribute,893,,,4,tribute,"""What's that?""",0
tribute:L895,dat_file,tribute,895,,,4,tribute,A /SHARP/ EDGE.,0
tribute:L903,dat_file,tribute,903,,,4,tribute,"""I'm no demon!  I'm a human!"" he said, and stopped in shock as his words",0
tribute:L904,dat_file,tribute,904,,,4,tribute,emerged in perfect Klatch.,0
tribute:L906,dat_file,tribute,906,,,4,tribute,"""You're a thief?"" said the father.  ""A murderer?  To creep in thus, are you",0
tribute:L907,dat_file,tribute,907,,,4,tribute,"a /tax-gatherer/?""  His hand slipped under the table and came up holding a",0
tribute:L908,dat_file,tribute,908,,,4,tribute,meat cleaver honed to paper thinness.  His wife screamed and dropped the,0
tribute:L909,dat_file,tribute,909,,,4,tribute,plate and clutched the youngest children to her.,0
tribute:L911,dat_file,tribute,911,,,4,tribute,"Mort watched the blade weave through the air, and gave in.",0
tribute:L913,dat_file,tribute,913,,,4,tribute,"""I bring you greetings from the uttermost circles of hell,"" he hazarded.",0
tribute:L915,dat_file,tribute,915,,,4,tribute,The change was remarkable.  The cleaver was lowered and the family broke,0
tribute:L916,dat_file,tribute,916,,,4,tribute,into broad smiles.,0
tribute:L918,dat_file,tribute,918,,,4,tribute,"""There is much luck to us if a demon visits,"" beamed the father.  ""What is",0
tribute:L919,dat_file,tribute,919,,,4,tribute,"your wish, O foul spawn of Offler's loins?""",0
tribute:L921,dat_file,tribute,921,,,4,tribute,"""Sorry?"" said Mort.",0
tribute:L923,dat_file,tribute,923,,,4,tribute,"""A demon brings blessing and good fortune on the man that helps it,"" said",0
tribute:L924,dat_file,tribute,924,,,4,tribute,"the man.  ""How may we be of assistance, O evil dogsbreath of the nether",0
tribute:L925,dat_file,tribute,925,,,4,tribute,"pit?""",0
tribute:L927,dat_file,tribute,927,,,4,tribute,"""Well, I'm not very hungry,"" said Mort, ""but if you know where I can get a",0
tribute:L928,dat_file,tribute,928,,,4,tribute,"fast horse, I could be in Sto Lat before sunset.""",0
tribute:L931,dat_file,tribute,931,,,4,tribute,"bowels, if you would be so good as to follow me.""",0
tribute:L933,dat_file,tribute,933,,,4,tribute,Mort hurried out after him.  The ancient ancestor watched them go with a,0
tribute:L934,dat_file,tribute,934,,,4,tribute,"critical expression, its jowls rhythmically chewing.",0
tribute:L936,dat_file,tribute,936,,,4,tribute,"""That was what they call a demon around here?"" it said.  ""Offler rot this",0
tribute:L937,dat_file,tribute,937,,,4,tribute,"country of dampness, even their demons are third-rate, not a patch on the",0
tribute:L938,dat_file,tribute,938,,,4,tribute,"demons we had in the Old Country.""",0
tribute:L940,dat_file,tribute,940,,,4,tribute,The wife placed a small bowl of rice in the folded middle pair of hands of,0
tribute:L941,dat_file,tribute,941,,,4,tribute,the Offler statue (it would be gone in the morning) and stood back.,0
tribute:L943,dat_file,tribute,943,,,4,tribute,"""Husband did say that last month at the /Curry Gardens/ he served a creature",0
tribute:L944,dat_file,tribute,944,,,4,tribute,"who was not there,"" she said.  ""He was impressed.""",0
tribute:L946,dat_file,tribute,946,,,4,tribute,"Ten minutes later the man returned and, in solemn silence, placed a small",0
tribute:L947,dat_file,tribute,947,,,4,tribute,heap of gold coins on the table.  They represented enough wealth to,0
tribute:L948,dat_file,tribute,948,,,4,tribute,purchase quite a large part of the city.,0
tribute:L950,dat_file,tribute,950,,,4,tribute,"""He had a bag of them,"" he said.",0
tribute:L952,dat_file,tribute,952,,,4,tribute,The family stared at the money for some time.  The wife sighed.,0
tribute:L954,dat_file,tribute,954,,,4,tribute,"""Riches bring many problems,"" she said.  ""What are we to do?""",0
tribute:L956,dat_file,tribute,956,,,4,tribute,"""We return to Klatch,"" said the husband firmly, ""where our children can grow",0
tribute:L957,dat_file,tribute,957,,,4,tribute,"up in a proper country, true to the glorious traditions of our ancient race",0
tribute:L958,dat_file,tribute,958,,,4,tribute,and men do not need to work as waiters for wicked masters but can stand tall,0
tribute:L959,dat_file,tribute,959,,,4,tribute,"and proud.  And we must leave right now, fragrant blossom of the date palm.""",0
tribute:L961,dat_file,tribute,961,,,4,tribute,"""Why so soon, O hard-working son of the desert?""",0
tribute:L963,dat_file,tribute,963,,,4,tribute,"""Because,"" said the man, ""I have just sold the Patrician's champion",0
tribute:L964,dat_file,tribute,964,,,4,tribute,"racehorse.""",0
tribute:L970,dat_file,tribute,970,,,4,tribute,"""You don't know much about monarchy, do you?"" said Keli.",0
tribute:L972,dat_file,tribute,972,,,4,tribute,"""Um, no?""",0
tribute:L974,dat_file,tribute,974,,,4,tribute,"""She means better to be a dead queen in your own castle than a live",0
tribute:L975,dat_file,tribute,975,,,4,tribute,"commoner somewhere else,"" said Cutwell, [...]",0
tribute:L981,dat_file,tribute,981,,,4,tribute,"""You mean you won't help?"" said Mort.  ""Not even if you can?""",0
tribute:L983,dat_file,tribute,983,,,4,tribute,"""Give the boy a prize,"" growled Albert.  ""And it's no good thinking you can",0
tribute:L984,dat_file,tribute,984,,,4,tribute,"appeal to my better nature under this here crusty exterior,"" he added,",0
tribute:L985,dat_file,tribute,985,,,4,tribute,"""'cos my interior's pretty damn crusty too.""",0
tribute:L992,dat_file,tribute,992,,,4,tribute,"""And what was your previous position?""",0
tribute:L994,dat_file,tribute,994,,,4,tribute,I BEG YOUR PARDON?,0
tribute:L998,dat_file,tribute,998,,,4,tribute,I USHERED SOULS INTO THE NEXT WORLD.  I WAS THE GRAVE OF ALL HOPE.  I WAS,0
tribute:L999,dat_file,tribute,999,,,4,tribute,THE ULTIMATE REALITY.  I WAS THE ASSASSIN AGAINST WHOM NO LOCK WOULD HOLD.,0
tribute:L1001,dat_file,tribute,1001,,,4,tribute,"""Yes, point taken, but do you have any particular skills?""",0
tribute:L1003,dat_file,tribute,1003,,,4,tribute,I SUPPOSE A CERTAIN AMOUNT OF EXPERTISE WITH AGRICULTURAL IMPLEMENTS? he,0
tribute:L1004,dat_file,tribute,1004,,,4,tribute,ventured after a while.,0
tribute:L1006,dat_file,tribute,1006,,,4,tribute,The young man shook his head firmly.,0
tribute:L1008,dat_file,tribute,1008,,,4,tribute,NO?,0
tribute:L1014,dat_file,tribute,1014,,,4,tribute,Death raised his skull and sniffed the air.,0
tribute:L1016,dat_file,tribute,1016,,,4,tribute,The sound cut through all the other noises in the hall and forced them,0
tribute:L1017,dat_file,tribute,1017,,,4,tribute,into silence.,0
tribute:L1019,dat_file,tribute,1019,,,4,tribute,"It is the kind of noise that is heard on the twilight edges of dreams,",0
tribute:L1020,dat_file,tribute,1020,,,4,tribute,the sort that you wake from in the cold sweat of mortal horror.  It was,0
tribute:L1021,dat_file,tribute,1021,,,4,tribute,the snuffling under the door of dread.  It was like the snuffling of a,0
tribute:L1022,dat_file,tribute,1022,,,4,tribute,"hedgehog, but if so then it was the kind of hedgehog that crashes out of",0
tribute:L1023,dat_file,tribute,1023,,,4,tribute,the verges and flattens lorries.  It was the kind of noise you wouldn't,0
tribute:L1024,dat_file,tribute,1024,,,4,tribute,want to hear twice; you wouldn't want to hear it /once/.,0
tribute:L1030,dat_file,tribute,1030,,,4,tribute,"""Well, that was a lesson to all of us,"" the bursar continued, brushing dust",0
tribute:L1031,dat_file,tribute,1031,,,4,tribute,"and candle wax off his robe.  He looked up, expecting to see the statue of",0
tribute:L1032,dat_file,tribute,1032,,,4,tribute,Alberto Malich back on its pedestal.,0
tribute:L1034,dat_file,tribute,1034,,,4,tribute,"""Clearly even statues have feelings,"" he said.  ""I myself recall, when I",0
tribute:L1035,dat_file,tribute,1035,,,4,tribute,"was but a first-year student, writing my name on his... well, never mind.",0
tribute:L1036,dat_file,tribute,1036,,,4,tribute,"The point is, I propose here and now we replace the statue.""",0
tribute:L1038,dat_file,tribute,1038,,,4,tribute,Dead silence greeted this suggestion.,0
tribute:L1040,dat_file,tribute,1040,,,4,tribute,"""With, say, an exact likeness cast in gold.  Suitably embellished with",0
tribute:L1041,dat_file,tribute,1041,,,4,tribute,"jewels, as befits our great founder,"" he went on brightly.",0
tribute:L1043,dat_file,tribute,1043,,,4,tribute,"""And to make sure no students deface it in any way I suggest we then erect",0
tribute:L1044,dat_file,tribute,1044,,,4,tribute,"it in the deepest cellar,"" he continued.",0
tribute:L1046,dat_file,tribute,1046,,,4,tribute,"""And then lock the door,"" he added.  Several wizards began to cheer up.",0
tribute:L1048,dat_file,tribute,1048,,,4,tribute,"""And throw away the key?"" said Rincewind.",0
tribute:L1050,dat_file,tribute,1050,,,4,tribute,"""And /weld/ the door,"" the bursar said.  He had just remembered about The",0
tribute:L1051,dat_file,tribute,1051,,,4,tribute,Mended Drum.  He thought for a while and remembered about the physical,0
tribute:L1052,dat_file,tribute,1052,,,4,tribute,fitness regime as well.,0
tribute:L1054,dat_file,tribute,1054,,,4,tribute,"""And then brick up the doorway,"" he said.  There was a round of applause.",0
tribute:L1056,dat_file,tribute,1056,,,4,tribute,"""And throw away the brick layer!"" chortled Rincewind, who felt he was",0
tribute:L1057,dat_file,tribute,1057,,,4,tribute,getting the hang of this.,0
tribute:L1059,dat_file,tribute,1059,,,4,tribute,"The bursar scowled at him.  ""No need to get carried away,"" he said.",0
tribute:L1070,dat_file,tribute,1070,,,4,tribute,"""[...]  And what would humans be without love?""",0
tribute:L1072,dat_file,tribute,1072,,,4,tribute,"RARE, said Death.  [...]",0
tribute:L1078,dat_file,tribute,1078,,,4,tribute,They suffered from the terrible delusion that something could be done.,0
tribute:L1079,dat_file,tribute,1079,,,4,tribute,They seemed prepared to make the world the way they wanted it or die in the,0
tribute:L1080,dat_file,tribute,1080,,,4,tribute,"attempt, and the trouble with dying in the attempt was that you died in",0
tribute:L1081,dat_file,tribute,1081,,,4,tribute,the attempt.,0
tribute:L1087,dat_file,tribute,1087,,,4,tribute,"""I meant,"" said Ipslore, bitterly, ""what is there in this world that makes",0
tribute:L1088,dat_file,tribute,1088,,,4,tribute,"living worth while?""",0
tribute:L1090,dat_file,tribute,1090,,,4,tribute,"CATS, he said eventually, CATS ARE NICE.",0
tribute:L1092,dat_file,tribute,1092,,,4,tribute,"""Curse you!""",0
tribute:L1094,dat_file,tribute,1094,,,4,tribute,"MANY HAVE, said Death evenly.",0
tribute:L1103,dat_file,tribute,1103,,,4,tribute,"The thief, as will become apparent, was a special type of thief.  This",0
tribute:L1104,dat_file,tribute,1104,,,4,tribute,thief was an artist of theft.  Other thieves merely stole everything that,0
tribute:L1105,dat_file,tribute,1105,,,4,tribute,"was not nailed down, but this thief stole the nails as well.  This thief",0
tribute:L1106,dat_file,tribute,1106,,,4,tribute,"had scandalised Ankh by taking a particular interest in stealing, with",0
tribute:L1107,dat_file,tribute,1107,,,4,tribute,"astonishing success, things that were in fact not only nailed down but",0
tribute:L1108,dat_file,tribute,1108,,,4,tribute,also guarded by keen-eyed guards in inaccessible strongrooms.  There are,0
tribute:L1109,dat_file,tribute,1109,,,4,tribute,artists that will paint an entire chapel ceiling; this was the kind of,0
tribute:L1110,dat_file,tribute,1110,,,4,tribute,thief that could steal it.,0
tribute:L1112,dat_file,tribute,1112,,,4,tribute,This particular thief was credited with stealing the jeweled disemboweling,0
tribute:L1113,dat_file,tribute,1113,,,4,tribute,knife from the temple of Offler the Crocodile God during the middle of,0
tribute:L1114,dat_file,tribute,1114,,,4,tribute,"Evensong, and the silver shoes from the Patrician's finest racehorse",0
tribute:L1115,dat_file,tribute,1115,,,4,tribute,"while it was in the process of winning a race.  When Gritoller Mimpsey,",0
tribute:L1116,dat_file,tribute,1116,,,4,tribute,"vice-president of the Thieves' Guild, was jostled in the marketplace and",0
tribute:L1117,dat_file,tribute,1117,,,4,tribute,then found on returning home that a freshly-stolen handful of diamonds,0
tribute:L1118,dat_file,tribute,1118,,,4,tribute,"had vanished from their place of concealment, he knew who to blame.(1)",0
tribute:L1119,dat_file,tribute,1119,,,4,tribute,"This was the type of thief that could steal the initiative, the moment",0
tribute:L1122,dat_file,tribute,1122,,,4,tribute,(1) This was because Gritoller had swallowed the jewels for safe keeping.,0
tribute:L1131,dat_file,tribute,1131,,,4,tribute,It was deathly quiet in the Library.  The books were no longer frantic.,0
tribute:L1132,dat_file,tribute,1132,,,4,tribute,They'd passed through their fear and out into the calm waters of abject,0
tribute:L1133,dat_file,tribute,1133,,,4,tribute,"terror, and they crouched on their shelves like so many mesmerised rabbits.",0
tribute:L1135,dat_file,tribute,1135,,,4,tribute,A long hairy arm reached up and grabbed /Casplock's Compleet Lexicon of,0
tribute:L1136,dat_file,tribute,1136,,,4,tribute,"Majik and Precepts for the Wise/ before it could back away, soothed its",0
tribute:L1137,dat_file,tribute,1137,,,4,tribute,"terror with a long-fingered hand, and opened it under 'S'.  The Librarian",0
tribute:L1138,dat_file,tribute,1138,,,4,tribute,smoothed the trembling page gently and ran a horny nail down the entries,0
tribute:L1139,dat_file,tribute,1139,,,4,tribute,until he came to:,0
tribute:L1141,dat_file,tribute,1141,,,4,tribute,"*Sourceror*, /n. (mythical).  A proto-wizard, a doorway through/",0
tribute:L1142,dat_file,tribute,1142,,,4,tribute,"/which new majik may enterr the world, a wizard not limited by/",0
tribute:L1143,dat_file,tribute,1143,,,4,tribute,"/the physycal capabilities of hys own bodie, not by Destinie,/",0
tribute:L1144,dat_file,tribute,1144,,,4,tribute,/nor by Deathe.  It is written that there once werre sourcerors/,0
tribute:L1145,dat_file,tribute,1145,,,4,tribute,/in the youth of the world but not may there by nowe and blessed/,0
tribute:L1146,dat_file,tribute,1146,,,4,tribute,"/be, for sourcery is not for menne and the return of sourcery/",0
tribute:L1147,dat_file,tribute,1147,,,4,tribute,/would mean the Ende of the Worlde...  If the Creator hadd meant/,0
tribute:L1148,dat_file,tribute,1148,,,4,tribute,"/menne to bee as goddes, he ould have given them wings./",0
tribute:L1149,dat_file,tribute,1149,,,4,tribute,"/SEE ALSO:  thee Apocralypse, the legende of thee Ice Giants,/",0
tribute:L1150,dat_file,tribute,1150,,,4,tribute,/and thee Teatime of the Goddes./,0
tribute:L1152,dat_file,tribute,1152,,,4,tribute,"The Librarian read the cross-references, turned back to the first entry,",0
tribute:L1153,dat_file,tribute,1153,,,4,tribute,and stared at it through deep dark eyes for a long time.  Then he put the,0
tribute:L1154,dat_file,tribute,1154,,,4,tribute,"book back carefully, crept under his desk, and pulled the blanket over",0
tribute:L1155,dat_file,tribute,1155,,,4,tribute,his head.,0
tribute:L1161,dat_file,tribute,1161,,,4,tribute,"The current Patrician, head of the extremely rich and powerful Vetinari",0
tribute:L1162,dat_file,tribute,1162,,,4,tribute,"family, was thin, tall and apparently as cold-blooded as a dead penguin.",0
tribute:L1163,dat_file,tribute,1163,,,4,tribute,Just by looking at him you could tell he was the sort of man you'd expect,0
tribute:L1164,dat_file,tribute,1164,,,4,tribute,"to keep a white cat, and caress it idly while sentencing people to death",0
tribute:L1166,dat_file,tribute,1166,,,4,tribute,"collected rare, thin porcelain, turning it over and over in his blue-white",0
tribute:L1167,dat_file,tribute,1167,,,4,tribute,fingers while distant screams echoed from the depths of the dungeons.  You,0
tribute:L1168,dat_file,tribute,1168,,,4,tribute,"wouldn't put it past him to use the word ""exquisite"" and have thin lips.",0
tribute:L1169,dat_file,tribute,1169,,,4,tribute,"He looked the kind of person who, when they blinked, you mark it off on",0
tribute:L1170,dat_file,tribute,1170,,,4,tribute,the calendar.,0
tribute:L1172,dat_file,tribute,1172,,,4,tribute,"Practically none of this was in fact the case, although he did have a small",0
tribute:L1174,dat_file,tribute,1174,,,4,tribute,badly and wheezed at people.  It was said to be the only thing in the,0
tribute:L1175,dat_file,tribute,1175,,,4,tribute,entire world he truly cared about.  He did of course sometimes have people,0
tribute:L1176,dat_file,tribute,1176,,,4,tribute,"horribly tortured to death, but this was considered to be perfectly",0
tribute:L1177,dat_file,tribute,1177,,,4,tribute,acceptable behaviour for a civic ruler and generally approved of by the,0
tribute:L1178,dat_file,tribute,1178,,,4,tribute,overwhelming majority of citizens.(1)  The people of Ankh are of a,0
tribute:L1179,dat_file,tribute,1179,,,4,tribute,"practical persuasion, and felt that the Patrician's edict forbidding all",0
tribute:L1180,dat_file,tribute,1180,,,4,tribute,street theatre and mime artists made up for a lot of things.  He didn't,0
tribute:L1181,dat_file,tribute,1181,,,4,tribute,"administer a reign of terror, just the occasional light shower.",0
tribute:L1183,dat_file,tribute,1183,,,4,tribute,(1) The overwhelming majority of citizens being defined in this case as,0
tribute:L1184,dat_file,tribute,1184,,,4,tribute,everyone not currently hanging upside down over a scorpion pit.,0
tribute:L1190,dat_file,tribute,1190,,,4,tribute,"""What exactly /is/ the Aprocralypse?""",0
tribute:L1192,dat_file,tribute,1192,,,4,tribute,"Rincewind hesitated.  ""Well,"" he said, ""it's the end of the world.  Sort",0
tribute:L1193,dat_file,tribute,1193,,,4,tribute,"of.""",0
tribute:L1195,dat_file,tribute,1195,,,4,tribute,"""Sort of?  /Sort of/ the end of the world?  You mean we won't be certain?",0
tribute:L1196,dat_file,tribute,1196,,,4,tribute,"We'll all look around and say 'Pardon me, did you hear something?'?""",0
tribute:L1198,dat_file,tribute,1198,,,4,tribute,"""It's just that no two seers have ever agreed about it.  There have been",0
tribute:L1199,dat_file,tribute,1199,,,4,tribute,"all kinds of vague predictions.  Quite mad, some of them.  So it was",0
tribute:L1200,dat_file,tribute,1200,,,4,tribute,"called the Apocralypse.""  He looked embarrassed.  ""It's a sort of",0
tribute:L1201,dat_file,tribute,1201,,,4,tribute,"apocryphal Apocalypse.  A kin of pun, you see.""",0
tribute:L1207,dat_file,tribute,1207,,,4,tribute,"""You're very quiet, Spelter.  Do you not agree?""",0
tribute:L1209,dat_file,tribute,1209,,,4,tribute,"No.  The world had sourcery once, and gave it up for wizardry.  Wizardry is",0
tribute:L1210,dat_file,tribute,1210,,,4,tribute,"magic for men, not gods.  It's not for us.  There was something wrong with",0
tribute:L1211,dat_file,tribute,1211,,,4,tribute,"it, and we have forgotten what it was.  I liked wizardry.  It didn't upset",0
tribute:L1212,dat_file,tribute,1212,,,4,tribute,the world.  It fitted.  It was right.  A wizard was all I wanted to be.,0
tribute:L1214,dat_file,tribute,1214,,,4,tribute,He looked down at his feet.,0
tribute:L1216,dat_file,tribute,1216,,,4,tribute,"""Yes,"" he whispered.",0
tribute:L1222,dat_file,tribute,1222,,,4,tribute,Rincewind had eyes for none of this.  [...] they were swamped by the,0
tribute:L1223,dat_file,tribute,1223,,,4,tribute,considerably bigger flood of panic at the sight of four guards turning,0
tribute:L1224,dat_file,tribute,1224,,,4,tribute,towards him with scimitars in their hands and the light of murder in their,0
tribute:L1225,dat_file,tribute,1225,,,4,tribute,eyes.,0
tribute:L1227,dat_file,tribute,1227,,,4,tribute,"Without hesitation, Rincewind took a step backwards.",0
tribute:L1229,dat_file,tribute,1229,,,4,tribute,"""Over to you, friend,"" he said.",0
tribute:L1231,dat_file,tribute,1231,,,4,tribute,"""Right!""",0
tribute:L1233,dat_file,tribute,1233,,,4,tribute,"Nijel drew his sword and held it out in front of him, his arms trembling at",0
tribute:L1234,dat_file,tribute,1234,,,4,tribute,the effort.,0
tribute:L1236,dat_file,tribute,1236,,,4,tribute,There were a few seconds of total silence as everyone waited to see what,0
tribute:L1237,dat_file,tribute,1237,,,4,tribute,would happen next.  And then Nijel uttered the battle cry that Rincewind,0
tribute:L1238,dat_file,tribute,1238,,,4,tribute,would never quite forget to the end of this life.,0
tribute:L1240,dat_file,tribute,1240,,,4,tribute,"""Erm,"" he said, ""excuse me....""",0
tribute:L1246,dat_file,tribute,1246,,,4,tribute,The astro-philosophers of Krull once succeeded in proving conclusively,0
tribute:L1247,dat_file,tribute,1247,,,4,tribute,that all places are one place and that the distance between them is an,0
tribute:L1248,dat_file,tribute,1248,,,4,tribute,"illusion, and this news was an embarrassment to all thinking philosophers",0
tribute:L1249,dat_file,tribute,1249,,,4,tribute,"because it did not explain, among other things, signposts.  After years of",0
tribute:L1250,dat_file,tribute,1250,,,4,tribute,"wrangling the whole thing was then turned over to Ly Tin Wheedle, arguably",0
tribute:L1251,dat_file,tribute,1251,,,4,tribute,"the Disc's greatest philosopher,(1) who after some thought proclaimed that",0
tribute:L1252,dat_file,tribute,1252,,,4,tribute,"although it was indeed true that all places were one place, that place was",0
tribute:L1253,dat_file,tribute,1253,,,4,tribute,/very large/.,0
tribute:L1255,dat_file,tribute,1255,,,4,tribute,"And so psychic order was restored.  Distance is, however, an entirely",0
tribute:L1256,dat_file,tribute,1256,,,4,tribute,subjective phenomenon and creatures of magic can adjust it to suit,0
tribute:L1257,dat_file,tribute,1257,,,4,tribute,themselves.,0
tribute:L1259,dat_file,tribute,1259,,,4,tribute,They are not necessarily very good at it.,0
tribute:L1261,dat_file,tribute,1261,,,4,tribute,(1) He always argued that he was.,0
tribute:L1271,dat_file,tribute,1271,,,4,tribute,account of the layers of protective spells that any cautious wizard,0
tribute:L1272,dat_file,tribute,1272,,,4,tribute,maintained about his person at all times.(1)  The first thing a young,0
tribute:L1273,dat_file,tribute,1273,,,4,tribute,"wizard learns at Unseen University--apart from where his peg is, and",0
tribute:L1274,dat_file,tribute,1274,,,4,tribute,which way to the lavatory--is that he must protect himself at all times.,0
tribute:L1276,dat_file,tribute,1276,,,4,tribute,"Some people think this is paranoia, but it isn't.  Paranoids only think",0
tribute:L1277,dat_file,tribute,1277,,,4,tribute,everyone is out to get them.  Wizards /know/ it.,0
tribute:L1279,dat_file,tribute,1279,,,4,tribute,"(1) Of course, wizards often killed one another by ordinary, non-magical",0
tribute:L1280,dat_file,tribute,1280,,,4,tribute,"means, but this was perfectly allowable and death by assassination was",0
tribute:L1293,dat_file,tribute,1293,,,4,tribute,"""[...]  Destiny /is/ important, see, but people go wrong when they think it",0
tribute:L1294,dat_file,tribute,1294,,,4,tribute,"controls them.  It's the other way around.""",0
tribute:L1300,dat_file,tribute,1300,,,4,tribute,Verence tried to avoid walking through walls.  A man had his dignity.,0
tribute:L1302,dat_file,tribute,1302,,,4,tribute,He became aware that he was being watched.,0
tribute:L1304,dat_file,tribute,1304,,,4,tribute,He turned his head.,0
tribute:L1306,dat_file,tribute,1306,,,4,tribute,"There was a cat sitting in the doorway, subjecting him to a slow blink.  It",0
tribute:L1307,dat_file,tribute,1307,,,4,tribute,was a mottled grey and extremely fat...,0
tribute:L1309,dat_file,tribute,1309,,,4,tribute,No.  It was extremely /big/.  It was covered with so much scar tissue that,0
tribute:L1310,dat_file,tribute,1310,,,4,tribute,it looked like a fist with fur on it.  Its ears were a couple of perforated,0
tribute:L1311,dat_file,tribute,1311,,,4,tribute,"stubs, its eyes two yellow slits of easy-going malevolence, its tail a",0
tribute:L1312,dat_file,tribute,1312,,,4,tribute,twitching series of question marks as it stared at him.,0
tribute:L1314,dat_file,tribute,1314,,,4,tribute,Greebo had heard that Lady Felmet had a small white female cat and had,0
tribute:L1315,dat_file,tribute,1315,,,4,tribute,strolled up to pay his respects.,0
tribute:L1317,dat_file,tribute,1317,,,4,tribute,Verence had never seen an animal with so much built-in villainy.  He didn't,0
tribute:L1318,dat_file,tribute,1318,,,4,tribute,resist as it waddled across the floor and dried to rub itself against his,0
tribute:L1319,dat_file,tribute,1319,,,4,tribute,"legs, purring like a waterfall.",0
tribute:L1321,dat_file,tribute,1321,,,4,tribute,"""Well, well,"" said the king, vaguely.  He reached down and made an effort",0
tribute:L1322,dat_file,tribute,1322,,,4,tribute,to scratch it behind the two ragged bits on top of its head.   It was a,0
tribute:L1323,dat_file,tribute,1323,,,4,tribute,"relief to find someone else besides another ghost who could see him, and",0
tribute:L1324,dat_file,tribute,1324,,,4,tribute,"Greebo, he couldn't help feeling, was a distinctly unusual cat.  Most of",0
tribute:L1325,dat_file,tribute,1325,,,4,tribute,the castle cats were either pampered pets or flat-eared kitchen and stable,0
tribute:L1326,dat_file,tribute,1326,,,4,tribute,"habitues who generally resembled the very rodents they lived on.  This cat,",0
tribute:L1328,dat_file,tribute,1328,,,4,tribute,"course, but instead of the mindless animal self-absorption that passes for",0
tribute:L1329,dat_file,tribute,1329,,,4,tribute,"secret wisdom in the creatures, Greebo radiated genuine intelligence.  He",0
tribute:L1330,dat_file,tribute,1330,,,4,tribute,also radiated a smell that would have knocked over a wall and caused sinus,0
tribute:L1331,dat_file,tribute,1331,,,4,tribute,trouble in a dead fox.,0
tribute:L1337,dat_file,tribute,1337,,,4,tribute,"He wondered if ghosts hunted.  Almost certainly not, he imagined.  Or ate,",0
tribute:L1338,dat_file,tribute,1338,,,4,tribute,"or drank either for that matter, and that was really depressing.  He liked",0
tribute:L1339,dat_file,tribute,1339,,,4,tribute,a big noisy banquet and had quaffed(1) many a pint of good ale.  And bad,0
tribute:L1340,dat_file,tribute,1340,,,4,tribute,"ale, come to that.  He'd never been able to tell the difference till the",0
tribute:L1341,dat_file,tribute,1341,,,4,tribute,"following morning, usually.",0
tribute:L1343,dat_file,tribute,1343,,,4,tribute,"(1) Quaffing is like drinking, but you spill more.",0
tribute:L1349,dat_file,tribute,1349,,,4,tribute,"Granny Weatherwax milked and fed the goats, banked the fire, and put a",0
tribute:L1350,dat_file,tribute,1350,,,4,tribute,cloth over the mirror and pulled her broomstick out from behind the door.,0
tribute:L1351,dat_file,tribute,1351,,,4,tribute,"She went out, locked the door behind her, and hung the key on its nail in",0
tribute:L1352,dat_file,tribute,1352,,,4,tribute,the privy.,0
tribute:L1354,dat_file,tribute,1354,,,4,tribute,"This was quite sufficient.  Only once, in the entire history of witchery",0
tribute:L1356,dat_file,tribute,1356,,,4,tribute,concerned visited the most terrible punishment on him.(1),0
tribute:L1358,dat_file,tribute,1358,,,4,tribute,"Granny sat on the broom and muttered a few words, but without much",0
tribute:L1359,dat_file,tribute,1359,,,4,tribute,"conviction.  After a further couple of tries, she got off, fiddled with",0
tribute:L1360,dat_file,tribute,1360,,,4,tribute,"the binding, and had another go.  There was a suspicion of glitter from",0
tribute:L1361,dat_file,tribute,1361,,,4,tribute,"one end of the stick, which quickly died away.",0
tribute:L1363,dat_file,tribute,1363,,,4,tribute,"""Drat,"" she said, under her breath.",0
tribute:L1365,dat_file,tribute,1365,,,4,tribute,"She looked around carefully, in case anyone was watching.  In fact it was",0
tribute:L1366,dat_file,tribute,1366,,,4,tribute,"only a hunting badger who, hearing the thumping of running feet, poked its",0
tribute:L1367,dat_file,tribute,1367,,,4,tribute,head out from the bushes and saw Granny hurtling down the path with the,0
tribute:L1368,dat_file,tribute,1368,,,4,tribute,"broomstick held stiff-armed beside her.  At last the magic caught, and she",0
tribute:L1369,dat_file,tribute,1369,,,4,tribute,managed to vault clumsily on to it before it trundled into the night sky,0
tribute:L1370,dat_file,tribute,1370,,,4,tribute,as gracefully as a duck with one wing missing.,0
tribute:L1372,dat_file,tribute,1372,,,4,tribute,From above the trees came a muffled curse against all dwarfish mechanics.,0
tribute:L1374,dat_file,tribute,1374,,,4,tribute,"(1) She did nothing, although sometimes when she saw him in the village",0
tribute:L1375,dat_file,tribute,1375,,,4,tribute,"she'd smile in a faint, puzzled way.  After three weeks of this the",0
tribute:L1376,dat_file,tribute,1376,,,4,tribute,suspense was too much for him and he took his own life; in fact he took it,0
tribute:L1377,dat_file,tribute,1377,,,4,tribute,"all the way across the continent, where he became a reformed character and",0
tribute:L1378,dat_file,tribute,1378,,,4,tribute,never went home again.,0
tribute:L1384,dat_file,tribute,1384,,,4,tribute,"And, with alarming suddenness, nothing happened.",0
tribute:L1390,dat_file,tribute,1390,,,4,tribute,"""Is this a dagger I see before me?"" he mumbled.",0
tribute:L1392,dat_file,tribute,1392,,,4,tribute,"""Um.  No, my lord.  It's my hankerchief, you see.  You can sort of tell the",0
tribute:L1393,dat_file,tribute,1393,,,4,tribute,"difference if you look closely.  It doesn't have as many sharp edges.""",0
tribute:L1395,dat_file,tribute,1395,,,4,tribute,"""/Good/ fool,"" said the duke, vaguely.",0
tribute:L1397,dat_file,tribute,1397,,,4,tribute,"Totally mad, the Fool thought.  Several bricks short of a bundle.  So far",0
tribute:L1398,dat_file,tribute,1398,,,4,tribute,round the twist you could use him to open wine bottles.,0
tribute:L1400,dat_file,tribute,1400,,,4,tribute,"""Kneel beside me,"" my Fool.",0
tribute:L1402,dat_file,tribute,1402,,,4,tribute,The Fool did so.  The duke laid a soiled bandage on his shoulder.,0
tribute:L1404,dat_file,tribute,1404,,,4,tribute,"""Are you loyal, Fool?"" he said.  ""Are you trustworthy?""",0
tribute:L1406,dat_file,tribute,1406,,,4,tribute,"""I swore to follow my lord until death,"" said the Fool hoarsely.",0
tribute:L1408,dat_file,tribute,1408,,,4,tribute,"The duke pressed his mad face close to the Fool, who looked up into a pair",0
tribute:L1409,dat_file,tribute,1409,,,4,tribute,of bloodshot eyes.,0
tribute:L1411,dat_file,tribute,1411,,,4,tribute,"""I didn't want to,"" he hissed conspiratorially.  ""They made me do it.  I",0
tribute:L1412,dat_file,tribute,1412,,,4,tribute,"didn't want--""",0
tribute:L1414,dat_file,tribute,1414,,,4,tribute,"The door swung open.  The duchess filled the doorway.  In fact, she was",0
tribute:L1415,dat_file,tribute,1415,,,4,tribute,nearly the same shape.,0
tribute:L1417,dat_file,tribute,1417,,,4,tribute,"""Leonal!"" she barked.",0
tribute:L1419,dat_file,tribute,1419,,,4,tribute,The fool was fascinated by what happened to the duke's eyes.  The mad red,0
tribute:L1420,dat_file,tribute,1420,,,4,tribute,"flame vanished, was sucked backwards, and replaced by the hard blue stare",0
tribute:L1421,dat_file,tribute,1421,,,4,tribute,"he had come to recognize.  It didn't mean, he realized, that the duke was",0
tribute:L1422,dat_file,tribute,1422,,,4,tribute,any less mad.  Even the coldness of his sanity was madness in a way.  The,0
tribute:L1423,dat_file,tribute,1423,,,4,tribute,"duke had a mind that ticked like a clock and, like a clock, it regularly",0
tribute:L1424,dat_file,tribute,1424,,,4,tribute,went cuckoo.,0
tribute:L1431,dat_file,tribute,1431,,,4,tribute,"bushes like small, whirring idiots, was a standing stone.  It stood roughly",0
tribute:L1432,dat_file,tribute,1432,,,4,tribute,"where the witches' territories met, although the boundaries were never",0
tribute:L1433,dat_file,tribute,1433,,,4,tribute,formally marked out.,0
tribute:L1435,dat_file,tribute,1435,,,4,tribute,"The stone was about the same height as a tall man, and made of a bluish",0
tribute:L1436,dat_file,tribute,1436,,,4,tribute,"tinted rock.  It was considered intensely magical because, although there",0
tribute:L1437,dat_file,tribute,1437,,,4,tribute,"was only one of it, /no-one had ever been able to count it/; if it saw",0
tribute:L1438,dat_file,tribute,1438,,,4,tribute,"anyone looking at it speculatively, it shuffled behind them.  It was the",0
tribute:L1439,dat_file,tribute,1439,,,4,tribute,most self-effacing monolith ever discovered.,0
tribute:L1445,dat_file,tribute,1445,,,4,tribute,Demons were like genies or philosophy professors--if you didn't word things,0
tribute:L1446,dat_file,tribute,1446,,,4,tribute,"/exactly/ right, they delighted in giving you absolutely accurate and",0
tribute:L1447,dat_file,tribute,1447,,,4,tribute,completely misleading answers.,0
tribute:L1453,dat_file,tribute,1453,,,4,tribute,Nanny Ogg was also out early.  She hadn't been able to get any sleep,0
tribute:L1454,dat_file,tribute,1454,,,4,tribute,"anyway, and besides, she was worried about Greebo.  Greebo was one of her",0
tribute:L1455,dat_file,tribute,1455,,,4,tribute,few blind spots.  While intellectually she would concede that he was,0
tribute:L1456,dat_file,tribute,1456,,,4,tribute,"indeed a fat, cunning, evil-smelling multiple rapist, she nevertheless",0
tribute:L1457,dat_file,tribute,1457,,,4,tribute,instinctively pictured him as the small fluffy kitten he had been decades,0
tribute:L1458,dat_file,tribute,1458,,,4,tribute,before.  The fact that he had once chased a female wolf up a tree and,0
tribute:L1459,dat_file,tribute,1459,,,4,tribute,seriously surprised a she-bear who had been innocently digging for roots,0
tribute:L1460,dat_file,tribute,1460,,,4,tribute,didn't stop her worrying that something bad might happen to him.  It was,0
tribute:L1461,dat_file,tribute,1461,,,4,tribute,generally considered by everyone else in the kingdom that the only thing,0
tribute:L1462,dat_file,tribute,1462,,,4,tribute,that might slow Greebo down was a direct meteorite strike.,0
tribute:L1468,dat_file,tribute,1468,,,4,tribute,"""I really advise you all to return home,"" said Granny Weatherwax.  ""There",0
tribute:L1469,dat_file,tribute,1469,,,4,tribute,has probably been a misunderstanding.  Everyone knows a witch cannot be,0
tribute:L1470,dat_file,tribute,1470,,,4,tribute,"held against her will.""",0
tribute:L1472,dat_file,tribute,1472,,,4,tribute,"""It's gone too far this time,"" said a peasant.  ""All this burning and",0
tribute:L1473,dat_file,tribute,1473,,,4,tribute,taxing and now this.  I blame you witches.  It's got to stop.  I know my,0
tribute:L1474,dat_file,tribute,1474,,,4,tribute,"rights.""",0
tribute:L1476,dat_file,tribute,1476,,,4,tribute,"""What rights are they?"" said Granny.",0
tribute:L1478,dat_file,tribute,1478,,,4,tribute,"""Dunnage, cowhage-in-ordinary, badinage, leftovers, scrommidge, clary and",0
tribute:L1479,dat_file,tribute,1479,,,4,tribute,"spunt."" said the peasant promptly.  ""And acornage, every other year, and",0
tribute:L1480,dat_file,tribute,1480,,,4,tribute,the right to keep two-thirds of a goat on the common.  Until he set fire to,0
tribute:L1481,dat_file,tribute,1481,,,4,tribute,"it.  It was a bloody good goat, too.""",0
tribute:L1483,dat_file,tribute,1483,,,4,tribute,"""A man could go far, knowing his rights like you do,"" said Granny.  ""But",0
tribute:L1484,dat_file,tribute,1484,,,4,tribute,"right now he should go home.""",0
tribute:L1490,dat_file,tribute,1490,,,4,tribute,"""Whatever happened to the rule about not meddling in politics?"" said Magrat,",0
tribute:L1491,dat_file,tribute,1491,,,4,tribute,watching her retreating back.,0
tribute:L1493,dat_file,tribute,1493,,,4,tribute,Nanny Ogg massaged some like back into her fingers.,0
tribute:L1495,dat_file,tribute,1495,,,4,tribute,"""By Hoki, that woman's got a jaw like an anvil,"" she said.  ""What was that?""",0
tribute:L1497,dat_file,tribute,1497,,,4,tribute,"""I said, what about this rule about not meddling?"" said Magrat.",0
tribute:L1499,dat_file,tribute,1499,,,4,tribute,"""Ah,"" said Nanny.  She took the girl's arm.  ""The thing is,"" she explained,",0
tribute:L1500,dat_file,tribute,1500,,,4,tribute,"""as you advance in the Craft, you'll learn there is another rule.  Esme's",0
tribute:L1501,dat_file,tribute,1501,,,4,tribute,"obeyed it all her life.""",0
tribute:L1503,dat_file,tribute,1503,,,4,tribute,"""And what's that?""",0
tribute:L1505,dat_file,tribute,1505,,,4,tribute,"""When you break rules, break 'em good and hard,"" said Nanny, and grinned a",0
tribute:L1506,dat_file,tribute,1506,,,4,tribute,set of gums that were more menacing than teeth.,0
tribute:L1512,dat_file,tribute,1512,,,4,tribute,"""I mean it.  Look at me.  I wasn't supposed to be writing plays.  Dwarfs",0
tribute:L1513,dat_file,tribute,1513,,,4,tribute,aren't even supposed to be able to /read/.  I shouldn't worry too much,0
tribute:L1514,dat_file,tribute,1514,,,4,tribute,"about destiny, if I was you.  I was destined to be a miner.  Destiny gets",0
tribute:L1515,dat_file,tribute,1515,,,4,tribute,"it wrong half the time.""",0
tribute:L1517,dat_file,tribute,1517,,,4,tribute,"""But you said he looks like the Fool person.  I can't see it myself, mark",0
tribute:L1518,dat_file,tribute,1518,,,4,tribute,"you.""",0
tribute:L1520,dat_file,tribute,1520,,,4,tribute,"""The light's got to be right.""",0
tribute:L1522,dat_file,tribute,1522,,,4,tribute,"""Could be some destiny at work there.""",0
tribute:L1524,dat_file,tribute,1524,,,4,tribute,"Hwel shrugged.  Destiny was funny stuff, he knew.  You couldn't trust it.",0
tribute:L1525,dat_file,tribute,1525,,,4,tribute,"Often you couldn't even see it.  Just when you knew you had it cornered, it",0
tribute:L1526,dat_file,tribute,1526,,,4,tribute,"turned out to be something else--coincidence, maybe, or providence.  You",0
tribute:L1527,dat_file,tribute,1527,,,4,tribute,"barred the door against it, and it was standing behind you.  Then just when",0
tribute:L1528,dat_file,tribute,1528,,,4,tribute,you thought you had it nailed down it walked away with the hammer.,0
tribute:L1530,dat_file,tribute,1530,,,4,tribute,He used destiny a lot.  As a tool for his plays it was even better than a,0
tribute:L1531,dat_file,tribute,1531,,,4,tribute,ghost.  There was nothing like a bit of destiny to get the old plot rolling.,0
tribute:L1532,dat_file,tribute,1532,,,4,tribute,But it was a mistake to think you could spot the shape of it.  And as for,0
tribute:L1533,dat_file,tribute,1533,,,4,tribute,thinking it could be controlled...,0
tribute:L1543,dat_file,tribute,1543,,,4,tribute,things had been happening than they had heard about before or b) time was,0
tribute:L1544,dat_file,tribute,1544,,,4,tribute,out of joint.  It wasn't easy to prove(1) but the few traders who came along,0
tribute:L1545,dat_file,tribute,1545,,,4,tribute,the mountain tracks after the winter seemed to be rather older than they,0
tribute:L1546,dat_file,tribute,1546,,,4,tribute,should have been.  Unexplained happenings were always more or less expected,0
tribute:L1548,dat_file,tribute,1548,,,4,tribute,disappearing overnight was a bit of a first.,0
tribute:L1550,dat_file,tribute,1550,,,4,tribute,"(1) Because of the way time was recorded among the various states, kingdoms",0
tribute:L1551,dat_file,tribute,1551,,,4,tribute,"and cities.  After all, when over an area of a hundred square miles the same",0
tribute:L1552,dat_file,tribute,1552,,,4,tribute,"year is variously the Year of the Small Bat, the Anticipated Monkey, the",0
tribute:L1553,dat_file,tribute,1553,,,4,tribute,"Hunting Cloud, Fat Cows, Three Bright Stallions and at least nine numbers",0
tribute:L1554,dat_file,tribute,1554,,,4,tribute,"recording the time since(2) assorted kings, prophets, and strange events were",0
tribute:L1555,dat_file,tribute,1555,,,4,tribute,"either crowned, born or happened, and each year was a different number of",0
tribute:L1556,dat_file,tribute,1556,,,4,tribute,"months, and some of them don't have weeks, and one of them refuses to accept",0
tribute:L1557,dat_file,tribute,1557,,,4,tribute,"the day as a measure of time, the only things it is possible to be sure of",0
tribute:L1558,dat_file,tribute,1558,,,4,tribute,is that good sex doesn't last long enough.(3),0
tribute:L1560,dat_file,tribute,1560,,,4,tribute,"(2) The calendar of the Theocracy of Muntab counts /down/, not up.  No-one",0
tribute:L1561,dat_file,tribute,1561,,,4,tribute,"knows why, but it might not be a good idea to hang around and find out.",0
tribute:L1563,dat_file,tribute,1563,,,4,tribute,"(3) Except for the Zapingo tribe of the Great Nef, of course.",0
tribute:L1569,dat_file,tribute,1569,,,4,tribute,It was a land of describable beauty.,0
tribute:L1575,dat_file,tribute,1575,,,4,tribute,The past used to be a lot better than it is now.,0
tribute:L1586,dat_file,tribute,1586,,,4,tribute,"What a chap needed at a time like this was a sign, some sort of book of",0
tribute:L1587,dat_file,tribute,1587,,,4,tribute,instructions.  The trouble with life was that you didn't get a chance to,0
tribute:L1588,dat_file,tribute,1588,,,4,tribute,practice before doing it for real.,0
tribute:L1594,dat_file,tribute,1594,,,4,tribute,Mere animals couldn't possibly manage to act like this.  You need to be a,0
tribute:L1601,dat_file,tribute,1601,,,4,tribute,It was a full-length mirror.  All assassins had a full-length mirror in,0
tribute:L1602,dat_file,tribute,1602,,,4,tribute,"their rooms, because it would be a terrible insult to anyone to kill them",0
tribute:L1603,dat_file,tribute,1603,,,4,tribute,when you were badly dressed.,0
tribute:L1605,dat_file,tribute,1605,,,4,tribute,Teppic examined himself critically.  The outfit had cost him his last,0
tribute:L1606,dat_file,tribute,1606,,,4,tribute,"penny, and was heavy on the black silk.  It whispered as he moved.  It was",0
tribute:L1607,dat_file,tribute,1607,,,4,tribute,pretty good.,0
tribute:L1609,dat_file,tribute,1609,,,4,tribute,At least the headache was going.  It had nearly crippled him all day; he'd,0
tribute:L1610,dat_file,tribute,1610,,,4,tribute,been in dread of having to start the run with purple spots in front of his,0
tribute:L1611,dat_file,tribute,1611,,,4,tribute,eyes.,0
tribute:L1613,dat_file,tribute,1613,,,4,tribute,He sighed and opened the black box and took out his rings and slipped them,0
tribute:L1614,dat_file,tribute,1614,,,4,tribute,"on.  Another box held a set of knives of Klatchian steel, their blades",0
tribute:L1615,dat_file,tribute,1615,,,4,tribute,darkened with lamp black.  Various cunning and intricate devices were taken,0
tribute:L1616,dat_file,tribute,1616,,,4,tribute,from velvet bags and dropped into pockets.  A couple of long-bladed,0
tribute:L1617,dat_file,tribute,1617,,,4,tribute,throwing /tlingas/ were slipped into their sheaths inside his boots.  A,0
tribute:L1618,dat_file,tribute,1618,,,4,tribute,"thin silk line and folding grapnel were wound around his waist, over the",0
tribute:L1619,dat_file,tribute,1619,,,4,tribute,chain-mail shirt.  A blowpipe was attached to its leather thong and dropped,0
tribute:L1620,dat_file,tribute,1620,,,4,tribute,down his back under his cloak; Teppic pocketed a slim tin container with an,0
tribute:L1621,dat_file,tribute,1621,,,4,tribute,"assortment of darts, their tips corked and their stems braille-coded for",0
tribute:L1624,dat_file,tribute,1624,,,4,tribute,"He winced, checked the blade of his rapier and slung the baldric over his",0
tribute:L1625,dat_file,tribute,1625,,,4,tribute,"right shoulder, to balance the bag of lead slingshot ammunition.  As an",0
tribute:L1626,dat_file,tribute,1626,,,4,tribute,"afterthought he opened his sock drawer and took a pistol crossbow, a flask",0
tribute:L1627,dat_file,tribute,1627,,,4,tribute,"of oil, a roll of lockpicks and, after some consideration, a punch dagger,",0
tribute:L1628,dat_file,tribute,1628,,,4,tribute,a bag of assorted caltraps and a set of brass knuckles.,0
tribute:L1630,dat_file,tribute,1630,,,4,tribute,Teppic picked up his hat and checked its lining for the coil of cheesewire.,0
tribute:L1631,dat_file,tribute,1631,,,4,tribute,"He placed it on his head at a jaunty angle, took a last satisfied look at",0
tribute:L1632,dat_file,tribute,1632,,,4,tribute,"himself in the mirror, turned on his heel and, very slowly, fell over.",0
tribute:L1638,dat_file,tribute,1638,,,4,tribute,He'd always remember the first night in the dormitory.  It was long enough,0
tribute:L1639,dat_file,tribute,1639,,,4,tribute,"to accommodate all eighteen boys in Viper House, and draughty enough to",0
tribute:L1640,dat_file,tribute,1640,,,4,tribute,"accommodate the great outdoors.  Its designer may have had comfort in mind,",0
tribute:L1641,dat_file,tribute,1641,,,4,tribute,but only so that he could avoid it whenever possible:  he had contrived a,0
tribute:L1642,dat_file,tribute,1642,,,4,tribute,room that could actually be colder than the weather outside.,0
tribute:L1648,dat_file,tribute,1648,,,4,tribute,"A few stars had been let out early.  Teppic looked up at them.  Perhaps, he",0
tribute:L1649,dat_file,tribute,1649,,,4,tribute,"thought, there is life somewhere else.  On the stars, maybe.  If it's true",0
tribute:L1650,dat_file,tribute,1650,,,4,tribute,"that there are billions of universes stacked along side one another, the",0
tribute:L1651,dat_file,tribute,1651,,,4,tribute,"thickness of a thought apart, then there must be people elsewhere.",0
tribute:L1653,dat_file,tribute,1653,,,4,tribute,"But wherever they are, no matter how mightily they try, no matter how",0
tribute:L1654,dat_file,tribute,1654,,,4,tribute,"magnificent the effort, they surely can't manage to be as godawfully stupid",0
tribute:L1655,dat_file,tribute,1655,,,4,tribute,"as us.  I mean, we work at it.  We were given a spark of it to start with,",0
tribute:L1662,dat_file,tribute,1662,,,4,tribute,Descendants!  The gods had seen fit to give him one son who charged you for,0
tribute:L1663,dat_file,tribute,1663,,,4,tribute,"the amount of breath expended in saying ""Good morning"", and another one who",0
tribute:L1664,dat_file,tribute,1664,,,4,tribute,worshipped geometry and stayed up all night designing aqueducts.  You,0
tribute:L1665,dat_file,tribute,1665,,,4,tribute,"scrimped and saved to send them to the best schools, and then they went and",0
tribute:L1666,dat_file,tribute,1666,,,4,tribute,paid you back by getting educated.,0
tribute:L1672,dat_file,tribute,1672,,,4,tribute,It's a fact as immutable as the Third Law of Sod that there is no such,0
tribute:L1673,dat_file,tribute,1673,,,4,tribute,thing as a good Grand Vizier.  A predilection to cackle and plot is,0
tribute:L1674,dat_file,tribute,1674,,,4,tribute,apparently part of the job spec.,0
tribute:L1676,dat_file,tribute,1676,,,4,tribute,High priests tend to get put in the same category.  They have to face the,0
tribute:L1677,dat_file,tribute,1677,,,4,tribute,implied assumption that no sooner do they get the funny hat than they're,0
tribute:L1678,dat_file,tribute,1678,,,4,tribute,"issuing strange orders, e.g., princesses tied to rocks for itinerant sea",0
tribute:L1679,dat_file,tribute,1679,,,4,tribute,monsters and throwing little babies in the sea.,0
tribute:L1681,dat_file,tribute,1681,,,4,tribute,This is a gross slander.  Throughout the history of the Disc most high,0
tribute:L1682,dat_file,tribute,1682,,,4,tribute,"priests have been serious, pious and conscientious men who have done their",0
tribute:L1683,dat_file,tribute,1683,,,4,tribute,"best to interpret the wishes of the gods, sometimes disembowelling or",0
tribute:L1684,dat_file,tribute,1684,,,4,tribute,flaying alive hundreds of people in a day in order to make sure they're,0
tribute:L1685,dat_file,tribute,1685,,,4,tribute,getting it absolutely right.,0
tribute:L1691,dat_file,tribute,1691,,,4,tribute,"Copolymer, the greatest storyteller in the history of the world, sat back",0
tribute:L1692,dat_file,tribute,1692,,,4,tribute,"and beamed at the greatest minds in the world, assembled at the dining",0
tribute:L1693,dat_file,tribute,1693,,,4,tribute,table.,0
tribute:L1695,dat_file,tribute,1695,,,4,tribute,Teppic had added another iota to his store of new knowledge.  'Symposium',0
tribute:L1696,dat_file,tribute,1696,,,4,tribute,meant a knife-and-fork tea.,0
tribute:L1698,dat_file,tribute,1698,,,4,tribute,"""Well,"" said Copolymer, and launched into the story of the Tsortean Wars.",0
tribute:L1700,dat_file,tribute,1700,,,4,tribute,"""You see, what happened was, /he'd/ taken /her/ back home, and her",0
tribute:L1701,dat_file,tribute,1701,,,4,tribute,"father--this wasn't the old king, this was the one before, the one with the",0
tribute:L1702,dat_file,tribute,1702,,,4,tribute,"wossname, he married some girl from over Elharib way, she had a squint,",0
tribute:L1703,dat_file,tribute,1703,,,4,tribute,"what was her name now, began with a P.  Or an L.  One of them letters,",0
tribute:L1704,dat_file,tribute,1704,,,4,tribute,"anyway.  Her father owned an island out on the bay there, Papylos I think",0
tribute:L1705,dat_file,tribute,1705,,,4,tribute,"it was.  No, I tell a lie, it was Crinix.  /Anyway/ the king, the other",0
tribute:L1706,dat_file,tribute,1706,,,4,tribute,"king, he raised an army and they....  Elenor, that was her name.  She had",0
tribute:L1707,dat_file,tribute,1707,,,4,tribute,"a squint, you know.  But quite attractive, they say.  When I say married,",0
tribute:L1708,dat_file,tribute,1708,,,4,tribute,"I trust I do not have to spell it out for you.  I mean, it was a bit",0
tribute:L1709,dat_file,tribute,1709,,,4,tribute,"unofficial.  Er.  Anyway, there was this wooden horse and after they'd got",0
tribute:L1710,dat_file,tribute,1710,,,4,tribute,in...  Did I tell you about this horse?  It was a horse.  I'm pretty sure,0
tribute:L1711,dat_file,tribute,1711,,,4,tribute,it was a horse.  Or maybe it was a chicken.  Forget my own name next!  It,0
tribute:L1712,dat_file,tribute,1712,,,4,tribute,"was wossname's idea, the one with the limp.  Yes.  The limp in his leg, I",0
tribute:L1713,dat_file,tribute,1713,,,4,tribute,"mean.  Did I mention him?  There'd been this fight.  No, that was the other",0
tribute:L1714,dat_file,tribute,1714,,,4,tribute,"one, I think.  Yes.  Anyway, this wooden pig, damn clever idea, they made",0
tribute:L1716,dat_file,tribute,1716,,,4,tribute,The fight!  Nearly forgot the fight.  Yes.  Damn good fight.  Everyone,0
tribute:L1717,dat_file,tribute,1717,,,4,tribute,banging on their shields and yelling.  Wossname's armour shone like shining,0
tribute:L1718,dat_file,tribute,1718,,,4,tribute,"armour.  Fight and a half, that fight.  Between thingy, not the one with",0
tribute:L1719,dat_file,tribute,1719,,,4,tribute,"the limp, the other one, wossname, had red hair.  /You/ know.  Tall fellow,",0
tribute:L1720,dat_file,tribute,1720,,,4,tribute,"talked with a lisp.  Hold on, just remembered, he was from some other",0
tribute:L1721,dat_file,tribute,1721,,,4,tribute,"island.  Not him.  The other one, with the limp.  Didn't want to go, he",0
tribute:L1722,dat_file,tribute,1722,,,4,tribute,"said he was mad.  Of course, he /was/ bloody mad, definitely.  I mean, a",0
tribute:L1723,dat_file,tribute,1723,,,4,tribute,"wooden cow!  Like wossname said, the king, no not that king, the other one,",0
tribute:L1724,dat_file,tribute,1724,,,4,tribute,"he saw the goat, he said 'I fear the Ephibeans, especially when they're mad",0
tribute:L1725,dat_file,tribute,1725,,,4,tribute,"enough to leave bloody great wooden livestock on the doorstep, talk about",0
tribute:L1726,dat_file,tribute,1726,,,4,tribute,"nerve, they must think we was born yesterday, set fire to it,' and, of",0
tribute:L1727,dat_file,tribute,1727,,,4,tribute,"course, wossname had nipped in round the back and put everyone to the",0
tribute:L1728,dat_file,tribute,1728,,,4,tribute,"sword, talk about laugh.  Did I say she had a squint?  They said she was",0
tribute:L1729,dat_file,tribute,1729,,,4,tribute,"pretty, but it takes all sorts.  Yes.  Anyway, that's how it happened.",0
tribute:L1731,dat_file,tribute,1731,,,4,tribute,"wanted to go home, well, you would, they'd been there for /years/, he",0
tribute:L1732,dat_file,tribute,1732,,,4,tribute,wasn't getting any younger.  That's why he dreamt up the thing about the,0
tribute:L1733,dat_file,tribute,1733,,,4,tribute,"wooden wossname.  Yes.  I tell a lie, Lavaelous was the one with the knee.",0
tribute:L1734,dat_file,tribute,1734,,,4,tribute,"Pretty good fight, that fight, take it from me.""",0
tribute:L1736,dat_file,tribute,1736,,,4,tribute,He lapsed into self-satisfied silence.,0
tribute:L1738,dat_file,tribute,1738,,,4,tribute,"""Pretty good fight,"" he mumbled and, smiling faintly, dropped off to sleep.",0
tribute:L1740,dat_file,tribute,1740,,,4,tribute,Teppic was aware that his own mouth was hanging open.  He shut it.  Along,0
tribute:L1741,dat_file,tribute,1741,,,4,tribute,the table several of the diners were wiping their eyes.,0
tribute:L1743,dat_file,tribute,1743,,,4,tribute,"""Magic,"" said Xeno.  ""Sheer magic.  Every word a tassle on the canopy of",0
tribute:L1744,dat_file,tribute,1744,,,4,tribute,"Time.""",0
tribute:L1746,dat_file,tribute,1746,,,4,tribute,"""It's the way he remembers every tiny detail.  Pin sharp,"" murmured Ibid.",0
tribute:L1752,dat_file,tribute,1752,,,4,tribute,"""I'd love to stay and listen to you listening to me all day,"" he said.",0
tribute:L1753,dat_file,tribute,1753,,,4,tribute,"""But there's a man over there I'd like to see.""",0
tribute:L1755,dat_file,tribute,1755,,,4,tribute,"""That's amazing,"" said Endos, making a short note and turning his attention",0
tribute:L1756,dat_file,tribute,1756,,,4,tribute,to a conversation further along the table.  A philosopher had averred that,0
tribute:L1757,dat_file,tribute,1757,,,4,tribute,"although truth was beauty, beauty was not necessarily truth, and a fight was",0
tribute:L1758,dat_file,tribute,1758,,,4,tribute,breaking out.  Endos listened carefully.(1),0
tribute:L1760,dat_file,tribute,1760,,,4,tribute,"(1) The role of listeners has never been fully appreciated.  However, it is",0
tribute:L1761,dat_file,tribute,1761,,,4,tribute,well known that most people don't listen.  They use the time when someone,0
tribute:L1762,dat_file,tribute,1762,,,4,tribute,else is speaking to think of what they're going to say next.  True Listeners,0
tribute:L1763,dat_file,tribute,1763,,,4,tribute,"have always been revered among oral cultures, and prized for their rarity",0
tribute:L1764,dat_file,tribute,1764,,,4,tribute,"value; bards and poets are ten a cow, but a good Listener is hard to find,",0
tribute:L1765,dat_file,tribute,1765,,,4,tribute,or at least hard to find twice.,0
tribute:L1772,dat_file,tribute,1772,,,4,tribute,"inches, on a beam of incandescence, and turn through ninety degrees.  This",0
tribute:L1773,dat_file,tribute,1773,,,4,tribute,was almost certainly the special type of optical illusion which can take,0
tribute:L1774,dat_file,tribute,1774,,,4,tribute,place /even though no-one is actually looking at it/.,0
tribute:L1776,dat_file,tribute,1776,,,4,tribute,"And then, with deceptive slowness and considerable dignity, it exploded.",0
tribute:L1778,dat_file,tribute,1778,,,4,tribute,It was almost too crass a word.  What it did was this:  it came apart,0
tribute:L1779,dat_file,tribute,1779,,,4,tribute,ponderously into building-sized chunks which drifted gently away from one,0
tribute:L1780,dat_file,tribute,1780,,,4,tribute,"another, flying serenely out and over the necropolis.  Several of them",0
tribute:L1781,dat_file,tribute,1781,,,4,tribute,"struck other pyramids, badly damaging them in a lazy, unselfconscious way,",0
tribute:L1782,dat_file,tribute,1782,,,4,tribute,and then bounded on in silence until they ploughed to a halt behind a small,0
tribute:L1783,dat_file,tribute,1783,,,4,tribute,mountain of rubble.,0
tribute:L1785,dat_file,tribute,1785,,,4,tribute,Only then did the boom come.  It went on for quite a long time.,0
tribute:L1791,dat_file,tribute,1791,,,4,tribute,Man was never intended to understand things he meddled with.,0
tribute:L1802,dat_file,tribute,1802,,,4,tribute,"""I see you're very comfortable here,"" said Vimes weakly.",0
tribute:L1804,dat_file,tribute,1804,,,4,tribute,"""Never build a dungeon you wouldn't be happy to spend the night in",0
tribute:L1805,dat_file,tribute,1805,,,4,tribute,"yourself,"" said the Patrician, laying out the food on the cloth.  ""The",0
tribute:L1806,dat_file,tribute,1806,,,4,tribute,"world would be a happier place if more people remembered that.""",0
tribute:L1812,dat_file,tribute,1812,,,4,tribute,"These weren't encouraged in the city, since the heft and throw of a",0
tribute:L1813,dat_file,tribute,1813,,,4,tribute,longbow's arrow could send it through an innocent bystander a hundred,0
tribute:L1814,dat_file,tribute,1814,,,4,tribute,yards away rather than the innocent bystander at whom it was aimed.,0
tribute:L1823,dat_file,tribute,1823,,,4,tribute,Thunder rolled....,0
tribute:L1825,dat_file,tribute,1825,,,4,tribute,"It is said that the gods play games with the lives of men.  But what games,",0
tribute:L1826,dat_file,tribute,1826,,,4,tribute,"and why, and the identities of the actual pawns, and what the game is, and",0
tribute:L1827,dat_file,tribute,1827,,,4,tribute,what the rules are--who knows?,0
tribute:L1829,dat_file,tribute,1829,,,4,tribute,Best not to speculate.,0
tribute:L1831,dat_file,tribute,1831,,,4,tribute,Thunder rolled....,0
tribute:L1833,dat_file,tribute,1833,,,4,tribute,It rolled a six.,0
tribute:L1840,dat_file,tribute,1840,,,4,tribute,"the Thieves' Guilde /responsible/ for theft, with annual budgets, forward",0
tribute:L1841,dat_file,tribute,1841,,,4,tribute,"planning and, above all, rigid job protection.  Thus, in return for an",0
tribute:L1842,dat_file,tribute,1842,,,4,tribute,"agreed average level of crime per annum, the thieves themselves saw to it",0
tribute:L1843,dat_file,tribute,1843,,,4,tribute,"that unauthorized crime was met with the full force of Injustice, which was",0
tribute:L1844,dat_file,tribute,1844,,,4,tribute,generally a stick with nails in it.,0
tribute:L1850,dat_file,tribute,1850,,,4,tribute,"""Well, sir,"" he said, ""I know that dragons have been extinct for thousands",0
tribute:L1851,dat_file,tribute,1851,,,4,tribute,"of years, sir--""",0
tribute:L1853,dat_file,tribute,1853,,,4,tribute,"""Yes?""  The Patrician's eyes narrowed.",0
tribute:L1855,dat_file,tribute,1855,,,4,tribute,"Vimes plunged on.  ""But sir, the thing is, do /they/ know?""  [...]",0
tribute:L1861,dat_file,tribute,1861,,,4,tribute,The Guild of Fire Fighters had been outlawed by the Patrician the previous,0
tribute:L1862,dat_file,tribute,1862,,,4,tribute,"year after many complaints.  The point was that, if you bought a contract",0
tribute:L1863,dat_file,tribute,1863,,,4,tribute,"from the Guild, your house would be protected against fire.  Unfortunately,",0
tribute:L1864,dat_file,tribute,1864,,,4,tribute,the general Ankh-Morpork ethos quickly came to the fore and fire fighters,0
tribute:L1865,dat_file,tribute,1865,,,4,tribute,"would tend to go to prospective clients' houses in groups, making loud",0
tribute:L1866,dat_file,tribute,1866,,,4,tribute,"comments like ""Very inflammable looking place, this"" and ""Probably go up",0
tribute:L1867,dat_file,tribute,1867,,,4,tribute,"like a firework with just one carelessly dropped match, know what I mean?""",0
tribute:L1873,dat_file,tribute,1873,,,4,tribute,"Once you've ruled out the impossible then whatever is left, however",0
tribute:L1874,dat_file,tribute,1874,,,4,tribute,"improbable, must be the truth.  The problem lay in working out what was",0
tribute:L1875,dat_file,tribute,1875,,,4,tribute,"impossible, of course.  That was the trick, all right.",0
tribute:L1877,dat_file,tribute,1877,,,4,tribute,There was also the curious incident of the orangutan in the night-time....,0
tribute:L1884,dat_file,tribute,1884,,,4,tribute,"over the heads of the mob, and burned a charred rosette in the woodwork",0
tribute:L1885,dat_file,tribute,1885,,,4,tribute,over the door.,0
tribute:L1887,dat_file,tribute,1887,,,4,tribute,Then came a voice that was a honeyed purr of shear deadly menace.,0
tribute:L1889,dat_file,tribute,1889,,,4,tribute,"""/This is Lord Mountjoy Quickfang Winterforth IV, the hottest dragon in the",0
tribute:L1890,dat_file,tribute,1890,,,4,tribute,"city.  It could burn your head clean off./""",0
tribute:L1892,dat_file,tribute,1892,,,4,tribute,Captain Vimes limped forward from the shadows.,0
tribute:L1894,dat_file,tribute,1894,,,4,tribute,A small and extremely frightened golden dragon was clamped firmly under one,0
tribute:L1895,dat_file,tribute,1895,,,4,tribute,arm.  His other hand held it by the tail.,0
tribute:L1897,dat_file,tribute,1897,,,4,tribute,"The rioters watched it, hypnotised.",0
tribute:L1899,dat_file,tribute,1899,,,4,tribute,"""Now I know what you're thinking,"" Vimes went on, softly.  ""You're",0
tribute:L1901,dat_file,tribute,1901,,,4,tribute,"y'know, I ain't so sure myself...""",0
tribute:L1903,dat_file,tribute,1903,,,4,tribute,"He leaned forward, sighting between the dragon's ears, and his voice",0
tribute:L1904,dat_file,tribute,1904,,,4,tribute,buzzed like a knife blade:,0
tribute:L1906,dat_file,tribute,1906,,,4,tribute,"""What you've got to ask yourself is:  Am I feeling lucky?""",0
tribute:L1908,dat_file,tribute,1908,,,4,tribute,They swayed backwards as he advanced.,0
tribute:L1910,dat_file,tribute,1910,,,4,tribute,"""Well?"" he said.  ""/Are/ you feeling lucky?""",0
tribute:L1917,dat_file,tribute,1917,,,4,tribute,"The phrase ""Set a thief to catch a thief"" had by this time (after strong",0
tribute:L1918,dat_file,tribute,1918,,,4,tribute,representations from the Thieves' Guilde) replaced a much older and,0
tribute:L1919,dat_file,tribute,1919,,,4,tribute,"quintessentially Ankh-Morpork proverb, which was ""Set a deep hole with",0
tribute:L1920,dat_file,tribute,1920,,,4,tribute,"spring-loaded sides, tripwires, whirling knife blades driven by water power,",0
tribute:L1921,dat_file,tribute,1921,,,4,tribute,"broken glass and scorpions, to catch a thief.""",0
tribute:L1928,dat_file,tribute,1928,,,4,tribute,"poorest beggar, apart from the fact that the former had lots of money,",0
tribute:L1929,dat_file,tribute,1929,,,4,tribute,"food, power, fine clothes, and good health.  But at least he wasn't",0
tribute:L1930,dat_file,tribute,1930,,,4,tribute,"any /better/.  Just richer, fatter, more powerful, better dressed and",0
tribute:L1931,dat_file,tribute,1931,,,4,tribute,healthier.  It had been like that for hundreds of years.,0
tribute:L1937,dat_file,tribute,1937,,,4,tribute,"""Might have been just an innocent bystander, sir,"" said Carrot.",0
tribute:L1939,dat_file,tribute,1939,,,4,tribute,"""What, in Ankh-Morpork?""",0
tribute:L1941,dat_file,tribute,1941,,,4,tribute,"""Yes, sir.""",0
tribute:L1943,dat_file,tribute,1943,,,4,tribute,"""We should have grabbed him, then, just for the rarity value,"" said Vimes.",0
tribute:L1949,dat_file,tribute,1949,,,4,tribute,"A number of religions in Ankh-Morpork still practised human sacrifice,",0
tribute:L1950,dat_file,tribute,1950,,,4,tribute,except that they really didn't need to practise any more because they had,0
tribute:L1951,dat_file,tribute,1951,,,4,tribute,got so good at it.  City law said that only condemned criminals should be,0
tribute:L1952,dat_file,tribute,1952,,,4,tribute,"used, but that was all right because in most of the religions refusing to",0
tribute:L1953,dat_file,tribute,1953,,,4,tribute,volunteer for sacrifice was an offense punishable by death.,0
tribute:L1959,dat_file,tribute,1959,,,4,tribute,There were times when an ape had to do what a man had to do...,0
tribute:L1961,dat_file,tribute,1961,,,4,tribute,The orangutan threw a complex salute and swung away into the darkness.,0
tribute:L1968,dat_file,tribute,1968,,,4,tribute,"""This is what it comes to!"" muttered Colon.  ""Decent women can't walk down",0
tribute:L1969,dat_file,tribute,1969,,,4,tribute,"the street without being eaten!  Right, you bastards, you're... you're",0
tribute:L1970,dat_file,tribute,1970,,,4,tribute,"/geography/--""",0
tribute:L1972,dat_file,tribute,1972,,,4,tribute,"""Sergeant!"" Carrot repeated urgently.",0
tribute:L1974,dat_file,tribute,1974,,,4,tribute,"""It's history, not geography,"" said Nobby.  ""That's what you're supposed to",0
tribute:L1975,dat_file,tribute,1975,,,4,tribute,"say.  History.  'You're history!' you say.""",0
tribute:L1977,dat_file,tribute,1977,,,4,tribute,"""Well, whatever,"" snapped Colon.  ""Let's see now--""",0
tribute:L1981,dat_file,tribute,1981,,,4,tribute,"""You heard the Man,"" he rasped.  ""One false move and you're... you're--"" he",0
tribute:L1982,dat_file,tribute,1982,,,4,tribute,"took a desperate stab at it--""you're Home Economics!""",0
tribute:L1998,dat_file,tribute,1998,,,4,tribute,"No enemies had ever taken Ankh-Morpork.  Well, /technically/ they had,",0
tribute:L1999,dat_file,tribute,1999,,,4,tribute,"quite often; the city welcomed free-spending barbarian invaders, but",0
tribute:L2000,dat_file,tribute,2000,,,4,tribute,"somehow the puzzled raiders always found, after a few days, that they",0
tribute:L2001,dat_file,tribute,2001,,,4,tribute,"didn't own their own horses anymore, and within a couple of months they",0
tribute:L2002,dat_file,tribute,2002,,,4,tribute,were just another minority group with its own graffiti and food shops.,0
tribute:L2008,dat_file,tribute,2008,,,4,tribute,"""I can see blue sky!"" said Eric.  ""Where do you think we'll come out?"" he",0
tribute:L2009,dat_file,tribute,2009,,,4,tribute,"added.  ""And when?""",0
tribute:L2011,dat_file,tribute,2011,,,4,tribute,"""Anywhere,"" said Rincewind.  ""Anytime.""",0
tribute:L2013,dat_file,tribute,2013,,,4,tribute,He looked down at the broad steps they were climbing.  They were something,0
tribute:L2015,dat_file,tribute,2015,,,4,tribute,"was just stepping on to, for example, read: I Meant It For The Best.",0
tribute:L2017,dat_file,tribute,2017,,,4,tribute,The next one was: I Thought You'd Like It.,0
tribute:L2019,dat_file,tribute,2019,,,4,tribute,Eric was standing on: For The Sake Of The Children.,0
tribute:L2021,dat_file,tribute,2021,,,4,tribute,"'Weird, isn't it?' he said.  'Why do it like this?'",0
tribute:L2023,dat_file,tribute,2023,,,4,tribute,"'I think they're meant to be good intentions,' said Rincewind.  This was a",0
tribute:L2024,dat_file,tribute,2024,,,4,tribute,"road to Hell, and demons were, after all, traditionalists.",0
tribute:L2030,dat_file,tribute,2030,,,4,tribute,"""It's a haunting,"" he ventured.  ""Some sort of ghost, maybe.  A bell, book",0
tribute:L2031,dat_file,tribute,2031,,,4,tribute,"and candle job.""",0
tribute:L2035,dat_file,tribute,2035,,,4,tribute,The Archchancellor leaned toward him.,0
tribute:L2039,dat_file,tribute,2039,,,4,tribute,"""I /said/, we tried that, Archchancellor,"" said the Bursar loudly,",0
tribute:L2040,dat_file,tribute,2040,,,4,tribute,"directing his voice at the old man's ear.  ""After dinner, you remember?",0
tribute:L2041,dat_file,tribute,2041,,,4,tribute,"We used Humptemper's /Names of the Ants/ and rang Old Tom.""(1)",0
tribute:L2045,dat_file,tribute,2045,,,4,tribute,"""/No/, Archchancellor.""",0
tribute:L2047,dat_file,tribute,2047,,,4,tribute,"""Eh?""",0
tribute:L2049,dat_file,tribute,2049,,,4,tribute,(1) Old Tom was the single cracked bronze bell in the University bell,0
tribute:L2050,dat_file,tribute,2050,,,4,tribute,"tower.  The clapper dropped out shortly after it was cast, but the bell",0
tribute:L2051,dat_file,tribute,2051,,,4,tribute,still tolled out some tremendously sonorous silences every hour.,0
tribute:L2057,dat_file,tribute,2057,,,4,tribute,Death pointedly picked invisible particles off the edge of his scythe.,0
tribute:L2059,dat_file,tribute,2059,,,4,tribute,The Archchancellor cupped a gnarled hand over his ear.,0
tribute:L2061,dat_file,tribute,2061,,,4,tribute,"""What'd he say?  Who's the fella with the stick?""",0
tribute:L2063,dat_file,tribute,2063,,,4,tribute,"""It's Death, Archchancellor,"" said the Bursar patiently.",0
tribute:L2065,dat_file,tribute,2065,,,4,tribute,"""Eh?""",0
tribute:L2067,dat_file,tribute,2067,,,4,tribute,"""It's Death, sir.  /You/ know.""",0
tribute:L2069,dat_file,tribute,2069,,,4,tribute,"""Tell him we don't want any,"" said the old wizard, waving his stick.",0
tribute:L2071,dat_file,tribute,2071,,,4,tribute,"The Bursar sighed.  ""We summoned him, Archchancellor.""",0
tribute:L2073,dat_file,tribute,2073,,,4,tribute,"""Is it?  What'd we go and do that for?  Bloody silly thing to do.""",0
tribute:L2075,dat_file,tribute,2075,,,4,tribute,The Bursar gave Death an embarrassed grin.  He was on the point of asking,0
tribute:L2076,dat_file,tribute,2076,,,4,tribute,"him to excuse the Archchancellor on account of age, but realized that this",0
tribute:L2077,dat_file,tribute,2077,,,4,tribute,would in the circumstances be a complete waste of breath.,0
tribute:L2079,dat_file,tribute,2079,,,4,tribute,"""Are we talking about the wizard Rincewind?  The one with the--"" the Bursar",0
tribute:L2080,dat_file,tribute,2080,,,4,tribute,"gave a shudder-- ""horrible Luggage on legs?  But he got blown up when there",0
tribute:L2081,dat_file,tribute,2081,,,4,tribute,"was all that business with the sourcerer, didn't he?""(1)",0
tribute:L2083,dat_file,tribute,2083,,,4,tribute,INTO THE DUNGEON DIMENSIONS.  AND NOW HE IS TRYING TO GET BACK HOME.,0
tribute:L2085,dat_file,tribute,2085,,,4,tribute,(1) The Bursar was referring obliquely to the difficult occasion when the,0
tribute:L2086,dat_file,tribute,2086,,,4,tribute,"University very nearly caused the end of the world, and would in fact have",0
tribute:L2087,dat_file,tribute,2087,,,4,tribute,"done so had it not been for a chain of events involving Rincewind, a magic",0
tribute:L2088,dat_file,tribute,2088,,,4,tribute,carpet and a half-brick in a sock.  (See /Sourcery/.)  The whole affair,0
tribute:L2089,dat_file,tribute,2089,,,4,tribute,"was very embarrassing to wizards, as it always is to people who find out",0
tribute:L2090,dat_file,tribute,2090,,,4,tribute,"afterward that they were on the wrong side all along,(2) and it is",0
tribute:L2091,dat_file,tribute,2091,,,4,tribute,remarkable how many of the University's senior staff were now adamant that,0
tribute:L2092,dat_file,tribute,2092,,,4,tribute,"at the time they had been off sick, visiting their aunt, or doing research",0
tribute:L2093,dat_file,tribute,2093,,,4,tribute,with the door locked while humming loudly and had had no idea of what was,0
tribute:L2094,dat_file,tribute,2094,,,4,tribute,going on outside.  There had been some desultory talk about putting up a,0
tribute:L2095,dat_file,tribute,2095,,,4,tribute,"statue to Rincewind but, by the curious alchemy that tends to apply in",0
tribute:L2096,dat_file,tribute,2096,,,4,tribute,"these sensitive issues, this quickly became a plaque, then a note on the",0
tribute:L2097,dat_file,tribute,2097,,,4,tribute,"Role of Honor, and finally a motion of censure for being improperly dressed.",0
tribute:L2099,dat_file,tribute,2099,,,4,tribute,"(2) ie, the one that lost.",0
tribute:L2105,dat_file,tribute,2105,,,4,tribute,"""Not that he was particularly successful.  It was all a bit trial and",0
tribute:L2106,dat_file,tribute,2106,,,4,tribute,"wossname.""",0
tribute:L2108,dat_file,tribute,2108,,,4,tribute,"""I thought you said great big scaly--""",0
tribute:L2110,dat_file,tribute,2110,,,4,tribute,"""Oh, /yes/.  But that wasn't what he was after.  He was trying to conjure",0
tribute:L2111,dat_file,tribute,2111,,,4,tribute,"up a succubus.""  It should be impossible to leer when all you've got is a",0
tribute:L2112,dat_file,tribute,2112,,,4,tribute,"beak, but the parrot managed it.  ""That's a female demon what comes in the",0
tribute:L2113,dat_file,tribute,2113,,,4,tribute,"night and makes mad passionate wossn--""",0
tribute:L2115,dat_file,tribute,2115,,,4,tribute,"""I've heard of them,"" said Rincewind.  ""Bloody dangerous things.""",0
tribute:L2117,dat_file,tribute,2117,,,4,tribute,"The parrot put its head on one side.  ""It never worked.  All he ever got",0
tribute:L2118,dat_file,tribute,2118,,,4,tribute,"was a neuralger.""",0
tribute:L2120,dat_file,tribute,2120,,,4,tribute,"""What's that?""",0
tribute:L2122,dat_file,tribute,2122,,,4,tribute,"""It's a demon that comes and has a headache at you.""",0
tribute:L2128,dat_file,tribute,2128,,,4,tribute,"Demons and their Hell are quite different from the Dungeon Dimensions,",0
tribute:L2129,dat_file,tribute,2129,,,4,tribute,"those endless parallel wastelands outside space and time.  The sad, mad",0
tribute:L2130,dat_file,tribute,2130,,,4,tribute,Things in the Dungeon Dimensions have no understanding of the world but,0
tribute:L2131,dat_file,tribute,2131,,,4,tribute,simply crave light and shape and try to warm themselves by the fires of,0
tribute:L2132,dat_file,tribute,2132,,,4,tribute,"reality, clustering around it with about the same effect--if they ever",0
tribute:L2133,dat_file,tribute,2133,,,4,tribute,broke through--as an ocean trying to warm itself around a candle.  Whereas,0
tribute:L2134,dat_file,tribute,2134,,,4,tribute,"demons belong to the same space-time wossname, more or less, as humans,",0
tribute:L2135,dat_file,tribute,2135,,,4,tribute,and have a deep and abiding interest in humanity's day-to-day affairs.,0
tribute:L2136,dat_file,tribute,2136,,,4,tribute,"Interestingly enough, the gods of the Disc have never bothered much about",0
tribute:L2137,dat_file,tribute,2137,,,4,tribute,"judging the souls of the dead, so people can only go to hell if that's",0
tribute:L2138,dat_file,tribute,2138,,,4,tribute,"where they believe, in their deepest heart, that they deserve to go.",0
tribute:L2139,dat_file,tribute,2139,,,4,tribute,Which they won't do if they don't know about it.  This explains why it is,0
tribute:L2140,dat_file,tribute,2140,,,4,tribute,important to shoot missionaries on sight.,0
tribute:L2146,dat_file,tribute,2146,,,4,tribute,"""Multiple exclamation marks,"" he went on, shaking his head, ""are a sure",0
tribute:L2147,dat_file,tribute,2147,,,4,tribute,"sign of a diseased mind.""",0
tribute:L2153,dat_file,tribute,2153,,,4,tribute,"""So you didn't find the Fountain of Youth, then,"" he said, feeling that he",0
tribute:L2154,dat_file,tribute,2154,,,4,tribute,should make some conversation.,0
tribute:L2156,dat_file,tribute,2156,,,4,tribute,"""Oh, but I did,"" said da Quirm earnestly.  ""A clear spring, deep in the",0
tribute:L2157,dat_file,tribute,2157,,,4,tribute,"jungle.  It was very impressive.  I had a good long drink, too.  Or draft,",0
tribute:L2158,dat_file,tribute,2158,,,4,tribute,which I think is the more appropriate word.,0
tribute:L2160,dat_file,tribute,2160,,,4,tribute,"""And--?"" said Rincewind.",0
tribute:L2162,dat_file,tribute,2162,,,4,tribute,"""It definitely worked.  Yes.  For a while there I could definitely feel",0
tribute:L2163,dat_file,tribute,2163,,,4,tribute,myself getting younger.,0
tribute:L2165,dat_file,tribute,2165,,,4,tribute,"""But--"" Rincewind waved a vague hand to take in da Quirm, the treadmill,",0
tribute:L2166,dat_file,tribute,2166,,,4,tribute,the towering circles of the Pit.,0
tribute:L2168,dat_file,tribute,2168,,,4,tribute,"""Ah,"" said the old man.  ""Of course, that's the really annoying bit.  I'd",0
tribute:L2169,dat_file,tribute,2169,,,4,tribute,"read so much about the Fountain, and you'd have thought someone in all",0
tribute:L2170,dat_file,tribute,2170,,,4,tribute,"those books would have mentioned the really vital thing about the water,",0
tribute:L2171,dat_file,tribute,2171,,,4,tribute,"wouldn't you?""",0
tribute:L2173,dat_file,tribute,2173,,,4,tribute,"""Which was--?""",0
tribute:L2175,dat_file,tribute,2175,,,4,tribute,"""/Boil it first./  Says it all, doesn't it?  Terrible shame, really.""",0
tribute:L2181,dat_file,tribute,2181,,,4,tribute,The Luggage trotted down the great spiral road that linked the circles of,0
tribute:L2182,dat_file,tribute,2182,,,4,tribute,the Pit.  Even if conditions had been normal it probably would not have,0
tribute:L2183,dat_file,tribute,2183,,,4,tribute,"attracted much attention.  If anything, it was rather less astonishing",0
tribute:L2184,dat_file,tribute,2184,,,4,tribute,than most of the denizens.,0
tribute:L2197,dat_file,tribute,2197,,,4,tribute,"(Except that of course you can't have a /final/ frontier, because there'd",0
tribute:L2198,dat_file,tribute,2198,,,4,tribute,"be nothing for it to be a frontier /to/, but as frontiers go, it's pretty",0
tribute:L2199,dat_file,tribute,2199,,,4,tribute,penultimate...),0
tribute:L2205,dat_file,tribute,2205,,,4,tribute,"By and large, the only skill the alchemists of Ankh-Morpork had discovered",0
tribute:L2206,dat_file,tribute,2206,,,4,tribute,so far was the ability to turn gold into less gold.,0
tribute:L2214,dat_file,tribute,2214,,,4,tribute,He looked down.  There was a dog sitting by his feet.,0
tribute:L2216,dat_file,tribute,2216,,,4,tribute,"It was small, bow-legged and wiry, and basically grey but with patches of",0
tribute:L2219,dat_file,tribute,2219,,,4,tribute,It was certainly the most penetrating stare Victor had ever seen.  It,0
tribute:L2220,dat_file,tribute,2220,,,4,tribute,"wasn't menacing, or fawning.  It was just very slow and very thorough, as",0
tribute:L2221,dat_file,tribute,2221,,,4,tribute,though the dog was memorising details so that it could give a full,0
tribute:L2222,dat_file,tribute,2222,,,4,tribute,description to the authorities later.,0
tribute:L2226,dat_file,tribute,2226,,,4,tribute,Victor let his gaze slide downwards.  There was nothing there but the little,0
tribute:L2227,dat_file,tribute,2227,,,4,tribute,"dog, industriously scratching itself.  It looked up slowly, and said ""Woof?""",0
tribute:L2231,dat_file,tribute,2231,,,4,tribute,Victor poked an exploratory finger in his ear.  It must have  been a trick,0
tribute:L2232,dat_file,tribute,2232,,,4,tribute,"of an echo, or something.  It wasn't that the dog had gone ""woof!"", although",0
tribute:L2233,dat_file,tribute,2233,,,4,tribute,that was practically unique in itself; most dogs in the universe /never/,0
tribute:L2234,dat_file,tribute,2234,,,4,tribute,"went ""woof!"", they had complicated barks like ""whuuugh!"" and ""hwhoouf!"".",0
tribute:L2235,dat_file,tribute,2235,,,4,tribute,"No, it was that it hadn't in fact /barked/ at all.  It had /said/ ""woof"".",0
tribute:L2240,dat_file,tribute,2240,,,4,tribute,"""Could have bin worse, mister.  I could have said 'miaow'.""",0
tribute:L2246,dat_file,tribute,2246,,,4,tribute,"""'Twas beauty killed the beast,"" said the Dean, who liked to say things",0
tribute:L2247,dat_file,tribute,2247,,,4,tribute,like that.,0
tribute:L2249,dat_file,tribute,2249,,,4,tribute,"""No it wasn't,"" said the Chair.  ""It was it splatting into the ground like",0
tribute:L2250,dat_file,tribute,2250,,,4,tribute,"that.""",0
tribute:L2256,dat_file,tribute,2256,,,4,tribute,"There's a saying that all roads lead to Ankh-Morpork, greatest of Discworld",0
tribute:L2257,dat_file,tribute,2257,,,4,tribute,cities.,0
tribute:L2259,dat_file,tribute,2259,,,4,tribute,"At least, there's a /saying/ that there's a saying that all roads lead to",0
tribute:L2260,dat_file,tribute,2260,,,4,tribute,Ankh-Morpork.,0
tribute:L2262,dat_file,tribute,2262,,,4,tribute,"And it's wrong.  All roads lead /away/ from Ankh-Morpork, but sometimes",0
tribute:L2263,dat_file,tribute,2263,,,4,tribute,people just walk along them the wrong way.,0
tribute:L2269,dat_file,tribute,2269,,,4,tribute,"""Rain's stopped.  Let's go over the wall,"" he said.  ""We deserve a drink.""",0
tribute:L2271,dat_file,tribute,2271,,,4,tribute,"Victor waggled a finger.  ""Just one drink, then.  Got to keep sober,"" he",0
tribute:L2272,dat_file,tribute,2272,,,4,tribute,"said.  ""It's Finals tomorrow.  Got to keep a clear head!""",0
tribute:L2274,dat_file,tribute,2274,,,4,tribute,"""Huh!"", said Ponder.",0
tribute:L2276,dat_file,tribute,2276,,,4,tribute,"Of course, it's very important to be sober when you take an exam.  Many",0
tribute:L2277,dat_file,tribute,2277,,,4,tribute,"worthwhile careers in the street-cleansing, fruit-picking and subway-guitar-",0
tribute:L2278,dat_file,tribute,2278,,,4,tribute,playing industries have been founded on a lack of understanding of this,0
tribute:L2279,dat_file,tribute,2279,,,4,tribute,simple fact.,0
tribute:L2286,dat_file,tribute,2286,,,4,tribute,Victor Tugelbend was also the laziest person in the history of the world.,0
tribute:L2288,dat_file,tribute,2288,,,4,tribute,"Not simply, ordinarily lazy.  Ordinary laziness was merely the absence of",0
tribute:L2289,dat_file,tribute,2289,,,4,tribute,"effort.  Victor had passed through there a long time ago, had gone straight",0
tribute:L2290,dat_file,tribute,2290,,,4,tribute,through commonplace idleness and out on the far side.  He put more effort,0
tribute:L2291,dat_file,tribute,2291,,,4,tribute,into avoiding work than most people put into hard labour.,0
tribute:L2297,dat_file,tribute,2297,,,4,tribute,Cut-me-own-Throat Dibbler was one of those rare people with the ability to,0
tribute:L2298,dat_file,tribute,2298,,,4,tribute,think in straight lines.,0
tribute:L2300,dat_file,tribute,2300,,,4,tribute,"Most people think in curves and zig-zags.  For example, they start with a",0
tribute:L2301,dat_file,tribute,2301,,,4,tribute,"thought like:  I wonder how I can become very rich, and then proceed along",0
tribute:L2302,dat_file,tribute,2302,,,4,tribute,an uncertain course which includes thoughts like:  I wonder what's for,0
tribute:L2303,dat_file,tribute,2303,,,4,tribute,"supper, and:  I wonder who I know that can lend me five dollars?",0
tribute:L2305,dat_file,tribute,2305,,,4,tribute,Whereas Throat was one of those people who could identify the thought at the,0
tribute:L2306,dat_file,tribute,2306,,,4,tribute,"other end of the process, in this case /I am now very rich/, draw a line",0
tribute:L2307,dat_file,tribute,2307,,,4,tribute,"between the two, and then think his way along it, slowly and patiently,",0
tribute:L2308,dat_file,tribute,2308,,,4,tribute,until he got to the other end.,0
tribute:L2310,dat_file,tribute,2310,,,4,tribute,"Not that it worked.  There was always, he found, some small but vital flaw",0
tribute:L2312,dat_file,tribute,2312,,,4,tribute,people to buy what he had to sell.,0
tribute:L2318,dat_file,tribute,2318,,,4,tribute,"""Tell me, Mr Dibbler."" said Silverfish, ""what exactly is your profession?""",0
tribute:L2320,dat_file,tribute,2320,,,4,tribute,"""I sell merchandise,"" said Dibbler.",0
tribute:L2322,dat_file,tribute,2322,,,4,tribute,"""Mostly sausages,"" Victor volunteered.",0
tribute:L2324,dat_file,tribute,2324,,,4,tribute,"""/And/ merchandise,"" said Dibbler, sharply.  ""I only sell sausages when the",0
tribute:L2325,dat_file,tribute,2325,,,4,tribute,"merchandising trade is a bit slow.""",0
tribute:L2327,dat_file,tribute,2327,,,4,tribute,"""And the sale of sausages leads you to believe you can make better moving",0
tribute:L2328,dat_file,tribute,2328,,,4,tribute,"pictures?"" said Silverfish.  ""Anyone can sell sausages!  Isn't that so,",0
tribute:L2329,dat_file,tribute,2329,,,4,tribute,"Victor?""",0
tribute:L2331,dat_file,tribute,2331,,,4,tribute,"""Well..."" said Victor, reluctantly.  No-one except Dibbler could possibly",0
tribute:L2332,dat_file,tribute,2332,,,4,tribute,sell Dibbler's sausages.,0
tribute:L2334,dat_file,tribute,2334,,,4,tribute,"""There you are then,"" said Silverfish.",0
tribute:L2336,dat_file,tribute,2336,,,4,tribute,"""The thing is,"" said Victor, ""that Mr Dibbler can even sell sausages to",0
tribute:L2337,dat_file,tribute,2337,,,4,tribute,"people who have bought them off him /before/.""",0
tribute:L2339,dat_file,tribute,2339,,,4,tribute,"""That's right!"" said Dibbler.  He beamed at Victor.",0
tribute:L2341,dat_file,tribute,2341,,,4,tribute,"""And a man who could sell Mr Dibbler's sausages twice could sell anything,""",0
tribute:L2342,dat_file,tribute,2342,,,4,tribute,said Victor.,0
tribute:L2349,dat_file,tribute,2349,,,4,tribute,Borgle's commissary had decided to experiment with salads tonight.  The,0
tribute:L2350,dat_file,tribute,2350,,,4,tribute,nearest salad growing district was thirty slow miles away.,0
tribute:L2352,dat_file,tribute,2352,,,4,tribute,"""What dis?"" demanded a troll, holding up something limp and brown.",0
tribute:L2354,dat_file,tribute,2354,,,4,tribute,Fruntkin the short-order chef hazarded a guess.,0
tribute:L2356,dat_file,tribute,2356,,,4,tribute,"""Celery?"" he said.  He peered closer.  ""Yeah, celery.""",0
tribute:L2358,dat_file,tribute,2358,,,4,tribute,"""It /brown/.""",0
tribute:L2360,dat_file,tribute,2360,,,4,tribute,"""'S'right.  'S'right!  Ripe celery ort to be brown,"" said Fruntkin, quickly.",0
tribute:L2361,dat_file,tribute,2361,,,4,tribute,"""Shows it's ripe,"" he added.",0
tribute:L2363,dat_file,tribute,2363,,,4,tribute,"""It should be /green/.""",0
tribute:L2365,dat_file,tribute,2365,,,4,tribute,"""Nah.  Yore finking about the tomatoes,"" said Fruntkin.",0
tribute:L2367,dat_file,tribute,2367,,,4,tribute,"""Yeah, and what's this runny stuff?"" said a man in the queue.",0
tribute:L2369,dat_file,tribute,2369,,,4,tribute,Fruntkin drew himself up to his full height.,0
tribute:L2372,dat_file,tribute,2372,,,4,tribute,added proudly.,0
tribute:L2374,dat_file,tribute,2374,,,4,tribute,"""Yead, I expect you did,"" said the man, prodding it.  ""Clearly oil, eggs",0
tribute:L2375,dat_file,tribute,2375,,,4,tribute,"and vinegar were not involved, right?""",0
tribute:L2377,dat_file,tribute,2377,,,4,tribute,"""Specialitay de lar mayson,"" said Fruntkin.",0
tribute:L2379,dat_file,tribute,2379,,,4,tribute,"""Right, right,"" said the man.  ""Only it's attacking my lettuce.""",0
tribute:L2381,dat_file,tribute,2381,,,4,tribute,Fruntkin grasped his ladle angrily.,0
tribute:L2383,dat_file,tribute,2383,,,4,tribute,"""Look--"" he began.",0
tribute:L2385,dat_file,tribute,2385,,,4,tribute,"""No, it's all right,"" said the prospective diner.  ""The slugs have formed a",0
tribute:L2386,dat_file,tribute,2386,,,4,tribute,"defensive ring.""",0
tribute:L2392,dat_file,tribute,2392,,,4,tribute,"""Er, I was just wondering, Mr Dibbler... what is my motivation for this",0
tribute:L2393,dat_file,tribute,2393,,,4,tribute,"scene?""",0
tribute:L2395,dat_file,tribute,2395,,,4,tribute,"""Motivation?""",0
tribute:L2397,dat_file,tribute,2397,,,4,tribute,"""Yes.  Er.  I got to know, see,"" said Rock.",0
tribute:L2399,dat_file,tribute,2399,,,4,tribute,"""How about:  I'll fire you if you don't do it properly?""",0
tribute:L2401,dat_file,tribute,2401,,,4,tribute,"Rock grinned.  ""Right you are, Mr Dibbler,"" he said.",0
tribute:L2407,dat_file,tribute,2407,,,4,tribute,Magic wasn't difficult.  That was the big secret that the whole baroque,0
tribute:L2408,dat_file,tribute,2408,,,4,tribute,edifice of wizardry had been set up to conceal.  Anyone with a bit of,0
tribute:L2409,dat_file,tribute,2409,,,4,tribute,"intelligence and enough perseverance could do magic, which was why the",0
tribute:L2410,dat_file,tribute,2410,,,4,tribute,wizards cloaked it with rituals and the whole pointy-hat business.,0
tribute:L2412,dat_file,tribute,2412,,,4,tribute,The trick was to do magic and /get away with it/.,0
tribute:L2414,dat_file,tribute,2414,,,4,tribute,Because it was as if the human race was a field of corn and magic helped,0
tribute:L2415,dat_file,tribute,2415,,,4,tribute,"the users grow just that bit taller, so that they stood out.  That",0
tribute:L2416,dat_file,tribute,2416,,,4,tribute,attracted the attention of gods and--Victor hesitated--other Things outside,0
tribute:L2417,dat_file,tribute,2417,,,4,tribute,this world.  People who used magic without knowing what they were doing,0
tribute:L2418,dat_file,tribute,2418,,,4,tribute,usually came to a sticky end.,0
tribute:L2420,dat_file,tribute,2420,,,4,tribute,"All over the entire room, sometimes.",0
tribute:L2427,dat_file,tribute,2427,,,4,tribute,"Sunnink dreadful in there, he thought.  Prob'ly tentacled fings that rips",0
tribute:L2428,dat_file,tribute,2428,,,4,tribute,"your face off.  I mean, when you finds mysterious doors in old hills, it",0
tribute:L2429,dat_file,tribute,2429,,,4,tribute,stands to reason wot comes out ain't going to be pleased to see you.  Evil,0
tribute:L2430,dat_file,tribute,2430,,,4,tribute,"creatures wot Man shouldn't wot of, and here's one dog wot don't want to",0
tribute:L2431,dat_file,tribute,2431,,,4,tribute,wot of them either.,0
tribute:L2438,dat_file,tribute,2438,,,4,tribute,"""[...]  Detritus, throw this bum out!""",0
tribute:L2440,dat_file,tribute,2440,,,4,tribute,"""Right you are, Mr Dibbler,"" rumbled the troll, gripping Silverfish's",0
tribute:L2441,dat_file,tribute,2441,,,4,tribute,collar.,0
tribute:L2443,dat_file,tribute,2443,,,4,tribute,"""You haven't heard the last of this, you--you scheming, devious",0
tribute:L2444,dat_file,tribute,2444,,,4,tribute,"megalomaniac!""",0
tribute:L2446,dat_file,tribute,2446,,,4,tribute,Dibbler removed his cigar.,0
tribute:L2448,dat_file,tribute,2448,,,4,tribute,"""That's /Mister/ Megalomaniac to you,"" he said.",0
tribute:L2504,dat_file,tribute,2504,,,4,tribute,"It was later that the story of Windle Poons really came to an end, if",0
tribute:L2505,dat_file,tribute,2505,,,4,tribute,"""story"" means all that he did and caused and set in motion.  In the Ramtop",0
tribute:L2506,dat_file,tribute,2506,,,4,tribute,"villages where they dance the real Morris dance, for example, they believe",0
tribute:L2507,dat_file,tribute,2507,,,4,tribute,that no one is finally dead until the ripples they cause in the world die,0
tribute:L2508,dat_file,tribute,2508,,,4,tribute,"away--until the clock he wound up winds down, until the wine she made has",0
tribute:L2509,dat_file,tribute,2509,,,4,tribute,"finished its ferment, until the crop they planted is harvested.  The span",0
tribute:L2510,dat_file,tribute,2510,,,4,tribute,"of someone's life, they say, is only the core of their actual existence.",0
tribute:L2516,dat_file,tribute,2516,,,4,tribute,"Five exclamation marks, the sure sign of an insane mind.",0
tribute:L2523,dat_file,tribute,2523,,,4,tribute,"how fast light travels it finds the darkness has always got there first,",0
tribute:L2524,dat_file,tribute,2524,,,4,tribute,and is waiting for it.,0
tribute:L2530,dat_file,tribute,2530,,,4,tribute,"""That's not fair, you know.  If we knew when we were going to die, people",0
tribute:L2531,dat_file,tribute,2531,,,4,tribute,"would lead better lives.""",0
tribute:L2533,dat_file,tribute,2533,,,4,tribute,"IF PEOPLE KNEW WHEN THEY WERE GOING TO DIE, I THINK THEY PROBABLY WOULDN'T",0
tribute:L2534,dat_file,tribute,2534,,,4,tribute,LIVE AT ALL.,0
tribute:L2540,dat_file,tribute,2540,,,4,tribute,YOU FEAR TO DIE?,0
tribute:L2542,dat_file,tribute,2542,,,4,tribute,"""It's not that I don't want... I mean, I've always... it's just that life",0
tribute:L2543,dat_file,tribute,2543,,,4,tribute,"is a habit that's hard to break...""",0
tribute:L2549,dat_file,tribute,2549,,,4,tribute,Wizards don't believe in gods in the same way that most people don't find it,0
tribute:L2550,dat_file,tribute,2550,,,4,tribute,"necessary to believe in, say, tables.  They know they're there, they know",0
tribute:L2551,dat_file,tribute,2551,,,4,tribute,"they're there for a purpose, they'd probably agree that they have a place in",0
tribute:L2552,dat_file,tribute,2552,,,4,tribute,"a well-organized universe, but they wouldn't see the point of /believing/,",0
tribute:L2553,dat_file,tribute,2553,,,4,tribute,"of going around saying, ""O great table, without whom we are as naught"".",0
tribute:L2554,dat_file,tribute,2554,,,4,tribute,"Anyway, either the gods are there whether you believe or not, or exist only",0
tribute:L2555,dat_file,tribute,2555,,,4,tribute,"as a function of the belief, so either way you might as well ignore the",0
tribute:L2558,dat_file,tribute,2558,,,4,tribute,"Nevertheless, there is a small chapel off the University's Great Hall,",0
tribute:L2559,dat_file,tribute,2559,,,4,tribute,because while the wizards stand right behind the philosophy as outlined,0
tribute:L2560,dat_file,tribute,2560,,,4,tribute,"above, you don't become a successful wizard by getting up gods' noses even",0
tribute:L2561,dat_file,tribute,2561,,,4,tribute,if those noses only exist in an ethereal or metaphorical sense.  Because,0
tribute:L2562,dat_file,tribute,2562,,,4,tribute,while wizards don't believe in gods they know for a fact that /gods/ believe,0
tribute:L2570,dat_file,tribute,2570,,,4,tribute,"""Sergeant!""",0
tribute:L2572,dat_file,tribute,2572,,,4,tribute,Colon froze.  Then he looked down.  A face was staring up at him from ground,0
tribute:L2573,dat_file,tribute,2573,,,4,tribute,"level.  When he'd got a grip on himself, he made out the sharp features of",0
tribute:L2574,dat_file,tribute,2574,,,4,tribute,"his old friend Cut-Me-Own-Throat Dibbler, the Discworld's walking, talking",0
tribute:L2575,dat_file,tribute,2575,,,4,tribute,argument in favour of the theory that mankind had descended from a species,0
tribute:L2576,dat_file,tribute,2576,,,4,tribute,of rodent.  C. M. O. T. Dibbler like to describe himself as a merchant,0
tribute:L2577,dat_file,tribute,2577,,,4,tribute,adventurer; everyone else liked to describe him as itinerant pedlar whose,0
tribute:L2578,dat_file,tribute,2578,,,4,tribute,"moneymaking schemes were always let down by some small but vital flaw, such",0
tribute:L2579,dat_file,tribute,2579,,,4,tribute,"as trying to sell things he didn't own or which didn't work or, sometimes,",0
tribute:L2580,dat_file,tribute,2580,,,4,tribute,"didn't even exist.  Fairy gold is well known to evaporate by morning, but",0
tribute:L2581,dat_file,tribute,2581,,,4,tribute,it was a reinforced concrete slab by comparison to some of Dibbler's,0
tribute:L2582,dat_file,tribute,2582,,,4,tribute,merchandise.,0
tribute:L2588,dat_file,tribute,2588,,,4,tribute,"Over the fireplace was an ornamental candlestick, fixed to a bracket on the",0
tribute:L2589,dat_file,tribute,2589,,,4,tribute,wall.  It was such a familiar piece of furniture that Windle hadn't really,0
tribute:L2590,dat_file,tribute,2590,,,4,tribute,seen it for fifty years.,0
tribute:L2592,dat_file,tribute,2592,,,4,tribute,"It was coming unscrewed.  It spun around slowly, squeaking once a turn.",0
tribute:L2593,dat_file,tribute,2593,,,4,tribute,After half a dozen turns it fell off and clattered to the floor.,0
tribute:L2595,dat_file,tribute,2595,,,4,tribute,Inexplicable phenomena were not in themselves unusual on the Discworld.(1),0
tribute:L2596,dat_file,tribute,2596,,,4,tribute,"It was just that they normally had more point, or at least were a bit more",0
tribute:L2597,dat_file,tribute,2597,,,4,tribute,interesting.,0
tribute:L2599,dat_file,tribute,2599,,,4,tribute,"(1) Rains of fish, for example, were so common in the little land-locked",0
tribute:L2600,dat_file,tribute,2600,,,4,tribute,"village of Pine Dressers that it had a flourishing smoking, canning and",0
tribute:L2601,dat_file,tribute,2601,,,4,tribute,kipper filleting industry.  And in the mountain regions of Syrrit many,0
tribute:L2602,dat_file,tribute,2602,,,4,tribute,"sheep, left out in the fields all night, would be found in the morning to",0
tribute:L2604,dat_file,tribute,2604,,,4,tribute,agency.,0
tribute:L2610,dat_file,tribute,2610,,,4,tribute,"""And now let's put the lid on and go and have some lunch,"" said Ridcully.",0
tribute:L2612,dat_file,tribute,2612,,,4,tribute,"rest of your life.""",0
tribute:L2614,dat_file,tribute,2614,,,4,tribute,"Windle lay in the darkness, listening to the hammering.  There was a thump",0
tribute:L2615,dat_file,tribute,2615,,,4,tribute,and a muffled imprecation against the Dean for not holding the end properly.,0
tribute:L2616,dat_file,tribute,2616,,,4,tribute,"And then the patter of soil on the lid, getting fainter and more distant.",0
tribute:L2618,dat_file,tribute,2618,,,4,tribute,After a while a distant rumbling suggested that the commerce of the city,0
tribute:L2619,dat_file,tribute,2619,,,4,tribute,was being resumed.  He could even hear muffled voices.,0
tribute:L2621,dat_file,tribute,2621,,,4,tribute,He banged on the coffin lid.,0
tribute:L2623,dat_file,tribute,2623,,,4,tribute,"""Can you keep it down?"" he demanded.  ""There's people down here trying to",0
tribute:L2624,dat_file,tribute,2624,,,4,tribute,"be dead!""",0
tribute:L2626,dat_file,tribute,2626,,,4,tribute,He heard the voices stop.  There was the sound of feet hurrying away.,0
tribute:L2632,dat_file,tribute,2632,,,4,tribute,"Everything that exists, yearns to live.  That's what the cycle of life is",0
tribute:L2633,dat_file,tribute,2633,,,4,tribute,all about.  That's the engine that drives the great biological pumps of,0
tribute:L2634,dat_file,tribute,2634,,,4,tribute,"evolution.  Everything tries to inch its way up the tree, clawing or",0
tribute:L2635,dat_file,tribute,2635,,,4,tribute,tentacling or sliming its way up to the next niche until it gets to the,0
tribute:L2636,dat_file,tribute,2636,,,4,tribute,"very top--which, on the whole, never seems to have been worth all the",0
tribute:L2637,dat_file,tribute,2637,,,4,tribute,effort.,0
tribute:L2639,dat_file,tribute,2639,,,4,tribute,"Everything that exists, yearns to live.  Even things that are not alive.",0
tribute:L2640,dat_file,tribute,2640,,,4,tribute,"Things that have a kind of sub-life, a metaphorical life, an /almost/ life.",0
tribute:L2641,dat_file,tribute,2641,,,4,tribute,"And now, in the same way that a sudden hot spell brings forth unnatural and",0
tribute:L2642,dat_file,tribute,2642,,,4,tribute,exotic blooms...,0
tribute:L2648,dat_file,tribute,2648,,,4,tribute,Dead.  That was the point.  All the religions had very strong views about,0
tribute:L2649,dat_file,tribute,2649,,,4,tribute,talking to the dead.  And so did Mrs Cake.  They held that it was sinful.,0
tribute:L2650,dat_file,tribute,2650,,,4,tribute,Mrs Cake held that it was only common courtesy.,0
tribute:L2652,dat_file,tribute,2652,,,4,tribute,This usually led to a fierce ecclesiastical debate which resulted in Mrs,0
tribute:L2654,dat_file,tribute,2654,,,4,tribute,were so many pieces of Mrs Cake's mind left around the city now that it,0
tribute:L2655,dat_file,tribute,2655,,,4,tribute,"was quite surprising that there was enough left to power Mrs Cake but,",0
tribute:L2656,dat_file,tribute,2656,,,4,tribute,"strangely enough, the more pieces of her mind she gave away the more there",0
tribute:L2657,dat_file,tribute,2657,,,4,tribute,seemed to be left.,0
tribute:L2663,dat_file,tribute,2663,,,4,tribute,"""No--"" Ridcully began, and realised that it was hopeless.  And he was losing",0
tribute:L2664,dat_file,tribute,2664,,,4,tribute,the initiative.  He carefully formulated the most genteel battle cry in the,0
tribute:L2665,dat_file,tribute,2665,,,4,tribute,"history of bowdlerism,",0
tribute:L2667,dat_file,tribute,2667,,,4,tribute,"""Darn them to Heck!"" he yelled, and ran after the Dean.",0
tribute:L2673,dat_file,tribute,2673,,,4,tribute,Miss Flitworth disappeared into the scullery.  There was the creaking of a,0
tribute:L2674,dat_file,tribute,2674,,,4,tribute,pump.  She returned with a damp flannel and a glass of water.,0
tribute:L2676,dat_file,tribute,2676,,,4,tribute,THERE'S A NEWT IN IT!,0
tribute:L2678,dat_file,tribute,2678,,,4,tribute,"""Shows it's fresh,"" said Miss Flitworth,(1) fishing the amphibian out and",0
tribute:L2679,dat_file,tribute,2679,,,4,tribute,"releasing it on the flagstones, where it scuttled away into a crack.",0
tribute:L2681,dat_file,tribute,2681,,,4,tribute,(1) People have believed for hundreds of years that newts in a well mean,0
tribute:L2682,dat_file,tribute,2682,,,4,tribute,"that the water's fresh and drinkable, and /in all that time/ never asked",0
tribute:L2683,dat_file,tribute,2683,,,4,tribute,themselves whether the newts got out to go to the lavatory.,0
tribute:L2689,dat_file,tribute,2689,,,4,tribute,"""Have you got any last words?""",0
tribute:L2691,dat_file,tribute,2691,,,4,tribute,YES.  I DON'T WANT TO GO.,0
tribute:L2693,dat_file,tribute,2693,,,4,tribute,"""Well.  Succinct, anyway.""",0
tribute:L2699,dat_file,tribute,2699,,,4,tribute,"""Where's everyone gone, Librarian?""",0
tribute:L2701,dat_file,tribute,2701,,,4,tribute,"""Oook oook.""",0
tribute:L2703,dat_file,tribute,2703,,,4,tribute,"""Just like them.  I'd have done that.  Rush off without thinking.  May the",0
tribute:L2704,dat_file,tribute,2704,,,4,tribute,"gods bless them and help them, if they can find the time from their family",0
tribute:L2705,dat_file,tribute,2705,,,4,tribute,"squabbles.""",0
tribute:L2707,dat_file,tribute,2707,,,4,tribute,"And then he thought:  well, what now?  I've thought, and what am I going to",0
tribute:L2708,dat_file,tribute,2708,,,4,tribute,do?,0
tribute:L2710,dat_file,tribute,2710,,,4,tribute,"Rush off, or course,  But slowly.",0
tribute:L2721,dat_file,tribute,2721,,,4,tribute,"Vampires have risen from the dead, the grave and the crypt, but have never",0
tribute:L2722,dat_file,tribute,2722,,,4,tribute,managed it from the cat.,0
tribute:L2728,dat_file,tribute,2728,,,4,tribute,Desiderata Hollow was making her will.,0
tribute:L2730,dat_file,tribute,2730,,,4,tribute,"When Desiderata Hollow was a girl, her grandmother had given her four",0
tribute:L2731,dat_file,tribute,2731,,,4,tribute,important pieces of advice to guide her young footsteps on the unexpectedly,0
tribute:L2732,dat_file,tribute,2732,,,4,tribute,twisting pathway of life.,0
tribute:L2734,dat_file,tribute,2734,,,4,tribute,They were:,0
tribute:L2736,dat_file,tribute,2736,,,4,tribute,"Never trust a dog with orange eyebrows,",0
tribute:L2738,dat_file,tribute,2738,,,4,tribute,"Always get the young man's name and address,",0
tribute:L2740,dat_file,tribute,2740,,,4,tribute,"Never get between two mirrors,",0
tribute:L2742,dat_file,tribute,2742,,,4,tribute,And always wear completely clean underwear every day because you never knew,0
tribute:L2743,dat_file,tribute,2743,,,4,tribute,when you were going to be knocked down and killed by a runaway horse and if,0
tribute:L2744,dat_file,tribute,2744,,,4,tribute,"people found you had unsatisfactory underwear on, you'd die of shame.",0
tribute:L2746,dat_file,tribute,2746,,,4,tribute,And then Desiderata grew up to become a witch.  And one of the minor,0
tribute:L2747,dat_file,tribute,2747,,,4,tribute,benefits of being a witch is that you know exactly when you're going to die,0
tribute:L2748,dat_file,tribute,2748,,,4,tribute,and can wear what underwear you like.(1),0
tribute:L2750,dat_file,tribute,2750,,,4,tribute,"That had been eighty years earlier, when the idea of knowing exactly when",0
tribute:L2751,dat_file,tribute,2751,,,4,tribute,"you were going to die had seemed quite attractive because secretly, of",0
tribute:L2752,dat_file,tribute,2752,,,4,tribute,"course, you knew you were going to live forever.",0
tribute:L2754,dat_file,tribute,2754,,,4,tribute,That was then.,0
tribute:L2756,dat_file,tribute,2756,,,4,tribute,And this was now.,0
tribute:L2758,dat_file,tribute,2758,,,4,tribute,Forever didn't seem to last as long these days as once it did.,0
tribute:L2760,dat_file,tribute,2760,,,4,tribute,(1) Which explains a lot about witches.,0
tribute:L2766,dat_file,tribute,2766,,,4,tribute,"""You know,"" said Nanny, investigating the recesses of the basket, ""whenever",0
tribute:L2767,dat_file,tribute,2767,,,4,tribute,"I deals with dwarfs, the phrase 'Duck's arse' swims across my mind.""",0
tribute:L2769,dat_file,tribute,2769,,,4,tribute,"""Mean little devils.  You should see the prices they tries to charge me",0
tribute:L2770,dat_file,tribute,2770,,,4,tribute,"when I takes my broom to be repaired,"" said Granny.",0
tribute:L2772,dat_file,tribute,2772,,,4,tribute,"""Yes, but you never pay,"" said Magrat.",0
tribute:L2774,dat_file,tribute,2774,,,4,tribute,"""That's not the point,"" said Granny Weatherwax.  ""They shouldn't be allowed",0
tribute:L2775,dat_file,tribute,2775,,,4,tribute,"to charge that sort of money.  That's thievin', that is.""",0
tribute:L2777,dat_file,tribute,2777,,,4,tribute,"""I don't see how it can be thieving if you don't pay anyway,"" said Magrat.",0
tribute:L2779,dat_file,tribute,2779,,,4,tribute,"""I never pay for anything,"" said Granny.  [...]",0
tribute:L2785,dat_file,tribute,2785,,,4,tribute,"Nanny Ogg sent a number of cards home to her family, not a single one of",0
tribute:L2786,dat_file,tribute,2786,,,4,tribute,"which got back before she did.  This is traditional, and happens everywhere",0
tribute:L2793,dat_file,tribute,2793,,,4,tribute,"""Lobsang Dibbler says sometimes you have to lose in order to win,"" said",0
tribute:L2794,dat_file,tribute,2794,,,4,tribute,Magrat.,0
tribute:L2796,dat_file,tribute,2796,,,4,tribute,"""Sounds daft to me,"" said Nanny.  ""That's Yen Buddhism, is it?""",0
tribute:L2798,dat_file,tribute,2798,,,4,tribute,"""No.  They're the ones who say you have to have lots of money to win,"" said",0
tribute:L2799,dat_file,tribute,2799,,,4,tribute,"Magrat.(1)  ""In the Path of the Scorpion, the way to win is to lose every",0
tribute:L2800,dat_file,tribute,2800,,,4,tribute,"fight except the last one.  You use the enemy's strength against himself.""",0
tribute:L2802,dat_file,tribute,2802,,,4,tribute,"""What, you get him to hit himself, sort of thing?"" said Nanny.  ""Sounds",0
tribute:L2803,dat_file,tribute,2803,,,4,tribute,"daft.""",0
tribute:L2805,dat_file,tribute,2805,,,4,tribute,(1) The Yen Buddhists are the richest religious sect in the universe.  They,0
tribute:L2806,dat_file,tribute,2806,,,4,tribute,hold that the accumulation of money is a great evil and burden to the soul.,0
tribute:L2807,dat_file,tribute,2807,,,4,tribute,"They therefore, regardless of personal hazard, see it as their unpleasant",0
tribute:L2808,dat_file,tribute,2808,,,4,tribute,duty to acquire as much as possible to reduce the risk to innocent people.,0
tribute:L2816,dat_file,tribute,2816,,,4,tribute,bread.  No one ever went hungry when they had some dwarf bread to avoid.,0
tribute:L2817,dat_file,tribute,2817,,,4,tribute,"You only had to look at it for a moment, and instantly you could think of",0
tribute:L2818,dat_file,tribute,2818,,,4,tribute,dozens of things you'd rather eat.  Your boots for example.  Mountains.  Raw,0
tribute:L2819,dat_file,tribute,2819,,,4,tribute,sheep.  Your own foot.,0
tribute:L2825,dat_file,tribute,2825,,,4,tribute,"""This is Legba, a dark and dangerous spirit,"" said Mrs. Gogol.  She leaned",0
tribute:L2827,dat_file,tribute,2827,,,4,tribute,"just a big black cockerel.  But you know how it is.""",0
tribute:L2829,dat_file,tribute,2829,,,4,tribute,"""It pays to advertise,"" Nanny agreed.  ""This is Greebo.  Between you and me,",0
tribute:L2830,dat_file,tribute,2830,,,4,tribute,"he's a fiend from hell.""",0
tribute:L2832,dat_file,tribute,2832,,,4,tribute,"""Well, he's a cat,"" said Mrs. Gogol, generously.  ""It's only to be expected.""",0
tribute:L2838,dat_file,tribute,2838,,,4,tribute,"""/And/ still a bit of the wedding cake,"" said the first coachman.  ""Ain't",0
tribute:L2839,dat_file,tribute,2839,,,4,tribute,"you et that up yet?""",0
tribute:L2841,dat_file,tribute,2841,,,4,tribute,"""We have it every night,"" said the undercoachman.",0
tribute:L2843,dat_file,tribute,2843,,,4,tribute,The shed shook with the ensuing laughter.  It is a universal fact that any,0
tribute:L2844,dat_file,tribute,2844,,,4,tribute,innocent comment made by any recently married young member of any workforce,0
tribute:L2845,dat_file,tribute,2845,,,4,tribute,is an instant trigger for coarse merriment among his or her older and more,0
tribute:L2846,dat_file,tribute,2846,,,4,tribute,cynical colleagues.  This happens even if everyone concerned has nine legs,0
tribute:L2847,dat_file,tribute,2847,,,4,tribute,and lives at the bottom of an ocean of ammonia on a huge cold planet.  It's,0
tribute:L2848,dat_file,tribute,2848,,,4,tribute,just one of those things.,0
tribute:L2854,dat_file,tribute,2854,,,4,tribute,"""You ought to be more adventurous, Granny,"" said Magrat.",0
tribute:L2856,dat_file,tribute,2856,,,4,tribute,"""I ain't against adventure, in moderation,"" said Granny, ""but not when I'm",0
tribute:L2857,dat_file,tribute,2857,,,4,tribute,"eatin'.""",0
tribute:L2864,dat_file,tribute,2864,,,4,tribute,"Let's see thought Nanny.  This bit is connected to that bit, this one turns,",0
tribute:L2865,dat_file,tribute,2865,,,4,tribute,"that one turns /faster/, this spiky bit wobbles backwards and forwards...",0
tribute:L2867,dat_file,tribute,2867,,,4,tribute,"Oh, well.  Just twist the first thing you can grab, as the High Priest said",0
tribute:L2868,dat_file,tribute,2868,,,4,tribute,to the vestal virgin.(1),0
tribute:L2870,dat_file,tribute,2870,,,4,tribute,"Nanny Ogg spat on her hands, gripped the largest cog-wheel, and twisted.",0
tribute:L2872,dat_file,tribute,2872,,,4,tribute,"It carried on turning, pulling her with it.",0
tribute:L2874,dat_file,tribute,2874,,,4,tribute,"Blimey.  Oh, well...",0
tribute:L2876,dat_file,tribute,2876,,,4,tribute,Then she did what neither Granny Weatherwax nor Magrat would have dreamed,0
tribute:L2877,dat_file,tribute,2877,,,4,tribute,of doing in the circumstances.  But Nanny Ogg's voyages on the sea of,0
tribute:L2878,dat_file,tribute,2878,,,4,tribute,intersexual dalliance had gone rather further than twice around the,0
tribute:L2879,dat_file,tribute,2879,,,4,tribute,"lighthouse, and she saw nothing demeaning in getting a man to help her.",0
tribute:L2881,dat_file,tribute,2881,,,4,tribute,She simpered at Casanunda.,0
tribute:L2883,dat_file,tribute,2883,,,4,tribute,"""Things would be a lot more comfortable in our little /pie-de-terre/ if you",0
tribute:L2884,dat_file,tribute,2884,,,4,tribute,"could just push this little wheel around a bit,"" she said.  ""I'm sure /you/",0
tribute:L2885,dat_file,tribute,2885,,,4,tribute,"could manage it,"" she added.",0
tribute:L2887,dat_file,tribute,2887,,,4,tribute,"""Oh, no problem, good lady,"" said Casanunda.  He reached up with one hand.",0
tribute:L2888,dat_file,tribute,2888,,,4,tribute,Dwarfs are immensely strong for their size.  The wheel seemed to offer him,0
tribute:L2889,dat_file,tribute,2889,,,4,tribute,no resistance at all.,0
tribute:L2891,dat_file,tribute,2891,,,4,tribute,Somewhere in the mechanism something resisted for a moment and then went,0
tribute:L2892,dat_file,tribute,2892,,,4,tribute,/clonk/.  Big wheels turned reluctantly.  Little wheels screamed on their,0
tribute:L2893,dat_file,tribute,2893,,,4,tribute,axles.  A small important piece flew out and pinged off of Casanunda's,0
tribute:L2894,dat_file,tribute,2894,,,4,tribute,small bullet head.,0
tribute:L2896,dat_file,tribute,2896,,,4,tribute,"And, much faster than nature had ever intended, the hands sped around the",0
tribute:L2897,dat_file,tribute,2897,,,4,tribute,face.,0
tribute:L2899,dat_file,tribute,2899,,,4,tribute,"(1) This is the last line to a Discworld joke lost, alas, to posterity.",0
tribute:L2905,dat_file,tribute,2905,,,4,tribute,"There are various forms of voodoo in the multiverse, because it's a",0
tribute:L2906,dat_file,tribute,2906,,,4,tribute,religion that can be put together from any ingredients that happen to be,0
tribute:L2907,dat_file,tribute,2907,,,4,tribute,"lying around.  And all of them try, in some way, to call a god into the body",0
tribute:L2908,dat_file,tribute,2908,,,4,tribute,of a human being.,0
tribute:L2910,dat_file,tribute,2910,,,4,tribute,"That was stupid, Mrs. Gogol thought.  That was dangerous.",0
tribute:L2912,dat_file,tribute,2912,,,4,tribute,Mrs. Gogol's voodoo worked the other way about.  What was a god?  A focus of,0
tribute:L2913,dat_file,tribute,2913,,,4,tribute,"belief.  If people believed, a god began to grow.  Feebly at first, but if",0
tribute:L2914,dat_file,tribute,2914,,,4,tribute,"the swamp taught anything, it taught patience.  Anything could be the focus",0
tribute:L2915,dat_file,tribute,2915,,,4,tribute,"of a god.  A handful of feathers with a red ribbon around them, a hat and",0
tribute:L2916,dat_file,tribute,2916,,,4,tribute,coat on a couple of sticks... anything.  Because when all people had was,0
tribute:L2917,dat_file,tribute,2917,,,4,tribute,"practically nothing, then anything could be almost everything.  And then you",0
tribute:L2918,dat_file,tribute,2918,,,4,tribute,"fed it, and lulled it, like a goose heading for pate, and let the power grow",0
tribute:L2919,dat_file,tribute,2919,,,4,tribute,"very slowly, and when the time was ripe you opened the path... backwards.",0
tribute:L2920,dat_file,tribute,2920,,,4,tribute,"A human could ride the god, rather than the other way around.  There would",0
tribute:L2921,dat_file,tribute,2921,,,4,tribute,"be a price to pay later, but there always was.  In Mrs. Gogol's experience,",0
tribute:L2922,dat_file,tribute,2922,,,4,tribute,everyone ended up dying.,0
tribute:L2928,dat_file,tribute,2928,,,4,tribute,Greebo wasn't a happy cat.  [...],0
tribute:L2930,dat_file,tribute,2930,,,4,tribute,Then he'd smelled the kitchen.  Cats gravitate to kitchens like rocks,0
tribute:L2931,dat_file,tribute,2931,,,4,tribute,gravitate to gravity.,0
tribute:L2938,dat_file,tribute,2938,,,4,tribute,"""How come you're in the palace guard, Casanunda?""",0
tribute:L2940,dat_file,tribute,2940,,,4,tribute,"""Soldier of fortune takes whatever jobs are going, Mrs. Ogg,"" said Casanunda",0
tribute:L2941,dat_file,tribute,2941,,,4,tribute,earnestly.,0
tribute:L2943,dat_file,tribute,2943,,,4,tribute,"""But all the rest of 'em are six foot tall and you're--of the shorter",0
tribute:L2944,dat_file,tribute,2944,,,4,tribute,"persuasion.""",0
tribute:L2946,dat_file,tribute,2946,,,4,tribute,"""I lied about my height, Mrs. Ogg.  I'm a world-famous liar.""",0
tribute:L2948,dat_file,tribute,2948,,,4,tribute,"""Is that true?""",0
tribute:L2950,dat_file,tribute,2950,,,4,tribute,"""No.""",0
tribute:L2952,dat_file,tribute,2952,,,4,tribute,"""What about you being the world's greatest lover?""",0
tribute:L2956,dat_file,tribute,2956,,,4,tribute,"""Well, maybe I'm only No. 2,"" said Casanunda.  ""But I try harder.""",0
tribute:L2962,dat_file,tribute,2962,,,4,tribute,Greebo leapt.,0
tribute:L2964,dat_file,tribute,2964,,,4,tribute,"Cats are like witches.  They don't fight to kill, but to win.  There is a",0
tribute:L2965,dat_file,tribute,2965,,,4,tribute,"difference.  There's no point in killing an opponent.  That way, they won't",0
tribute:L2966,dat_file,tribute,2966,,,4,tribute,"know they've lost, and to be a real winner you have to have an opponent who",0
tribute:L2967,dat_file,tribute,2967,,,4,tribute,"is beaten and knows it.  There's no triumph over a corpse, but a beaten",0
tribute:L2968,dat_file,tribute,2968,,,4,tribute,"opponent, who will remain beaten every day for the remainder of their sad",0
tribute:L2969,dat_file,tribute,2969,,,4,tribute,"and wretched life, is something to treasure.",0
tribute:L2971,dat_file,tribute,2971,,,4,tribute,"Cats do not, of course, rationalise this far.  They just like to send",0
tribute:L2972,dat_file,tribute,2972,,,4,tribute,someone limping off minus a tail and a few square inches of fur.,0
tribute:L2974,dat_file,tribute,2974,,,4,tribute,Greebo's technique was unscientific and wouldn't have stood a chance against,0
tribute:L2975,dat_file,tribute,2975,,,4,tribute,"any decent swordsmanship, but on his side was the fact that it is almost",0
tribute:L2976,dat_file,tribute,2976,,,4,tribute,impossible to develop decent swordsmanship when you seem to have run into a,0
tribute:L2977,dat_file,tribute,2977,,,4,tribute,food mixer that is biting your ear off.,0
tribute:L2979,dat_file,tribute,2979,,,4,tribute,The witches watched with interest.,0
tribute:L2981,dat_file,tribute,2981,,,4,tribute,"""I think we can leave him now,"" said Nanny.  ""I think he's having fun.""",0
tribute:L2996,dat_file,tribute,2996,,,4,tribute,"""[...]  He says gods like to see an atheist around.  Gives them something",0
tribute:L2997,dat_file,tribute,2997,,,4,tribute,"to aim at.""",0
tribute:L3004,dat_file,tribute,3004,,,4,tribute,"starvation too, o'course.""",0
tribute:L3010,dat_file,tribute,3010,,,4,tribute,So history has its caretakers.,0
tribute:L3012,dat_file,tribute,3012,,,4,tribute,"They live ... well, in the nature of things they live wherever they are",0
tribute:L3013,dat_file,tribute,3013,,,4,tribute,"sent, but their /spiritual/ home is in a hidden valley in the high Ramtops",0
tribute:L3014,dat_file,tribute,3014,,,4,tribute,"of the Discworld, where the books of history are kept.",0
tribute:L3016,dat_file,tribute,3016,,,4,tribute,These aren't books in which the events of the past are pinned like so many,0
tribute:L3017,dat_file,tribute,3017,,,4,tribute,butterflies to a cork.  These are the books from which history is derived.,0
tribute:L3018,dat_file,tribute,3018,,,4,tribute,"There are more than twenty thousand of them, each one is ten feet high,",0
tribute:L3019,dat_file,tribute,3019,,,4,tribute,"bound in lead, and the letters are so small that they have to be read with",0
tribute:L3020,dat_file,tribute,3020,,,4,tribute,a magnifying glass.,0
tribute:L3022,dat_file,tribute,3022,,,4,tribute,"When people say ""It is written ..."" it is written /here/.",0
tribute:L3024,dat_file,tribute,3024,,,4,tribute,There are fewer metaphors than people think.,0
tribute:L3026,dat_file,tribute,3026,,,4,tribute,Every month the abbot and two senior monks go into the cave where the,0
tribute:L3027,dat_file,tribute,3027,,,4,tribute,"books are kept.  It used to be the duty of the abbot alone, but two other",0
tribute:L3028,dat_file,tribute,3028,,,4,tribute,"reliable monks were included after the unfortunate case of the 59th Abbot,",0
tribute:L3029,dat_file,tribute,3029,,,4,tribute,who made a million dollars in small bets before his fellow monks caught up,0
tribute:L3032,dat_file,tribute,3032,,,4,tribute,"Besides, it's dangerous to go in alone.  The sheer concentratedness of",0
tribute:L3033,dat_file,tribute,3033,,,4,tribute,"History, sleeting past soundlessly out into the world, can be overwhelming.",0
tribute:L3034,dat_file,tribute,3034,,,4,tribute,Time is a drug.  Too much of it kills you.,0
tribute:L3040,dat_file,tribute,3040,,,4,tribute,"It was the Year of the Notional Serpent, or two hundred years after the",0
tribute:L3041,dat_file,tribute,3041,,,4,tribute,Declaration of the Prophet Abbys.,0
tribute:L3043,dat_file,tribute,3043,,,4,tribute,Which meant that the time of the 8th Prophet was imminent.,0
tribute:L3045,dat_file,tribute,3045,,,4,tribute,That was the reliable thing about the Church of the Great God Om.  It had,0
tribute:L3046,dat_file,tribute,3046,,,4,tribute,"very punctual prophets.  You could set your calendar by them, if you had",0
tribute:L3047,dat_file,tribute,3047,,,4,tribute,one big enough.,0
tribute:L3049,dat_file,tribute,3049,,,4,tribute,"And, as is generally the case around the time a prophet is expected, the",0
tribute:L3050,dat_file,tribute,3050,,,4,tribute,Church redoubled its efforts to be holy.  This was very much like the,0
tribute:L3051,dat_file,tribute,3051,,,4,tribute,"bustle you get in any large concern when the auditors are expected, but",0
tribute:L3052,dat_file,tribute,3052,,,4,tribute,tended towards taking people suspected of being less holy and putting them,0
tribute:L3053,dat_file,tribute,3053,,,4,tribute,to death in a hundred ingenious ways.  This is considered a reliable,0
tribute:L3054,dat_file,tribute,3054,,,4,tribute,barometer of the state of one's piety in most of the really popular,0
tribute:L3055,dat_file,tribute,3055,,,4,tribute,religions.  There's a tendency to declare that there is more backsliding,0
tribute:L3056,dat_file,tribute,3056,,,4,tribute,"around than in the national toboggan championships, that heresy must be",0
tribute:L3057,dat_file,tribute,3057,,,4,tribute,"torn out root and branch, and even arm and leg and eye and tongue, and",0
tribute:L3058,dat_file,tribute,3058,,,4,tribute,that it's time to wipe the slate clean.  Blood is generally considered,0
tribute:L3059,dat_file,tribute,3059,,,4,tribute,very efficient for this purpose.,0
tribute:L3065,dat_file,tribute,3065,,,4,tribute,"He walked off slowly, keeping close to the wall to avoid the feet.  He had",0
tribute:L3066,dat_file,tribute,3066,,,4,tribute,"no alternative to walking slowly in any case, but now he was walking slowly",0
tribute:L3067,dat_file,tribute,3067,,,4,tribute,because he was thinking.  Most gods find it hard to walk and think at the,0
tribute:L3068,dat_file,tribute,3068,,,4,tribute,same time.,0
tribute:L3074,dat_file,tribute,3074,,,4,tribute,"There were all sorts of ways to petition the Great God, but they depended",0
tribute:L3075,dat_file,tribute,3075,,,4,tribute,"largely on how much you could afford, which was right and proper and",0
tribute:L3078,dat_file,tribute,3078,,,4,tribute,because it was impossible to believe that they had managed it with His,0
tribute:L3079,dat_file,tribute,3079,,,4,tribute,"/disapproval/.  In the same way, the Quisition could act without",0
tribute:L3080,dat_file,tribute,3080,,,4,tribute,possibility of flaw.  Suspicion was proof.  How could it be anything else?,0
tribute:L3081,dat_file,tribute,3081,,,4,tribute,The Great God would not have seen fit to put the suspicion in the minds,0
tribute:L3082,dat_file,tribute,3082,,,4,tribute,of His exquisitors unless it was /right/ that it should be there.  Life,0
tribute:L3083,dat_file,tribute,3083,,,4,tribute,"could be very simple, if you believed in the Great God Om.  And sometimes",0
tribute:L3084,dat_file,tribute,3084,,,4,tribute,"quite short, too.",0
tribute:L3090,dat_file,tribute,3090,,,4,tribute,"The memory stole over him:  a desert is what you think it is.  And now,",0
tribute:L3091,dat_file,tribute,3091,,,4,tribute,you can think clearly ...,0
tribute:L3093,dat_file,tribute,3093,,,4,tribute,There were no lies here.  All fancies fled away.  That's what happened in,0
tribute:L3094,dat_file,tribute,3094,,,4,tribute,"all deserts.  It was just you, and what you believed.",0
tribute:L3096,dat_file,tribute,3096,,,4,tribute,What have I always believed?,0
tribute:L3098,dat_file,tribute,3098,,,4,tribute,"That on the whole, and by and large, if a man lived properly, not",0
tribute:L3099,dat_file,tribute,3099,,,4,tribute,"according to what any priests said, but according to what seemed decent",0
tribute:L3100,dat_file,tribute,3100,,,4,tribute,"and honest /inside/, then it would, in the end, more or less, turn out",0
tribute:L3101,dat_file,tribute,3101,,,4,tribute,all right.,0
tribute:L3103,dat_file,tribute,3103,,,4,tribute,You couldn't get that on a banner.  But the desert looked better already.,0
tribute:L3109,dat_file,tribute,3109,,,4,tribute,"Vorbis had a cabin somewhere near the bilges, where the air was as thick",0
tribute:L3110,dat_file,tribute,3110,,,4,tribute,as thin soup.  Brutha knocked.,0
tribute:L3112,dat_file,tribute,3112,,,4,tribute,"""Enter.""(1)",0
tribute:L3114,dat_file,tribute,3114,,,4,tribute,(1) Words are the litmus paper of the mind.  If you find yourself in the,0
tribute:L3115,dat_file,tribute,3115,,,4,tribute,"power of someone who will use the word ""commence"" in cold blood, go",0
tribute:L3116,dat_file,tribute,3116,,,4,tribute,"somewhere else very quickly.  But if they say ""Enter,"" don't stop to pack.",0
tribute:L3123,dat_file,tribute,3123,,,4,tribute,"""Are you all philosophers?"" said Brutha.",0
tribute:L3127,dat_file,tribute,3127,,,4,tribute,"""That's right,"" he said.  ""We're philosophers.  We think, therefore we am.""",0
tribute:L3129,dat_file,tribute,3129,,,4,tribute,"""Are,"" said the luckless paradox manufacturer automatically.",0
tribute:L3131,dat_file,tribute,3131,,,4,tribute,"Xeno spun around.  ""I've just about had it up to /here/ with you, Ibid!"" he",0
tribute:L3132,dat_file,tribute,3132,,,4,tribute,"roared.  He turned back to Brutha.  ""We /are/, therefore we am,"" he said",0
tribute:L3133,dat_file,tribute,3133,,,4,tribute,"confidently.  ""That's it.""",0
tribute:L3135,dat_file,tribute,3135,,,4,tribute,Several of the philosophers looked at one another with interest.,0
tribute:L3137,dat_file,tribute,3137,,,4,tribute,"""That's actually quite interesting,"" one said.  ""The evidence of our",0
tribute:L3138,dat_file,tribute,3138,,,4,tribute,"existence is the /fact/ of our existence, is that what you're saying?""",0
tribute:L3140,dat_file,tribute,3140,,,4,tribute,"""Shut up,"" said Xeno, without looking around.",0
tribute:L3142,dat_file,tribute,3142,,,4,tribute,"""Have you been fighting?"" said Brutha.",0
tribute:L3144,dat_file,tribute,3144,,,4,tribute,The assembled philosophers assumed various expressions of shock and horror.,0
tribute:L3146,dat_file,tribute,3146,,,4,tribute,"""Fighting?  Us?  We're /philosophers/,"" said Ibid, shocked.",0
tribute:L3148,dat_file,tribute,3148,,,4,tribute,"""My word, yes,"" said Xeno.",0
tribute:L3154,dat_file,tribute,3154,,,4,tribute,"All over the world there were rulers with titles like the Exalted, the",0
tribute:L3155,dat_file,tribute,3155,,,4,tribute,"Supreme, and Lord High Something or Other.  Only in one small country was",0
tribute:L3156,dat_file,tribute,3156,,,4,tribute,"the ruler elected by the people, who could remove him whenever they",0
tribute:L3159,dat_file,tribute,3159,,,4,tribute,The Ephebians believed that every man should have the vote.(1)  Every five,0
tribute:L3160,dat_file,tribute,3160,,,4,tribute,"years someone was elected to be Tyrant, provided he could prove that he",0
tribute:L3161,dat_file,tribute,3161,,,4,tribute,"was honest, intelligent, sensible, and trustworthy.  Immediately after he",0
tribute:L3162,dat_file,tribute,3162,,,4,tribute,"was elected, of course, it was obvious to everyone that he was a criminal",0
tribute:L3165,dat_file,tribute,3165,,,4,tribute,"another one just like him, and really it was amazing how intelligent",0
tribute:L3166,dat_file,tribute,3166,,,4,tribute,people kept on making the same mistakes.,0
tribute:L3168,dat_file,tribute,3168,,,4,tribute,"(1) Provided that he wasn't poor, foreign, nor disqualified by reason of",0
tribute:L3169,dat_file,tribute,3169,,,4,tribute,"being mad, frivolous, or a woman.",0
tribute:L3175,dat_file,tribute,3175,,,4,tribute,"""I still don't see how one god can be a hundred different thunder gods.",0
tribute:L3176,dat_file,tribute,3176,,,4,tribute,"They all look different ...""",0
tribute:L3178,dat_file,tribute,3178,,,4,tribute,"""False noses.""",0
tribute:L3180,dat_file,tribute,3180,,,4,tribute,"""What?""",0
tribute:L3182,dat_file,tribute,3182,,,4,tribute,"""And different voices.  I happen to know Io's got seventy different hammers.",0
tribute:L3183,dat_file,tribute,3183,,,4,tribute,"Not common knowledge, that.  And it's just the same with mother goddesses.",0
tribute:L3184,dat_file,tribute,3184,,,4,tribute,There's only one of 'em.  She just got a lot of wigs and of course it's,0
tribute:L3185,dat_file,tribute,3185,,,4,tribute,"amazing what you can do with a padded bra.""",0
tribute:L3191,dat_file,tribute,3191,,,4,tribute,"An hour later the lion, who was limping after Brutha, also arrived at the",0
tribute:L3192,dat_file,tribute,3192,,,4,tribute,"grave.  It had lived in the desert for sixteen years, and the reason it had",0
tribute:L3193,dat_file,tribute,3193,,,4,tribute,"lived so long was that it had not died, and it had not died because it",0
tribute:L3194,dat_file,tribute,3194,,,4,tribute,never wasted handy protein.  It dug.,0
tribute:L3196,dat_file,tribute,3196,,,4,tribute,Humans have always wasted handy protein ever since they started wondering,0
tribute:L3197,dat_file,tribute,3197,,,4,tribute,who had lived in it.,0
tribute:L3199,dat_file,tribute,3199,,,4,tribute,"But, on the whole, there are worse places to be buried than inside a lion.",0
tribute:L3209,dat_file,tribute,3209,,,4,tribute,"There was something creepy about the boy, Nhumrod thought.  It was the way",0
tribute:L3210,dat_file,tribute,3210,,,4,tribute,"he looked at you when you were talking, as if he was /listening/.",0
tribute:L3216,dat_file,tribute,3216,,,4,tribute,The trouble with being a god is that you've got no one to pray to.,0
tribute:L3222,dat_file,tribute,3222,,,4,tribute,"""Life in this world,"" he said, ""is, as it were, a sojourn in a cave.  What",0
tribute:L3223,dat_file,tribute,3223,,,4,tribute,can we know of reality?  For all we see of the true nature of existence,0
tribute:L3224,dat_file,tribute,3224,,,4,tribute,"is, shall we say, no more than bewildering and amusing shadows cast upon",0
tribute:L3225,dat_file,tribute,3225,,,4,tribute,"the inner wall of the cave by the unseen blinding light of absolute truth,",0
tribute:L3226,dat_file,tribute,3226,,,4,tribute,"from which we may or may not deduce some glimmer of veracity, and we as",0
tribute:L3227,dat_file,tribute,3227,,,4,tribute,troglodyte seekers of wisdom can only lift our voices to the unseen and,0
tribute:L3228,dat_file,tribute,3228,,,4,tribute,"say, humbly, 'Go on, do Deformed Rabbit... it's my favorite.'""",0
tribute:L3239,dat_file,tribute,3239,,,4,tribute,Elves are wonderful.  They provoke wonder.,0
tribute:L3240,dat_file,tribute,3240,,,4,tribute,Elves are marvellous.  They cause marvels.,0
tribute:L3241,dat_file,tribute,3241,,,4,tribute,Elves are fantastic.  They create fantasies.,0
tribute:L3242,dat_file,tribute,3242,,,4,tribute,Elves are glamorous.  They project glamour.,0
tribute:L3243,dat_file,tribute,3243,,,4,tribute,Elves are enchanting.  They weave enchantment.,0
tribute:L3244,dat_file,tribute,3244,,,4,tribute,Elves are terrific.  They beget terror.,0
tribute:L3246,dat_file,tribute,3246,,,4,tribute,"The thing about words is that meanings can twist just like a snake,",0
tribute:L3247,dat_file,tribute,3247,,,4,tribute,and if you want to find snakes look for them behind words that have,0
tribute:L3248,dat_file,tribute,3248,,,4,tribute,changed their meaning.,0
tribute:L3250,dat_file,tribute,3250,,,4,tribute,No one ever said elves are nice.,0
tribute:L3252,dat_file,tribute,3252,,,4,tribute,Elves are bad.,0
tribute:L3258,dat_file,tribute,3258,,,4,tribute,"""Hope she does all right as queen,"" said Nanny.",0
tribute:L3260,dat_file,tribute,3260,,,4,tribute,"""We taught her everything she knows,"" said Granny Weatherwax.",0
tribute:L3262,dat_file,tribute,3262,,,4,tribute,"""Yeah,"" said Nanny Ogg, as they disappeared into the bracken.  ""D'you",0
tribute:L3263,dat_file,tribute,3263,,,4,tribute,"think... maybe... ?""",0
tribute:L3265,dat_file,tribute,3265,,,4,tribute,"""What?""",0
tribute:L3267,dat_file,tribute,3267,,,4,tribute,"""D'you think maybe we ought to have taught her everything /we/ know?""",0
tribute:L3273,dat_file,tribute,3273,,,4,tribute,"It was very hard, being a reader in Invisible Writings.(1)",0
tribute:L3275,dat_file,tribute,3275,,,4,tribute,(1) The study of invisible writings was a new discipline made available by,0
tribute:L3276,dat_file,tribute,3276,,,4,tribute,the discovery of the bi-directional nature of Library-Space.  The thaumic,0
tribute:L3277,dat_file,tribute,3277,,,4,tribute,"mathematics are complex, but boil down to the fact that all books,",0
tribute:L3278,dat_file,tribute,3278,,,4,tribute,"everywhere, affect all other books.  This is obvious:  books inspire",0
tribute:L3279,dat_file,tribute,3279,,,4,tribute,"other books written in the future, and cite books written in the past.",0
tribute:L3280,dat_file,tribute,3280,,,4,tribute,"But the General Theory(2) of L-Space suggests that, in that case, the",0
tribute:L3281,dat_file,tribute,3281,,,4,tribute,contents of books /as yet unwritten/ can be deduced from books now in,0
tribute:L3282,dat_file,tribute,3282,,,4,tribute,existence.,0
tribute:L3284,dat_file,tribute,3284,,,4,tribute,"(2) There's a Special Theory as well, but no one bothers with it much",0
tribute:L3285,dat_file,tribute,3285,,,4,tribute,because it's self-evidently a load of marsh gas.,0
tribute:L3291,dat_file,tribute,3291,,,4,tribute,"""Don't hold with schools,"" said Granny Weatherwax.  ""They get in the way",0
tribute:L3292,dat_file,tribute,3292,,,4,tribute,of education.  All them books.  Books?  What good are they?  There's too,0
tribute:L3293,dat_file,tribute,3293,,,4,tribute,"much reading these days.  We never had time to read when we was young, I",0
tribute:L3294,dat_file,tribute,3294,,,4,tribute,"know that.""",0
tribute:L3300,dat_file,tribute,3300,,,4,tribute,The highwayman stepped over the groaning body of the driver and marched,0
tribute:L3301,dat_file,tribute,3301,,,4,tribute,"toward the door of the coach, dragging his stepladder behind him.",0
tribute:L3303,dat_file,tribute,3303,,,4,tribute,He opened the door.,0
tribute:L3305,dat_file,tribute,3305,,,4,tribute,"""Your money or, I'm sorry to say, your--""",0
tribute:L3307,dat_file,tribute,3307,,,4,tribute,A blast of octarine fire blew his hat off.,0
tribute:L3309,dat_file,tribute,3309,,,4,tribute,The dwarf's expression did not change.,0
tribute:L3311,dat_file,tribute,3311,,,4,tribute,"""I wonder if I might be allowed to rephrase my demands?""",0
tribute:L3313,dat_file,tribute,3313,,,4,tribute,"Ridcully looked the elegantly dressed stranger up and down, or rather",0
tribute:L3314,dat_file,tribute,3314,,,4,tribute,down and further down.,0
tribute:L3316,dat_file,tribute,3316,,,4,tribute,"""You don't look like a dwarf,"" he said, ""apart from the height, that is.""",0
tribute:L3318,dat_file,tribute,3318,,,4,tribute,"""Don't look like a dwarf apart from the height?""",0
tribute:L3320,dat_file,tribute,3320,,,4,tribute,"""I mean, the helmet and iron boots department is among those you are lacking",0
tribute:L3321,dat_file,tribute,3321,,,4,tribute,"in,"" said Ridcully.",0
tribute:L3327,dat_file,tribute,3327,,,4,tribute,What is magic?,0
tribute:L3329,dat_file,tribute,3329,,,4,tribute,"There is the wizards' explanation, which comes in two forms, depending on",0
tribute:L3330,dat_file,tribute,3330,,,4,tribute,"the age of the wizard.  Older wizards talk about candles, circles, planets,",0
tribute:L3331,dat_file,tribute,3331,,,4,tribute,"stars, bananas, chants, runes, and the importance of having at least four",0
tribute:L3332,dat_file,tribute,3332,,,4,tribute,"good meals every day.  Younger wizards, particularly the pale ones who",0
tribute:L3333,dat_file,tribute,3333,,,4,tribute,"spend most of their time in the High Energy Magic building,(1) chatter at",0
tribute:L3334,dat_file,tribute,3334,,,4,tribute,"length about fluxes in the morphic nature of the universe, the essentially",0
tribute:L3335,dat_file,tribute,3335,,,4,tribute,"impermanent quality of even the most apparently rigid time-space framework,",0
tribute:L3336,dat_file,tribute,3336,,,4,tribute,"the impossibility of reality, and so on:  what this means is that they have",0
tribute:L3337,dat_file,tribute,3337,,,4,tribute,got hold of something hot and are gabbling the physics as they go along.,0
tribute:L3339,dat_file,tribute,3339,,,4,tribute,"(1) It was here that the thaum, hitherto believed to be the smallest",0
tribute:L3340,dat_file,tribute,3340,,,4,tribute,"possible particle of magic, was successfully demonstrated to be made up of",0
tribute:L3341,dat_file,tribute,3341,,,4,tribute,/resons/(2) or reality fragments.  Currently research indicates that each,0
tribute:L3342,dat_file,tribute,3342,,,4,tribute,"reson is itself made up of a combination of at least five ""flavors,""",0
tribute:L3343,dat_file,tribute,3343,,,4,tribute,"known as ""up,"" ""down,"" ""sideways,"" ""sex appeal,"" and ""peppermint.""",0
tribute:L3345,dat_file,tribute,3345,,,4,tribute,"(2) Lit: ""Thing-ies.""",0
tribute:L3351,dat_file,tribute,3351,,,4,tribute,What is magic?,0
tribute:L3353,dat_file,tribute,3353,,,4,tribute,"Then there is the witches' explanation, which comes in two forms, depending",0
tribute:L3355,dat_file,tribute,3355,,,4,tribute,may suspect in their hearts that the universe really doesn't know what the,0
tribute:L3356,dat_file,tribute,3356,,,4,tribute,"hell is going on and consists of a zillion trillion billion possibilities,",0
tribute:L3357,dat_file,tribute,3357,,,4,tribute,and could become any of them if a trained mind rigid with quantum certainty,0
tribute:L3358,dat_file,tribute,3358,,,4,tribute,"was inserted in the crack and /twisted/; that, if you really had to make",0
tribute:L3359,dat_file,tribute,3359,,,4,tribute,"someone's hat explode, all you needed to do was /twist/ into the universe",0
tribute:L3360,dat_file,tribute,3360,,,4,tribute,where a large number of hat molecules all decide at the same time to bounce,0
tribute:L3361,dat_file,tribute,3361,,,4,tribute,off in different directions.,0
tribute:L3363,dat_file,tribute,3363,,,4,tribute,"Younger witches, on the other hand, talk about it all the time and believe",0
tribute:L3364,dat_file,tribute,3364,,,4,tribute,"it involves crystals, mystic forces, and dancing about without yer drawers",0
tribute:L3365,dat_file,tribute,3365,,,4,tribute,on.,0
tribute:L3367,dat_file,tribute,3367,,,4,tribute,"Everyone may be right, all at the same time.  That's the thing about",0
tribute:L3368,dat_file,tribute,3368,,,4,tribute,quantum.,0
tribute:L3374,dat_file,tribute,3374,,,4,tribute,He knocked on the coach door.  The window slid down.,0
tribute:L3376,dat_file,tribute,3376,,,4,tribute,"""I wouldn't like you to think of this as a robbery,"" he said.  ""I'd like",0
tribute:L3377,dat_file,tribute,3377,,,4,tribute,you to think of it more as a colorful anecdote you might enjoy telling your,0
tribute:L3378,dat_file,tribute,3378,,,4,tribute,"grandchildren about.""",0
tribute:L3380,dat_file,tribute,3380,,,4,tribute,"A voice from within said, ""That's him!  He stole my horse!""",0
tribute:L3382,dat_file,tribute,3382,,,4,tribute,A wizard's staff poked out.  The chieftain saw the knob on the end.,0
tribute:L3384,dat_file,tribute,3384,,,4,tribute,"""Now then,"" he said pleasantly.  ""I know the rules.  Wizards aren't allowed",0
tribute:L3385,dat_file,tribute,3385,,,4,tribute,"to use magic against civilians except in genuine life-threatening situa--""",0
tribute:L3387,dat_file,tribute,3387,,,4,tribute,There was a burst of octarine light.,0
tribute:L3389,dat_file,tribute,3389,,,4,tribute,"""Actually, it's not a rule,"" said Ridcully.  ""It's more a guideline.""  He",0
tribute:L3390,dat_file,tribute,3390,,,4,tribute,"turned to Ponder Stibbons.  ""Interestin' use of Stacklady's Morphic",0
tribute:L3391,dat_file,tribute,3391,,,4,tribute,"Resonator here, I hoped you noticed.""",0
tribute:L3393,dat_file,tribute,3393,,,4,tribute,Ponder looked down.,0
tribute:L3395,dat_file,tribute,3395,,,4,tribute,"The chieftain had been turned into a pumpkin, although, in accordance with",0
tribute:L3396,dat_file,tribute,3396,,,4,tribute,"the rules of universal humor, he still had his hat on.",0
tribute:L3402,dat_file,tribute,3402,,,4,tribute,Things had to balance.  You couldn't set out to be a good witch or a bad,0
tribute:L3403,dat_file,tribute,3403,,,4,tribute,"witch.  It never worked for long.  All you could try to be was a /witch/,",0
tribute:L3404,dat_file,tribute,3404,,,4,tribute,as hard as you could.,0
tribute:L3410,dat_file,tribute,3410,,,4,tribute,"""I'm the head wizard now.  I've only got to give an order and a thousand",0
tribute:L3411,dat_file,tribute,3411,,,4,tribute,"wizards will... uh... disobey, come to think of it, or say 'What?', or",0
tribute:L3412,dat_file,tribute,3412,,,4,tribute,start to argue.  But they have to take notice.,0
tribute:L3414,dat_file,tribute,3414,,,4,tribute,"""I've been to that University a few times,"" said Granny.  ""A bunch of fat",0
tribute:L3415,dat_file,tribute,3415,,,4,tribute,"old men in beards.""",0
tribute:L3417,dat_file,tribute,3417,,,4,tribute,"""That's right!  That's /them/!""",0
tribute:L3423,dat_file,tribute,3423,,,4,tribute,"The window was no escape this time.  There was the bed to hide under, and",0
tribute:L3424,dat_file,tribute,3424,,,4,tribute,"that'd work for all of two seconds, wouldn't it?",0
tribute:L3426,dat_file,tribute,3426,,,4,tribute,Her eye was drawn by some kind of horrible magic back to the room's,0
tribute:L3427,dat_file,tribute,3427,,,4,tribute,"garderobe, lurking behind its curtain.",0
tribute:L3429,dat_file,tribute,3429,,,4,tribute,Magrat lifted the lid.  The shaft was definitely wide enough to admit a,0
tribute:L3430,dat_file,tribute,3430,,,4,tribute,body.  Garderobes were notorious in that respect.  Several unpopular kings,0
tribute:L3431,dat_file,tribute,3431,,,4,tribute,"met their end, as it were, in the garderobe, at the hands of an assassin",0
tribute:L3438,dat_file,tribute,3438,,,4,tribute,"Some shape, some trick of moonlight, some expression on a painted face",0
tribute:L3439,dat_file,tribute,3439,,,4,tribute,somehow cut through her terror and caught her eye.,0
tribute:L3441,dat_file,tribute,3441,,,4,tribute,That was a portrait she'd never seen before.  She'd never walked down this,0
tribute:L3442,dat_file,tribute,3442,,,4,tribute,far.  The idiot vapidity of the assembled queens had depressed her.  But,0
tribute:L3443,dat_file,tribute,3443,,,4,tribute,this one...,0
tribute:L3445,dat_file,tribute,3445,,,4,tribute,"This one, somehow, reached out to her.",0
tribute:L3447,dat_file,tribute,3447,,,4,tribute,She stopped.,0
tribute:L3449,dat_file,tribute,3449,,,4,tribute,"It couldn't have been done from life.  In the days of /this/ queen, the",0
tribute:L3450,dat_file,tribute,3450,,,4,tribute,"only paint known locally was a sort of blue, and generally used on the body.",0
tribute:L3451,dat_file,tribute,3451,,,4,tribute,But a few generations ago King Lully I had been a bit of a historian and a,0
tribute:L3452,dat_file,tribute,3452,,,4,tribute,"romantic.  He'd researched what was known of the early days of Lancre, and",0
tribute:L3453,dat_file,tribute,3453,,,4,tribute,"where actual evidence had been a bit sparse he had, in the best traditions",0
tribute:L3454,dat_file,tribute,3454,,,4,tribute,"of the keen ethnic historian, inferred from revealed self-evident wisdom(1)",0
tribute:L3455,dat_file,tribute,3455,,,4,tribute,and extrapolated from associated sources(2).  He'd commissioned the,0
tribute:L3457,dat_file,tribute,3457,,,4,tribute,kingdom.,0
tribute:L3459,dat_file,tribute,3459,,,4,tribute,(1) Made it up.,0
tribute:L3461,dat_file,tribute,3461,,,4,tribute,"(2) Had read a lot of stuff that other people had made up, too.",0
tribute:L3472,dat_file,tribute,3472,,,4,tribute,"""[...]  Playing at witches.  You know, ooh-jar boards and cards and wearing",0
tribute:L3473,dat_file,tribute,3473,,,4,tribute,"black lace gloves with no fingers to 'em and paddlin' with the occult.""",0
tribute:L3475,dat_file,tribute,3475,,,4,tribute,"""I don't hold with paddlin' with the occult,"" said Granny firmly.  ""Once",0
tribute:L3476,dat_file,tribute,3476,,,4,tribute,"you start paddlin' with the occult you start believing in spirits, and",0
tribute:L3477,dat_file,tribute,3477,,,4,tribute,"when you start believing in spirits you start believing in demons, and then",0
tribute:L3478,dat_file,tribute,3478,,,4,tribute,before you know where you are you're believing in gods.  And then you're,0
tribute:L3481,dat_file,tribute,3481,,,4,tribute,"""But all them things exist,"" said Nanny Ogg.",0
tribute:L3483,dat_file,tribute,3483,,,4,tribute,"""That's no call to go around believing in them.  It only encourages 'em.""",0
tribute:L3494,dat_file,tribute,3494,,,4,tribute,The maze was so small that people got lost looking /for/ it.,0
tribute:L3500,dat_file,tribute,3500,,,4,tribute,Ankh-Morpork had a king again.,0
tribute:L3502,dat_file,tribute,3502,,,4,tribute,And this was /right/.  And it was /fate/ that had let Edward recognize this,0
tribute:L3503,dat_file,tribute,3503,,,4,tribute,"/just/ when he'd got his Plan.  And it was /right/ that it was /Fate/,",0
tribute:L3504,dat_file,tribute,3504,,,4,tribute,and the city would be /Saved/ from its ignoble present by its /glorius/,0
tribute:L3505,dat_file,tribute,3505,,,4,tribute,"past.  He had the /Means/, and he had the /end/.  And so on ...  Edward's",0
tribute:L3506,dat_file,tribute,3506,,,4,tribute,thoughts often ran like this.,0
tribute:L3508,dat_file,tribute,3508,,,4,tribute,He could think in /italics/.  Such people need watching.,0
tribute:L3510,dat_file,tribute,3510,,,4,tribute,Preferably from a safe distance.,0
tribute:L3516,dat_file,tribute,3516,,,4,tribute,There were such things as dwarf gods.  Dwarfs were not a naturally,0
tribute:L3517,dat_file,tribute,3517,,,4,tribute,"religious species, but in a world where pit props could crack without",0
tribute:L3518,dat_file,tribute,3518,,,4,tribute,warning and pockets of fire damp could suddenly explode they'd seen the,0
tribute:L3519,dat_file,tribute,3519,,,4,tribute,need for gods as the sort of supernatural equivalent of a hard hat.,0
tribute:L3520,dat_file,tribute,3520,,,4,tribute,"Besides, when you hit your thumb with an eight-pound hammer it's nice",0
tribute:L3521,dat_file,tribute,3521,,,4,tribute,to be able to blaspheme.  It takes a very special and strong-minded,0
tribute:L3522,dat_file,tribute,3522,,,4,tribute,kind of atheist to jump up and down with their hand clasped under their,0
tribute:L3523,dat_file,tribute,3523,,,4,tribute,"other armpit and shout, ""Oh, random fluctuations-in-the-space-time-",0
tribute:L3524,dat_file,tribute,3524,,,4,tribute,"continuum!"" or ""Aaargh, primitive-and-outmoded-concept on a crutch!""",0
tribute:L3530,dat_file,tribute,3530,,,4,tribute,"""It's an ancient tradition,"" said Carrot.",0
tribute:L3532,dat_file,tribute,3532,,,4,tribute,"""I thought dwarfs didn't believe in devils and demons and stuff like",0
tribute:L3533,dat_file,tribute,3533,,,4,tribute,"that.""",0
tribute:L3535,dat_file,tribute,3535,,,4,tribute,"""That's true, but ... we're not sure if they know.""",0
tribute:L3537,dat_file,tribute,3537,,,4,tribute,"""Oh.""",0
tribute:L3543,dat_file,tribute,3543,,,4,tribute,"""I'd like a couple of eggs,"" said Vimes, ""with the yolks real hard but",0
tribute:L3544,dat_file,tribute,3544,,,4,tribute,"the whites so runny that they drip like treacle.  And I want bacon, that",0
tribute:L3545,dat_file,tribute,3545,,,4,tribute,special bacon all covered with bony nodules and dangling bits of fat.,0
tribute:L3546,dat_file,tribute,3546,,,4,tribute,And a slice of fried bread.  The kind that makes your arteries go clang,0
tribute:L3547,dat_file,tribute,3547,,,4,tribute,"just by looking at it.""",0
tribute:L3549,dat_file,tribute,3549,,,4,tribute,"""Tough order,"" said Harga.",0
tribute:L3551,dat_file,tribute,3551,,,4,tribute,"""You managed it yesterday.  And give me some more coffee.  Black as",0
tribute:L3552,dat_file,tribute,3552,,,4,tribute,"midnight on a moonless night.""",0
tribute:L3554,dat_file,tribute,3554,,,4,tribute,Harga looked surprised.  That wasn't like Vimes.,0
tribute:L3556,dat_file,tribute,3556,,,4,tribute,"""How black's that, then?"" he said.",0
tribute:L3558,dat_file,tribute,3558,,,4,tribute,"""Oh pretty damn black, I should think.""",0
tribute:L3560,dat_file,tribute,3560,,,4,tribute,"""Not necessarily.""",0
tribute:L3562,dat_file,tribute,3562,,,4,tribute,"""What?""",0
tribute:L3564,dat_file,tribute,3564,,,4,tribute,"""You get more stars on a moonless night.  Stands to reason.  They show up",0
tribute:L3565,dat_file,tribute,3565,,,4,tribute,"more.  It can be quite bright on a moonless night.""",0
tribute:L3567,dat_file,tribute,3567,,,4,tribute,Vimes sighed.,0
tribute:L3569,dat_file,tribute,3569,,,4,tribute,"""An /overcast/ moonless night?"" he said.",0
tribute:L3571,dat_file,tribute,3571,,,4,tribute,Harga looked carefully at his coffee pot.,0
tribute:L3573,dat_file,tribute,3573,,,4,tribute,"""Cumulous or cirro-nimbus?""",0
tribute:L3575,dat_file,tribute,3575,,,4,tribute,"""I'm sorry.  What did you say?""",0
tribute:L3577,dat_file,tribute,3577,,,4,tribute,"""You gets city lights reflected off cumulous, because it's low lying, see.",0
tribute:L3578,dat_file,tribute,3578,,,4,tribute,"Mind you, you can get high-altitude scatter off the ice crystals in--""",0
tribute:L3580,dat_file,tribute,3580,,,4,tribute,"""A moonless night,"" said Vimes, in a hollow voice, ""that is as black as",0
tribute:L3581,dat_file,tribute,3581,,,4,tribute,"that coffee.""",0
tribute:L3583,dat_file,tribute,3583,,,4,tribute,"""Right!""",0
tribute:L3585,dat_file,tribute,3585,,,4,tribute,"""And a doughnut.""  Vimes grabbed Harga's stained vest and pulled him",0
tribute:L3586,dat_file,tribute,3586,,,4,tribute,"until they were nose to nose.  ""A doughnut as doughnutty as a doughnut",0
tribute:L3587,dat_file,tribute,3587,,,4,tribute,"made of flour, water, one large egg, sugar, a pinch of yeast, cinnamon",0
tribute:L3588,dat_file,tribute,3588,,,4,tribute,"to taste and a jam, jelly, or rat filling depending on national or",0
tribute:L3589,dat_file,tribute,3589,,,4,tribute,"species preference, OK?  Not as doughnutty as something in any way",0
tribute:L3590,dat_file,tribute,3590,,,4,tribute,"metaphorical.  Just a doughnut.  One doughnut.""",0
tribute:L3592,dat_file,tribute,3592,,,4,tribute,"""A doughnut.""",0
tribute:L3596,dat_file,tribute,3596,,,4,tribute,"""You only had to say.""",0
tribute:L3598,dat_file,tribute,3598,,,4,tribute,"Harga brushed off his vest, gave Vimes a hurt look, and went back into",0
tribute:L3599,dat_file,tribute,3599,,,4,tribute,the kitchen.,0
tribute:L3605,dat_file,tribute,3605,,,4,tribute,Why had they chased someone halfway across the city?  Because they'd,0
tribute:L3606,dat_file,tribute,3606,,,4,tribute,run away.  /No one/ ran away from the Watch.  Thieves just flashed their,0
tribute:L3607,dat_file,tribute,3607,,,4,tribute,"licenses.  Unlicensed thieves had nothing to fear from the Watch, since",0
tribute:L3608,dat_file,tribute,3608,,,4,tribute,they'd saved up all their fear for the Thieves' Guild.  Assassins always,0
tribute:L3609,dat_file,tribute,3609,,,4,tribute,obeyed the letter of the law.  And honest men didn't run away from the,0
tribute:L3610,dat_file,tribute,3610,,,4,tribute,Watch.(1)  Running away from the Watch was downright suspicious.,0
tribute:L3612,dat_file,tribute,3612,,,4,tribute,"(1) The axiom ""Honest men have nothing to fear from the police"" is",0
tribute:L3613,dat_file,tribute,3613,,,4,tribute,currently under review by the Axioms Appeal Board.,0
tribute:L3619,dat_file,tribute,3619,,,4,tribute,"""Oh, my,"" said Detritus.  ""I think this the pork futures warehouse in",0
tribute:L3620,dat_file,tribute,3620,,,4,tribute,"Morpork Road.""",0
tribute:L3622,dat_file,tribute,3622,,,4,tribute,"""What?""",0
tribute:L3624,dat_file,tribute,3624,,,4,tribute,"""Used to work here,"" said the troll.  ""Used to work everywhere.  Go away,",0
tribute:L3625,dat_file,tribute,3625,,,4,tribute,"you stupid troll, you too thick,"" he added, gloomily.",0
tribute:L3627,dat_file,tribute,3627,,,4,tribute,"""Is there any way out?""",0
tribute:L3629,dat_file,tribute,3629,,,4,tribute,"""The main door is in Morpork Street.  But no one comes in here for months.",0
tribute:L3630,dat_file,tribute,3630,,,4,tribute,"Till pork exists.""(1)",0
tribute:L3632,dat_file,tribute,3632,,,4,tribute,Cuddy shivered.,0
tribute:L3634,dat_file,tribute,3634,,,4,tribute,(1) Probably no other world in the multiverse has warehouses for things,0
tribute:L3635,dat_file,tribute,3635,,,4,tribute,"which only exist /in potentia/, but the pork futures warehouse in Ankh-",0
tribute:L3636,dat_file,tribute,3636,,,4,tribute,"Morpork is a product of the Patrician's rules about baseless metaphors,",0
tribute:L3637,dat_file,tribute,3637,,,4,tribute,the literal-mindedness of citizens who assume that everything must,0
tribute:L3638,dat_file,tribute,3638,,,4,tribute,"exist somewhere, and the general thinness of the fabric of reality",0
tribute:L3639,dat_file,tribute,3639,,,4,tribute,"around Ankh, which is so thin that it's as thin as a very thin thing.",0
tribute:L3640,dat_file,tribute,3640,,,4,tribute,The net result is that trading in pork futures--in pork /that doesn't,0
tribute:L3641,dat_file,tribute,3641,,,4,tribute,exist yet/--led to the building of the warehouse to store it until it,0
tribute:L3642,dat_file,tribute,3642,,,4,tribute,does.  The extremely low temperatures are caused by the imbalance in,0
tribute:L3643,dat_file,tribute,3643,,,4,tribute,"the temporal energy flow.  At least, that's what the wizards in the",0
tribute:L3644,dat_file,tribute,3644,,,4,tribute,High Energy Magic building say.  And they've got proper pointy hats and,0
tribute:L3645,dat_file,tribute,3645,,,4,tribute,"letters after their name, so they know what they're talking about.",0
tribute:L3651,dat_file,tribute,3651,,,4,tribute,"Black mud, more or less dry, made a path at the bottom of the tunnel.",0
tribute:L3652,dat_file,tribute,3652,,,4,tribute,"There was slime on the walls, too, indicating that at some point in the",0
tribute:L3653,dat_file,tribute,3653,,,4,tribute,recent past the tunnel had been full of water.  Here and there huge,0
tribute:L3654,dat_file,tribute,3654,,,4,tribute,"patches of fungi, luminous with decay, cast a faint glow over the",0
tribute:L3655,dat_file,tribute,3655,,,4,tribute,ancient stonework.(1),0
tribute:L3657,dat_file,tribute,3657,,,4,tribute,"(1) It didn't need to.  Cuddy, belonging to a race that worked underground",0
tribute:L3658,dat_file,tribute,3658,,,4,tribute,"for preference, and Detritus, a member of a race notoriously nocturnal,",0
tribute:L3659,dat_file,tribute,3659,,,4,tribute,had excellent vision in the dark.  But mysterious caves and tunnels,0
tribute:L3660,dat_file,tribute,3660,,,4,tribute,"always have luminous fungi, strangely bright crystals or at a pinch",0
tribute:L3661,dat_file,tribute,3661,,,4,tribute,"merely an eldritch glow in the air, just in case a human hero comes in",0
tribute:L3662,dat_file,tribute,3662,,,4,tribute,and needs to see in the dark.  Strange but true.,0
tribute:L3668,dat_file,tribute,3668,,,4,tribute,"""He's bound to have done /something/,"" Nobby repeated.",0
tribute:L3671,dat_file,tribute,3671,,,4,tribute,"there was a crime, there should be punishment.  If the specific criminal",0
tribute:L3672,dat_file,tribute,3672,,,4,tribute,should be involved in the punishment process then this was a happy,0
tribute:L3673,dat_file,tribute,3673,,,4,tribute,"accident, but if not then any criminal would do, and since everyone was",0
tribute:L3674,dat_file,tribute,3674,,,4,tribute,"undoubtedly guilty of something, the net result was that, /in general",0
tribute:L3675,dat_file,tribute,3675,,,4,tribute,"terms/, justice was done.",0
tribute:L3682,dat_file,tribute,3682,,,4,tribute,"He preferred both species to humans.  For one thing, neither of them were",0
tribute:L3683,dat_file,tribute,3683,,,4,tribute,"great readers.  The Librarian was, of course, very much in favor of",0
tribute:L3684,dat_file,tribute,3684,,,4,tribute,"reading in general, but readers in particular got on his nerves.  There",0
tribute:L3685,dat_file,tribute,3685,,,4,tribute,"was something, well, /sacrilegious/ about the way they kept taking books",0
tribute:L3686,dat_file,tribute,3686,,,4,tribute,off the shelves and wearing out the words by reading them.  He liked,0
tribute:L3687,dat_file,tribute,3687,,,4,tribute,"people who loved and respected books, and the best way to do that, in",0
tribute:L3688,dat_file,tribute,3688,,,4,tribute,"the Librarian's opinion, was to leave them on the shelves where Nature",0
tribute:L3689,dat_file,tribute,3689,,,4,tribute,intended them to be.,0
tribute:L3695,dat_file,tribute,3695,,,4,tribute,Sometimes it's better to light a flamethrower than curse the darkness.,0
tribute:L3701,dat_file,tribute,3701,,,4,tribute,"""All those little heads ... """,0
tribute:L3703,dat_file,tribute,3703,,,4,tribute,"They stretched away in the candlelight, shelf on shelf of them, tiny",0
tribute:L3704,dat_file,tribute,3704,,,4,tribute,little clown faces--as if a tribe of headhunters had suddenly developed,0
tribute:L3705,dat_file,tribute,3705,,,4,tribute,a sophisticated sense of humor and a desire to make the world a better,0
tribute:L3706,dat_file,tribute,3706,,,4,tribute,place.,0
tribute:L3712,dat_file,tribute,3712,,,4,tribute,"""You know what I mean!""",0
tribute:L3714,dat_file,tribute,3714,,,4,tribute,"""Can't say I do.  Can't say I do.  Clothing has never been what you might",0
tribute:L3716,dat_file,tribute,3716,,,4,tribute,"syntactic variables there.  Sorry.""",0
tribute:L3722,dat_file,tribute,3722,,,4,tribute,"""Hahaha, a nice day for it!"" leered the Bursar.",0
tribute:L3724,dat_file,tribute,3724,,,4,tribute,"""Oh dear,"" said Ridcully, ""he's off again.  Can't understand the man.",0
tribute:L3725,dat_file,tribute,3725,,,4,tribute,"Anyone got the dried frog pills?""",0
tribute:L3727,dat_file,tribute,3727,,,4,tribute,"It was a complete mystery to Mustrum Ridcully, a man designed by nature to",0
tribute:L3728,dat_file,tribute,3728,,,4,tribute,"live outdoors and happily slaughter anything that coughed in the bushes,",0
tribute:L3729,dat_file,tribute,3729,,,4,tribute,"why the Bursar (a man designed by Nature to sit in a small room somewhere,",0
tribute:L3730,dat_file,tribute,3730,,,4,tribute,"adding up figures) was so nervous.  He'd tried all sorts of things to, as",0
tribute:L3731,dat_file,tribute,3731,,,4,tribute,"he put it, buck him up.  These included practical jokes, surprise early",0
tribute:L3732,dat_file,tribute,3732,,,4,tribute,"morning runs, and leaping out at him from behind doors while wearing",0
tribute:L3744,dat_file,tribute,3744,,,4,tribute,But this didn't /feel/ like magic.  It felt a lot older than that.  It felt,0
tribute:L3745,dat_file,tribute,3745,,,4,tribute,like music.,0
tribute:L3753,dat_file,tribute,3753,,,4,tribute,"""Yes,"" said the skull.  ""Quit while you're a head, that's what I say.""",0
tribute:L3759,dat_file,tribute,3759,,,4,tribute,But if it is true that the act of observing changes the thing which is,0
tribute:L3760,dat_file,tribute,3760,,,4,tribute,"observed,(1) it's even more true that it changes the observer.",0
tribute:L3762,dat_file,tribute,3762,,,4,tribute,(1) Because of Quantum.,0
tribute:L3768,dat_file,tribute,3768,,,4,tribute,"It is said that whomsoever the gods wish to destroy, they first make mad.",0
tribute:L3770,dat_file,tribute,3770,,,4,tribute,equivalent of a stick with a fizzing fuse and Acme Dynamite Company,0
tribute:L3771,dat_file,tribute,3771,,,4,tribute,"written on the side.  It's more interesting, and doesn't take so long.",0
tribute:L3777,dat_file,tribute,3777,,,4,tribute,"Then the skull said:  ""Kids today, eh?""",0
tribute:L3779,dat_file,tribute,3779,,,4,tribute,"""I blame education,"" said the raven.",0
tribute:L3781,dat_file,tribute,3781,,,4,tribute,"""A lot of knowledge is a dangerous thing,"" said the skull.  ""A lot more",0
tribute:L3782,dat_file,tribute,3782,,,4,tribute,"dangerous than just a little.  I always used to say that, when I was",0
tribute:L3783,dat_file,tribute,3783,,,4,tribute,"alive.""",0
tribute:L3785,dat_file,tribute,3785,,,4,tribute,"""When was that, exactly?""",0
tribute:L3787,dat_file,tribute,3787,,,4,tribute,"""Can't remember.  I think I was pretty knowledgeable.  Probably a teacher",0
tribute:L3788,dat_file,tribute,3788,,,4,tribute,"or philosopher, something of that kidney.  And now I'm on a bench with a",0
tribute:L3789,dat_file,tribute,3789,,,4,tribute,"bird crapping on my head.""",0
tribute:L3791,dat_file,tribute,3791,,,4,tribute,"""Very allegorical,"" said the raven.",0
tribute:L3797,dat_file,tribute,3797,,,4,tribute,"The Mended Drum had traditionally gone in for, well, traditional pub games,",0
tribute:L3798,dat_file,tribute,3798,,,4,tribute,"such as dominoes, darts, and Stabbing People In The Back and Taking All",0
tribute:L3799,dat_file,tribute,3799,,,4,tribute,Their Money.  The new owner had decided to go up-market.  This was the,0
tribute:L3800,dat_file,tribute,3800,,,4,tribute,only available direction.,0
tribute:L3807,dat_file,tribute,3807,,,4,tribute,"The Library didn't only contain magical books, the ones which are chained",0
tribute:L3808,dat_file,tribute,3808,,,4,tribute,to their shelves and are very dangerous.  It also contained perfectly,0
tribute:L3809,dat_file,tribute,3809,,,4,tribute,"ordinary books, printed on commonplace paper in mundane ink.  It would be",0
tribute:L3810,dat_file,tribute,3810,,,4,tribute,"a mistake to think that they weren't also dangerous, just because reading",0
tribute:L3811,dat_file,tribute,3811,,,4,tribute,them didn't make fireworks go off in the sky.  Reading them sometimes did,0
tribute:L3813,dat_file,tribute,3813,,,4,tribute,reader's brain.,0
tribute:L3816,dat_file,tribute,3816,,,4,tribute,"collected drawings of Leonard of Quirm, skilled artist and certified",0
tribute:L3817,dat_file,tribute,3817,,,4,tribute,"genius, with a mind that wandered so much it came back with souvenirs.",0
tribute:L3819,dat_file,tribute,3819,,,4,tribute,"Leonard's books were full of sketches--of kittens, of the way water flows,",0
tribute:L3820,dat_file,tribute,3820,,,4,tribute,of the wives of influential Ankh-Morporkian merchants whose portraits had,0
tribute:L3821,dat_file,tribute,3821,,,4,tribute,provided his means of making a living.  But Leonard had been a genius and,0
tribute:L3822,dat_file,tribute,3822,,,4,tribute,"was deeply sensitive to the wonders of the world, so the margins were full",0
tribute:L3823,dat_file,tribute,3823,,,4,tribute,of detailed doodles of whatever was on this mind at the moment--vast,0
tribute:L3825,dat_file,tribute,3825,,,4,tribute,"enemy, new types of siege guns for pumping flaming oil over the enemy,",0
tribute:L3826,dat_file,tribute,3826,,,4,tribute,"gunpowder rockets that showered the enemy with burning phosphorous, and",0
tribute:L3827,dat_file,tribute,3827,,,4,tribute,other manufactures of the Age of Reason.,0
tribute:L3829,dat_file,tribute,3829,,,4,tribute,And there had been something else.  The Librarian had noticed it in,0
tribute:L3830,dat_file,tribute,3830,,,4,tribute,"passing once before, and had been slightly puzzled by it.  It seemed out",0
tribute:L3831,dat_file,tribute,3831,,,4,tribute,of place.(1),0
tribute:L3833,dat_file,tribute,3833,,,4,tribute,(1) And didn't appear to do anything to the enemy /at all/.,0
tribute:L3839,dat_file,tribute,3839,,,4,tribute,"Some religions say that the universe was started with a word, a song,",0
tribute:L3840,dat_file,tribute,3840,,,4,tribute,"a dance, a piece of music.  The Listening Monks of the Ramtops have",0
tribute:L3841,dat_file,tribute,3841,,,4,tribute,trained their hearing until they can tell the value of a playing card by,0
tribute:L3842,dat_file,tribute,3842,,,4,tribute,"listening to it, and have made it their task to listen intently to the",0
tribute:L3843,dat_file,tribute,3843,,,4,tribute,"subtle sounds of the universe to piece together, from the fossil echoes,",0
tribute:L3844,dat_file,tribute,3844,,,4,tribute,the very first noises.,0
tribute:L3846,dat_file,tribute,3846,,,4,tribute,"There was certainly, they say, a very strange noise at the beginning of",0
tribute:L3847,dat_file,tribute,3847,,,4,tribute,everything.,0
tribute:L3849,dat_file,tribute,3849,,,4,tribute,"But the keenest ears (the ones who win most at poker), who listen to the",0
tribute:L3850,dat_file,tribute,3850,,,4,tribute,"frozen echoes in the ammonites and amber, swear they can detect some tiny",0
tribute:L3851,dat_file,tribute,3851,,,4,tribute,sounds before that.,0
tribute:L3853,dat_file,tribute,3853,,,4,tribute,"It sounded, they say, like someone counting:  One, Two, Three, Four.",0
tribute:L3855,dat_file,tribute,3855,,,4,tribute,"The very best one, who listened to basalt, said he thought he could make",0
tribute:L3856,dat_file,tribute,3856,,,4,tribute,"out, very faintly, some numbers that came even earlier.",0
tribute:L3858,dat_file,tribute,3858,,,4,tribute,"When they asked him what it was, he said:  ""It sounds like One, Two.""",0
tribute:L3864,dat_file,tribute,3864,,,4,tribute,The Death of Rats put his nose in his paws.  It was a lot easier with,0
tribute:L3865,dat_file,tribute,3865,,,4,tribute,rats.(1),0
tribute:L3867,dat_file,tribute,3867,,,4,tribute,(1) Rats had featured largely in the history of Ankh-Morpork.  Shortly,0
tribute:L3868,dat_file,tribute,3868,,,4,tribute,before the Patrician came to power there was a terrible plague of rats.,0
tribute:L3869,dat_file,tribute,3869,,,4,tribute,The city council countered it by offering twenty pence for every rat,0
tribute:L3870,dat_file,tribute,3870,,,4,tribute,"tail.  This did, for a week or two, reduce the number of rats--and then",0
tribute:L3871,dat_file,tribute,3871,,,4,tribute,"people were suddenly queueing up with tails, the city treasury was being",0
tribute:L3872,dat_file,tribute,3872,,,4,tribute,"drained, and no one seemed to be doing much work.  And there /still/",0
tribute:L3873,dat_file,tribute,3873,,,4,tribute,seemed to be a lot of rats around.  Lord Vetinari had listened carefully,0
tribute:L3874,dat_file,tribute,3874,,,4,tribute,"while the problem was explained, and had solved the thing with one",0
tribute:L3875,dat_file,tribute,3875,,,4,tribute,"memorable phrase which said a lot about him, about the folly of bounty",0
tribute:L3876,dat_file,tribute,3876,,,4,tribute,"offers, and about the natural instinct of Ankh-Morporkians in any",0
tribute:L3877,dat_file,tribute,3877,,,4,tribute,"situation involving money:  ""Tax the rat farms.""",0
tribute:L3883,dat_file,tribute,3883,,,4,tribute,The Archchancellor polished this staff as he walked along.  It was a,0
tribute:L3884,dat_file,tribute,3884,,,4,tribute,"particularly good one, six feet long and quite magical.  Not that he used",0
tribute:L3885,dat_file,tribute,3885,,,4,tribute,"magic very much.  In his experience, anything that couldn't be disposed of",0
tribute:L3886,dat_file,tribute,3886,,,4,tribute,with a couple of whacks from six feet of oak was probably immune to magic,0
tribute:L3887,dat_file,tribute,3887,,,4,tribute,as well.,0
tribute:L3889,dat_file,tribute,3889,,,4,tribute,"""Don't you think we should have brought the senior wizards, sir?"" said",0
tribute:L3890,dat_file,tribute,3890,,,4,tribute,"Ponder, struggling to keep up.",0
tribute:L3892,dat_file,tribute,3892,,,4,tribute,"""I'm afraid that taking them along in their present state of mind would",0
tribute:L3893,dat_file,tribute,3893,,,4,tribute,"only make what happens""--Ridcully sought for a useful phrase, and settled",0
tribute:L3894,dat_file,tribute,3894,,,4,tribute,"for--""happen worse.  I've insisted they stay in college.""",0
tribute:L3896,dat_file,tribute,3896,,,4,tribute,"""How about Drongo and the others?"" said Ponder hopefully.",0
tribute:L3898,dat_file,tribute,3898,,,4,tribute,"""Would they be any good in the event of a thaumaturgical dimension rip of",0
tribute:L3899,dat_file,tribute,3899,,,4,tribute,"enormous proportions?"" said Ridcully.  ""I remember poor Mr. Hong.  One",0
tribute:L3900,dat_file,tribute,3900,,,4,tribute,"minute he was dishing up an order of double cod and mushy peas, the",0
tribute:L3901,dat_file,tribute,3901,,,4,tribute,"next ...""",0
tribute:L3903,dat_file,tribute,3903,,,4,tribute,"""Kaboom?"" said Ponder.",0
tribute:L3905,dat_file,tribute,3905,,,4,tribute,"""Kaboom?"" said Ridcully, forcing his way up the crowded street.  ""Not",0
tribute:L3906,dat_file,tribute,3906,,,4,tribute,that I heard tell.  More like 'Aaaaerrrr-scream-gristle- gristle-gristle-,0
tribute:L3907,dat_file,tribute,3907,,,4,tribute,crack' and a shower of fried food.  Big Mad Adrian and his friends any,0
tribute:L3908,dat_file,tribute,3908,,,4,tribute,"good when the chips are down?""",0
tribute:L3910,dat_file,tribute,3910,,,4,tribute,"""Um.  Probably not, Archchancellor.""",0
tribute:L3912,dat_file,tribute,3912,,,4,tribute,"""Correct.  People shout and run about.  That never did any good.  A pocket",0
tribute:L3918,dat_file,tribute,3918,,,4,tribute,"""Correct.""",0
tribute:L3920,dat_file,tribute,3920,,,4,tribute,"""How many times have you had to rely on them, sir?""",0
tribute:L3922,dat_file,tribute,3922,,,4,tribute,"""Well ... there was Mr. Hong ... that business with the thing in the",0
tribute:L3923,dat_file,tribute,3923,,,4,tribute,"Bursar's wardrobe ... that dragon, you remember ...""  Ridcully's lips",0
tribute:L3924,dat_file,tribute,3924,,,4,tribute,"moved silently as he counted on his fingers.  ""Nine times, so far.""",0
tribute:L3926,dat_file,tribute,3926,,,4,tribute,"""It worked every time, sir?""",0
tribute:L3928,dat_file,tribute,3928,,,4,tribute,"""Absolutely!  So there's no need to worry.  Gangway!  Wizard comin'",0
tribute:L3929,dat_file,tribute,3929,,,4,tribute,"through.""",0
tribute:L3935,dat_file,tribute,3935,,,4,tribute,The wizards went rigid as the howl rang through the building.  It was,0
tribute:L3936,dat_file,tribute,3936,,,4,tribute,"slightly animal but also mineral, metallic, edged like a saw.",0
tribute:L3938,dat_file,tribute,3938,,,4,tribute,"Eventually the Lecturer in Recent Runes said, ""Of course, just because",0
tribute:L3939,dat_file,tribute,3939,,,4,tribute,we've heard a spine-chilling blood-curdling scream of the sort to make,0
tribute:L3940,dat_file,tribute,3940,,,4,tribute,your very marrow freeze in your bones doesn't automatically mean there's,0
tribute:L3941,dat_file,tribute,3941,,,4,tribute,"anything wrong.""",0
tribute:L3943,dat_file,tribute,3943,,,4,tribute,The wizards looked out into the corridor.,0
tribute:L3945,dat_file,tribute,3945,,,4,tribute,"""It came from downstairs somewhere,"" said the Chair of Indefinite Studies,",0
tribute:L3946,dat_file,tribute,3946,,,4,tribute,heading for the staircase.,0
tribute:L3948,dat_file,tribute,3948,,,4,tribute,"""So why are you going /upstairs/?""",0
tribute:L3950,dat_file,tribute,3950,,,4,tribute,"""Because I'm not daft!""",0
tribute:L3952,dat_file,tribute,3952,,,4,tribute,"""But it might be some terrible emanation!""",0
tribute:L3954,dat_file,tribute,3954,,,4,tribute,"""You don't say?"" said the Chair, still accelerating.",0
tribute:L3956,dat_file,tribute,3956,,,4,tribute,"""All right, please yourself.  That's the students floor up there.""",0
tribute:L3958,dat_file,tribute,3958,,,4,tribute,"""Ah, Er--""",0
tribute:L3960,dat_file,tribute,3960,,,4,tribute,"The Chair came down slowly, occasionally glancing fearfully up the stairs.",0
tribute:L3970,dat_file,tribute,3970,,,4,tribute,"Wizards were rumored to be wise--in fact, that's where the word came",0
tribute:L3971,dat_file,tribute,3971,,,4,tribute,from.(1),0
tribute:L3973,dat_file,tribute,3973,,,4,tribute,"(1) From the Old /wys-ars/, lit: one who, at bottom, is very smart.",0
tribute:L3984,dat_file,tribute,3984,,,4,tribute,The fastest way to travel is to be there already.,0
tribute:L3995,dat_file,tribute,3995,,,4,tribute,"Whatever happens, they say afterwards, it must have been fate.  People are",0
tribute:L3996,dat_file,tribute,3996,,,4,tribute,"always a little confused about this, as they are in the case of miracles.",0
tribute:L3997,dat_file,tribute,3997,,,4,tribute,When someone is saved from certain death by a strange concatenation of,0
tribute:L3998,dat_file,tribute,3998,,,4,tribute,"circumstances, they say that's a miracle.  But of course if someone is",0
tribute:L3999,dat_file,tribute,3999,,,4,tribute,"/killed/ by a freak chain of events--the oil spilled just /there/, the",0
tribute:L4001,dat_file,tribute,4001,,,4,tribute,because it's not nice doesn't mean it's not miraculous.,0
tribute:L4007,dat_file,tribute,4007,,,4,tribute,"""Oh, no,"" said the Lecturer in Recent Runes, pushing his chair back.  ""Not",0
tribute:L4008,dat_file,tribute,4008,,,4,tribute,"that.  That's meddling with things you don't understand.""",0
tribute:L4010,dat_file,tribute,4010,,,4,tribute,"""Well, we /are/ wizards,"" said Ridcully.  ""We're supposed to meddle with",0
tribute:L4011,dat_file,tribute,4011,,,4,tribute,things we don't understand.  If we hung around waitin' till we understood,0
tribute:L4012,dat_file,tribute,4012,,,4,tribute,"things we'd never get anything done.""",0
tribute:L4018,dat_file,tribute,4018,,,4,tribute,"According to the philosopher Ly Tin Wheedle, chaos is found in greatest",0
tribute:L4019,dat_file,tribute,4019,,,4,tribute,"abundance wherever order is being sought.  It always defeats order, because",0
tribute:L4020,dat_file,tribute,4020,,,4,tribute,it is better organized.,0
tribute:L4026,dat_file,tribute,4026,,,4,tribute,"Many things went on at Unseen University and, regrettably, teaching had to",0
tribute:L4027,dat_file,tribute,4027,,,4,tribute,be one of them.  The faculty had long ago confronted this fact and had,0
tribute:L4028,dat_file,tribute,4028,,,4,tribute,perfected various devices for avoiding it.  But this was perfectly all,0
tribute:L4029,dat_file,tribute,4029,,,4,tribute,"right because, to be fair, so had the students.",0
tribute:L4031,dat_file,tribute,4031,,,4,tribute,"The system worked quite well and, as happens in such cases, had taken on",0
tribute:L4032,dat_file,tribute,4032,,,4,tribute,"the status of a tradition.  Lectures clearly took place, because they",0
tribute:L4033,dat_file,tribute,4033,,,4,tribute,were down there on the timetable in black and white.  The fact that no one,0
tribute:L4034,dat_file,tribute,4034,,,4,tribute,attended was an irrelevant detail.  It was occasionally maintained that,0
tribute:L4035,dat_file,tribute,4035,,,4,tribute,"this meant that the lectures did not in fact happen at all, but no one ever",0
tribute:L4036,dat_file,tribute,4036,,,4,tribute,"attended them to find out if this was true.  Anyway, it was argued (by the",0
tribute:L4037,dat_file,tribute,4037,,,4,tribute,"Reader in Woolly Thinking(1)) that lectures had taken place /in essence/,",0
tribute:L4038,dat_file,tribute,4038,,,4,tribute,"so that was all right, too.",0
tribute:L4040,dat_file,tribute,4040,,,4,tribute,And therefore education at the University mostly worked by the age-old,0
tribute:L4041,dat_file,tribute,4041,,,4,tribute,method of putting a lot of young people in the vicinity of a lot of books,0
tribute:L4042,dat_file,tribute,4042,,,4,tribute,"and hoping that something would pass from one to the other, while the",0
tribute:L4043,dat_file,tribute,4043,,,4,tribute,actual young people put themselves in the vicinity of inns and taverns,0
tribute:L4044,dat_file,tribute,4044,,,4,tribute,for exactly the same reason.,0
tribute:L4046,dat_file,tribute,4046,,,4,tribute,"(1) Which is like Fuzzy Logic, only less so.",0
tribute:L4052,dat_file,tribute,4052,,,4,tribute,"""Wizzard?"" he said.  ""What kind of sad, hopeless person needs to write",0
tribute:L4053,dat_file,tribute,4053,,,4,tribute,"WIZZARD on their hat?""",0
tribute:L4059,dat_file,tribute,4059,,,4,tribute,Self-doubt was something not regularly entertained within the Cohen cranium.,0
tribute:L4060,dat_file,tribute,4060,,,4,tribute,When you're trying to carry a struggling temple maiden and a sack of looted,0
tribute:L4061,dat_file,tribute,4061,,,4,tribute,temple goods in one hand and fight off half a dozen angry priests with the,0
tribute:L4062,dat_file,tribute,4062,,,4,tribute,other there is little time for reflection.  Natural selection saw to it,0
tribute:L4063,dat_file,tribute,4063,,,4,tribute,that professional heroes who at a crucial moment tended to ask themselves,0
tribute:L4064,dat_file,tribute,4064,,,4,tribute,"questions like ""What is the purpose of life?"" very quickly lacked both.",0
tribute:L4070,dat_file,tribute,4070,,,4,tribute,"Cohen's father had taken him to a mountain top, when he was no more than a",0
tribute:L4071,dat_file,tribute,4071,,,4,tribute,"lad, and explained to him the hero's creed and told him that there was no",0
tribute:L4072,dat_file,tribute,4072,,,4,tribute,greater joy than to die in battle.,0
tribute:L4074,dat_file,tribute,4074,,,4,tribute,"Cohen had seen the flaw in this straight away, and a lifetime's experience",0
tribute:L4075,dat_file,tribute,4075,,,4,tribute,had reinforced his belief that in fact a greater joy was to kill the /other/,0
tribute:L4076,dat_file,tribute,4076,,,4,tribute,bugger in battle and end up sitting on a heap of gold higher than your,0
tribute:L4077,dat_file,tribute,4077,,,4,tribute,horse.  It was an observation that had served him well.,0
tribute:L4083,dat_file,tribute,4083,,,4,tribute,"""'Dang'?"" he said.  ""Wassat mean?  And what's this 'darn' and 'heck'?""",0
tribute:L4085,dat_file,tribute,4085,,,4,tribute,"""They are ... /civilised/ swearwords."" said Mr. Saveloy.",0
tribute:L4087,dat_file,tribute,4087,,,4,tribute,"""Well, you can take 'em and--""",0
tribute:L4089,dat_file,tribute,4089,,,4,tribute,"""Ah?"" said Mr. Saveloy, raising a cautionary finger.",0
tribute:L4091,dat_file,tribute,4091,,,4,tribute,"""You can shove them up--""",0
tribute:L4093,dat_file,tribute,4093,,,4,tribute,"""Ah?""",0
tribute:L4095,dat_file,tribute,4095,,,4,tribute,"""You can--""",0
tribute:L4097,dat_file,tribute,4097,,,4,tribute,"""Ah?""",0
tribute:L4099,dat_file,tribute,4099,,,4,tribute,Truckle shut his eyes and clenched his fists.,0
tribute:L4101,dat_file,tribute,4101,,,4,tribute,"""Darn it all to heck!"" he shouted.",0
tribute:L4103,dat_file,tribute,4103,,,4,tribute,"""Good,"" said Mr. Saveloy.  ""That's much better.""",0
tribute:L4109,dat_file,tribute,4109,,,4,tribute,The taxman was warming to his new job.  He'd worked out that although the,0
tribute:L4110,dat_file,tribute,4110,,,4,tribute,"Horde, as individuals, had acquired mountains of cash in their careers as",0
tribute:L4111,dat_file,tribute,4111,,,4,tribute,barbarian heroes they'd lost almost all of it engaging in the other,0
tribute:L4112,dat_file,tribute,4112,,,4,tribute,activities (he mentally catalogued these as Public Relations) necessary to,0
tribute:L4113,dat_file,tribute,4113,,,4,tribute,"the profession, and therefore were entitled to quite a considerable rebate.",0
tribute:L4115,dat_file,tribute,4115,,,4,tribute,The fact that they were registered with no revenue collecting authority,0
tribute:L4116,dat_file,tribute,4116,,,4,tribute,/anywhere/(1) was entirely a secondary point.  It was the principle that,0
tribute:L4117,dat_file,tribute,4117,,,4,tribute,"counted.  And the interest, too, of course.",0
tribute:L4119,dat_file,tribute,4119,,,4,tribute,"(1) Except on posters with legends like ""Wanted--Dedd"".",0
tribute:L4125,dat_file,tribute,4125,,,4,tribute,"""What do we do now?"" said Mr. Saveloy.  ""Do we do a battle chant or",0
tribute:L4126,dat_file,tribute,4126,,,4,tribute,"something?""",0
tribute:L4128,dat_file,tribute,4128,,,4,tribute,"""We just wait,"" said Cohen.",0
tribute:L4130,dat_file,tribute,4130,,,4,tribute,"""There's a lot of waiting in warfare,"" said Boy Willie.",0
tribute:L4132,dat_file,tribute,4132,,,4,tribute,"""Ah, yes,"" said Mr. Saveloy.  ""I've heard people say that.  They say",0
tribute:L4133,dat_file,tribute,4133,,,4,tribute,"there's long periods of boredom followed by short periods of excitement.""",0
tribute:L4135,dat_file,tribute,4135,,,4,tribute,"""Not really,"" said Cohen.  ""It's more like short periods of waiting",0
tribute:L4136,dat_file,tribute,4136,,,4,tribute,"followed by long periods of being dead.""",0
tribute:L4145,dat_file,tribute,4145,,,4,tribute,"Adventure!  People talked about the idea as if it was something worthwhile,",0
tribute:L4146,dat_file,tribute,4146,,,4,tribute,"rather than a mess of bad food, no sleep, and strange people inexplicably",0
tribute:L4147,dat_file,tribute,4147,,,4,tribute,trying to stick pointed objects in bits of you.,0
tribute:L4153,dat_file,tribute,4153,,,4,tribute,"""How /will/ I get back?"" he said.",0
tribute:L4155,dat_file,tribute,4155,,,4,tribute,"""Same way you went.  We'll find you and bring you out.  With surgical",0
tribute:L4156,dat_file,tribute,4156,,,4,tribute,"precision.""",0
tribute:L4158,dat_file,tribute,4158,,,4,tribute,Rincewind groaned.  He knew what surgical precision meant in Ankh-Morpork.,0
tribute:L4159,dat_file,tribute,4159,,,4,tribute,"It meant ""to within an inch or two, accompanied by a lot of screaming, and",0
tribute:L4160,dat_file,tribute,4160,,,4,tribute,"then they pour hot tar on you just where your leg was.""",0
tribute:L4162,dat_file,tribute,4162,,,4,tribute,But... if you put aside for the moment the certainty that something would,0
tribute:L4163,dat_file,tribute,4163,,,4,tribute,"definitely go horribly wrong, it looked foolproof.  The trouble was that",0
tribute:L4164,dat_file,tribute,4164,,,4,tribute,wizards were such ingenious fools.,0
tribute:L4175,dat_file,tribute,4175,,,4,tribute,"RINCEWIND, ISN'T IT? said Death.  YES.  GOOD EVENING.  I DON'T BELIEVE YOU",0
tribute:L4176,dat_file,tribute,4176,,,4,tribute,"HAVE MET WAR.  RINCEWIND, WAR.  WAR, RINCEWIND.",0
tribute:L4181,dat_file,tribute,4181,,,4,tribute,"TRITE, I KNOW, BUT TRUE.",0
tribute:L4183,dat_file,tribute,4183,,,4,tribute,"Somewhere on the horizon, thunder rumbled.",0
tribute:L4185,dat_file,tribute,4185,,,4,tribute,"""I'll, er, just be sort of going, then,"" said Rincewind.",0
tribute:L4187,dat_file,tribute,4187,,,4,tribute,"DON'T BE A STRANGER, said Death, as the wizard hurried off.",0
tribute:L4189,dat_file,tribute,4189,,,4,tribute,"""Odd person,"" said War.",0
tribute:L4191,dat_file,tribute,4191,,,4,tribute,"WITH HIM HERE, EVEN UNCERTAINTY IS UNCERTAIN.  AND I'M NOT SURE EVEN",0
tribute:L4196,dat_file,tribute,4196,,,4,tribute,"""We've got... let's see now... Egg and Cress, Chicken Tikka, and Mature",0
tribute:L4197,dat_file,tribute,4197,,,4,tribute,"Cheese with Chunky Pickle, I think.""",0
tribute:L4199,dat_file,tribute,4199,,,4,tribute,THEY DO SUCH MARVELOUS THINGS WITH SANDWICHES THESE DAYS.,0
tribute:L4201,dat_file,tribute,4201,,,4,tribute,"""Oh... and Bacon Surprise.""",0
tribute:L4203,dat_file,tribute,4203,,,4,tribute,REALLY?  WHAT IS SO SURPRISING ABOUT BACON?,0
tribute:L4205,dat_file,tribute,4205,,,4,tribute,"""I don't know.  I suppose it comes as something of a shock to the pig.""",0
tribute:L4223,dat_file,tribute,4223,,,4,tribute,'Maybe you could ... help us?',0
tribute:L4225,dat_file,tribute,4225,,,4,tribute,'What's wrong?',0
tribute:L4227,dat_file,tribute,4227,,,4,tribute,'It's my boy ...',0
tribute:L4229,dat_file,tribute,4229,,,4,tribute,Granny opened the door farther and saw the woman standing behind Mr. Slot.,0
tribute:L4230,dat_file,tribute,4230,,,4,tribute,One look at her face was enough.  There was a bundle in her arms.,0
tribute:L4232,dat_file,tribute,4232,,,4,tribute,Granny stepped back.  'Bring him in and let me have a look at him.',0
tribute:L4234,dat_file,tribute,4234,,,4,tribute,"She took the baby from the woman, sat down on the room's one chair, and",0
tribute:L4235,dat_file,tribute,4235,,,4,tribute,pulled back the blanket.  Nanny Ogg peered over her shoulder.,0
tribute:L4237,dat_file,tribute,4237,,,4,tribute,"'Hmm,' said Granny, after a while.  She glanced at Nanny, who gave an",0
tribute:L4238,dat_file,tribute,4238,,,4,tribute,almost imperceptible shake of her head.,0
tribute:L4240,dat_file,tribute,4240,,,4,tribute,"'There's a curse on this house, that's what it is,' said Slot.  'My best",0
tribute:L4241,dat_file,tribute,4241,,,4,tribute,"cow's been taken mortally sick, too.'",0
tribute:L4243,dat_file,tribute,4243,,,4,tribute,"'Oh?  You have a cowshed?' said Granny.  'Very good place for a sickroom,",0
tribute:L4244,dat_file,tribute,4244,,,4,tribute,a cowshed.  It's the warmth.  You better show me where it is.',0
tribute:L4246,dat_file,tribute,4246,,,4,tribute,'You want to take the boy down there?',0
tribute:L4248,dat_file,tribute,4248,,,4,tribute,'Right now.',0
tribute:L4252,dat_file,tribute,4252,,,4,tribute,'How many have you come for?',0
tribute:L4254,dat_file,tribute,4254,,,4,tribute,ONE.,0
tribute:L4256,dat_file,tribute,4256,,,4,tribute,'The cow?',0
tribute:L4258,dat_file,tribute,4258,,,4,tribute,Death shook his head.,0
tribute:L4260,dat_file,tribute,4260,,,4,tribute,'It could /be/ the cow.',0
tribute:L4262,dat_file,tribute,4262,,,4,tribute,NO.  THAT WOULD BE CHANGING HISTORY.,0
tribute:L4264,dat_file,tribute,4264,,,4,tribute,'History is about things changing.',0
tribute:L4266,dat_file,tribute,4266,,,4,tribute,NO.,0
tribute:L4268,dat_file,tribute,4268,,,4,tribute,Granny sat back.,0
tribute:L4270,dat_file,tribute,4270,,,4,tribute,'Then I challenge you to a game.  That's traditional.  That's /allowed/.',0
tribute:L4274,dat_file,tribute,4274,,,4,tribute,THIS IS TRUE.,0
tribute:L4276,dat_file,tribute,4276,,,4,tribute,'Good.',0
tribute:L4278,dat_file,tribute,4278,,,4,tribute,CHALLENGING ME BY MEANS OF A GAME IS ALLOWABLE.,0
tribute:L4282,dat_file,tribute,4282,,,4,tribute,HOWEVER ... YOU UNDERSTAND THAT TO WIN ALL YOU MUST GAMBLE ALL?,0
tribute:L4284,dat_file,tribute,4284,,,4,tribute,"'Double or quits?  Yes, I know.'",0
tribute:L4286,dat_file,tribute,4286,,,4,tribute,BUT NOT CHESS.,0
tribute:L4288,dat_file,tribute,4288,,,4,tribute,'Can't abide chess.',0
tribute:L4290,dat_file,tribute,4290,,,4,tribute,OR CRIPPLE MR. ONION.  I'VE NEVER BEEN ABLE TO UNDERSTAND THE RULES.,0
tribute:L4292,dat_file,tribute,4292,,,4,tribute,"'Very well.  How about one hand of poker?  Five cards each, no draws?",0
tribute:L4293,dat_file,tribute,4293,,,4,tribute,"Sudden death, as they say.'",0
tribute:L4295,dat_file,tribute,4295,,,4,tribute,"Death thought about this, too.",0
tribute:L4297,dat_file,tribute,4297,,,4,tribute,YOU KNOW THIS FAMILY?,0
tribute:L4299,dat_file,tribute,4299,,,4,tribute,'No.',0
tribute:L4301,dat_file,tribute,4301,,,4,tribute,THEN WHY?,0
tribute:L4303,dat_file,tribute,4303,,,4,tribute,'Are we talking or are we playing?',0
tribute:L4305,dat_file,tribute,4305,,,4,tribute,"OH, VERY WELL.",0
tribute:L4309,dat_file,tribute,4309,,,4,tribute,"Granny looked at her cards, and threw them down.",0
tribute:L4311,dat_file,tribute,4311,,,4,tribute,FOUR QUEENS.  HMM.  THAT /IS/ VERY HIGH.,0
tribute:L4313,dat_file,tribute,4313,,,4,tribute,"Death looked down at his cards, and then up into Granny's steady, blue-eyed",0
tribute:L4314,dat_file,tribute,4314,,,4,tribute,gaze.,0
tribute:L4316,dat_file,tribute,4316,,,4,tribute,Neither moved for some time.,0
tribute:L4318,dat_file,tribute,4318,,,4,tribute,Then Death laid the hand on the table.,0
tribute:L4320,dat_file,tribute,4320,,,4,tribute,"I LOSE, he said.  ALL I HAVE IS FOUR ONES.",0
tribute:L4322,dat_file,tribute,4322,,,4,tribute,He looked back into Granny's eyes for a moment.  There was a blue glow in,0
tribute:L4324,dat_file,tribute,4324,,,4,tribute,"barely noticeable even to the closest observation, one winked off.",0
tribute:L4332,dat_file,tribute,4332,,,4,tribute,The letter inside was on a sheet of the Opera House's own note paper.,0
tribute:L4335,dat_file,tribute,4335,,,4,tribute,Ahahahahaha!  Ahahahaha!  Aahahaha!,0
tribute:L4336,dat_file,tribute,4336,,,4,tribute,BEWARE!!!!!,0
tribute:L4338,dat_file,tribute,4338,,,4,tribute,Yrs sincerely,0
tribute:L4339,dat_file,tribute,4339,,,4,tribute,The Opera Ghost,0
tribute:L4341,dat_file,tribute,4341,,,4,tribute,"'What sort of person,' said Salzella patiently, 'sits down and /writes/ a",0
tribute:L4342,dat_file,tribute,4342,,,4,tribute,"maniacal laugh?  And all those exclamation marks, you notice?  Five?  A",0
tribute:L4343,dat_file,tribute,4343,,,4,tribute,sure sign of someone who wears his underpants on his head.  Opera can do,0
tribute:L4344,dat_file,tribute,4344,,,4,tribute,that to a man.',0
tribute:L4350,dat_file,tribute,4350,,,4,tribute,Agnes had woken up one morning with the horrible realization that she'd,0
tribute:L4351,dat_file,tribute,4351,,,4,tribute,"been saddled with a lovely personality.  It was as simple as that.  Oh,",0
tribute:L4352,dat_file,tribute,4352,,,4,tribute,and very good hair.,0
tribute:L4354,dat_file,tribute,4354,,,4,tribute,"It wasn't so much the personality, it was the ""but"" people always added",0
tribute:L4355,dat_file,tribute,4355,,,4,tribute,"when they talked about it.  /But she's got a lovely personality/, they",0
tribute:L4356,dat_file,tribute,4356,,,4,tribute,"said.  It was the lack of choice that rankled.  No one had asked her,",0
tribute:L4357,dat_file,tribute,4357,,,4,tribute,"before she was born, whether she wanted a lovely personality or whether",0
tribute:L4358,dat_file,tribute,4358,,,4,tribute,"she'd prefer, say, a miserable personality but a body that could take",0
tribute:L4359,dat_file,tribute,4359,,,4,tribute,"size nine in dresses.  Instead, people would take pains to tell her that",0
tribute:L4360,dat_file,tribute,4360,,,4,tribute,"beauty was only skin-deep, as if a man ever fell for an attractive pair",0
tribute:L4361,dat_file,tribute,4361,,,4,tribute,of kidneys.,0
tribute:L4367,dat_file,tribute,4367,,,4,tribute,"'And what can I get you, officers?' she said.",0
tribute:L4369,dat_file,tribute,4369,,,4,tribute,'Officers?  Us?' said the Count de Nobbes.  'What makes you think we're,0
tribute:L4370,dat_file,tribute,4370,,,4,tribute,watchmen?',0
tribute:L4372,dat_file,tribute,4372,,,4,tribute,"'He's got a helmet on,' Nanny pointed out.  'Also, he's got his badge",0
tribute:L4373,dat_file,tribute,4373,,,4,tribute,pinned to his coat.',0
tribute:L4375,dat_file,tribute,4375,,,4,tribute,'I /told/ you to put it away!' Nobby hissed.  He looked at Nanny and,0
tribute:L4376,dat_file,tribute,4376,,,4,tribute,"smiled uneasily.  'Milit'ry chic,' he said.  'It's just a fashion",0
tribute:L4377,dat_file,tribute,4377,,,4,tribute,"accessory.  Actually, we are gentlemen of means and have nothing to do",0
tribute:L4378,dat_file,tribute,4378,,,4,tribute,with the city Watch whatsoever.',0
tribute:L4380,dat_file,tribute,4380,,,4,tribute,"'Well, /gentlemen/, would you like some wine?'",0
tribute:L4382,dat_file,tribute,4382,,,4,tribute,"'Not while we on duty, t'anks,' said the troll.",0
tribute:L4388,dat_file,tribute,4388,,,4,tribute,"Lancre had always bred strong, capable women.  A Lancre farmer needed a",0
tribute:L4389,dat_file,tribute,4389,,,4,tribute,wife who'd think nothing of beating a wolf to death with her apron when,0
tribute:L4390,dat_file,tribute,4390,,,4,tribute,"she went out to get some firewood.  And, while kissing initially seemed to",0
tribute:L4391,dat_file,tribute,4391,,,4,tribute,"have more charms than cookery, a stolid Lancre lad looking for a bride",0
tribute:L4392,dat_file,tribute,4392,,,4,tribute,would bear in mind his father's advice that kisses eventually lost their,0
tribute:L4393,dat_file,tribute,4393,,,4,tribute,"fire but cookery tended to get even better over the years, and direct his",0
tribute:L4394,dat_file,tribute,4394,,,4,tribute,courting to those families that clearly showed a tradition of enjoying,0
tribute:L4395,dat_file,tribute,4395,,,4,tribute,their food.,0
tribute:L4401,dat_file,tribute,4401,,,4,tribute,"Music and magic had a lot in common.  They were only two letters apart,",0
tribute:L4402,dat_file,tribute,4402,,,4,tribute,for one thing.  And you couldn't do both.,0
tribute:L4408,dat_file,tribute,4408,,,4,tribute,"She'd caught herself saying ""poot!"" and ""dang!"" when she wanted to swear,",0
tribute:L4409,dat_file,tribute,4409,,,4,tribute,and using pink writing paper.,0
tribute:L4411,dat_file,tribute,4411,,,4,tribute,She'd got a reputation for being calm and capable in a crisis.,0
tribute:L4413,dat_file,tribute,4413,,,4,tribute,Next thing she knew she'd be making shortbread and apple pies as good as,0
tribute:L4414,dat_file,tribute,4414,,,4,tribute,"her mother's, and then there'd be no hope for her.",0
tribute:L4416,dat_file,tribute,4416,,,4,tribute,So she'd introduced Perdita.  She'd heard somewhere that inside every fat,0
tribute:L4418,dat_file,tribute,4418,,,4,tribute,She was a good repository for all those thoughts that Agnes couldn't think,0
tribute:L4420,dat_file,tribute,4420,,,4,tribute,"paper if she could get away with it, and would be beautifully pale instead",0
tribute:L4421,dat_file,tribute,4421,,,4,tribute,of embarrassingly flushed.  Perdita wanted to be an interestingly lost soul,0
tribute:L4423,dat_file,tribute,4423,,,4,tribute,Perdita was as dumb as she was.,0
tribute:L4425,dat_file,tribute,4425,,,4,tribute,"(1) Or, at least, dying for chocolate.",0
tribute:L4431,dat_file,tribute,4431,,,4,tribute,She looked down at the money in her hand.,0
tribute:L4433,dat_file,tribute,4433,,,4,tribute,"She knew about old money, which was somehow hallowed by the fact that",0
tribute:L4434,dat_file,tribute,4434,,,4,tribute,"people had hung on to it for years, and she knew about new money, which",0
tribute:L4435,dat_file,tribute,4435,,,4,tribute,seemed to be being made by all these upstarts that were flooding into the,0
tribute:L4436,dat_file,tribute,4436,,,4,tribute,city these days.  But under her powdered bosom she was an Ankh-Morpork,0
tribute:L4437,dat_file,tribute,4437,,,4,tribute,"shopkeeper, and knew that the best kind of money was the sort that was in",0
tribute:L4438,dat_file,tribute,4438,,,4,tribute,"her hand rather than someone else's.  The best kind of money was mine,",0
tribute:L4439,dat_file,tribute,4439,,,4,tribute,not yours.,0
tribute:L4441,dat_file,tribute,4441,,,4,tribute,"Besides, she was also enough of a snob to confuse rudeness with good",0
tribute:L4442,dat_file,tribute,4442,,,4,tribute,breeding.  In the same way that the really rich can never be mad (they're,0
tribute:L4443,dat_file,tribute,4443,,,4,tribute,"eccentric), so they can also never be rude (they're outspoken and",0
tribute:L4444,dat_file,tribute,4444,,,4,tribute,forthright).,0
tribute:L4450,dat_file,tribute,4450,,,4,tribute,Detritus reached down and picked up an eye patch.,0
tribute:L4452,dat_file,tribute,4452,,,4,tribute,"""What d'you think, then?"" said Nobby scornfully.  ""You think he turned into",0
tribute:L4453,dat_file,tribute,4453,,,4,tribute,"a bat and flew away?""",0
tribute:L4455,dat_file,tribute,4455,,,4,tribute,"""Ha!  I do not t'ink that 'cos it is in ... consist ... ent with modern",0
tribute:L4456,dat_file,tribute,4456,,,4,tribute,"policing,"" said Detritus.",0
tribute:L4458,dat_file,tribute,4458,,,4,tribute,"""Well, /I/ think,"" said Nobby, ""that when you have ruled out the impossible,",0
tribute:L4459,dat_file,tribute,4459,,,4,tribute,"what is left, however improbable, ain't worth hanging around on a cold night",0
tribute:L4460,dat_file,tribute,4460,,,4,tribute,wonderin' about when you could be getting on the outside of a big drink.,0
tribute:L4461,dat_file,tribute,4461,,,4,tribute,"Come on.  I want to try a leg of the elephant that bit me.""",0
tribute:L4463,dat_file,tribute,4463,,,4,tribute,"""Was dat irony?""",0
tribute:L4465,dat_file,tribute,4465,,,4,tribute,"""That was metaphor.""",0
tribute:L4477,dat_file,tribute,4477,,,4,tribute,"""Why've you got broomsticks?"" shouted the driver.  ""Are you witches?""",0
tribute:L4479,dat_file,tribute,4479,,,4,tribute,"""Yes.  Have you got any special low terms for witches?""",0
tribute:L4481,dat_file,tribute,4481,,,4,tribute,"""Yeah, how about 'meddling, interfering old baggages'?""",0
tribute:L4483,dat_file,tribute,4483,,,4,tribute,"Cutoff felt that he must have missed part of the conversation, because the",0
tribute:L4484,dat_file,tribute,4484,,,4,tribute,next exchange went like this:,0
tribute:L4486,dat_file,tribute,4486,,,4,tribute,"""What was that again, young man?""",0
tribute:L4488,dat_file,tribute,4488,,,4,tribute,"""Two complimentary tickets to Ankh-Morpork, ma'am.  No problem.""",0
tribute:L4490,dat_file,tribute,4490,,,4,tribute,"""Inside seats, mind.  No traveling on the top.""",0
tribute:L4492,dat_file,tribute,4492,,,4,tribute,"""Certainly, ma'am.  Excuse me while I just kneel in the dirt so's you can",0
tribute:L4493,dat_file,tribute,4493,,,4,tribute,"step up, ma'am.""",0
tribute:L4495,dat_file,tribute,4495,,,4,tribute,Cutoff nodded happily to himself as the coach pulled away again.  It was,0
tribute:L4496,dat_file,tribute,4496,,,4,tribute,nice to see that good manners and courtesy were still alive.,0
tribute:L4502,dat_file,tribute,4502,,,4,tribute,"""[...]  If you wanted a quiet retirement, Mr. Bucket, you shouldn't have",0
tribute:L4503,dat_file,tribute,4503,,,4,tribute,"bought the Opera House.  You should have done something peaceful, like",0
tribute:L4504,dat_file,tribute,4504,,,4,tribute,"alligator dentistry.""",0
tribute:L4512,dat_file,tribute,4512,,,4,tribute,"""Er... I'm dead, aren't I...?""",0
tribute:L4514,dat_file,tribute,4514,,,4,tribute,SQUEAK.,0
tribute:L4518,dat_file,tribute,4518,,,4,tribute,"The soul of Mr. Pounder looked at his hands.  They seemed to be elongating,",0
tribute:L4519,dat_file,tribute,4519,,,4,tribute,"and getting hairier.  He could feel his ears growing, and a certain rather",0
tribute:L4520,dat_file,tribute,4520,,,4,tribute,embarrassing elongation at the base of his spine.  He'd spent most of his,0
tribute:L4521,dat_file,tribute,4521,,,4,tribute,"life in a single-minded activity in dark places, yet even so...",0
tribute:L4523,dat_file,tribute,4523,,,4,tribute,"""But I don't /believe/ in reincarnation!"" he protested.",0
tribute:L4525,dat_file,tribute,4525,,,4,tribute,SQUEAK.,0
tribute:L4527,dat_file,tribute,4527,,,4,tribute,"And this, Mr. Pounder understood with absolute rodent clarity, meant:",0
tribute:L4528,dat_file,tribute,4528,,,4,tribute,reincarnation believes in /you/.,0
tribute:L4535,dat_file,tribute,4535,,,4,tribute,"""Money don't buy happiness, Gytha.""",0
tribute:L4537,dat_file,tribute,4537,,,4,tribute,"""I only wanted to rent it for a few weeks.""",0
tribute:L4548,dat_file,tribute,4548,,,4,tribute,Rumour is information distilled so finely that it can filter through,0
tribute:L4549,dat_file,tribute,4549,,,4,tribute,anything.  It does not need doors and windows--sometimes it doesn't even,0
tribute:L4550,dat_file,tribute,4550,,,4,tribute,"need people.  It can exist free and wild, running from ear to ear without",0
tribute:L4551,dat_file,tribute,4551,,,4,tribute,ever touching lips.,0
tribute:L4557,dat_file,tribute,4557,,,4,tribute,It was hard enough to kill a vampire.  You could stake them down and turn,0
tribute:L4558,dat_file,tribute,4558,,,4,tribute,them into dust and ten years later someone drops a drop of blood in the,0
tribute:L4559,dat_file,tribute,4559,,,4,tribute,wrong place and /guess who's back/?  They returned more times than raw,0
tribute:L4560,dat_file,tribute,4560,,,4,tribute,broccoli.,0
tribute:L4566,dat_file,tribute,4566,,,4,tribute,"People look down on stuff like geography and meteorology, and not only",0
tribute:L4567,dat_file,tribute,4567,,,4,tribute,because they're standing on one and being soaked by the other.  They don't,0
tribute:L4568,dat_file,tribute,4568,,,4,tribute,look quite like real science.(1)  But geography is only physics slowed,0
tribute:L4569,dat_file,tribute,4569,,,4,tribute,"down and with a few trees stuck on it, and meteorology is full of",0
tribute:L4570,dat_file,tribute,4570,,,4,tribute,excitingly fashionable chaos and complexity.  And summer isn't a time.,0
tribute:L4571,dat_file,tribute,4571,,,4,tribute,It's a place as well.  Summer is a moving creature and likes to go south,0
tribute:L4572,dat_file,tribute,4572,,,4,tribute,for the winter.,0
tribute:L4574,dat_file,tribute,4574,,,4,tribute,"(1) That is to say, the sort you can use to give something three extra",0
tribute:L4575,dat_file,tribute,4575,,,4,tribute,legs and then blow it up.,0
tribute:L4581,dat_file,tribute,4581,,,4,tribute,"Upstairs, Vimes pushed open his office door carefully.  The Assassins'",0
tribute:L4582,dat_file,tribute,4582,,,4,tribute,Guild played to rules.  You could say that about the bastards.  It was,0
tribute:L4583,dat_file,tribute,4583,,,4,tribute,"terribly bad form to kill a bystander.  Apart from anything else, you",0
tribute:L4586,dat_file,tribute,4586,,,4,tribute,paid to be careful.  Vimes /was/ good at making the kind of rich enemies,0
tribute:L4587,dat_file,tribute,4587,,,4,tribute,who could afford to employ assassins.  The assassins had to be lucky,0
tribute:L4588,dat_file,tribute,4588,,,4,tribute,"only once, but Vimes had to be lucky all the time.",0
tribute:L4594,dat_file,tribute,4594,,,4,tribute,"""Er ... have you ever heard the story about dead men's eyes, sir?""",0
tribute:L4596,dat_file,tribute,4596,,,4,tribute,"""Assume I haven't had a literary education, Littlebottom.""",0
tribute:L4598,dat_file,tribute,4598,,,4,tribute,"""Well ... they say ...""",0
tribute:L4600,dat_file,tribute,4600,,,4,tribute,"""/Who/ say?""",0
tribute:L4602,dat_file,tribute,4602,,,4,tribute,"""/They/, sir.  You know, /they/.""",0
tribute:L4604,dat_file,tribute,4604,,,4,tribute,"""The same people who're the 'everyone' in 'everyone knows'?  The people",0
tribute:L4605,dat_file,tribute,4605,,,4,tribute,"who live in 'the community'?""",0
tribute:L4607,dat_file,tribute,4607,,,4,tribute,"""Yes, sir.  I suppose so, sir.""",0
tribute:L4609,dat_file,tribute,4609,,,4,tribute,"Vimes waved a hand.  ""Oh, /them/.  Well, go on.""",0
tribute:L4611,dat_file,tribute,4611,,,4,tribute,"""They say that the last thing a man sees stays imprinted in his eyes, sir.""",0
tribute:L4613,dat_file,tribute,4613,,,4,tribute,"""Oh, /that/.  That's just an old story.""",0
tribute:L4619,dat_file,tribute,4619,,,4,tribute,Everyone in the city looked after themselves.  That's what the guilds were,0
tribute:L4620,dat_file,tribute,4620,,,4,tribute,for.  People banded together against other people.  The guild looked after,0
tribute:L4621,dat_file,tribute,4621,,,4,tribute,"you from the cradle to the grave or, in the case of the Assassins, to",0
tribute:L4622,dat_file,tribute,4622,,,4,tribute,"other people's graves.  They even maintained the law, or at least they had",0
tribute:L4623,dat_file,tribute,4623,,,4,tribute,"done, after a fashion.  Thieving without a license was punishable by death",0
tribute:L4624,dat_file,tribute,4624,,,4,tribute,for the first offense.(1)  The Thieves' Guild saw to that.  The arrangement,0
tribute:L4625,dat_file,tribute,4625,,,4,tribute,"sounded unreal, but it worked.",0
tribute:L4627,dat_file,tribute,4627,,,4,tribute,It worked like a machine.  That was fine except for the occasional people,0
tribute:L4628,dat_file,tribute,4628,,,4,tribute,who got caught in the wheels.,0
tribute:L4630,dat_file,tribute,4630,,,4,tribute,(1) The Ankh-Morpork view of crime and punishment was that the penalty for,0
tribute:L4637,dat_file,tribute,4637,,,4,tribute,"Vimes struggled to his feet, shook his head, and set off after it.  No",0
tribute:L4638,dat_file,tribute,4638,,,4,tribute,thought was involved.  It is the ancient instinct of terriers and,0
tribute:L4639,dat_file,tribute,4639,,,4,tribute,policemen to chase anything that runs away.,0
tribute:L4643,dat_file,tribute,4643,,,4,tribute,Vimes pounded through the fog after the fleeing figure.  It wasn't quite,0
tribute:L4644,dat_file,tribute,4644,,,4,tribute,"so fast as him, despite the twinges in his legs and one or two warning",0
tribute:L4645,dat_file,tribute,4645,,,4,tribute,"stabs from his left knee, but whenever he came close to it some muffled",0
tribute:L4646,dat_file,tribute,4646,,,4,tribute,"pedestrian got in the way, or a cart pulled out from a cross street.(1)",0
tribute:L4648,dat_file,tribute,4648,,,4,tribute,(1) This always happens in any police chase /anywhere/.  A heavily laden,0
tribute:L4650,dat_file,tribute,4650,,,4,tribute,"vehicles aren't involved, then it'll be a man with a rack of garments.",0
tribute:L4651,dat_file,tribute,4651,,,4,tribute,Or two men with a large sheet of glass.  There's probably some kind of,0
tribute:L4652,dat_file,tribute,4652,,,4,tribute,secret society behind all this.,0
tribute:L4658,dat_file,tribute,4658,,,4,tribute,"Ron had a small grayish-brown, torn-eared terrier on the end of a string,",0
tribute:L4659,dat_file,tribute,4659,,,4,tribute,although in truth it would be hard for an observer to know exactly who,0
tribute:L4660,dat_file,tribute,4660,,,4,tribute,"was leading whom and who, when push came to shove, would be the one to",0
tribute:L4661,dat_file,tribute,4661,,,4,tribute,"fold at the knees if the other shouted ""Sit!""  Because, although trained",0
tribute:L4662,dat_file,tribute,4662,,,4,tribute,"canines as aids for those bereft of sight, and even of hearing, have",0
tribute:L4663,dat_file,tribute,4663,,,4,tribute,"frequently been used throughout the universe, Foul Ole Ron was the first",0
tribute:L4664,dat_file,tribute,4664,,,4,tribute,person ever to own a Thinking-Brain Dog.,0
tribute:L4670,dat_file,tribute,4670,,,4,tribute,Samuel Vimes dreamed about Clues.,0
tribute:L4672,dat_file,tribute,4672,,,4,tribute,He had a jaundiced view of Clues.  He instinctively distrusted them.  They,0
tribute:L4673,dat_file,tribute,4673,,,4,tribute,got in the way.,0
tribute:L4675,dat_file,tribute,4675,,,4,tribute,And he distrusted the kind of person who'd take one look at another man,0
tribute:L4676,dat_file,tribute,4676,,,4,tribute,"and say in a lordly voice to his companion, ""Ah, my dear sir.  I can tell",0
tribute:L4677,dat_file,tribute,4677,,,4,tribute,you nothing except that he is a left-handed stonemason who has spent some,0
tribute:L4678,dat_file,tribute,4678,,,4,tribute,"years in the merchant navy and has recently fallen on hard times,"" and",0
tribute:L4679,dat_file,tribute,4679,,,4,tribute,then unroll a lot of supercilious commentary about calluses and stance,0
tribute:L4680,dat_file,tribute,4680,,,4,tribute,"and the state of a man's boots, when /exactly the same/ comments could",0
tribute:L4681,dat_file,tribute,4681,,,4,tribute,apply to a man who was wearing his old clothes because he'd been doing a,0
tribute:L4682,dat_file,tribute,4682,,,4,tribute,"spot of home bricklaying for a new barbecue pit, and had been tattooed",0
tribute:L4683,dat_file,tribute,4683,,,4,tribute,once when he was drunk and seventeen(1) and in fact got seasick on a wet,0
tribute:L4684,dat_file,tribute,4684,,,4,tribute,pavement.  What arrogance!  What an insult to the rich and chaotic variety,0
tribute:L4685,dat_file,tribute,4685,,,4,tribute,of the human experience.,0
tribute:L4687,dat_file,tribute,4687,,,4,tribute,It was the same with more static evidence.  The footprints in the,0
tribute:L4688,dat_file,tribute,4688,,,4,tribute,flowerbed were probably /in the real world/ left by the window-cleaner.,0
tribute:L4690,dat_file,tribute,4690,,,4,tribute,stepping sharply on an upturned hairbrush.,0
tribute:L4692,dat_file,tribute,4692,,,4,tribute,The real world was far too /real/ to leave neat little hints.  It was full,0
tribute:L4693,dat_file,tribute,4693,,,4,tribute,of too many things.  It wasn't by eliminating the impossible that you got,0
tribute:L4694,dat_file,tribute,4694,,,4,tribute,"at the truth, however improbable; it was by the much harder process of",0
tribute:L4695,dat_file,tribute,4695,,,4,tribute,"eliminating the possibilities.  You worked away, patiently asking questions",0
tribute:L4696,dat_file,tribute,4696,,,4,tribute,"and looking hard at things.  You walked and talked, and in your heart you",0
tribute:L4697,dat_file,tribute,4697,,,4,tribute,just hoped like hell that some bugger's nerve'd crack and he'd give himself,0
tribute:L4698,dat_file,tribute,4698,,,4,tribute,up.,0
tribute:L4700,dat_file,tribute,4700,,,4,tribute,(1) These terms are often synonymous.,0
tribute:L4706,dat_file,tribute,4706,,,4,tribute,"""Life has certainly been more reliable under Vetinari,"" said Mr. Potts of",0
tribute:L4707,dat_file,tribute,4707,,,4,tribute,the Bakers' Guild.,0
tribute:L4709,dat_file,tribute,4709,,,4,tribute,"""He does have all the street-theater players and mime artists thrown into",0
tribute:L4710,dat_file,tribute,4710,,,4,tribute,"the scorpion pit,"" said Mr. Boggis of the Thieves' Guild.",0
tribute:L4712,dat_file,tribute,4712,,,4,tribute,"""True.  But let's not forget that he has his bad points too.  [...]""",0
tribute:L4718,dat_file,tribute,4718,,,4,tribute,"What a mess the world was in, Vimes reflected.  Constable Visit had told",0
tribute:L4719,dat_file,tribute,4719,,,4,tribute,"him the meek would inherit it, and what had the poor devils done to deserve",0
tribute:L4720,dat_file,tribute,4720,,,4,tribute,/that/?,0
tribute:L4726,dat_file,tribute,4726,,,4,tribute,"Rogers the bulls were angry and bewildered, which counts as the basic state",0
tribute:L4727,dat_file,tribute,4727,,,4,tribute,of mind for full grown bulls.(1),0
tribute:L4729,dat_file,tribute,4729,,,4,tribute,"(1) Because of the huge obtrusive mass of his forehead, Rogers the bulls'",0
tribute:L4730,dat_file,tribute,4730,,,4,tribute,view of the universe was from two eyes each with their own non-overlapping,0
tribute:L4731,dat_file,tribute,4731,,,4,tribute,"hemispherical view of the world.  Since there were two separate visions,",0
tribute:L4732,dat_file,tribute,4732,,,4,tribute,"Rogers had reasoned, that meant there must be two bulls (bulls not having",0
tribute:L4733,dat_file,tribute,4733,,,4,tribute,"been bred for much deductive reasoning).  Most bulls believe this, which is",0
tribute:L4734,dat_file,tribute,4734,,,4,tribute,why they always keep turning their head this way and that when they look at,0
tribute:L4735,dat_file,tribute,4735,,,4,tribute,you.  They do this because both of them want to see.,0
tribute:L4741,dat_file,tribute,4741,,,4,tribute,"""It's the most menacing dwarf battle-cry there is!  Once it's been shouted",0
tribute:L4742,dat_file,tribute,4742,,,4,tribute,"/someone/ has to be killed!""",0
tribute:L4744,dat_file,tribute,4744,,,4,tribute,"""What's it mean?""",0
tribute:L4746,dat_file,tribute,4746,,,4,tribute,"""Today Is A Good Day For Someone Else To Die!""",0
tribute:L4752,dat_file,tribute,4752,,,4,tribute,"""Y'know,"" said Colon, ""if it doesn't work out, you could always get a job",0
tribute:L4753,dat_file,tribute,4753,,,4,tribute,"making fortune cookies.""",0
tribute:L4755,dat_file,tribute,4755,,,4,tribute,"""Funny thing, that,"" said Nobby.  ""You never get bad fortunes in cookies,",0
tribute:L4756,dat_file,tribute,4756,,,4,tribute,"ever noticed that?  They never say stuff like: 'Oh dear, things are going",0
tribute:L4757,dat_file,tribute,4757,,,4,tribute,"to be /really/ bad.'  I mean, they're never /misfortune/ cookies.""",0
tribute:L4759,dat_file,tribute,4759,,,4,tribute,"Vimes lit a cigar and shook the match to put it out.  ""That, Corporal, is",0
tribute:L4762,dat_file,tribute,4762,,,4,tribute,"""What?  Like, people who read fortune cookies are the lucky ones?"" said",0
tribute:L4763,dat_file,tribute,4763,,,4,tribute,Nobby.,0
tribute:L4765,dat_file,tribute,4765,,,4,tribute,"""No.  Because people who /sell/ fortune cookies want to go on selling",0
tribute:L4766,dat_file,tribute,4766,,,4,tribute,"them.  [...]""",0
tribute:L4777,dat_file,tribute,4777,,,4,tribute,"Everything starts somewhere, though many physicists disagree.",0
tribute:L4779,dat_file,tribute,4779,,,4,tribute,But people have always been dimly aware of the problem with the start of,0
tribute:L4780,dat_file,tribute,4780,,,4,tribute,"things.  They wonder how the snowplow driver gets to work, or how the",0
tribute:L4781,dat_file,tribute,4781,,,4,tribute,makers of dictionaries look up the spelling of words.  Yet there is the,0
tribute:L4782,dat_file,tribute,4782,,,4,tribute,"constant desire to find some point in the twisting, knotting, raveling",0
tribute:L4783,dat_file,tribute,4783,,,4,tribute,nets of space-time on which a metaphorical finger can be put to indicate,0
tribute:L4786,dat_file,tribute,4786,,,4,tribute,"/Something/ began when the Guild of Assassins enrolled Mister Teatime,",0
tribute:L4787,dat_file,tribute,4787,,,4,tribute,"who saw things differently from other people, and one of the ways that",0
tribute:L4788,dat_file,tribute,4788,,,4,tribute,he saw things differently from other people was in seeing other people,0
tribute:L4789,dat_file,tribute,4789,,,4,tribute,"as things (later, Lord Downey of the Guild said, ""We took pity on him",0
tribute:L4790,dat_file,tribute,4790,,,4,tribute,"because he'd lost both parents at an early age.  I think that, on",0
tribute:L4791,dat_file,tribute,4791,,,4,tribute,"reflection, we should have wondered a bit more about that."")",0
tribute:L4797,dat_file,tribute,4797,,,4,tribute,"If asked to describe what they did for a living, the five men around the",0
tribute:L4799,dat_file,tribute,4799,,,4,tribute,"although in Banjo's case he'd probably have said ""Dur?""  They were, by the",0
tribute:L4800,dat_file,tribute,4800,,,4,tribute,"standards of an uncaring society, criminals, although they wouldn't have",0
tribute:L4801,dat_file,tribute,4801,,,4,tribute,thought of themselves as such and couldn't even /spell/ words like,0
tribute:L4802,dat_file,tribute,4802,,,4,tribute,"""nefarious.""  What they generally did was move things around.  Sometimes",0
tribute:L4803,dat_file,tribute,4803,,,4,tribute,"the things were on the wrong side of a steel door, or in the wrong house.",0
tribute:L4804,dat_file,tribute,4804,,,4,tribute,Sometimes the things were in fact people who were far too unimportant to,0
tribute:L4805,dat_file,tribute,4805,,,4,tribute,"trouble the Assassins' Guild with, but who were nevertheless inconveniently",0
tribute:L4806,dat_file,tribute,4806,,,4,tribute,"positioned where they were and would be much better located on, for",0
tribute:L4807,dat_file,tribute,4807,,,4,tribute,"example, a sea bed somewhere.(1)  None of the five belonged to any formal",0
tribute:L4808,dat_file,tribute,4808,,,4,tribute,"guild and they generally found their clients among those people who, for",0
tribute:L4809,dat_file,tribute,4809,,,4,tribute,"their own dark reasons, didn't want to put the guilds to any trouble,",0
tribute:L4810,dat_file,tribute,4810,,,4,tribute,sometimes because they were guild members themselves.  They had plenty of,0
tribute:L4811,dat_file,tribute,4811,,,4,tribute,"work.  There was always something that needed transferring from A to B or,",0
tribute:L4812,dat_file,tribute,4812,,,4,tribute,"of course, to the bottom of the C.",0
tribute:L4814,dat_file,tribute,4814,,,4,tribute,(1) Chickenwire had got his name from his own individual contribution to,0
tribute:L4815,dat_file,tribute,4815,,,4,tribute,"the science of this very specialized ""concrete overshoe"" form of waste",0
tribute:L4816,dat_file,tribute,4816,,,4,tribute,disposal.  An unfortunate drawback of the process was the tendency for,0
tribute:L4817,dat_file,tribute,4817,,,4,tribute,"bits of the client to eventually detach and float to the surface, causing",0
tribute:L4818,dat_file,tribute,4818,,,4,tribute,"much comment among the general population.  Enough chicken wire, he pointed",0
tribute:L4819,dat_file,tribute,4819,,,4,tribute,"out, would solve that, while also allowing the ingress of crabs and fish",0
tribute:L4820,dat_file,tribute,4820,,,4,tribute,going about their vital recycling activities.,0
tribute:L4826,dat_file,tribute,4826,,,4,tribute,Although it was Hogswatch the University buildings were bustling.  Wizards,0
tribute:L4827,dat_file,tribute,4827,,,4,tribute,"didn't go to bed early in any case,(1) and of course there was the",0
tribute:L4828,dat_file,tribute,4828,,,4,tribute,Hogswatchnight Feast to look forward to at midnight.,0
tribute:L4830,dat_file,tribute,4830,,,4,tribute,It would give some idea of the scale of the Hogswatchnight Feast that a,0
tribute:L4831,dat_file,tribute,4831,,,4,tribute,"light snack at UU consisted of three or four courses, not counting the",0
tribute:L4832,dat_file,tribute,4832,,,4,tribute,cheese and nuts.,0
tribute:L4834,dat_file,tribute,4834,,,4,tribute,Some of the wizards had been practicing for weeks.  The Dean in particular,0
tribute:L4835,dat_file,tribute,4835,,,4,tribute,could now lift a twenty-pound turkey on one fork.  Having to wait until,0
tribute:L4836,dat_file,tribute,4836,,,4,tribute,midnight merely put a healthy edge on appetites already professionally,0
tribute:L4837,dat_file,tribute,4837,,,4,tribute,honed.,0
tribute:L4840,dat_file,tribute,4840,,,4,tribute,"senior ones, of course, lived entirely in the past, but several were like",0
tribute:L4841,dat_file,tribute,4841,,,4,tribute,"the Professor of Anthropics, who had invented an entire temporal system",0
tribute:L4842,dat_file,tribute,4842,,,4,tribute,based on the belief that all the other ones were a mere illusion.,0
tribute:L4844,dat_file,tribute,4844,,,4,tribute,Many people are aware of the Weak and Strong Anthropic Principles.  The,0
tribute:L4845,dat_file,tribute,4845,,,4,tribute,"Weak One says, basically, that it was jolly amazing of the universe to be",0
tribute:L4846,dat_file,tribute,4846,,,4,tribute,constructed in such a way that humans could evolve to a point where they,0
tribute:L4847,dat_file,tribute,4847,,,4,tribute,"could make a living in, for example, universities, while the Strong One",0
tribute:L4848,dat_file,tribute,4848,,,4,tribute,"says that, on the contrary, the whole point of the universe was that",0
tribute:L4849,dat_file,tribute,4849,,,4,tribute,"humans should not only work in universities, but also write for huge sums",0
tribute:L4850,dat_file,tribute,4850,,,4,tribute,"books with words like ""Cosmic"" and ""Chaos"" in the titles.(2)",0
tribute:L4852,dat_file,tribute,4852,,,4,tribute,The UU Professor of Anthropics had developed the Special and Inevitable,0
tribute:L4853,dat_file,tribute,4853,,,4,tribute,"Anthropic Principle, which was that the entire reason for the existence of",0
tribute:L4854,dat_file,tribute,4854,,,4,tribute,the universe was the eventual evolution of the UU Professor of Anthropics.,0
tribute:L4855,dat_file,tribute,4855,,,4,tribute,But this was only a formal statement of the theory which absolutely,0
tribute:L4856,dat_file,tribute,4856,,,4,tribute,"everyone, with only some minor details of a ""Fill in name here"" nature,",0
tribute:L4857,dat_file,tribute,4857,,,4,tribute,secretly believes to be true.,0
tribute:L4859,dat_file,tribute,4859,,,4,tribute,(2) And they are correct.  The universe clearly operates for the benefit,0
tribute:L4860,dat_file,tribute,4860,,,4,tribute,of humanity.  This can be readily seen by the convenient way the sun comes,0
tribute:L4861,dat_file,tribute,4861,,,4,tribute,"up in the morning, when people are ready to start the day.",0
tribute:L4867,dat_file,tribute,4867,,,4,tribute,"""Watch this, sir,"" said Ponder.  ""All right, Adrian, initialize the GBL.""",0
tribute:L4869,dat_file,tribute,4869,,,4,tribute,"""How do you do that, then?"" said Ridcully, behind him.",0
tribute:L4871,dat_file,tribute,4871,,,4,tribute,"""It ... it means pull the great big lever,"" Ponder said, reluctantly.",0
tribute:L4873,dat_file,tribute,4873,,,4,tribute,"""Ah.  Takes less time to say.""",0
tribute:L4875,dat_file,tribute,4875,,,4,tribute,"Ponder sighed.  ""Yes, that's right, Archchancellor.""",0
tribute:L4877,dat_file,tribute,4877,,,4,tribute,"He nodded to one of the students, who pulled a large red lever marked ""Do",0
tribute:L4878,dat_file,tribute,4878,,,4,tribute,"Not Pull.""  Gears spun, somewhere inside Hex.  Little trapdoors opened in",0
tribute:L4879,dat_file,tribute,4879,,,4,tribute,the ant farms and millions of ants began to scurry along the networks of,0
tribute:L4880,dat_file,tribute,4880,,,4,tribute,glass tubing.  Ponder tapped at the huge wooden keyboard.,0
tribute:L4882,dat_file,tribute,4882,,,4,tribute,"""Beats me how you fellows remember how to do all this stuff,"" said Ridcully,",0
tribute:L4883,dat_file,tribute,4883,,,4,tribute,still watching him with what Ponder considered to be amused interest.,0
tribute:L4885,dat_file,tribute,4885,,,4,tribute,"""Oh, it's largely intuitive, Archchancellor,"" said Ponder.  ""Obviously you",0
tribute:L4886,dat_file,tribute,4886,,,4,tribute,"have to spend a lot of time learning it first, though.  [...]""",0
tribute:L4892,dat_file,tribute,4892,,,4,tribute,"""Tell me, Senior Wrangler, we never invited any /women/ to the",0
tribute:L4893,dat_file,tribute,4893,,,4,tribute,"Hogswatchnight Feast, did we?""",0
tribute:L4895,dat_file,tribute,4895,,,4,tribute,"""Of course not, Archchancellor,"" said the Senior Wrangler.  He looked up",0
tribute:L4897,dat_file,tribute,4897,,,4,tribute,"eye.  ""Good heavens, no.  They'd spoil everything.  I've always said so.""",0
tribute:L4899,dat_file,tribute,4899,,,4,tribute,"""And all the maids have got the evening off until midnight?.""",0
tribute:L4901,dat_file,tribute,4901,,,4,tribute,"""A very generous custom, I've always said,"" said the Senior Wrangler,",0
tribute:L4902,dat_file,tribute,4902,,,4,tribute,feeling his neck crick.,0
tribute:L4904,dat_file,tribute,4904,,,4,tribute,"""So why, every year, do we hang a damn great bunch of mistletoe up there?""",0
tribute:L4906,dat_file,tribute,4906,,,4,tribute,"The Senior Wrangler turned in a circle, still looking upward.",0
tribute:L4908,dat_file,tribute,4908,,,4,tribute,"""Well, er ... it's well, it's ... it's symbolic, Archchancellor.""",0
tribute:L4910,dat_file,tribute,4910,,,4,tribute,"""Ah?""",0
tribute:L4912,dat_file,tribute,4912,,,4,tribute,The Senior Wrangler felt that something more was expected.  He groped,0
tribute:L4913,dat_file,tribute,4913,,,4,tribute,around in the dusty attics of his education.,0
tribute:L4915,dat_file,tribute,4915,,,4,tribute,"""Of ... the leaves, d'y'see ... they're symbolic of ... of green, d'y'see,",0
tribute:L4916,dat_file,tribute,4916,,,4,tribute,"whereas the berries, in fact, yes, the berries symbolize ... symbolize",0
tribute:L4917,dat_file,tribute,4917,,,4,tribute,"white.  Yes.  White and green.  Very ... symbolic.""",0
tribute:L4919,dat_file,tribute,4919,,,4,tribute,"He waited.  He was not, unfortunately, disappointed.",0
tribute:L4921,dat_file,tribute,4921,,,4,tribute,"""What of?""",0
tribute:L4923,dat_file,tribute,4923,,,4,tribute,The Senior Wrangler coughed.,0
tribute:L4925,dat_file,tribute,4925,,,4,tribute,"""I'm not sure there /has/ to be an /of/,"" he said.",0
tribute:L4927,dat_file,tribute,4927,,,4,tribute,"""Ah?  So,"" said the Archchancellor thoughtfully, ""it could be said that",0
tribute:L4928,dat_file,tribute,4928,,,4,tribute,"the white and green symbolize a small parasitic plant?""",0
tribute:L4930,dat_file,tribute,4930,,,4,tribute,"""Yes, indeed,"" said the Senior Wrangler.",0
tribute:L4932,dat_file,tribute,4932,,,4,tribute,"""So mistletoe, in fact, symbolizes mistletoe?""",0
tribute:L4935,dat_file,tribute,4935,,,4,tribute,hanging on.,0
tribute:L4937,dat_file,tribute,4937,,,4,tribute,"""Funny thing, that,"" said Ridcully, in the same thoughtful tone of voice.",0
tribute:L4938,dat_file,tribute,4938,,,4,tribute,"""That statement is either so deep it would take a lifetime to fully",0
tribute:L4939,dat_file,tribute,4939,,,4,tribute,"comprehend every particle of its meaning, or it is a load of absolute",0
tribute:L4940,dat_file,tribute,4940,,,4,tribute,"tosh.  Which is it, I wonder?""",0
tribute:L4942,dat_file,tribute,4942,,,4,tribute,"""It could be both,"" said the Senior Wrangler desperately.",0
tribute:L4944,dat_file,tribute,4944,,,4,tribute,"""And /that/ comment,"" said Ridcully, ""is either very perceptive or very",0
tribute:L4945,dat_file,tribute,4945,,,4,tribute,"trite.""",0
tribute:L4947,dat_file,tribute,4947,,,4,tribute,"""It could be bo--""",0
tribute:L4949,dat_file,tribute,4949,,,4,tribute,"""Don't push it, Senior Wrangler.""",0
tribute:L4955,dat_file,tribute,4955,,,4,tribute,What Ponder was worried about was the fear that he was simply engaged in a,0
tribute:L4956,dat_file,tribute,4956,,,4,tribute,"cargo cult.  He'd read about them.  Ignorant(1) and credulous(2) people,",0
tribute:L4957,dat_file,tribute,4957,,,4,tribute,whose island might once have been visited by some itinerant merchant,0
tribute:L4958,dat_file,tribute,4958,,,4,tribute,vessel that traded pearls and coconuts for such fruits of civilization as,0
tribute:L4959,dat_file,tribute,4959,,,4,tribute,"glass beads, mirrors, axes, and sexual diseases, would later make big model",0
tribute:L4961,dat_file,tribute,4961,,,4,tribute,"cargo.  Of course, they were far too ignorant and credulous to know that",0
tribute:L4962,dat_file,tribute,4962,,,4,tribute,just because you built the shape you didn't get the substance ...,0
tribute:L4964,dat_file,tribute,4964,,,4,tribute,"(1) Ignorant:  the state of not knowing what a pronoun is, or how to find",0
tribute:L4965,dat_file,tribute,4965,,,4,tribute,"the square root of 27.4, and merely knowing childish and useless things",0
tribute:L4966,dat_file,tribute,4966,,,4,tribute,like which of the seventy almost identical-looking species of the purple,0
tribute:L4968,dat_file,tribute,4968,,,4,tribute,"Sago-sago tree to make a nourishing gruel, how to foretell the weather by",0
tribute:L4969,dat_file,tribute,4969,,,4,tribute,"the movements of the tree-climbing Burglar Crab, how to navigate across",0
tribute:L4970,dat_file,tribute,4970,,,4,tribute,a thousand miles of featureless ocean by means of a piece of string and a,0
tribute:L4971,dat_file,tribute,4971,,,4,tribute,"small clay model of your grandfather, how to get essential vitamins from",0
tribute:L4972,dat_file,tribute,4972,,,4,tribute,"the liver of the ferocious Ice Bear, and other such trivial matters.  It's",0
tribute:L4973,dat_file,tribute,4973,,,4,tribute,"a strange thing that when everyone becomes educated, everyone knows about",0
tribute:L4974,dat_file,tribute,4974,,,4,tribute,the pronoun but no one knows about the Sago-sago.,0
tribute:L4976,dat_file,tribute,4976,,,4,tribute,"(2) Credulous:  having views about the world, the universe and humanity's",0
tribute:L4977,dat_file,tribute,4977,,,4,tribute,place in it that are shared only by very unsophisticated people and the,0
tribute:L4978,dat_file,tribute,4978,,,4,tribute,most intelligent and advanced mathematicians and physicists.,0
tribute:L4986,dat_file,tribute,4986,,,4,tribute,"There was silence again, and then a clang.  The Librarian grunted in his",0
tribute:L4987,dat_file,tribute,4987,,,4,tribute,sleep.,0
tribute:L4989,dat_file,tribute,4989,,,4,tribute,"""What are you doing?""",0
tribute:L4991,dat_file,tribute,4991,,,4,tribute,"""I just knocked over the coal shovel.""",0
tribute:L4993,dat_file,tribute,4993,,,4,tribute,"""Why are you feeling around on the mantelpiece?""",0
tribute:L4995,dat_file,tribute,4995,,,4,tribute,"""Oh, just ... you know, just ... just looking.  A little ... experiment.",0
tribute:L4996,dat_file,tribute,4996,,,4,tribute,"After all, you never know.""",0
tribute:L4998,dat_file,tribute,4998,,,4,tribute,"""You never know what?""",0
tribute:L5000,dat_file,tribute,5000,,,4,tribute,"""Just ... never know, you know.""",0
tribute:L5002,dat_file,tribute,5002,,,4,tribute,"""/Sometimes/ you know,"" said Ridcully.  ""I think I know quite a lot that",0
tribute:L5003,dat_file,tribute,5003,,,4,tribute,"I didn't used to know.  It's amazing what you /do/ end up knowing, I",0
tribute:L5004,dat_file,tribute,5004,,,4,tribute,"sometimes think.  I often wonder what new stuff I'll know.""",0
tribute:L5006,dat_file,tribute,5006,,,4,tribute,"""Well, you never know.""",0
tribute:L5008,dat_file,tribute,5008,,,4,tribute,"""That's a fact.""",0
tribute:L5014,dat_file,tribute,5014,,,4,tribute,"IT GETS UNDER YOUR SKIN, LIFE, said Death, stepping forward.  SPEAKING",0
tribute:L5015,dat_file,tribute,5015,,,4,tribute,"METAPHORICALLY, OF COURSE.  IT'S A HABIT THAT'S HARD TO GIVE UP.  ONE PUFF",0
tribute:L5016,dat_file,tribute,5016,,,4,tribute,OF BREATH IS NEVER ENOUGH.  YOU'LL FIND YOU WANT TO TAKE ANOTHER.,0
tribute:L5022,dat_file,tribute,5022,,,4,tribute,HUMANS NEED FANTASY TO BE HUMAN.  TO BE THE PLACE WHERE THE FALLING ANGEL,0
tribute:L5023,dat_file,tribute,5023,,,4,tribute,MEETS THE RISING APE.,0
tribute:L5025,dat_file,tribute,5025,,,4,tribute,"""Tooth Fairies?  Hogfathers?  Little--""",0
tribute:L5027,dat_file,tribute,5027,,,4,tribute,YES.  AS PRACTICE.  YOU HAVE TO START OUT LEARNING TO BELIEVE THE /LITTLE/,0
tribute:L5028,dat_file,tribute,5028,,,4,tribute,LIES.,0
tribute:L5030,dat_file,tribute,5030,,,4,tribute,"""So we can believe the big ones?""",0
tribute:L5032,dat_file,tribute,5032,,,4,tribute,YES.  JUSTICE.  MERCY.  DUTY.  THAT SORT OF THING.,0
tribute:L5039,dat_file,tribute,5039,,,4,tribute,"""What did he do it all for?"" said Susan.  ""I mean, why?  Money?  Power?""",0
tribute:L5041,dat_file,tribute,5041,,,4,tribute,"SOME PEOPLE WILL DO ANYTHING FOR THE SHEER FASCINATION OF DOING IT, said",0
tribute:L5042,dat_file,tribute,5042,,,4,tribute,Death.  OR THE FAME.  OR BECAUSE THEY SHOULDN'T.,0
tribute:L5054,dat_file,tribute,5054,,,4,tribute,The senior wizards of Unseen University stood and looked at the door.,0
tribute:L5056,dat_file,tribute,5056,,,4,tribute,There was no doubt that whoever had shut it wanted it to stay shut.  Dozens,0
tribute:L5057,dat_file,tribute,5057,,,4,tribute,of nails secured it to the door frame.  Planks had been nailed right across.,0
tribute:L5059,dat_file,tribute,5059,,,4,tribute,had been put in front of it.,0
tribute:L5061,dat_file,tribute,5061,,,4,tribute,"""And there's the sign, Ridcully,"" said the Dean.  ""You /have/ read it, I",0
tribute:L5062,dat_file,tribute,5062,,,4,tribute,"assume.  You know?  The sign which says 'Do not, under any circumstances,",0
tribute:L5063,dat_file,tribute,5063,,,4,tribute,"open this door'?""",0
tribute:L5065,dat_file,tribute,5065,,,4,tribute,"""Of course I've read it,"" said Ridcully.  ""Why d'yer think I want it",0
tribute:L5066,dat_file,tribute,5066,,,4,tribute,"opened?""",0
tribute:L5068,dat_file,tribute,5068,,,4,tribute,"""Er... why?"" said the Lecturer in Recent Runes.",0
tribute:L5070,dat_file,tribute,5070,,,4,tribute,"""To see why they wanted it shut, of course.""(1)",0
tribute:L5073,dat_file,tribute,5073,,,4,tribute,"civilization.  At least, those bits of it that are now under the sea,",0
tribute:L5074,dat_file,tribute,5074,,,4,tribute,fenced off or still smoking.,0
tribute:L5081,dat_file,tribute,5081,,,4,tribute,Then the Dean repeated the mantra that has had such a marked effect on the,0
tribute:L5082,dat_file,tribute,5082,,,4,tribute,progress of knowledge throughout the ages.,0
tribute:L5084,dat_file,tribute,5084,,,4,tribute,"""Why don't we just mix up absolutely everything and see what happens?"" he",0
tribute:L5085,dat_file,tribute,5085,,,4,tribute,said.,0
tribute:L5087,dat_file,tribute,5087,,,4,tribute,And Ridcully responded with the traditional response.,0
tribute:L5089,dat_file,tribute,5089,,,4,tribute,"""It's got to be worth a try,"" he said.",0
tribute:L5096,dat_file,tribute,5096,,,4,tribute,"""I don't hold with using that thinking machine,"" said the Dean.  ""I've said",0
tribute:L5097,dat_file,tribute,5097,,,4,tribute,this before.  It's meddling with the cult.  The /oc/cult has always been,0
tribute:L5098,dat_file,tribute,5098,,,4,tribute,"good enough for me, thank you very much.""",0
tribute:L5100,dat_file,tribute,5100,,,4,tribute,"""On the other hand it's the only person round here who can think straight",0
tribute:L5101,dat_file,tribute,5101,,,4,tribute,"and it does what it's told,"" said Ridcully.",0
tribute:L5112,dat_file,tribute,5112,,,4,tribute,It was so much easier to blame it on Them.  It was bleakly depressing to,0
tribute:L5113,dat_file,tribute,5113,,,4,tribute,"think that They were Us.  If it was Them, then nothing was anyone's fault.",0
tribute:L5114,dat_file,tribute,5114,,,4,tribute,"If it was Us, what did that make Me?  After all, I'm one of Us.  I must be.",0
tribute:L5115,dat_file,tribute,5115,,,4,tribute,I've certainly never thought of myself as one of Them.  /No one/ ever thinks,0
tribute:L5116,dat_file,tribute,5116,,,4,tribute,of themselves as one of Them.  We're always one of Us.  It's Them that do,0
tribute:L5117,dat_file,tribute,5117,,,4,tribute,the bad things.,0
tribute:L5123,dat_file,tribute,5123,,,4,tribute,There was a general shifting of position and a group clearing of throats.,0
tribute:L5125,dat_file,tribute,5125,,,4,tribute,'What about mercenaries?' said Boggis.,0
tribute:L5127,dat_file,tribute,5127,,,4,tribute,"'The problem with mercenaries', said the Patrician, 'is that they need to",0
tribute:L5128,dat_file,tribute,5128,,,4,tribute,"be paid to start fighting.  And, unless you are very lucky, you end up",0
tribute:L5129,dat_file,tribute,5129,,,4,tribute,paying them even more to stop--',0
tribute:L5131,dat_file,tribute,5131,,,4,tribute,Selachii thumped the table.,0
tribute:L5133,dat_file,tribute,5133,,,4,tribute,"'Very well, then, by jingo!' he snarled.  'Alone!'",0
tribute:L5135,dat_file,tribute,5135,,,4,tribute,"'We could certainly do with one,' said Lord Vetinari.  'We need the money.",0
tribute:L5136,dat_file,tribute,5136,,,4,tribute,I was about to say that we cannot /afford/ mercenaries.',0
tribute:L5138,dat_file,tribute,5138,,,4,tribute,'How can this be?' said Lord Downey.  'Don't we pay our taxes?',0
tribute:L5140,dat_file,tribute,5140,,,4,tribute,"'Ah, I thought we might come to that,' said Lord Vetinari.  He raised",0
tribute:L5141,dat_file,tribute,5141,,,4,tribute,"his hand and, on cue again, his clerk placed a piece of paper in it.",0
tribute:L5143,dat_file,tribute,5143,,,4,tribute,'Let me see now ... ah yes.  Guild of Assassins ...  Gross earnings in,0
tribute:L5144,dat_file,tribute,5144,,,4,tribute,"the last year: AM$13,207,048.  Taxes paid in the last year: forty-seven",0
tribute:L5145,dat_file,tribute,5145,,,4,tribute,"dollars, twenty-two pence and what on examination turned out to be a",0
tribute:L5146,dat_file,tribute,5146,,,4,tribute,"Hershebian half-/dong/, worth one eighth of a penny.'",0
tribute:L5148,dat_file,tribute,5148,,,4,tribute,'That's all perfectly legal!  The Guild of Accountants--',0
tribute:L5150,dat_file,tribute,5150,,,4,tribute,"'Ah yes.  Guild of Accountants: gross earnings AM$7,999,011.  Taxes paid:",0
tribute:L5151,dat_file,tribute,5151,,,4,tribute,"nil.  But, ah yes, I see they applied for a rebate of AM$200,000.'",0
tribute:L5153,dat_file,tribute,5153,,,4,tribute,"'And what we received, I may say, included a Hershebian half-/dong/,'",0
tribute:L5154,dat_file,tribute,5154,,,4,tribute,said Mr Frostrip of the Guild of Accountants.,0
tribute:L5156,dat_file,tribute,5156,,,4,tribute,"'What goes around comes around,' said Vetinari calmly.",0
tribute:L5158,dat_file,tribute,5158,,,4,tribute,"He tossed the paper aside.  'Taxation, gentlemen, is very much like dairy",0
tribute:L5159,dat_file,tribute,5159,,,4,tribute,farming.  The task is to extract the maximum amount of milk with the,0
tribute:L5160,dat_file,tribute,5160,,,4,tribute,minimum of moo.  And I am afraid to say that these days all I get is moo.',0
tribute:L5162,dat_file,tribute,5162,,,4,tribute,'Are you telling us that Ankh-Morpork is /bankrupt/?' said Downey.,0
tribute:L5164,dat_file,tribute,5164,,,4,tribute,"'Of course.  While, at the same time, full of rich people.  I trust they",0
tribute:L5165,dat_file,tribute,5165,,,4,tribute,have been spending their good fortune on swords.',0
tribute:L5167,dat_file,tribute,5167,,,4,tribute,'And you have /allowed/ this wholesale tax avoidance?' said Lord Selachii.,0
tribute:L5169,dat_file,tribute,5169,,,4,tribute,"'Oh, the taxes haven't been avoided,' said Lord Vetinari.  'Or even evaded.",0
tribute:L5170,dat_file,tribute,5170,,,4,tribute,They just haven't been paid.',0
tribute:L5172,dat_file,tribute,5172,,,4,tribute,'That is a disgusting state of affairs!',0
tribute:L5174,dat_file,tribute,5174,,,4,tribute,The Patrician raised his eyebrows.  'Commander Vimes?',0
tribute:L5176,dat_file,tribute,5176,,,4,tribute,"'Yes, sir?'",0
tribute:L5178,dat_file,tribute,5178,,,4,tribute,"'Would you be so good as to assemble a squad of your most experienced men,",0
tribute:L5179,dat_file,tribute,5179,,,4,tribute,"liaise with the tax gatherers and obtain the accumulated back taxes,",0
tribute:L5180,dat_file,tribute,5180,,,4,tribute,please?  My clerk here will give you a list of the prime defaulters.',0
tribute:L5182,dat_file,tribute,5182,,,4,tribute,"'Right, sir.  And if they resist, sir?' said Vimes, smiling nastily.",0
tribute:L5184,dat_file,tribute,5184,,,4,tribute,"'Oh, how can they resist, commander?  This is the will of our civic",0
tribute:L5185,dat_file,tribute,5185,,,4,tribute,"leaders.'  He took the paper his clerk proffered.  'Let me see, now.  Top",0
tribute:L5186,dat_file,tribute,5186,,,4,tribute,of the list--',0
tribute:L5188,dat_file,tribute,5188,,,4,tribute,Lord Selachii coughed hurriedly.  'Far too late for that sort of nonsense,0
tribute:L5189,dat_file,tribute,5189,,,4,tribute,"now,' he said.",0
tribute:L5191,dat_file,tribute,5191,,,4,tribute,"'Water under the bridge,' said Lord Downey.",0
tribute:L5193,dat_file,tribute,5193,,,4,tribute,"'Dead and buried,' said Mr Slant.",0
tribute:L5195,dat_file,tribute,5195,,,4,tribute,"'I paid mine,' said Vimes.",0
tribute:L5201,dat_file,tribute,5201,,,4,tribute,"As every student of exploration knows, the prize goes not to the explorer",0
tribute:L5202,dat_file,tribute,5202,,,4,tribute,who first sets foot upon the virgin soil but to the one who gets that foot,0
tribute:L5203,dat_file,tribute,5203,,,4,tribute,"home first.  If it is still attached to his leg, this is a bonus.",0
tribute:L5209,dat_file,tribute,5209,,,4,tribute,Sergeant Colon had had a broad education.  He'd been to the School of My,0
tribute:L5210,dat_file,tribute,5210,,,4,tribute,"Dad Always Said, the College of It Stands to Reason, and was now a post-",0
tribute:L5211,dat_file,tribute,5211,,,4,tribute,graduate student at the University of What Some Bloke In the Pub Told Me.,0
tribute:L5217,dat_file,tribute,5217,,,4,tribute,"""Hey, that's Reg Shoe!  He's a zombie.  He falls to bits all the time!""",0
tribute:L5219,dat_file,tribute,5219,,,4,tribute,"""Very big man in the undead community, sir,"" said Carrot.",0
tribute:L5221,dat_file,tribute,5221,,,4,tribute,"""How come /he/ joined?""",0
tribute:L5223,dat_file,tribute,5223,,,4,tribute,"""He came round last week to complain about the Watch harassing some",0
tribute:L5224,dat_file,tribute,5224,,,4,tribute,"bogeymen, sir.  He was very, er, vehement, sir.  So I persuaded him that",0
tribute:L5225,dat_file,tribute,5225,,,4,tribute,"what the Watch needed was some expertise, so he joined up, sir.""",0
tribute:L5227,dat_file,tribute,5227,,,4,tribute,"""No more complaints?""",0
tribute:L5229,dat_file,tribute,5229,,,4,tribute,"""Twice as many, sir.  All from undead, sir, and all against Mr. Shoe.",0
tribute:L5230,dat_file,tribute,5230,,,4,tribute,"Funny That.""",0
tribute:L5236,dat_file,tribute,5236,,,4,tribute,"Perhaps it was because he was tired, or just because he was trying to shut",0
tribute:L5237,dat_file,tribute,5237,,,4,tribute,"out the world, but Vimes found himself slowing down into the traditional",0
tribute:L5238,dat_file,tribute,5238,,,4,tribute,Watchman's walk and the traditional idling thought process.,0
tribute:L5240,dat_file,tribute,5240,,,4,tribute,"It was an almost Pavlovian response.(1)  The legs swung, the feet moved,",0
tribute:L5241,dat_file,tribute,5241,,,4,tribute,"the mind began to work in a certain way.  It wasn't a dream state, exactly.",0
tribute:L5242,dat_file,tribute,5242,,,4,tribute,"It was just that the ears, nose and eyeballs wired themselves straight into",0
tribute:L5243,dat_file,tribute,5243,,,4,tribute,"the ancient ""suspicious bastard"" node of his brain, leaving his higher",0
tribute:L5244,dat_file,tribute,5244,,,4,tribute,brain center free to freewheel.,0
tribute:L5246,dat_file,tribute,5246,,,4,tribute,"(1) A term invented by the wizard Denephew Boot,(2) who had found that by",0
tribute:L5247,dat_file,tribute,5247,,,4,tribute,"a system of rewards and punishments he could train a dog, at the ringing",0
tribute:L5248,dat_file,tribute,5248,,,4,tribute,"of a bell, to immediately eat a strawberry meringue.",0
tribute:L5250,dat_file,tribute,5250,,,4,tribute,"(2) His parents, who were uncomplicated country people, had wanted a girl.",0
tribute:L5251,dat_file,tribute,5251,,,4,tribute,They were expecting to call her Denise.,0
tribute:L5257,dat_file,tribute,5257,,,4,tribute,"""What was it, Leonard?""",0
tribute:L5259,dat_file,tribute,5259,,,4,tribute,"""An experimental device for turning chemical energy into rotary motion,""",0
tribute:L5260,dat_file,tribute,5260,,,4,tribute,"said Leonard.  ""The problem, you see, is getting the little pellets of",0
tribute:L5261,dat_file,tribute,5261,,,4,tribute,black powder into the combustion chamber at exactly the right speed and,0
tribute:L5262,dat_file,tribute,5262,,,4,tribute,"one at a time.  If two ignite together, well, what he have is the",0
tribute:L5263,dat_file,tribute,5263,,,4,tribute,"/external/ combustion engine.""",0
tribute:L5265,dat_file,tribute,5265,,,4,tribute,"""And, er, what would be the purpose of it?"" said the Patrician.",0
tribute:L5267,dat_file,tribute,5267,,,4,tribute,"""I believe it could replace the horse,"" Leonard said proudly.",0
tribute:L5269,dat_file,tribute,5269,,,4,tribute,They looked at the stricken thing.,0
tribute:L5271,dat_file,tribute,5271,,,4,tribute,"""One of the advantages of horses that people often point out,"" said",0
tribute:L5272,dat_file,tribute,5272,,,4,tribute,"Vetinari, after some thought, ""is that they very seldom explode.  Almost",0
tribute:L5273,dat_file,tribute,5273,,,4,tribute,"never, in my experience, apart from that unfortunate occurrence in the hot",0
tribute:L5274,dat_file,tribute,5274,,,4,tribute,"summer a few years ago.""  With fastidious fingers he pulled something out",0
tribute:L5276,dat_file,tribute,5276,,,4,tribute,linked together by a piece of string.  There were dots on them.,0
tribute:L5278,dat_file,tribute,5278,,,4,tribute,"""Dice?"" he said.",0
tribute:L5280,dat_file,tribute,5280,,,4,tribute,"Leonard smiled in an embarrassed fashion.  ""Yes.  I can't think why I",0
tribute:L5281,dat_file,tribute,5281,,,4,tribute,"thought they'd help it go better.  It was just, well, an idea.  You know",0
tribute:L5282,dat_file,tribute,5282,,,4,tribute,"how it is.""",0
tribute:L5288,dat_file,tribute,5288,,,4,tribute,He was as easily distracted as a kitten.  All that business with the,0
tribute:L5289,dat_file,tribute,5289,,,4,tribute,"flying machine, for example.  Giant bat wings hung from the ceiling even",0
tribute:L5290,dat_file,tribute,5290,,,4,tribute,now.  The Patrician had been more than happy to let him waste his time on,0
tribute:L5291,dat_file,tribute,5291,,,4,tribute,"that idea, because it was obvious to anyone that no human being would ever",0
tribute:L5292,dat_file,tribute,5292,,,4,tribute,be able to flap the wings hard enough.,0
tribute:L5294,dat_file,tribute,5294,,,4,tribute,He needn't have worried.  Leonard was his own distraction.  He had ended,0
tribute:L5295,dat_file,tribute,5295,,,4,tribute,up spending ages designing a special tray so that people could eat their,0
tribute:L5296,dat_file,tribute,5296,,,4,tribute,meals in the air.,0
tribute:L5302,dat_file,tribute,5302,,,4,tribute,She held the lamp higher.,0
tribute:L5304,dat_file,tribute,5304,,,4,tribute,"Ramkins looked down their noses at her from their frames, through the brown",0
tribute:L5305,dat_file,tribute,5305,,,4,tribute,varnish of the centuries.  Portraits were another thing that had been,0
tribute:L5308,dat_file,tribute,5308,,,4,tribute,Most of them were men.  They were invariably in armor and always on,0
tribute:L5309,dat_file,tribute,5309,,,4,tribute,horseback.  And every single one of them had fought the sworn enemies of,0
tribute:L5310,dat_file,tribute,5310,,,4,tribute,Ankh-Morpork.,0
tribute:L5313,dat_file,tribute,5313,,,4,tribute,"example, had to lead an expedition all the way to Howondaland in order to",0
tribute:L5314,dat_file,tribute,5314,,,4,tribute,"find some sworn enemies, although there was an adequate supply and a lot",0
tribute:L5315,dat_file,tribute,5315,,,4,tribute,"of swearing by the time he left.  Earlier, of course, it had been a lot",0
tribute:L5316,dat_file,tribute,5316,,,4,tribute,easier.  Ramkin regiments had fought the city's enemies all over the Sto,0
tribute:L5317,dat_file,tribute,5317,,,4,tribute,"Plains and had inflicted heroic casualties, quite often on people in the",0
tribute:L5318,dat_file,tribute,5318,,,4,tribute,opposing armies.(1),0
tribute:L5320,dat_file,tribute,5320,,,4,tribute,(1) It is a long-cherished tradition among a certain type of military,0
tribute:L5321,dat_file,tribute,5321,,,4,tribute,thinker that huge casualties are the main thing.  If they are on the other,0
tribute:L5322,dat_file,tribute,5322,,,4,tribute,side then this is a valuable bonus.,0
tribute:L5329,dat_file,tribute,5329,,,4,tribute,"He rummaged in a pocket and produced a very small book, which he held up",0
tribute:L5330,dat_file,tribute,5330,,,4,tribute,for inspection.,0
tribute:L5332,dat_file,tribute,5332,,,4,tribute,"""This belonged to my great-grandad,"" he said.  ""He was in the scrap we had",0
tribute:L5333,dat_file,tribute,5333,,,4,tribute,against Pseudopolis and my great-gran gave him this book of prayers for,0
tribute:L5334,dat_file,tribute,5334,,,4,tribute,"soldiers, 'cos you need all the prayers you can get, believe you me, and",0
tribute:L5335,dat_file,tribute,5335,,,4,tribute,"he stuck it in the top pocket of his jerkin, 'cause he couldn't afford",0
tribute:L5337,dat_file,tribute,5337,,,4,tribute,straight into this book and it went all the way through to the last page,0
tribute:L5338,dat_file,tribute,5338,,,4,tribute,"before stopping, look.  You can see the hole.""",0
tribute:L5340,dat_file,tribute,5340,,,4,tribute,"""Pretty miraculous,"" Carrot agreed.",0
tribute:L5342,dat_file,tribute,5342,,,4,tribute,"""Yeah, it was, I s'pose,"" said the sergeant.  He looked ruefully at the",0
tribute:L5343,dat_file,tribute,5343,,,4,tribute,"battered volume.  ""Shame about the other seventeen arrows, really.""",0
tribute:L5349,dat_file,tribute,5349,,,4,tribute,"""Er ... what is this thing called?"" said Colon, as he followed the",0
tribute:L5350,dat_file,tribute,5350,,,4,tribute,Patrician up the ladder.,0
tribute:L5352,dat_file,tribute,5352,,,4,tribute,"""Well, because it is /submersed/ in a /marine/ environment, I've always",0
tribute:L5353,dat_file,tribute,5353,,,4,tribute,"called it the Going-Under-the-Water-Safely Device,"" said Leonard, behind",0
tribute:L5354,dat_file,tribute,5354,,,4,tribute,"him.(1)  ""But usually I just think of it as the boat.""",0
tribute:L5356,dat_file,tribute,5356,,,4,tribute,"(1) Thinking up good names was, oddly enough, one area where Leonard of",0
tribute:L5357,dat_file,tribute,5357,,,4,tribute,Quirm's genius tended to give up.,0
tribute:L5363,dat_file,tribute,5363,,,4,tribute,"""[...]  I mean, what're our long-term objectives?""",0
tribute:L5365,dat_file,tribute,5365,,,4,tribute,"""Cooking meals and keeping warm?"" said Les hopefully.",0
tribute:L5367,dat_file,tribute,5367,,,4,tribute,"""Well, /initially/,"" said Jackson.  ""That's obvious.  But you know what",0
tribute:L5368,dat_file,tribute,5368,,,4,tribute,"they say, lad.  'Give a man a fire and he's warm for a day, but set fire to",0
tribute:L5369,dat_file,tribute,5369,,,4,tribute,"him and he's warm for the rest of his life.'  See my point?""",0
tribute:L5371,dat_file,tribute,5371,,,4,tribute,"""I don't think that's actually what the saying is--""",0
tribute:L5380,dat_file,tribute,5380,,,4,tribute,"""We need simple answers, Vimes.""",0
tribute:L5382,dat_file,tribute,5382,,,4,tribute,"""Sir.  Fred and Nobby are /good/ at simple.""",0
tribute:L5384,dat_file,tribute,5384,,,4,tribute,The Patrician turned away and looked out over the city.,0
tribute:L5386,dat_file,tribute,5386,,,4,tribute,"""Ah,"" he said in a quieter voice.  ""Simple men to see the simple truth.""",0
tribute:L5388,dat_file,tribute,5388,,,4,tribute,"""This is a fact, sir.""",0
tribute:L5390,dat_file,tribute,5390,,,4,tribute,"""You are learning fast, Vimes.""",0
tribute:L5392,dat_file,tribute,5392,,,4,tribute,"""Couldn't say about that, sir.""",0
tribute:L5394,dat_file,tribute,5394,,,4,tribute,"""And when they have found the simple truth, Vimes?""",0
tribute:L5396,dat_file,tribute,5396,,,4,tribute,"""Can't argue with the truth, sir.""",0
tribute:L5398,dat_file,tribute,5398,,,4,tribute,"""In my experience, Vimes, you can argue with anything.""",0
tribute:L5404,dat_file,tribute,5404,,,4,tribute,"71-hour Ahmed was not /super/stitious.  He was substitious, which put him",0
tribute:L5406,dat_file,tribute,5406,,,4,tribute,believed in but which nevertheless weren't true.  He believed instead in,0
tribute:L5407,dat_file,tribute,5407,,,4,tribute,the things that were true in which no one else believed.  There are many,0
tribute:L5408,dat_file,tribute,5408,,,4,tribute,"such substitions, ranging from ""It'll get better if you don't pick at it""",0
tribute:L5409,dat_file,tribute,5409,,,4,tribute,"all the way up to ""Sometimes things just happen.""",0
tribute:L5423,dat_file,tribute,5423,,,4,tribute,"""Is it true that your life passes before your eyes before you die?""",0
tribute:L5425,dat_file,tribute,5425,,,4,tribute,YES.,0
tribute:L5428,dat_file,tribute,5428,,,4,tribute,had another one.  Suppose I /am/ just about to die and /this/ is my whole,0
tribute:L5429,dat_file,tribute,5429,,,4,tribute,"life passing in front of my eyes?""",0
tribute:L5431,dat_file,tribute,5431,,,4,tribute,I THINK PERHAPS YOU DO NOT UNDERSTAND.  PEOPLE'S WHOLE LIVES /DO/ PASS IN,0
tribute:L5439,dat_file,tribute,5439,,,4,tribute,"Rest of Your Life.""",0
tribute:L5445,dat_file,tribute,5445,,,4,tribute,"All tribal myths are true, for a given value of ""true.""",0
tribute:L5451,dat_file,tribute,5451,,,4,tribute,Ponder /knew/ he should never have let Ridcully look at the invisible,0
tribute:L5452,dat_file,tribute,5452,,,4,tribute,writings.  Wasn't it a basic principle never to let your employer know what,0
tribute:L5453,dat_file,tribute,5453,,,4,tribute,it is that you actually /do/ all day?,0
tribute:L5455,dat_file,tribute,5455,,,4,tribute,"But no matter what precautions you took, sooner or later the boss was bound",0
tribute:L5456,dat_file,tribute,5456,,,4,tribute,"to come in and poke around and say things like, ""Is this where you work,",0
tribute:L5457,dat_file,tribute,5457,,,4,tribute,"then?"" and ""I thought I sent a memo out about people bringing in potted",0
tribute:L5458,dat_file,tribute,5458,,,4,tribute,"plants,"" and ""What d'you call that thing with the keyboard?""",0
tribute:L5465,dat_file,tribute,5465,,,4,tribute,Really.  We mean it.  We're not kidding.  Opening this door will mean the,0
tribute:L5466,dat_file,tribute,5466,,,4,tribute,"end of the universe,"" would /automatically/ open the door in order to see",0
tribute:L5467,dat_file,tribute,5467,,,4,tribute,"what all the fuss was about.  This made signs a waste of time, but at least",0
tribute:L5468,dat_file,tribute,5468,,,4,tribute,it meant that when you handed what was left of the wizard to his grieving,0
tribute:L5469,dat_file,tribute,5469,,,4,tribute,"relatives you could say, as they grasped the jar, ""We /told/ him not to.""",0
tribute:L5476,dat_file,tribute,5476,,,4,tribute,"""But we're a university!  We /have/ to have a library!"" said Ridcully.  ""It",0
tribute:L5477,dat_file,tribute,5477,,,4,tribute,adds /tone/.  What sort of people would we be if we didn't go into the,0
tribute:L5478,dat_file,tribute,5478,,,4,tribute,"Library?""",0
tribute:L5480,dat_file,tribute,5480,,,4,tribute,"""Students,"" said the Senior Wrangler morosely.",0
tribute:L5482,dat_file,tribute,5482,,,4,tribute,"""Hah, I remember when I was a student,"" said the Lecturer in Recent Runes.",0
tribute:L5483,dat_file,tribute,5483,,,4,tribute,"""Old 'Bogeyboy' Swallett took us on an expedition to find the Lost Reading",0
tribute:L5484,dat_file,tribute,5484,,,4,tribute,"Room.  Three weeks we were wandering around.  We had to eat our own boots.""",0
tribute:L5486,dat_file,tribute,5486,,,4,tribute,"""Did you find it?"" said the Dean.",0
tribute:L5488,dat_file,tribute,5488,,,4,tribute,"""No, but we found the remains of the previous year's expedition.""",0
tribute:L5490,dat_file,tribute,5490,,,4,tribute,"""What did you do?""",0
tribute:L5492,dat_file,tribute,5492,,,4,tribute,"""We ate their boots, too.""",0
tribute:L5498,dat_file,tribute,5498,,,4,tribute,Death had taken to keeping Rincewind's lifetimer on a special shelf in his,0
tribute:L5499,dat_file,tribute,5499,,,4,tribute,"study, in much the way that a zoologist would want to keep an eye on a",0
tribute:L5500,dat_file,tribute,5500,,,4,tribute,particularly intriguing specimen.,0
tribute:L5502,dat_file,tribute,5502,,,4,tribute,The lifetimers of most people were the classic shape that Death thought,0
tribute:L5503,dat_file,tribute,5503,,,4,tribute,"was right and proper for the task.  They appeared to be large eggtimers,",0
tribute:L5504,dat_file,tribute,5504,,,4,tribute,"although, since the sands they measured were the living seconds of",0
tribute:L5505,dat_file,tribute,5505,,,4,tribute,"someone's life, all the eggs were in one basket.",0
tribute:L5507,dat_file,tribute,5507,,,4,tribute,Rincewind's hourglass looked like something created by a glassblower who'd,0
tribute:L5508,dat_file,tribute,5508,,,4,tribute,had hiccups in a time machine.  According to the amount of actual sand it,0
tribute:L5509,dat_file,tribute,5509,,,4,tribute,contained--and Death was pretty good at making this kind of estimate--he,0
tribute:L5510,dat_file,tribute,5510,,,4,tribute,should have died long ago.  But strange curves and bends and extrusions of,0
tribute:L5511,dat_file,tribute,5511,,,4,tribute,"glass had developed over the years, and quite often the sand was flowing",0
tribute:L5512,dat_file,tribute,5512,,,4,tribute,"backwards, or diagonally.  Clearly, Rincewind had been hit by so much",0
tribute:L5513,dat_file,tribute,5513,,,4,tribute,"magic, had been thrust reluctantly through time and space so often that",0
tribute:L5514,dat_file,tribute,5514,,,4,tribute,"he'd nearly bumped into himself coming the other way, that the precise end",0
tribute:L5515,dat_file,tribute,5515,,,4,tribute,of his life was now as hard to find as the starting point on a roll of,0
tribute:L5516,dat_file,tribute,5516,,,4,tribute,really sticky transparent tape.,0
tribute:L5518,dat_file,tribute,5518,,,4,tribute,"Death was familiar with the concept of the eternal, ever-renewed hero, the",0
tribute:L5519,dat_file,tribute,5519,,,4,tribute,champion with a thousand faces.  He'd refrained from commenting.  He met,0
tribute:L5520,dat_file,tribute,5520,,,4,tribute,"heroes frequently, generally surrounded by, and this was important, the",0
tribute:L5521,dat_file,tribute,5521,,,4,tribute,"dead bodies of /very nearly/ all of their enemies and saying, ""Vot the hell",0
tribute:L5522,dat_file,tribute,5522,,,4,tribute,"shust happened?""  Whether there was some arrangement that allowed them to",0
tribute:L5523,dat_file,tribute,5523,,,4,tribute,come back again afterwards was not something he would be drawn on.,0
tribute:L5525,dat_file,tribute,5525,,,4,tribute,"But he pondered whether, if this creature /did/ exist, it was somehow",0
tribute:L5526,dat_file,tribute,5526,,,4,tribute,"balanced by the eternal coward.  The hero with a thousand retreating backs,",0
tribute:L5527,dat_file,tribute,5527,,,4,tribute,perhaps.  Many cultures had a legend of an undying hero who would one day,0
tribute:L5530,dat_file,tribute,5530,,,4,tribute,"Whatever the ultimate truth of the matter, the fact now was that Death did",0
tribute:L5531,dat_file,tribute,5531,,,4,tribute,not have the slightest idea of when Rincewind was going to die.  This was,0
tribute:L5532,dat_file,tribute,5532,,,4,tribute,very vexing to a creature who prided himself on his punctuality.,0
tribute:L5538,dat_file,tribute,5538,,,4,tribute,"A black and white bird appeared, and perched on his head.",0
tribute:L5540,dat_file,tribute,5540,,,4,tribute,"""You know what to do,"" said the old man.",0
tribute:L5542,dat_file,tribute,5542,,,4,tribute,"""Him?  What a wonga,"" said the bird.  ""I've been lookin' at him.  He's not",0
tribute:L5543,dat_file,tribute,5543,,,4,tribute,"even heroic.  He's just in the right place at the right time.""",0
tribute:L5545,dat_file,tribute,5545,,,4,tribute,The old man indicated that this was maybe the definition of a hero.,0
tribute:L5547,dat_file,tribute,5547,,,4,tribute,"""All right, but why not go and get the thing yerself?"" said the bird.",0
tribute:L5549,dat_file,tribute,5549,,,4,tribute,"""You've gotta have heroes,"" said the old man.",0
tribute:L5551,dat_file,tribute,5551,,,4,tribute,"""And I suppose I'll have to help,"" said the bird.  It sniffed, which is",0
tribute:L5552,dat_file,tribute,5552,,,4,tribute,quite hard to do through a beak.,0
tribute:L5554,dat_file,tribute,5554,,,4,tribute,"""Yep.  Off you go.""",0
tribute:L5556,dat_file,tribute,5556,,,4,tribute,"The bird shrugged, which /is/ easy to do if you have wings, and flew down",0
tribute:L5557,dat_file,tribute,5557,,,4,tribute,off the old man's head.  It didn't land on the rock but flew into it; for,0
tribute:L5558,dat_file,tribute,5558,,,4,tribute,"a moment there was a drawing of a bird, and then if faded.",0
tribute:L5560,dat_file,tribute,5560,,,4,tribute,"Creators aren't gods.  They make places, which is quite hard.  It's men",0
tribute:L5561,dat_file,tribute,5561,,,4,tribute,that make gods.  This explains a lot.,0
tribute:L5563,dat_file,tribute,5563,,,4,tribute,The old man sat down and waited.,0
tribute:L5569,dat_file,tribute,5569,,,4,tribute,"She had a very straightforward view of foreign parts, or at least those",0
tribute:L5570,dat_file,tribute,5570,,,4,tribute,more distant than her sister's house in Quirm where she spent a week's,0
tribute:L5571,dat_file,tribute,5571,,,4,tribute,holiday every year.  They were inhabited by people who were more to be,0
tribute:L5572,dat_file,tribute,5572,,,4,tribute,"pitied than blamed because, really, they were like children.(1)  And they",0
tribute:L5573,dat_file,tribute,5573,,,4,tribute,acted like savages.(2),0
tribute:L5575,dat_file,tribute,5575,,,4,tribute,"(1) That is to say, she secretly considered them to be vicious, selfish",0
tribute:L5576,dat_file,tribute,5576,,,4,tribute,and untrustworthy.,0
tribute:L5578,dat_file,tribute,5578,,,4,tribute,"(2) Again, when people like Mrs. Whitlow use this term they are not, for",0
tribute:L5579,dat_file,tribute,5579,,,4,tribute,"some inexplicable reason, trying to suggest that the subjects have a rich",0
tribute:L5580,dat_file,tribute,5580,,,4,tribute,"oral tradition, a complex system of tribal rights and a deep respect for",0
tribute:L5581,dat_file,tribute,5581,,,4,tribute,the spirits of their ancestors.  They are implying the kind of behavior,0
tribute:L5582,dat_file,tribute,5582,,,4,tribute,"more generally associated, oddly enough, with people wearing a full suit",0
tribute:L5583,dat_file,tribute,5583,,,4,tribute,"of clothes, often with the same sort of insignia.",0
tribute:L5589,dat_file,tribute,5589,,,4,tribute,"""I suppose he wouldn't have done anything stupid, would he?"" he said.",0
tribute:L5591,dat_file,tribute,5591,,,4,tribute,"""Archchancellor, Ponder Stibbons is a fully trained wizard!"" said the Dean.",0
tribute:L5593,dat_file,tribute,5593,,,4,tribute,"""Thank you for that very concise and definite answer, Dean,"" said Ridcully.",0
tribute:L5602,dat_file,tribute,5602,,,4,tribute,"""This is certainly a very... /original/ cart,"" said Rincewind.",0
tribute:L5604,dat_file,tribute,5604,,,4,tribute,"""Got a few modifications of my own,"" said Mad.  He grinned evilly.  ""You a",0
tribute:L5605,dat_file,tribute,5605,,,4,tribute,"wizard, mister?""",0
tribute:L5607,dat_file,tribute,5607,,,4,tribute,"""Broadly speaking, yes.""",0
tribute:L5609,dat_file,tribute,5609,,,4,tribute,"""Any good?""  Mad was loading another crossbow.",0
tribute:L5611,dat_file,tribute,5611,,,4,tribute,"Rincewind hesitated.  ""No,"" he said.",0
tribute:L5613,dat_file,tribute,5613,,,4,tribute,"""Lucky for you,"" said Mad.  ""I'd have killed you if you were.  Can't stand",0
tribute:L5614,dat_file,tribute,5614,,,4,tribute,"wizards.  Bunch of wowsers, right?""",0
tribute:L5616,dat_file,tribute,5616,,,4,tribute,He grasped the handles of the bent stovepipe and swiveled it around.,0
tribute:L5618,dat_file,tribute,5618,,,4,tribute,"""Here they come,"" he muttered.",0
tribute:L5620,dat_file,tribute,5620,,,4,tribute,Rincewind peered over the top of Mad's head.  There was a piece of mirror,0
tribute:L5622,dat_file,tribute,5622,,,4,tribute,under another cloud of red dust.,0
tribute:L5624,dat_file,tribute,5624,,,4,tribute,"""Road gang,"" said Mad.  ""After my cargo.  Steal anything, they will.  All",0
tribute:L5625,dat_file,tribute,5625,,,4,tribute,"bastards are bastards, but some bastards is /bastards/.""  [...]",0
tribute:L5633,dat_file,tribute,5633,,,4,tribute,"""And, while it is good to see you, Stibbins, albeit rather more of you",0
tribute:L5634,dat_file,tribute,5634,,,4,tribute,"than I would usually care to contemplate, I am moved to ask why you are,",0
tribute:L5637,dat_file,tribute,5637,,,4,tribute,"""I suddenly felt it would be unfair to deprive the University of my",0
tribute:L5638,dat_file,tribute,5638,,,4,tribute,"services, sir.""",0
tribute:L5640,dat_file,tribute,5640,,,4,tribute,"""Really?  A sudden rush of nostalgia for the old alma mater, eh?""",0
tribute:L5642,dat_file,tribute,5642,,,4,tribute,"""You could say that, sir.""",0
tribute:L5644,dat_file,tribute,5644,,,4,tribute,"Ridcully's eyes twinkled behind the smoke and, not for the first time,",0
tribute:L5645,dat_file,tribute,5645,,,4,tribute,Ponder suspected that the man was sometimes rather cleverer than he,0
tribute:L5646,dat_file,tribute,5646,,,4,tribute,appeared.  It would not be hard.,0
tribute:L5656,dat_file,tribute,5656,,,4,tribute,"measured, considered, /thoughtful/ panic.  Right now he was in a place of",0
tribute:L5657,dat_file,tribute,5657,,,4,tribute,"safety.  It was, admittedly, the death cell, but the point was that it",0
tribute:L5658,dat_file,tribute,5658,,,4,tribute,was perhaps the one place in this country where nothing bad was going to,0
tribute:L5659,dat_file,tribute,5659,,,4,tribute,happen for a little while.  The Ecksians didn't look like the kind of,0
tribute:L5660,dat_file,tribute,5660,,,4,tribute,"people who went in for torture, although it was always possible that they",0
tribute:L5661,dat_file,tribute,5661,,,4,tribute,"might make him eat some more of their food.  So, for the moment, he had",0
tribute:L5662,dat_file,tribute,5662,,,4,tribute,"/time/.  Time to plan ahead, to consider his next move, to apply his",0
tribute:L5663,dat_file,tribute,5663,,,4,tribute,intellect to the problem at hand.,0
tribute:L5667,dat_file,tribute,5667,,,4,tribute,Right.  That seemed to be about long enough.  Now to run like hell.,0
tribute:L5675,dat_file,tribute,5675,,,4,tribute,"""[...]  Some chief went to prison to see the prime minister and said,",0
tribute:L5676,dat_file,tribute,5676,,,4,tribute,"'Mate, your mob can dig it all up and drop it over the edge of the world,",0
tribute:L5677,dat_file,tribute,5677,,,4,tribute,"no worries.'""",0
tribute:L5679,dat_file,tribute,5679,,,4,tribute,"""Why did he have to go to prison?""",0
tribute:L5681,dat_file,tribute,5681,,,4,tribute,"""We put all our politicians in prison as soon as they're elected.  Don't",0
tribute:L5682,dat_file,tribute,5682,,,4,tribute,"you?""",0
tribute:L5684,dat_file,tribute,5684,,,4,tribute,"""Why?""",0
tribute:L5686,dat_file,tribute,5686,,,4,tribute,"""It saves time.  [...]""",0
tribute:L5697,dat_file,tribute,5697,,,4,tribute,Agnes tended to obey rules.  Perdita didn't.  Perdita thought that not,0
tribute:L5698,dat_file,tribute,5698,,,4,tribute,"obeying rules was somehow cool.  Agnes thought that rules like ""Don't fall",0
tribute:L5699,dat_file,tribute,5699,,,4,tribute,"into this huge pit of spikes"" were there for a purpose.  [...]",0
tribute:L5707,dat_file,tribute,5707,,,4,tribute,"""Nac mac Feegle!""",0
tribute:L5709,dat_file,tribute,5709,,,4,tribute,"""Ach, stickit yer trakkans!""",0
tribute:L5711,dat_file,tribute,5711,,,4,tribute,"""Gie you sich a kickin'!""",0
tribute:L5713,dat_file,tribute,5713,,,4,tribute,"""Bigjobs!""",0
tribute:L5715,dat_file,tribute,5715,,,4,tribute,"""Dere c'n onlie be whin t'ousand!""",0
tribute:L5717,dat_file,tribute,5717,,,4,tribute,"""Nac mac Feegle wha hae!""",0
tribute:L5719,dat_file,tribute,5719,,,4,tribute,"""Wha hae yersel, ya boggin!""",0
tribute:L5725,dat_file,tribute,5725,,,4,tribute,"""Hah!  The leopard does not change his shorts, my girl!""",0
tribute:L5731,dat_file,tribute,5731,,,4,tribute,"Things were not what they seemed.  But then, as Granny always said, they",0
tribute:L5732,dat_file,tribute,5732,,,4,tribute,never were.,0
tribute:L5738,dat_file,tribute,5738,,,4,tribute,"""How can I ever repay you?"" he said.",0
tribute:L5740,dat_file,tribute,5740,,,4,tribute,The pixie's eyes gleamed happily.,0
tribute:L5742,dat_file,tribute,5742,,,4,tribute,"""Oh, there's a wee bitty thing the Carlin' Ogg said you could be givin' us,",0
tribute:L5743,dat_file,tribute,5743,,,4,tribute,"hardly important at all,"" he said.",0
tribute:L5745,dat_file,tribute,5745,,,4,tribute,"""Anything,"" said Verence.",0
tribute:L5747,dat_file,tribute,5747,,,4,tribute,"A couple of pixies came up staggering under a rolled-up parchment, which",0
tribute:L5748,dat_file,tribute,5748,,,4,tribute,was unfolded in front of Verence.  The old pixie was suddenly holding a,0
tribute:L5749,dat_file,tribute,5749,,,4,tribute,quill pen.,0
tribute:L5752,dat_file,tribute,5752,,,4,tribute,"handwriting.  ""An' make sure ye initial all the sub-clauses and codicils.",0
tribute:L5753,dat_file,tribute,5753,,,4,tribute,"We of the Nac mac Feegle are a simple folk,"" he added, ""but we write verra",0
tribute:L5754,dat_file,tribute,5754,,,4,tribute,"comp-lic-ated documents.""",0
tribute:L5761,dat_file,tribute,5761,,,4,tribute,"""What goeth around, cometh around,"" said Igor.",0
tribute:L5768,dat_file,tribute,5768,,,4,tribute,Vampires are not naturally cooperative creatures.  It's not in their nature.,0
tribute:L5769,dat_file,tribute,5769,,,4,tribute,"Every other vampire is a rival for the next meal.  In fact, the ideal",0
tribute:L5770,dat_file,tribute,5770,,,4,tribute,situation for a vampire is a world in which every other vampire has been,0
tribute:L5771,dat_file,tribute,5771,,,4,tribute,killed off and no one seriously believes in vampires anymore.  They are by,0
tribute:L5772,dat_file,tribute,5772,,,4,tribute,nature as cooperative as sharks.,0
tribute:L5774,dat_file,tribute,5774,,,4,tribute,"Vampyres are just the same, the only real difference being that they can't",0
tribute:L5775,dat_file,tribute,5775,,,4,tribute,spell properly.,0
tribute:L5781,dat_file,tribute,5781,,,4,tribute,"""Be resolute, my dear,"" said the Count.  ""Remember--that which does not",0
tribute:L5782,dat_file,tribute,5782,,,4,tribute,"kill us can only make us stronger.""",0
tribute:L5784,dat_file,tribute,5784,,,4,tribute,"""And that which /does/ kill us leaves us /dead/!"" snarled Lacrimosa.  ""You",0
tribute:L5785,dat_file,tribute,5785,,,4,tribute,"saw what happened to the others!  /You/ got your fingers burned!.""",0
tribute:L5795,dat_file,tribute,5795,,,4,tribute,"""... silence is an answer that begs three more questions.  Seek and you will",0
tribute:L5796,dat_file,tribute,5796,,,4,tribute,"find, but first you should know what you seek.""",0
tribute:L5805,dat_file,tribute,5805,,,4,tribute,"""But /vampires/... what's Granny going to say?""",0
tribute:L5807,dat_file,tribute,5807,,,4,tribute,"""Listen, my girl.  They'll be gone by tomorrow... well today, really.  We'll",0
tribute:L5808,dat_file,tribute,5808,,,4,tribute,"just keep an eye on 'em and wave 'em goodbye when they go.""",0
tribute:L5810,dat_file,tribute,5810,,,4,tribute,"""We don't even know what they look like!""",0
tribute:L5812,dat_file,tribute,5812,,,4,tribute,Nanny looked at the recumbant Igor.,0
tribute:L5814,dat_file,tribute,5814,,,4,tribute,"""On reflection, maybe, I should've asked him."" she said.  She brightened up.",0
tribute:L5815,dat_file,tribute,5815,,,4,tribute,"""Still, there's one way to find them.  There's something everyone knows",0
tribute:L5816,dat_file,tribute,5816,,,4,tribute,"about vampires...""",0
tribute:L5819,dat_file,tribute,5819,,,4,tribute,"taking into account that perhaps the vampires known them by now, too.",0
tribute:L5827,dat_file,tribute,5827,,,4,tribute,"""Good thing you were able to get a fire going, all the same,"" she said,",0
tribute:L5828,dat_file,tribute,5828,,,4,tribute,without turning around.,0
tribute:L5830,dat_file,tribute,5830,,,4,tribute,"""I have always found that if I put my trust in Om a way will be found,""",0
tribute:L5831,dat_file,tribute,5831,,,4,tribute,"said Oats, hurrying after her.",0
tribute:L5833,dat_file,tribute,5833,,,4,tribute,"""I reckon Om helps those who helps themselves,"" said Granny.",0
tribute:L5840,dat_file,tribute,5840,,,4,tribute,He was trying to find some help in the ancient military journals of General,0
tribute:L5841,dat_file,tribute,5841,,,4,tribute,"Tacticus, whose intelligent campaigning had been so successful that he'd",0
tribute:L5842,dat_file,tribute,5842,,,4,tribute,"lent his very name to the detailed prosecution of martial endeavor, and had",0
tribute:L5844,dat_file,tribute,5844,,,4,tribute,"fortified and Superior Ground and the Other Does Not, but since the first",0
tribute:L5845,dat_file,tribute,5845,,,4,tribute,"sentence read ""Endeavor to be the one inside"" he'd rather lost heart.",0
tribute:L5856,dat_file,tribute,5856,,,4,tribute,"You did something because it had always been done, and the explanation",0
tribute:L5857,dat_file,tribute,5857,,,4,tribute,"was ""but we've /always/ done it this way.""  A million dead people can't",0
tribute:L5858,dat_file,tribute,5858,,,4,tribute,"have been wrong, can they?",0
tribute:L5864,dat_file,tribute,5864,,,4,tribute,He'd noticed that sex bore some resemblance to cookery:  It fascinated,0
tribute:L5865,dat_file,tribute,5865,,,4,tribute,"people, they sometimes bought books full of complicated recipes and",0
tribute:L5866,dat_file,tribute,5866,,,4,tribute,"interesting pictures, and sometimes when they were really hungry they",0
tribute:L5867,dat_file,tribute,5867,,,4,tribute,created vast banquets in their imagination--but at the end of the day,0
tribute:L5868,dat_file,tribute,5868,,,4,tribute,"they'd settle quite happily for egg and chips, if it was well done and",0
tribute:L5869,dat_file,tribute,5869,,,4,tribute,maybe had a slice of tomato.,0
tribute:L5877,dat_file,tribute,5877,,,4,tribute,"Constable Shoe saluted, but a little testily.  He'd been waiting rather a",0
tribute:L5878,dat_file,tribute,5878,,,4,tribute,long time.,0
tribute:L5880,dat_file,tribute,5880,,,4,tribute,"""Afternoon, Sergeant--""",0
tribute:L5882,dat_file,tribute,5882,,,4,tribute,"""That's Captain,"" said Captain Colon.  ""See the pip on my shoulder, Reg?""",0
tribute:L5884,dat_file,tribute,5884,,,4,tribute,"Reg looked closely.  ""I thought it was bird doings, Sarge.""",0
tribute:L5886,dat_file,tribute,5886,,,4,tribute,"""That's Captain,"" said Colon Automatically.  ""It's only chalk now because",0
tribute:L5887,dat_file,tribute,5887,,,4,tribute,"I ain't got time to get it done properly,"" he said, ""so don't be cheeky.""",0
tribute:L5891,dat_file,tribute,5891,,,4,tribute,A pigeon chose that diplomatic moment to flutter into the factory and land,0
tribute:L5898,dat_file,tribute,5898,,,4,tribute,The wheels clattered over the wood of a drawbridge.,0
tribute:L5900,dat_file,tribute,5900,,,4,tribute,"As castles went, this looked as though it could be taken by a small squad",0
tribute:L5901,dat_file,tribute,5901,,,4,tribute,of not very efficient soldiers.  Its builder had not been thinking about,0
tribute:L5902,dat_file,tribute,5902,,,4,tribute,fortifications.  He'd been influenced by fairy tales and possibly by some,0
tribute:L5903,dat_file,tribute,5903,,,4,tribute,of the more ornamental sorts of cake.  It was a castle for looking at.,0
tribute:L5904,dat_file,tribute,5904,,,4,tribute,"For defense, putting a blanket over your head might be marginally safer.",0
tribute:L5906,dat_file,tribute,5906,,,4,tribute,The coach stopped in the courtyard.  [...],0
tribute:L5912,dat_file,tribute,5912,,,4,tribute,"""What a mess,"" he said.  ""Locked-room mysteries are even worse when they",0
tribute:L5913,dat_file,tribute,5913,,,4,tribute,"leave the room unlocked.""",0
tribute:L5920,dat_file,tribute,5920,,,4,tribute,He punched the dwarf in the stomach.  This was no time to play by the,0
tribute:L5921,dat_file,tribute,5921,,,4,tribute,Marquis of Fantailler rules.(1),0
tribute:L5923,dat_file,tribute,5923,,,4,tribute,"(1) The Marquis of Fantailler got into many fights in his youth, most of",0
tribute:L5924,dat_file,tribute,5924,,,4,tribute,"them as a result of being known as the Marquis of Fantailler, and wrote",0
tribute:L5925,dat_file,tribute,5925,,,4,tribute,"a set of rules for which he termed ""the noble art of fisticuffs"" which",0
tribute:L5926,dat_file,tribute,5926,,,4,tribute,mostly consisted of a list of places where people weren't allowed to hit,0
tribute:L5927,dat_file,tribute,5927,,,4,tribute,him.  Many people were impressed with his work and later stood with noble,0
tribute:L5928,dat_file,tribute,5928,,,4,tribute,chest outthrust and fists balled in a spirit of manly aggression against,0
tribute:L5929,dat_file,tribute,5929,,,4,tribute,people who hadn't read the Marquis's book but /did/ know how to knock,0
tribute:L5930,dat_file,tribute,5930,,,4,tribute,people senseless with a chair.  The last words of a surprisingly large,0
tribute:L5931,dat_file,tribute,5931,,,4,tribute,"number of people were ""Stuff the bloody Marquis of Fantailler--""",0
tribute:L5937,dat_file,tribute,5937,,,4,tribute,Vimes shivered.  He hadn't realized how warm it had been underground.  Or,0
tribute:L5938,dat_file,tribute,5938,,,4,tribute,"what time it was.  There was a dim, a very dim light.  Was this just after",0
tribute:L5939,dat_file,tribute,5939,,,4,tribute,sunset?  What it almost dawn?,0
tribute:L5941,dat_file,tribute,5941,,,4,tribute,"The flakes were piling up on his damp clothes, driven by the wind.",0
tribute:L5943,dat_file,tribute,5943,,,4,tribute,Freedom could get you killed.,0
tribute:L5945,dat_file,tribute,5945,,,4,tribute,Shelter ... that was /essential/.  The time of day and a precise location,0
tribute:L5946,dat_file,tribute,5946,,,4,tribute,were of no use to the dead.  They always knew what time it was and where,0
tribute:L5947,dat_file,tribute,5947,,,4,tribute,they were.,0
tribute:L5953,dat_file,tribute,5953,,,4,tribute,GOOD MORNING.,0
tribute:L5955,dat_file,tribute,5955,,,4,tribute,Vimes blinked.  A tall dark-robed figure was now sitting in the boat.,0
tribute:L5957,dat_file,tribute,5957,,,4,tribute,"""Are you Death?""",0
tribute:L5959,dat_file,tribute,5959,,,4,tribute,"IT'S THE SCYTHE, ISN'T IT.  PEOPLE ALWAYS NOTICE THE SCYTHE.",0
tribute:L5961,dat_file,tribute,5961,,,4,tribute,"""I'm going to die?""",0
tribute:L5963,dat_file,tribute,5963,,,4,tribute,POSSIBLY.,0
tribute:L5965,dat_file,tribute,5965,,,4,tribute,"""/Possibly/?  You turn up when people are /possibly/ going to die?""",0
tribute:L5967,dat_file,tribute,5967,,,4,tribute,OH YES.  IT'S QUITE THE NEW THING.  IT'S BECAUSE OF THE UNCERTAINTY,0
tribute:L5968,dat_file,tribute,5968,,,4,tribute,PRINCIPLE.,0
tribute:L5970,dat_file,tribute,5970,,,4,tribute,"""What's that?""",0
tribute:L5972,dat_file,tribute,5972,,,4,tribute,I'M NOT SURE.,0
tribute:L5978,dat_file,tribute,5978,,,4,tribute,"""Are you in charge of the Watch here?""",0
tribute:L5980,dat_file,tribute,5980,,,4,tribute,"""No.  That's the job of the Burgermaster.""",0
tribute:L5982,dat_file,tribute,5982,,,4,tribute,"""And who gives him /his/ orders?""",0
tribute:L5984,dat_file,tribute,5984,,,4,tribute,"""Everyone,"" said Tantony bitterly.  Vimes nodded.  Been there, he thought.",0
tribute:L5985,dat_file,tribute,5985,,,4,tribute,"Been there, done that, bought the doublet...",0
tribute:L5994,dat_file,tribute,5994,,,4,tribute,"Corporal Cheery Littlebottom pronounced her name ""Cheri.""  She was a she,",0
tribute:L5995,dat_file,tribute,5995,,,4,tribute,and therefore a rare bloom in Ankh-Morpork.,0
tribute:L5997,dat_file,tribute,5997,,,4,tribute,It wasn't that dwarfs weren't interested in sex.  They saw the vital need,0
tribute:L5998,dat_file,tribute,5998,,,4,tribute,for fresh dwarfs to leave their goods to and continue the mining work,0
tribute:L5999,dat_file,tribute,5999,,,4,tribute,after they had gone.  It was simply that they also saw no point in,0
tribute:L6000,dat_file,tribute,6000,,,4,tribute,distinguishing between the sexes anywhere but in private.  There was no,0
tribute:L6001,dat_file,tribute,6001,,,4,tribute,"such thing as a Dwarfish female pronoun or, once the children were on",0
tribute:L6002,dat_file,tribute,6002,,,4,tribute,"solids, any such thing as women's work.",0
tribute:L6004,dat_file,tribute,6004,,,4,tribute,"Then Cheery Littlebottom had arrived in Ankh-Morpork, and had seen that",0
tribute:L6005,dat_file,tribute,6005,,,4,tribute,there were men out there who did /not/ wear chain mail or leather,0
tribute:L6006,dat_file,tribute,6006,,,4,tribute,"underwear(1), but /did/ wear interesting colors and exciting makeup, and",0
tribute:L6009,dat_file,tribute,6009,,,4,tribute,"And in the little bullet head the thought had arisen:  ""Why not me?""",0
tribute:L6011,dat_file,tribute,6011,,,4,tribute,Now she was being denounced in cellars and dwarf bars across the city as,0
tribute:L6012,dat_file,tribute,6012,,,4,tribute,the first dwarf in Ankh-Morpork to wear a skirt.  It was hard-wearing,0
tribute:L6013,dat_file,tribute,6013,,,4,tribute,"brown leather and as objectively erotic as a piece of wood but, as some",0
tribute:L6014,dat_file,tribute,6014,,,4,tribute,"older dwarfs would point out, somewhere under there were his /knees/.(2)",0
tribute:L6016,dat_file,tribute,6016,,,4,tribute,(1) At least of the sort /she/ normally wore.,0
tribute:L6018,dat_file,tribute,6018,,,4,tribute,"(2) They couldn't bring themselves to utter the word ""her.""",0
tribute:L6024,dat_file,tribute,6024,,,4,tribute,"Uberwald [...] was mostly so thickly forested, so creased by little",0
tribute:L6025,dat_file,tribute,6025,,,4,tribute,"mountain ranges and beset by rivers, that it was largely unmapped.  It",0
tribute:L6026,dat_file,tribute,6026,,,4,tribute,"was mostly unexplored, too.(1)",0
tribute:L6028,dat_file,tribute,6028,,,4,tribute,"(1) At least, by proper explorers.  Just living there doesn't count.",0
tribute:L6035,dat_file,tribute,6035,,,4,tribute,"mean to act like that, but she'd been born to it, into a class which had",0
tribute:L6036,dat_file,tribute,6036,,,4,tribute,always behaved this way:  You went through the world as if there was,0
tribute:L6037,dat_file,tribute,6037,,,4,tribute,"/no possibility/ that anyone would stop you or question you, and most of",0
tribute:L6038,dat_file,tribute,6038,,,4,tribute,the time that's exactly what didn't happen.,0
tribute:L6049,dat_file,tribute,6049,,,4,tribute,"There are, it has been said, two types of people in the world.  There are",0
tribute:L6050,dat_file,tribute,6050,,,4,tribute,"those who, when presented with a glass that is exactly half full, say: this",0
tribute:L6051,dat_file,tribute,6051,,,4,tribute,glass is half full.  And then there are those who say: this glass is half,0
tribute:L6052,dat_file,tribute,6052,,,4,tribute,empty.,0
tribute:L6054,dat_file,tribute,6054,,,4,tribute,"The world /belongs/, however, to those who can look at the glass and say:",0
tribute:L6055,dat_file,tribute,6055,,,4,tribute,What's up with this glass?  Excuse me?  Excuse /me/?  /This/ is my glass?,0
tribute:L6056,dat_file,tribute,6056,,,4,tribute,I don't /think/ so.  My glass was full!  /And/ it was a bigger glass!,0
tribute:L6057,dat_file,tribute,6057,,,4,tribute,Who's been pinching my beer?,0
tribute:L6063,dat_file,tribute,6063,,,4,tribute,"The world is made up of four elements: Earth, Air, Fire and Water.  This",0
tribute:L6064,dat_file,tribute,6064,,,4,tribute,is a fact well known even to Corporal Nobbs.  It's also wrong.  There's a,0
tribute:L6071,dat_file,tribute,6071,,,4,tribute,The rumor spread through the city like wildfire (which had quite often,0
tribute:L6072,dat_file,tribute,6072,,,4,tribute,"spread through Ankh-Morpork since its citizens had learned the words ""fire",0
tribute:L6073,dat_file,tribute,6073,,,4,tribute,"insurance"").",0
tribute:L6075,dat_file,tribute,6075,,,4,tribute,/The dwarfs can turn lead into gold.../,0
tribute:L6079,dat_file,tribute,6079,,,4,tribute,It reached the pointy ears of the dwarfs.,0
tribute:L6081,dat_file,tribute,6081,,,4,tribute,"""Can we?""",0
tribute:L6083,dat_file,tribute,6083,,,4,tribute,"""Damned if I know.  /I/ can't.""",0
tribute:L6085,dat_file,tribute,6085,,,4,tribute,"""Yeah, but if you could, you wouldn't say.  /I/ wouldn't say, if /I/ could.",0
tribute:L6087,dat_file,tribute,6087,,,4,tribute,"""Can you?""",0
tribute:L6089,dat_file,tribute,6089,,,4,tribute,"""No.""",0
tribute:L6091,dat_file,tribute,6091,,,4,tribute,"""/Ah-ha!/""",0
tribute:L6097,dat_file,tribute,6097,,,4,tribute,"It would seem quite impossible, on such a mucky night, that there could",0
tribute:L6098,dat_file,tribute,6098,,,4,tribute,have been anyone to witness this scene.,0
tribute:L6100,dat_file,tribute,6100,,,4,tribute,"But there was.  The universe requires everything to be observed, lest it",0
tribute:L6101,dat_file,tribute,6101,,,4,tribute,cease to exist.,0
tribute:L6107,dat_file,tribute,6107,,,4,tribute,"Very occasionally, a frog was removed from the vivarium and put into a",0
tribute:L6108,dat_file,tribute,6108,,,4,tribute,"rather smaller jar where it briefly became a very happy frog indeed, and",0
tribute:L6109,dat_file,tribute,6109,,,4,tribute,then went to sleep and woke up in that great big jungle in the sky.,0
tribute:L6111,dat_file,tribute,6111,,,4,tribute,And thus the university got the active ingredient that it made up into,0
tribute:L6112,dat_file,tribute,6112,,,4,tribute,"pills and fed to the Bursar, to keep him sane.  At least, /apparently/",0
tribute:L6113,dat_file,tribute,6113,,,4,tribute,"sane, because nothing was that simple at good old UU.  In fact he was",0
tribute:L6114,dat_file,tribute,6114,,,4,tribute,"incurably insane and hallucinated more or less continually, but by a",0
tribute:L6115,dat_file,tribute,6115,,,4,tribute,"remarkable stroke of lateral thinking his fellow wizards had reasoned, in",0
tribute:L6116,dat_file,tribute,6116,,,4,tribute,"that case, that the whole business could be sorted out if only they could",0
tribute:L6117,dat_file,tribute,6117,,,4,tribute,find a formula that caused him to /hallucinate that he was completely,0
tribute:L6118,dat_file,tribute,6118,,,4,tribute,sane/.(1),0
tribute:L6120,dat_file,tribute,6120,,,4,tribute,This had worked well.  [...],0
tribute:L6122,dat_file,tribute,6122,,,4,tribute,"(1) This is a very common hallucination, shared by most people.",0
tribute:L6128,dat_file,tribute,6128,,,4,tribute,"""Er ... why do you need to work in a darkroom, though?"" he said.  ""The imps",0
tribute:L6129,dat_file,tribute,6129,,,4,tribute,"don't need it, do they?""",0
tribute:L6131,dat_file,tribute,6131,,,4,tribute,"""Ah, zis is for my experiment,"" said Otto proudly.  ""You know zat another",0
tribute:L6132,dat_file,tribute,6132,,,4,tribute,term for an iconographer would be 'photographer'?  From the old word,0
tribute:L6133,dat_file,tribute,6133,,,4,tribute,"'photus' in Latation, vhich means--""",0
tribute:L6135,dat_file,tribute,6135,,,4,tribute,"""To prance around like an idiot ordering everyone about as if you owned the",0
tribute:L6136,dat_file,tribute,6136,,,4,tribute,"place,"" said William.",0
tribute:L6138,dat_file,tribute,6138,,,4,tribute,"""Ah, you know it!""",0
tribute:L6144,dat_file,tribute,6144,,,4,tribute,"""Vy are ve stoppink?"" said Otto.",0
tribute:L6146,dat_file,tribute,6146,,,4,tribute,"""That's Sergeant Detritus on the gate,"" said William.",0
tribute:L6148,dat_file,tribute,6148,,,4,tribute,"""Ah.  A troll.  Very stupid,"" opined Otto.",0
tribute:L6150,dat_file,tribute,6150,,,4,tribute,"""But hard to fool.  I'm afraid we shall have to try the truth.""",0
tribute:L6152,dat_file,tribute,6152,,,4,tribute,"""Vy vill that vork?""",0
tribute:L6154,dat_file,tribute,6154,,,4,tribute,"""He's a policeman.  The truth usually confuses them.  They don't often",0
tribute:L6155,dat_file,tribute,6155,,,4,tribute,"hear it.""",0
tribute:L6161,dat_file,tribute,6161,,,4,tribute,Mr. Tulip raised a trembling hand.,0
tribute:L6163,dat_file,tribute,6163,,,4,tribute,"""Is this the bit where my whole life passes in front of my eyes?"" he said.",0
tribute:L6165,dat_file,tribute,6165,,,4,tribute,"NO, THAT WAS THE BIT JUST NOW.",0
tribute:L6167,dat_file,tribute,6167,,,4,tribute,"""Which bit?""",0
tribute:L6169,dat_file,tribute,6169,,,4,tribute,"THE BIT, said Death, BETWEEN YOU BEING BORN AND YOU DYING.  NO, THIS...",0
tribute:L6170,dat_file,tribute,6170,,,4,tribute,"MR. TULIP, THIS IS YOUR WHOLE LIFE AS IT PASSED BEFORE /OTHER PEOPLE'S/",0
tribute:L6171,dat_file,tribute,6171,,,4,tribute,EYES...,0
tribute:L6180,dat_file,tribute,6180,,,4,tribute,"And the rumor came to the ears of William de Worde, and in a sense it",0
tribute:L6181,dat_file,tribute,6181,,,4,tribute,"stopped there, because he dutifully wrote it down.",0
tribute:L6183,dat_file,tribute,6183,,,4,tribute,It was his job.  Lady Margolotta of Uberwald sent him five dollars a month,0
tribute:L6184,dat_file,tribute,6184,,,4,tribute,to do it.  The Dowager Duchess of Quirm also sent him five dollars.  So,0
tribute:L6185,dat_file,tribute,6185,,,4,tribute,"did King Verence of Lancre, and a few other Ramtop notables.  So did the",0
tribute:L6186,dat_file,tribute,6186,,,4,tribute,"Seriph of Al-Khali, although in this case the payment was half a cartload",0
tribute:L6187,dat_file,tribute,6187,,,4,tribute,"of figs, twice a year.",0
tribute:L6191,dat_file,tribute,6191,,,4,tribute,A young man without too many responsibilities could live modestly in,0
tribute:L6192,dat_file,tribute,6192,,,4,tribute,"Ankh-Morpork on thirty or forty dollars a month; he always sold the figs,",0
tribute:L6193,dat_file,tribute,6193,,,4,tribute,because although it was possible to live on figs you soon wished you,0
tribute:L6194,dat_file,tribute,6194,,,4,tribute,didn't.,0
tribute:L6200,dat_file,tribute,6200,,,4,tribute,"""And these are your reasons, my lord?""",0
tribute:L6202,dat_file,tribute,6202,,,4,tribute,"""Do you think I have others?"" said Lord Vetenari.  ""My motives, as ever,",0
tribute:L6203,dat_file,tribute,6203,,,4,tribute,"are entirely transparent.""",0
tribute:L6205,dat_file,tribute,6205,,,4,tribute,"Hughnon reflected that ""entirely transparent"" meant either that you could",0
tribute:L6206,dat_file,tribute,6206,,,4,tribute,see right through them or couldn't see them at all.,0
tribute:L6212,dat_file,tribute,6212,,,4,tribute,"The Firm had, indeed, not operated in Ankh-Morpork before.  Mr. Pin had",0
tribute:L6213,dat_file,tribute,6213,,,4,tribute,"kept away because, well, there were plenty of other cities, and an",0
tribute:L6214,dat_file,tribute,6214,,,4,tribute,instinct for survival had told him that the Big Wahooni(1) should wait,0
tribute:L6215,dat_file,tribute,6215,,,4,tribute,a while.  [...],0
tribute:L6217,dat_file,tribute,6217,,,4,tribute,"(1) The world's rarest and most evil-smelling vegetable, and consequently",0
tribute:L6218,dat_file,tribute,6218,,,4,tribute,much prized by connoisseurs (who seldom prize anything cheap and common).,0
tribute:L6219,dat_file,tribute,6219,,,4,tribute,"Also a slang term for Ankh-Morpork, although it does not smell as bad as",0
tribute:L6220,dat_file,tribute,6220,,,4,tribute,that.,0
tribute:L6228,dat_file,tribute,6228,,,4,tribute,"""Good for you!"" it said.  ""You have wisely purchased the Dis-organizer",0
tribute:L6229,dat_file,tribute,6229,,,4,tribute,"Mk II, the latest in biothaumaturgic design, with a host of useful",0
tribute:L6230,dat_file,tribute,6230,,,4,tribute,"features and no resemblance whatsoever to the Mk I, which you may have",0
tribute:L6231,dat_file,tribute,6231,,,4,tribute,"inadvertently destroyed by stamping on it heavily!"" it said, adding,",0
tribute:L6232,dat_file,tribute,6232,,,4,tribute,"""This device is provided without warranty of any kind as to reliability,",0
tribute:L6233,dat_file,tribute,6233,,,4,tribute,"accuracy, existence or otherwise or fitness for any particular purpose",0
tribute:L6234,dat_file,tribute,6234,,,4,tribute,"and Bioalchemic Products specifically does not warrant, guarantee, imply",0
tribute:L6235,dat_file,tribute,6235,,,4,tribute,or make any representations as to its merchantability for any particular,0
tribute:L6236,dat_file,tribute,6236,,,4,tribute,purpose and furthermore shall have no liability for or responsibility to,0
tribute:L6237,dat_file,tribute,6237,,,4,tribute,"you or any other person, entity or deity with respect to any loss or",0
tribute:L6238,dat_file,tribute,6238,,,4,tribute,damage whatsoever caused by this device or object or by any attempts to,0
tribute:L6239,dat_file,tribute,6239,,,4,tribute,destroy it by hammering it against a wall or dropping it into a deep well,0
tribute:L6240,dat_file,tribute,6240,,,4,tribute,or by any other means whatsoever and moreover asserts that you indicate,0
tribute:L6241,dat_file,tribute,6241,,,4,tribute,your acceptance of this agreement or any other agreement that may be,0
tribute:L6242,dat_file,tribute,6242,,,4,tribute,substituted at any time by coming within five miles of the product or,0
tribute:L6243,dat_file,tribute,6243,,,4,tribute,observing it through large telescopes or by any other means because you,0
tribute:L6244,dat_file,tribute,6244,,,4,tribute,are such an easily cowed moron who will happily accept arrogant and,0
tribute:L6245,dat_file,tribute,6245,,,4,tribute,unilateral conditions on a piece of highly priced garbage that you would,0
tribute:L6246,dat_file,tribute,6246,,,4,tribute,not dream of accepting on a bag of dog biscuits and is used solely at,0
tribute:L6247,dat_file,tribute,6247,,,4,tribute,"your own risk.""",0
tribute:L6253,dat_file,tribute,6253,,,4,tribute,It looked to Sacharissa that the only tools a dwarf needed was his ax and,0
tribute:L6254,dat_file,tribute,6254,,,4,tribute,"some means of making fire.  That'd eventually get him a forge, and with",0
tribute:L6255,dat_file,tribute,6255,,,4,tribute,"that he could make simple tools, and with those he could make /complex/",0
tribute:L6256,dat_file,tribute,6256,,,4,tribute,"tools, and with complex tools a dwarf could more or less make anything.",0
tribute:L6267,dat_file,tribute,6267,,,4,tribute,"""No running with scythes!""",0
tribute:L6273,dat_file,tribute,6273,,,4,tribute,"Silver stars weren't awarded frequently, and gold stars happened less",0
tribute:L6274,dat_file,tribute,6274,,,4,tribute,"than once a fortnight, and were vied for accordingly.  Right now, Miss",0
tribute:L6275,dat_file,tribute,6275,,,4,tribute,Susan selected a silver star.  Pretty soon Vincent the Keen would have a,0
tribute:L6276,dat_file,tribute,6276,,,4,tribute,"galaxy of his very own.  To give him his due, he was quite disinterested",0
tribute:L6278,dat_file,tribute,6278,,,4,tribute,Susan had privately marked him down as Boy Most Likely To Be Killed One,0
tribute:L6279,dat_file,tribute,6279,,,4,tribute,Day By His Wife.,0
tribute:L6287,dat_file,tribute,6287,,,4,tribute,"As Lobsang followed the ambling Lu-Tze, he heard the dojo master, who like",0
tribute:L6288,dat_file,tribute,6288,,,4,tribute,"all teachers never missed an opportunity to drive home a lesson, say:",0
tribute:L6289,dat_file,tribute,6289,,,4,tribute,"""Dojo!  What is Rule One?""",0
tribute:L6291,dat_file,tribute,6291,,,4,tribute,Even the cowering challenger mumbled along with the chorus:,0
tribute:L6293,dat_file,tribute,6293,,,4,tribute,"""Do not act incautiously when confronting a little bald wrinkly smiling",0
tribute:L6294,dat_file,tribute,6294,,,4,tribute,"man!""",0
tribute:L6301,dat_file,tribute,6301,,,4,tribute,"One day a group of senior novices, for mischief, kicked over the little",0
tribute:L6302,dat_file,tribute,6302,,,4,tribute,shrine that Lu-Tze kept beside his sleeping mat.,0
tribute:L6304,dat_file,tribute,6304,,,4,tribute,"Next morning, no sweepers turned up for work.  They stayed in their huts",0
tribute:L6305,dat_file,tribute,6305,,,4,tribute,"with the doors barred.  After making inquiries, the abbot, who at that time",0
tribute:L6306,dat_file,tribute,6306,,,4,tribute,"was fifty years old again, summoned the three novices to his room.  There",0
tribute:L6307,dat_file,tribute,6307,,,4,tribute,were three brooms leaning against the wall.  He spoke as follows:,0
tribute:L6309,dat_file,tribute,6309,,,4,tribute,"""You know that the dreadful Battle of Five Cities did not happen because",0
tribute:L6310,dat_file,tribute,6310,,,4,tribute,"the messenger got there in time?""",0
tribute:L6312,dat_file,tribute,6312,,,4,tribute,They did.  You learned this early in your studies.  And they bowed,0
tribute:L6313,dat_file,tribute,6313,,,4,tribute,"nervously, because this was the abbot, after all.",0
tribute:L6315,dat_file,tribute,6315,,,4,tribute,"""And you know then that when the messenger's horse threw a shoe he espied",0
tribute:L6316,dat_file,tribute,6316,,,4,tribute,a man trudging beside the road carrying a small portable forge and pushing,0
tribute:L6317,dat_file,tribute,6317,,,4,tribute,"an anvil on a barrow?""",0
tribute:L6319,dat_file,tribute,6319,,,4,tribute,They knew.,0
tribute:L6321,dat_file,tribute,6321,,,4,tribute,"""And you know that man was Lu-tze?""",0
tribute:L6323,dat_file,tribute,6323,,,4,tribute,They did.,0
tribute:L6325,dat_file,tribute,6325,,,4,tribute,"""Surely you know that Janda Trapp, Grand Master of /Oki-doki/, /Toro-fu/,",0
tribute:L6326,dat_file,tribute,6326,,,4,tribute,"and /Chang-fu/, has only ever yielded to one man?""",0
tribute:L6328,dat_file,tribute,6328,,,4,tribute,They knew.,0
tribute:L6330,dat_file,tribute,6330,,,4,tribute,"""And you know that man is Lu-Tze?""",0
tribute:L6332,dat_file,tribute,6332,,,4,tribute,They did.,0
tribute:L6334,dat_file,tribute,6334,,,4,tribute,"""You know the little shrine you kicked over last night?""",0
tribute:L6336,dat_file,tribute,6336,,,4,tribute,They knew.,0
tribute:L6338,dat_file,tribute,6338,,,4,tribute,"""You know it had an owner?""",0
tribute:L6340,dat_file,tribute,6340,,,4,tribute,There was silence.  Then the brightest of the novices looked up at the,0
tribute:L6341,dat_file,tribute,6341,,,4,tribute,"abbot in horror, swallowed, picked up one of the three brooms, and walked",0
tribute:L6342,dat_file,tribute,6342,,,4,tribute,out of the room.,0
tribute:L6344,dat_file,tribute,6344,,,4,tribute,The other two were slower of brain and had to follow the story all the way,0
tribute:L6345,dat_file,tribute,6345,,,4,tribute,through to the end.,0
tribute:L6347,dat_file,tribute,6347,,,4,tribute,"Then one of them said, ""But it was only a sweeper's shrine!""",0
tribute:L6349,dat_file,tribute,6349,,,4,tribute,"""You will take up the brooms and sweep,"" said the abbot, ""and you will",0
tribute:L6350,dat_file,tribute,6350,,,4,tribute,"sweep every day, and you will sweep until the day you find Lu-Tze and dare",0
tribute:L6351,dat_file,tribute,6351,,,4,tribute,"to say 'Sweeper, it was I who knocked over and scattered your shrine and",0
tribute:L6352,dat_file,tribute,6352,,,4,tribute,"now I will in humility accompany you to the dojo on the Tenth Djim, in",0
tribute:L6353,dat_file,tribute,6353,,,4,tribute,"order to learn the Right Way.'  Only then, if you are still able, may you",0
tribute:L6354,dat_file,tribute,6354,,,4,tribute,"resume your studies here.  Understood?""(1)",0
tribute:L6356,dat_file,tribute,6356,,,4,tribute,"Older monks sometimes complained, but someone would always say:  ""Remember",0
tribute:L6357,dat_file,tribute,6357,,,4,tribute,that Lu-Tze's Way is not our Way.  Remember he learned everything by,0
tribute:L6358,dat_file,tribute,6358,,,4,tribute,"sweeping unheeded while students were being educated.  Remember, he has",0
tribute:L6359,dat_file,tribute,6359,,,4,tribute,"been everywhere and done many things.  Perhaps he is a little... strange,",0
tribute:L6360,dat_file,tribute,6360,,,4,tribute,but remember he walked into a citadel full of armed men and traps and,0
tribute:L6361,dat_file,tribute,6361,,,4,tribute,nevertheless saw to it that the Pash of Muntab choked innocently on a fish,0
tribute:L6362,dat_file,tribute,6362,,,4,tribute,"bone.  No monk is better than Lu-Tze at finding the Time and the Place.""",0
tribute:L6364,dat_file,tribute,6364,,,4,tribute,"Some, who did not know, would say:  ""What is this Way that gives him so",0
tribute:L6365,dat_file,tribute,6365,,,4,tribute,"much power?""",0
tribute:L6367,dat_file,tribute,6367,,,4,tribute,"And they were told:  ""It is the Way of Mrs. Marietta Cosmopolite, 3 Quirm",0
tribute:L6368,dat_file,tribute,6368,,,4,tribute,"Street, Ankh-Morpork, Rooms To Rent Very Reasonable.  No, we don't",0
tribute:L6369,dat_file,tribute,6369,,,4,tribute,"understand it, either.  Some subsendential rubbish, apparently.""",0
tribute:L6371,dat_file,tribute,6371,,,4,tribute,(1) And the story continues:  The novice who had protested that it was only,0
tribute:L6372,dat_file,tribute,6372,,,4,tribute,the shrine of a sweeper ran away from the temple; the student who said,0
tribute:L6373,dat_file,tribute,6373,,,4,tribute,nothing remained a sweeper for the rest of his life; and the student who,0
tribute:L6374,dat_file,tribute,6374,,,4,tribute,"has seen the inevitable shape of the story went, after much agonizing and",0
tribute:L6375,dat_file,tribute,6375,,,4,tribute,"several months of meticulous sweeping, to Lu-Tze and knelt and asked to be",0
tribute:L6377,dat_file,tribute,6377,,,4,tribute,"Tenth Djim, with its terrible multibladed fighting machines and its",0
tribute:L6378,dat_file,tribute,6378,,,4,tribute,fearsome serrated weapons such as the /clong-clong/ and the /uppsi/.  The,0
tribute:L6379,dat_file,tribute,6379,,,4,tribute,story runs that the sweeper then opened a cupboard at the back of the dojo,0
tribute:L6380,dat_file,tribute,6380,,,4,tribute,"and produced a broom and spake thusly:  ""One hand /here/ and the other",0
tribute:L6381,dat_file,tribute,6381,,,4,tribute,"/here/, understand?  People never get it right.  Use good, even strokes",0
tribute:L6382,dat_file,tribute,6382,,,4,tribute,"and let the broom do most of the work.  Never try to sweep up a big pile,",0
tribute:L6383,dat_file,tribute,6383,,,4,tribute,"you'll end up sweeping every bit of dust twice.  Use your dustpan wisely,",0
tribute:L6384,dat_file,tribute,6384,,,4,tribute,"and remember:  a small brush for the corners.""",0
tribute:L6390,dat_file,tribute,6390,,,4,tribute,"""But did not Wen say that if the truth is anywhere, it is everywhere?"" said",0
tribute:L6391,dat_file,tribute,6391,,,4,tribute,Lobsang.,0
tribute:L6393,dat_file,tribute,6393,,,4,tribute,"""Well done.  I see you learned /something/, at least.  But one day it",0
tribute:L6394,dat_file,tribute,6394,,,4,tribute,seemed to me that everyone else had decided that wisdom can only be found a,0
tribute:L6395,dat_file,tribute,6395,,,4,tribute,"long way off.  So I went to Ankh-Morpork.  They were all coming here, so it",0
tribute:L6396,dat_file,tribute,6396,,,4,tribute,seemed only fair.,0
tribute:L6398,dat_file,tribute,6398,,,4,tribute,"""Seeking /enlightenment/?""",0
tribute:L6400,dat_file,tribute,6400,,,4,tribute,"""No.  The wise man does not seek enlightenment, he waits for it.  So while",0
tribute:L6401,dat_file,tribute,6401,,,4,tribute,"I was waiting, it occurred to me that seeking perplexity might be more",0
tribute:L6402,dat_file,tribute,6402,,,4,tribute,"fun,"" said Lu-Tze.  ""After all, enlightenment begins where perplexity ends.",0
tribute:L6403,dat_file,tribute,6403,,,4,tribute,"And I found perplexity.  And a kind of enlightenment, too.  I had not been",0
tribute:L6404,dat_file,tribute,6404,,,4,tribute,"there for five minutes, for example, when some men in an alley tried to",0
tribute:L6405,dat_file,tribute,6405,,,4,tribute,"enlighten me of what little I possessed, giving me a valuable lesson in",0
tribute:L6406,dat_file,tribute,6406,,,4,tribute,"the ridiculousness of material things.""",0
tribute:L6413,dat_file,tribute,6413,,,4,tribute,"""Let's get up into Zephyr Street,"" said Susan.",0
tribute:L6415,dat_file,tribute,6415,,,4,tribute,"""What is there for us?""",0
tribute:L6417,dat_file,tribute,6417,,,4,tribute,"""Wienrich and Boettcher.""",0
tribute:L6419,dat_file,tribute,6419,,,4,tribute,"""Who are they?""",0
tribute:L6421,dat_file,tribute,6421,,,4,tribute,"""I think the original Herr Wienrich and Frau Boettcher died a long time ago.",0
tribute:L6422,dat_file,tribute,6422,,,4,tribute,"But the shop still does very good business,"" said Susan, darting across the",0
tribute:L6423,dat_file,tribute,6423,,,4,tribute,"street.  ""We need ammunition.""",0
tribute:L6425,dat_file,tribute,6425,,,4,tribute,Lady LeJean caught up.,0
tribute:L6427,dat_file,tribute,6427,,,4,tribute,"""Oh.  They make chocolate?"" she said.",0
tribute:L6429,dat_file,tribute,6429,,,4,tribute,"""Does a bear poo in the woods?"" said Susan and realized her mistake right",0
tribute:L6430,dat_file,tribute,6430,,,4,tribute,away.(1),0
tribute:L6434,dat_file,tribute,6434,,,4,tribute,"""Yes,"" she said at last.  ""Yes, I believe that most varieties do, indeed,",0
tribute:L6435,dat_file,tribute,6435,,,4,tribute,"excrete, as you suggest, at least in the temperate zones, but there are",0
tribute:L6436,dat_file,tribute,6436,,,4,tribute,"several that--""",0
tribute:L6438,dat_file,tribute,6438,,,4,tribute,"""I mean to say that, yes, they make chocolate,"" said Susan.",0
tribute:L6440,dat_file,tribute,6440,,,4,tribute,(1) Teaching small children for any length of time can do this to a,0
tribute:L6441,dat_file,tribute,6441,,,4,tribute,vocabulary.,0
tribute:L6447,dat_file,tribute,6447,,,4,tribute,Kaos listened to history.,0
tribute:L6449,dat_file,tribute,6449,,,4,tribute,"There were new words.  Wizards and philosophers had found Chaos, which is",0
tribute:L6450,dat_file,tribute,6450,,,4,tribute,"Kaos with his hair combed and a tie on, and had found in the epitome of",0
tribute:L6451,dat_file,tribute,6451,,,4,tribute,disorder a new order undreamed of.  /There are different kinds of rules./,0
tribute:L6452,dat_file,tribute,6452,,,4,tribute,"/From the simple comes the complex, and from the complex comes a different/",0
tribute:L6453,dat_file,tribute,6453,,,4,tribute,/kind of simplicity.  Chaos is order in a mask.../,0
tribute:L6455,dat_file,tribute,6455,,,4,tribute,"Chaos.  Not dark, ancient Kaos, left behind by the evolving universe, but",0
tribute:L6456,dat_file,tribute,6456,,,4,tribute,"new, shiny Chaos, dancing in the heart of everything.  The idea was",0
tribute:L6464,dat_file,tribute,6464,,,4,tribute,"everyone, even her.  Otherwise they were merely tyranny.  But rules were",0
tribute:L6465,dat_file,tribute,6465,,,4,tribute,there to make you think before you broke them.,0
tribute:L6474,dat_file,tribute,6474,,,4,tribute,"Well, she was partly immortal, and that was all there was to it.  She could",0
tribute:L6475,dat_file,tribute,6475,,,4,tribute,see things that were really there(1) [...],0
tribute:L6477,dat_file,tribute,6477,,,4,tribute,(1) Which is much harder than seeing things that /aren't/ there.  /Everyone/,0
tribute:L6478,dat_file,tribute,6478,,,4,tribute,does that.,0
tribute:L6485,dat_file,tribute,6485,,,4,tribute,"If you put a large switch in some cave somewhere, with a sign on it saying",0
tribute:L6486,dat_file,tribute,6486,,,4,tribute,"""End-of-the-World Switch.  PLEASE DO NOT TOUCH,"" the paint wouldn't even",0
tribute:L6487,dat_file,tribute,6487,,,4,tribute,have time to dry.,0
tribute:L6495,dat_file,tribute,6495,,,4,tribute,"""But novices aren't allowed in there under pain of death!""",0
tribute:L6497,dat_file,tribute,6497,,,4,tribute,"""That's a coincidence,"" said Lu-Tze, lowering himself to the tips of his",0
tribute:L6498,dat_file,tribute,6498,,,4,tribute,"fingers.  ""Because death is what awaits you if you stay out there, too.""",0
tribute:L6500,dat_file,tribute,6500,,,4,tribute,He dropped into the darkness.  A moment later there was an unenlightened,0
tribute:L6501,dat_file,tribute,6501,,,4,tribute,curse from below.,0
tribute:L6503,dat_file,tribute,6503,,,4,tribute,"Lobsang climbed in, hung by his fingertips, dropped, and rolled when he hit",0
tribute:L6504,dat_file,tribute,6504,,,4,tribute,the floor below.,0
tribute:L6506,dat_file,tribute,6506,,,4,tribute,"""Well done,"" said Lu-Tze in the gloom.  ""When in doubt, choose to live.""",0
tribute:L6513,dat_file,tribute,6513,,,4,tribute,"""[...]  I mean, mentally he's nine hundred years old.""",0
tribute:L6515,dat_file,tribute,6515,,,4,tribute,"""That must make him very wise.""",0
tribute:L6517,dat_file,tribute,6517,,,4,tribute,"""Pretty wise, pretty wise.  But age and wisdom don't necessarily go",0
tribute:L6518,dat_file,tribute,6518,,,4,tribute,"together, I've always found,"" said Lu-Tze, as they approached the abbot's",0
tribute:L6519,dat_file,tribute,6519,,,4,tribute,"rooms.  ""Some people just become stupid with more authority.  Not his",0
tribute:L6520,dat_file,tribute,6520,,,4,tribute,"Reverence, of course.""",0
tribute:L6527,dat_file,tribute,6527,,,4,tribute,Igor didn't much like the clock.  He was a /people/ person.  He preferred,0
tribute:L6528,dat_file,tribute,6528,,,4,tribute,"things that bled.  And as the clock grew, with its shimmering crystal parts",0
tribute:L6529,dat_file,tribute,6529,,,4,tribute,"that didn't seem entirely all /here/, so Jeremy grew more absorbed and Igor",0
tribute:L6530,dat_file,tribute,6530,,,4,tribute,"grew more tense.  There was definitely something new happening here, and",0
tribute:L6531,dat_file,tribute,6531,,,4,tribute,Igors were avid to learn new things.  But there were limits.  Igors did not,0
tribute:L6532,dat_file,tribute,6532,,,4,tribute,"believe in ""Forbidden Knowledge"" and ""Things Man Was Not Meant to Know"" but",0
tribute:L6533,dat_file,tribute,6533,,,4,tribute,"obviously there were /some/ things a man was not meant to know, such as",0
tribute:L6534,dat_file,tribute,6534,,,4,tribute,what it felt like to have every single particle of your body sucked into a,0
tribute:L6535,dat_file,tribute,6535,,,4,tribute,"little hole, and that seemed to be one of the options available in the",0
tribute:L6536,dat_file,tribute,6536,,,4,tribute,immediate future.,0
tribute:L6543,dat_file,tribute,6543,,,4,tribute,"concerning one day when the apprentice Clodpool, in a rebellious mood,",0
tribute:L6544,dat_file,tribute,6544,,,4,tribute,approached Wen and spake thusly:,0
tribute:L6546,dat_file,tribute,6546,,,4,tribute,"""Master, what is the difference between a humanistic, monastic system of",0
tribute:L6547,dat_file,tribute,6547,,,4,tribute,belief in which wisdom is sought by means of an apparently nonsensical,0
tribute:L6548,dat_file,tribute,6548,,,4,tribute,"system of questions and answers, and a lot of mystic gibberish made up on",0
tribute:L6549,dat_file,tribute,6549,,,4,tribute,"the spur of the moment?""",0
tribute:L6551,dat_file,tribute,6551,,,4,tribute,"Wen considered this for some time, and at last said:  ""A fish!""",0
tribute:L6553,dat_file,tribute,6553,,,4,tribute,"And Clodpool went away, satisfied.",0
tribute:L6569,dat_file,tribute,6569,,,4,tribute,"Too many people, when listing all the perils to be found in the search",0
tribute:L6570,dat_file,tribute,6570,,,4,tribute,"for lost treasure or ancient wisdom, had forgotten to put at the top of",0
tribute:L6571,dat_file,tribute,6571,,,4,tribute,the list 'the man who arrived just before you'.,0
tribute:L6578,dat_file,tribute,6578,,,4,tribute,The reason for the story was a mix of many things.  There was humanity's,0
tribute:L6579,dat_file,tribute,6579,,,4,tribute,desire to do forbidden deeds merely because they were forbidden.,0
tribute:L6580,dat_file,tribute,6580,,,4,tribute,There was its desire to find new horizons and kill the people who live,0
tribute:L6581,dat_file,tribute,6581,,,4,tribute,beyond them.  There were the mysterious scrolls.  There was the cucumber.,0
tribute:L6582,dat_file,tribute,6582,,,4,tribute,"But mostly there was the knowledge that one day, it would all be over.",0
tribute:L6584,dat_file,tribute,6584,,,4,tribute,"'Ah, well, life goes on,' people say when someone dies.  But from the",0
tribute:L6585,dat_file,tribute,6585,,,4,tribute,"point of view of the person who has just died, it doesn't.  It's the",0
tribute:L6586,dat_file,tribute,6586,,,4,tribute,universe that goes on.  Just as the deceased was getting the hang of,0
tribute:L6587,dat_file,tribute,6587,,,4,tribute,"everything it's all whisked away, by illness or accident or, in one",0
tribute:L6588,dat_file,tribute,6588,,,4,tribute,"case, a cucumber.  Why this has to be is one of the imponderables of",0
tribute:L6589,dat_file,tribute,6589,,,4,tribute,"life, in the face of which people either start to pray...",0
tribute:L6596,dat_file,tribute,6596,,,4,tribute,"'And they're /heroes/,' said Mr Betteridge of the Guild of Historians.",0
tribute:L6598,dat_file,tribute,6598,,,4,tribute,"'And that means, exactly?' said the Patrician, sighing.",0
tribute:L6600,dat_file,tribute,6600,,,4,tribute,'They're good at doing what they want to do.',0
tribute:L6602,dat_file,tribute,6602,,,4,tribute,"'But they are also, as I understand it, very old men.'",0
tribute:L6604,dat_file,tribute,6604,,,4,tribute,"'Very old /heroes/,' the historian corrected him.  'That just means",0
tribute:L6605,dat_file,tribute,6605,,,4,tribute,they've had a lot of /experience/ in doing what they want to do.,0
tribute:L6607,dat_file,tribute,6607,,,4,tribute,Lord Vetinari sighed again.  He did not like to live in a world of,0
tribute:L6608,dat_file,tribute,6608,,,4,tribute,"heroes.  You had civilisation, such as it was, and you had heroes.",0
tribute:L6614,dat_file,tribute,6614,,,4,tribute,"They were, all of them, old men.  Their background conversation was",0
tribute:L6615,dat_file,tribute,6615,,,4,tribute,"a litany of complaints about feet, stomachs and backs.  They moved",0
tribute:L6616,dat_file,tribute,6616,,,4,tribute,slowly.  But they had a /look/ about them.  It was in their eyes.,0
tribute:L6618,dat_file,tribute,6618,,,4,tribute,"Their eyes said that wherever it was, they had been there.  Whatever",0
tribute:L6619,dat_file,tribute,6619,,,4,tribute,"it was, they had done it, sometimes more than once.  But they would",0
tribute:L6620,dat_file,tribute,6620,,,4,tribute,"never, ever, /buy/ the T-shirt.  And they /did/ know the meaning of",0
tribute:L6621,dat_file,tribute,6621,,,4,tribute,the word 'fear'.  It was something that happened to other people.,0
tribute:L6627,dat_file,tribute,6627,,,4,tribute,"Captain Carrot saluted.  'Force is always the last resort, sir,' he said.",0
tribute:L6629,dat_file,tribute,6629,,,4,tribute,"'I believe for Cohen it's the first choice,' said Lord Vetinari.",0
tribute:L6631,dat_file,tribute,6631,,,4,tribute,"'He's not too bad if you don't come up behind him suddenly,' said Rincewind.",0
tribute:L6633,dat_file,tribute,6633,,,4,tribute,"'Ah, there is the voice of our mission specialist,' said the Patrician.",0
tribute:L6634,dat_file,tribute,6634,,,4,tribute,"'I just hope--  What is that on your badge, Captain Carrot?'",0
tribute:L6636,dat_file,tribute,6636,,,4,tribute,"'Mission motto, sir,' said Carrot cheerfully.  '/Morituri Nolumus Mori/.",0
tribute:L6637,dat_file,tribute,6637,,,4,tribute,Rincewind suggested it.',0
tribute:L6639,dat_file,tribute,6639,,,4,tribute,"'I imagine he did,' said Lord Vetinari, observing the wizard coldly.",0
tribute:L6640,dat_file,tribute,6640,,,4,tribute,"'And would you care to give us a colloquial translation, Mr Rincewind?'",0
tribute:L6643,dat_file,tribute,6643,,,4,tribute,"roughly speaking, it means, ""We who are about to die don't want to"", sir.'",0
tribute:L6649,dat_file,tribute,6649,,,4,tribute,"'A good wizard, Rincewind,' said the Chair of Indefinite Studies.  'Not",0
tribute:L6650,dat_file,tribute,6650,,,4,tribute,"particularly bright, but, frankly, I've never been quite happy with",0
tribute:L6651,dat_file,tribute,6651,,,4,tribute,"intelligence.  An overrated talent, in my humble opinion.'",0
tribute:L6653,dat_file,tribute,6653,,,4,tribute,Ponder's ears went red.,0
tribute:L6657,dat_file,tribute,6657,,,4,tribute,"'Mr Stibbons was right, was he?' said Ridcully, staring at Ponder.  'How",0
tribute:L6658,dat_file,tribute,6658,,,4,tribute,"did you work that out so /exactly/, Mr Stibbons?'",0
tribute:L6660,dat_file,tribute,6660,,,4,tribute,"'I, er...' Ponder felt the eyes of the wizards on him.  'I--' He stopped.",0
tribute:L6661,dat_file,tribute,6661,,,4,tribute,"'It was a lucky guess, sir.'",0
tribute:L6663,dat_file,tribute,6663,,,4,tribute,"The wizards relaxed.  They were extremely uneasy with cleverness, but",0
tribute:L6664,dat_file,tribute,6664,,,4,tribute,lucky guessing was what being a wizard was all about.,0
tribute:L6670,dat_file,tribute,6670,,,4,tribute,"Evil Harry looked down and shuffled his feet, his face a battle between",0
tribute:L6671,dat_file,tribute,6671,,,4,tribute,pride and relief.,0
tribute:L6673,dat_file,tribute,6673,,,4,tribute,"'Good of you to say that, lads,' he mumbled.  'I mean, you know, if it",0
tribute:L6674,dat_file,tribute,6674,,,4,tribute,"was up to me I wouldn't do this to yer, but I got a reputation to--'",0
tribute:L6676,dat_file,tribute,6676,,,4,tribute,"'I said we /understand/,' said Cohen.  'It's just like with us.  You see",0
tribute:L6677,dat_file,tribute,6677,,,4,tribute,"a big hairy thing galloping towards you, you don't stop to think:  Is",0
tribute:L6678,dat_file,tribute,6678,,,4,tribute,"this a rare species on the point of extinction?  No, you hack its head",0
tribute:L6679,dat_file,tribute,6679,,,4,tribute,"off.  'Cos that's heroing, am I right?  An' /you/ see someone, you",0
tribute:L6680,dat_file,tribute,6680,,,4,tribute,"betray 'em, quick as a wink.  'Cos that's villaining.'",0
tribute:L6689,dat_file,tribute,6689,,,4,tribute,The wizards began to gather around the device.,0
tribute:L6691,dat_file,tribute,6691,,,4,tribute,'Can you see into the future?' said Lord Vetinari.,0
tribute:L6693,dat_file,tribute,6693,,,4,tribute,"'In /theory/ yes, sir.' said Ponder.  'But that would be highly... well,",0
tribute:L6694,dat_file,tribute,6694,,,4,tribute,"inadvisable, you see, because initial studies indicate that the fact of",0
tribute:L6695,dat_file,tribute,6695,,,4,tribute,observation would collapse the waveform in phase space.',0
tribute:L6697,dat_file,tribute,6697,,,4,tribute,Not a muscle moved on the Patrician's face.,0
tribute:L6700,dat_file,tribute,6700,,,4,tribute,the one who has to take the dried frog pills?',0
tribute:L6702,dat_file,tribute,6702,,,4,tribute,"'No, sir.  That's the Bursar, sir,' said Ponder.  'He has to have them",0
tribute:L6703,dat_file,tribute,6703,,,4,tribute,"because he's insane, sir.'",0
tribute:L6705,dat_file,tribute,6705,,,4,tribute,"'Ah,' said Lord Vetinari, and now he /did/ have an expression.  It was that",0
tribute:L6706,dat_file,tribute,6706,,,4,tribute,of a man resolutely refraining from saying what was on his mind.,0
tribute:L6708,dat_file,tribute,6708,,,4,tribute,"'What Mr Stibbons /means/, my lord,' said the Archancellor, 'is that there",0
tribute:L6709,dat_file,tribute,6709,,,4,tribute,"are billions and billions of futures that, er, /sort of/ exist, d'yer see?",0
tribute:L6710,dat_file,tribute,6710,,,4,tribute,They're all... the possible /shapes/ of the future.  But apparently the,0
tribute:L6711,dat_file,tribute,6711,,,4,tribute,first one you actually /look/ at is the one that /becomes/ the future.,0
tribute:L6712,dat_file,tribute,6712,,,4,tribute,It might not be one you'd like.  Apparently it's all to do with the,0
tribute:L6713,dat_file,tribute,6713,,,4,tribute,Uncertainty Principle.',0
tribute:L6715,dat_file,tribute,6715,,,4,tribute,'And that is...',0
tribute:L6717,dat_file,tribute,6717,,,4,tribute,'I'm not sure.  Mr Stibbons is the one who knows about that sort of thing.',0
tribute:L6726,dat_file,tribute,6726,,,4,tribute,"'And the help of, oh, sixty apprentices and journeymen from the Guild of",0
tribute:L6727,dat_file,tribute,6727,,,4,tribute,Cunning Artificers.  Perhaps there should be a hundred.  They will need to,0
tribute:L6728,dat_file,tribute,6728,,,4,tribute,work round the clock.',0
tribute:L6730,dat_file,tribute,6730,,,4,tribute,'Apprentices?  But I can see to it that the finest craftsmen--',0
tribute:L6732,dat_file,tribute,6732,,,4,tribute,Leonard held up a hand.,0
tribute:L6734,dat_file,tribute,6734,,,4,tribute,"'Not craftsmen, my lord,' he said.  'I have no use for people who have",0
tribute:L6735,dat_file,tribute,6735,,,4,tribute,learned the limits of the possible.',0
tribute:L6741,dat_file,tribute,6741,,,4,tribute,"'I'd rather die than sign my name,' said Boy Willie.",0
tribute:L6743,dat_file,tribute,6743,,,4,tribute,"'I'd rather face a dragon,' said Caleb.  'One of the proper old ones, too,",0
tribute:L6744,dat_file,tribute,6744,,,4,tribute,not the fireworky ones you get today.',0
tribute:L6746,dat_file,tribute,6746,,,4,tribute,"'Once they get you signin' your name, they've got you where they want you,'",0
tribute:L6747,dat_file,tribute,6747,,,4,tribute,said Cohen.,0
tribute:L6749,dat_file,tribute,6749,,,4,tribute,"'Too many letters,' said Truckle.  'All different shapes, too.  I always",0
tribute:L6750,dat_file,tribute,6750,,,4,tribute,put an X.',0
tribute:L6756,dat_file,tribute,6756,,,4,tribute,He hesitated.  Lord Vetinari was not a man who delighted in the technical.,0
tribute:L6757,dat_file,tribute,6757,,,4,tribute,"There were two cultures, as far as he was concerned.  One was the real",0
tribute:L6758,dat_file,tribute,6758,,,4,tribute,"one, the other was occupied by people who liked machinery and ate pizza",0
tribute:L6759,dat_file,tribute,6759,,,4,tribute,at unreasonable hours.,0
tribute:L6766,dat_file,tribute,6766,,,4,tribute,which people who don't know anything get together to pool their ignorance.,0
tribute:L6773,dat_file,tribute,6773,,,4,tribute,'There's always hope.',0
tribute:L6775,dat_file,tribute,6775,,,4,tribute,"'So?  There's always taxes, too.  It doesn't make any /difference/.",0
tribute:L6777,dat_file,tribute,6777,,,4,tribute,Carrot sighed and straightened up.  'I wish you weren't right.',0
tribute:L6807,dat_file,tribute,6807,,,4,tribute,"The important thing about adventures, thought Mr. Bunnsy, was that they",0
tribute:L6808,dat_file,tribute,6808,,,4,tribute,shouldn't be so long as to make you miss mealtimes.,0
tribute:L6814,dat_file,tribute,6814,,,4,tribute,"""Stealing from a thief isn't stealing, 'cos it cancels out.""",0
tribute:L6823,dat_file,tribute,6823,,,4,tribute,"They said he was amazing.  The Amazing Maurice, they said.  He'd never",0
tribute:L6824,dat_file,tribute,6824,,,4,tribute,meant to be amazing.  It just happened.,0
tribute:L6826,dat_file,tribute,6826,,,4,tribute,"He'd realized something was odd that day, just after lunch, when he'd",0
tribute:L6827,dat_file,tribute,6827,,,4,tribute,"looked into a reflection in a puddle and thought, /that's me/.  He'd never",0
tribute:L6828,dat_file,tribute,6828,,,4,tribute,been /aware/ of himself before.  Of course it was hard to remember /how/,0
tribute:L6829,dat_file,tribute,6829,,,4,tribute,he'd thought before becoming amazing.  It seemed to him that his mind had,0
tribute:L6830,dat_file,tribute,6830,,,4,tribute,been just a kind of soup.,0
tribute:L6833,dat_file,tribute,6833,,,4,tribute,corner of his territory.  He'd realized there was something educated,0
tribute:L6834,dat_file,tribute,6834,,,4,tribute,"about the rats when he'd jumped on one and it'd said, ""Can we talk about",0
tribute:L6835,dat_file,tribute,6835,,,4,tribute,"this?"" and part of his amazing new brain had told him you couldn't eat",0
tribute:L6836,dat_file,tribute,6836,,,4,tribute,"someone who could talk.  At least, not until you'd heard what it'd got",0
tribute:L6837,dat_file,tribute,6837,,,4,tribute,to say.,0
tribute:L6844,dat_file,tribute,6844,,,4,tribute,"""Shall we line up too?"" asked the kid.",0
tribute:L6846,dat_file,tribute,6846,,,4,tribute,"""I shouldn't think so,"" said Maurice carefully.",0
tribute:L6848,dat_file,tribute,6848,,,4,tribute,"""Why not?""",0
tribute:L6850,dat_file,tribute,6850,,,4,tribute,"""See those men on the door?  They look like the Watch.  They've got big",0
tribute:L6851,dat_file,tribute,6851,,,4,tribute,truncheons.  And everyone's showing them a bit of paper as they go past.,0
tribute:L6852,dat_file,tribute,6852,,,4,tribute,"I don't like the look of that,"" said Maurice.  ""That looks like",0
tribute:L6853,dat_file,tribute,6853,,,4,tribute,"/government/ to me.""",0
tribute:L6855,dat_file,tribute,6855,,,4,tribute,"""We haven't done anything wrong,"" said the kid.  ""Not here, anyway.""",0
tribute:L6857,dat_file,tribute,6857,,,4,tribute,"""You never know, with governments,"" said Maurice.  ""Just stay here kid.",0
tribute:L6858,dat_file,tribute,6858,,,4,tribute,"I'll take a look.""",0
tribute:L6865,dat_file,tribute,6865,,,4,tribute,"""All right, Number Three platoon, you're on widdling duty,"" he said.  ""Go",0
tribute:L6866,dat_file,tribute,6866,,,4,tribute,"and have a good drink.""",0
tribute:L6872,dat_file,tribute,6872,,,4,tribute,"There were big adventures and small adventures, Mr. Bunnsy knew.  You",0
tribute:L6873,dat_file,tribute,6873,,,4,tribute,didn't get told what size they were going to be before you started.,0
tribute:L6874,dat_file,tribute,6874,,,4,tribute,Sometimes you could have a big adventure even when you were standing,0
tribute:L6875,dat_file,tribute,6875,,,4,tribute,still.,0
tribute:L6881,dat_file,tribute,6881,,,4,tribute,Malicia leaned against the wall with incredible nonchalance.,0
tribute:L6883,dat_file,tribute,6883,,,4,tribute,There was not a click.  A panel in the floor did not slide back.,0
tribute:L6885,dat_file,tribute,6885,,,4,tribute,"""Probably the wrong place,"" she said.  ""I'll just rest my arm innocently",0
tribute:L6890,dat_file,tribute,6890,,,4,tribute,"""Of course, it'd help if there was an ornate candlestick,"" said Malicia.",0
tribute:L6891,dat_file,tribute,6891,,,4,tribute,"""They're always a surefire secret-passage lever.  Every adventurer knows",0
tribute:L6892,dat_file,tribute,6892,,,4,tribute,"that.""",0
tribute:L6894,dat_file,tribute,6894,,,4,tribute,"""There isn't a candlestick,"" said Maurice.",0
tribute:L6896,dat_file,tribute,6896,,,4,tribute,"""I know.  Some people totally fail to have any /idea/ of how to design a",0
tribute:L6897,dat_file,tribute,6897,,,4,tribute,"proper secret passage,"" said Malicia.  She leaned against another piece",0
tribute:L6898,dat_file,tribute,6898,,,4,tribute,"of wall, which had no affect whatsoever.",0
tribute:L6900,dat_file,tribute,6900,,,4,tribute,"""I don't think you'll find it that way,"" said Keith, who was carefully",0
tribute:L6901,dat_file,tribute,6901,,,4,tribute,examining a trap.,0
tribute:L6903,dat_file,tribute,6903,,,4,tribute,"""Oh?  Won't I?"" said Malicia.  ""Well at least I'm being /constructive/",0
tribute:L6904,dat_file,tribute,6904,,,4,tribute,"about things!  Where would you look, if you're such an expert?""",0
tribute:L6906,dat_file,tribute,6906,,,4,tribute,"""Why is there a rat hole in a rat catcher's shed?"" said Keith.  ""It smells",0
tribute:L6907,dat_file,tribute,6907,,,4,tribute,"of dead rats and wet dogs and poison.  I wouldn't come near this place,",0
tribute:L6908,dat_file,tribute,6908,,,4,tribute,"if I was a rat.""",0
tribute:L6910,dat_file,tribute,6910,,,4,tribute,Malicia glared at him.  Then her face wrapped itself in an expression of,0
tribute:L6911,dat_file,tribute,6911,,,4,tribute,"acute concentration, as if she was trying out several ideas in her head.",0
tribute:L6913,dat_file,tribute,6913,,,4,tribute,"""Ye-es,"" she said.  ""That usually works, in stories.  It's often the stupid",0
tribute:L6914,dat_file,tribute,6914,,,4,tribute,"person who comes up with the good idea by accident.""",0
tribute:L6916,dat_file,tribute,6916,,,4,tribute,She crouched down and peered into the hole.,0
tribute:L6918,dat_file,tribute,6918,,,4,tribute,"""There's a sort of little lever,"" she said.  ""I'll just give it a little",0
tribute:L6919,dat_file,tribute,6919,,,4,tribute,"push....""",0
tribute:L6921,dat_file,tribute,6921,,,4,tribute,"There was a /clonk/ under the floor, part of it swung back, and Keith",0
tribute:L6924,dat_file,tribute,6924,,,4,tribute,"""Oh, yes,"" said Malicia.  ""I thought something like that would probably",0
tribute:L6925,dat_file,tribute,6925,,,4,tribute,"happen.""",0
tribute:L6931,dat_file,tribute,6931,,,4,tribute,He had to admit that he was cleverer at plans than at underground,0
tribute:L6932,dat_file,tribute,6932,,,4,tribute,"navigation.  He wasn't exactly lost, because cats never get lost.  He",0
tribute:L6933,dat_file,tribute,6933,,,4,tribute,merely didn't know where everything else was.,0
tribute:L6944,dat_file,tribute,6944,,,4,tribute,"""But first I shall need to borrow a pipe,"" Keith went on.",0
tribute:L6946,dat_file,tribute,6946,,,4,tribute,"""You haven't got one?"" asked the mayor.",0
tribute:L6948,dat_file,tribute,6948,,,4,tribute,"""It got broken.""",0
tribute:L6950,dat_file,tribute,6950,,,4,tribute,"Corporal Knopf nudged the mayor.  ""I've got a trombone from when I was in",0
tribute:L6951,dat_file,tribute,6951,,,4,tribute,"the army,"" he said.  ""It won't take a moment to get it.""",0
tribute:L6953,dat_file,tribute,6953,,,4,tribute,The rat piper burst out laughing.,0
tribute:L6955,dat_file,tribute,6955,,,4,tribute,"""Doesn't that count?"" asked the mayor, as Corporal Knopf hurried off.",0
tribute:L6957,dat_file,tribute,6957,,,4,tribute,"""What?  A trombone for charming rats?  No, no, let him try.  Can't blame",0
tribute:L6958,dat_file,tribute,6958,,,4,tribute,"a kid for trying.  Good with a trombone, are you?""",0
tribute:L6960,dat_file,tribute,6960,,,4,tribute,"""I don't know,"" said Keith.",0
tribute:L6962,dat_file,tribute,6962,,,4,tribute,"""What do you mean, you don't know?""",0
tribute:L6964,dat_file,tribute,6964,,,4,tribute,"""I meant I've never played one.  I'd be a lot happier with a flute,",0
tribute:L6965,dat_file,tribute,6965,,,4,tribute,"trumpet, piccolo, cornet, or Lancre bagpipe, but I've seen people playing",0
tribute:L6966,dat_file,tribute,6966,,,4,tribute,"the trombone, and it doesn't look too difficult.  It's only an overgrown",0
tribute:L6967,dat_file,tribute,6967,,,4,tribute,"trumpet, really.""",0
tribute:L6969,dat_file,tribute,6969,,,4,tribute,"""Hah!"" said the piper.  ""This I'd like to see--but not hear.""",0
tribute:L6971,dat_file,tribute,6971,,,4,tribute,"The Watch came running back, rubbing a battered trombone with his sleave",0
tribute:L6972,dat_file,tribute,6972,,,4,tribute,"and therefore making it just a bit more grimy.  Keith took it, wiped the",0
tribute:L6973,dat_file,tribute,6973,,,4,tribute,"mouthpiece, put it to his mouth, moved the slide a few times, and then",0
tribute:L6974,dat_file,tribute,6974,,,4,tribute,blew one long note.,0
tribute:L6976,dat_file,tribute,6976,,,4,tribute,"""Seems to work,"" he said.  ""I expect I can learn as I go along.""  He gave",0
tribute:L6977,dat_file,tribute,6977,,,4,tribute,"the rat piper a brief smile.  ""Do you want to go first?""",0
tribute:L6979,dat_file,tribute,6979,,,4,tribute,"""You won't charm one rat with that mess, kid,"" said the piper, ""but I'm",0
tribute:L6980,dat_file,tribute,6980,,,4,tribute,"glad I'm here to see you try.""",0
tribute:L6982,dat_file,tribute,6982,,,4,tribute,"Keith gave him a smile again, took a breath, and played.",0
tribute:L6984,dat_file,tribute,6984,,,4,tribute,"There was a tune there.  The instrument squeaked and wheezed, because",0
tribute:L6985,dat_file,tribute,6985,,,4,tribute,"Corporal Knopf had occasionally used the thing as a hammer, but there was",0
tribute:L6986,dat_file,tribute,6986,,,4,tribute,"a tune, quite fast, almost jaunty.  You could tap your feet to it.",0
tribute:L6988,dat_file,tribute,6988,,,4,tribute,Someone tapped his feet to it.,0
tribute:L6990,dat_file,tribute,6990,,,4,tribute,"Sardines emerged from a crack in a nearby wall, going ""hwun/two/three/four/""",0
tribute:L6991,dat_file,tribute,6991,,,4,tribute,under his breath.  The crowd watched him dance ferociously across the,0
tribute:L6992,dat_file,tribute,6992,,,4,tribute,cobbles until he disappeared into a drain.  Then they broke into applause.,0
tribute:L6994,dat_file,tribute,6994,,,4,tribute,The piper looked at Keith.,0
tribute:L6996,dat_file,tribute,6996,,,4,tribute,"""Did that one have a /hat/ on?"" he asked.",0
tribute:L6998,dat_file,tribute,6998,,,4,tribute,"""I didn't notice,"" said Keith.  ""Your go.""",0
tribute:L7004,dat_file,tribute,7004,,,4,tribute,"""You really /can/ talk?  You can think?"" asked the mayor.",0
tribute:L7006,dat_file,tribute,7006,,,4,tribute,Darktan looked up at him.  It had been a long night.  He didn't want to,0
tribute:L7007,dat_file,tribute,7007,,,4,tribute,"remember any of it.  And now it was going to be a longer, harder day.",0
tribute:L7008,dat_file,tribute,7008,,,4,tribute,He took a deep breath.,0
tribute:L7010,dat_file,tribute,7010,,,4,tribute,"""Here's what I suggest,"" he said.  ""You pretend that rats can think, and",0
tribute:L7011,dat_file,tribute,7011,,,4,tribute,"I'll promise to pretend that humans can think, too.""",0
tribute:L7020,dat_file,tribute,7020,,,4,tribute,"If you knew what it was that people really, /really/ wanted, you very",0
tribute:L7021,dat_file,tribute,7021,,,4,tribute,nearly controlled them.,0
tribute:L7028,dat_file,tribute,7028,,,4,tribute,small walking stick.,0
tribute:L7030,dat_file,tribute,7030,,,4,tribute,"It was a /good/ routine, even Maurice had to admit.  Some towns had",0
tribute:L7031,dat_file,tribute,7031,,,4,tribute,advertised for a rat piper the very first time he'd done it.  People could,0
tribute:L7032,dat_file,tribute,7032,,,4,tribute,"tolerate rats in the cream, and rats in the roof, and rats in the teapot,",0
tribute:L7033,dat_file,tribute,7033,,,4,tribute,"but they drew the line at tap dancing.  If you saw tap dancing-rats, you",0
tribute:L7034,dat_file,tribute,7034,,,4,tribute,were in big trouble.  Maurice had reckoned that if only the rats could,0
tribute:L7035,dat_file,tribute,7035,,,4,tribute,"play an accordion as well, they could do two towns a day.",0
tribute:L7042,dat_file,tribute,7042,,,4,tribute,"""Luckily I'm prepared for every eventuality,"" said Malicia, and reached",0
tribute:L7043,dat_file,tribute,7043,,,4,tribute,into her bag.  There was a sound as of lumps of metal and bottles being,0
tribute:L7044,dat_file,tribute,7044,,,4,tribute,moved around.,0
tribute:L7046,dat_file,tribute,7046,,,4,tribute,"""What have you got in here?"" said Maurice.  ""Everything?""",0
tribute:L7048,dat_file,tribute,7048,,,4,tribute,"""The grapnel and rope ladder take up a lot of room,"" said Malicia still",0
tribute:L7049,dat_file,tribute,7049,,,4,tribute,"feeling around.  ""And then there's the big medicine kit, and the small",0
tribute:L7050,dat_file,tribute,7050,,,4,tribute,"medicine kit, and the knife, and the other knife, and the sewing kit, and",0
tribute:L7051,dat_file,tribute,7051,,,4,tribute,"the mirror for sending signals, and... these.""",0
tribute:L7053,dat_file,tribute,7053,,,4,tribute,"She pulled out a small bundle of black cloth.  When she unrolled it,",0
tribute:L7054,dat_file,tribute,7054,,,4,tribute,Maurice saw the gleam of metal.,0
tribute:L7056,dat_file,tribute,7056,,,4,tribute,"""Ah,"" he said.  ""Lock picks, right?  I've seen burglars at work--""",0
tribute:L7058,dat_file,tribute,7058,,,4,tribute,"""Hairpins,"" said Malicia, selecting one.  ""Hairpins always work in the",0
tribute:L7059,dat_file,tribute,7059,,,4,tribute,books I've read.  You just push one into the keyhole and twiddle.  I have,0
tribute:L7060,dat_file,tribute,7060,,,4,tribute,"a selection of prebent ones.""",0
tribute:L7062,dat_file,tribute,7062,,,4,tribute,Once again Maurice felt a little chill at the back of his head.  They work,0
tribute:L7065,dat_file,tribute,7065,,,4,tribute,"""And how come you know so much about picking locks?"" he said.",0
tribute:L7068,dat_file,tribute,7068,,,4,tribute,twiddling.,0
tribute:L7070,dat_file,tribute,7070,,,4,tribute,Maurice /had/ seen thieves at work.  Men breaking into buildings at night,0
tribute:L7071,dat_file,tribute,7071,,,4,tribute,"hated to see dogs, but they didn't mind cats.  Cats never attempted to",0
tribute:L7072,dat_file,tribute,7072,,,4,tribute,"tear their throats out.  And what thieves tended to have, he knew, were",0
tribute:L7073,dat_file,tribute,7073,,,4,tribute,complicated little tools that were used with great care and precision.,0
tribute:L7074,dat_file,tribute,7074,,,4,tribute,They didn't use stu--,0
tribute:L7076,dat_file,tribute,7076,,,4,tribute,/Click!/,0
tribute:L7082,dat_file,tribute,7082,,,4,tribute,Bloodthirsty rats right behind you can give you wings.,0
tribute:L7093,dat_file,tribute,7093,,,4,tribute,"When Mister Safety Catch Is Not On, Mister Crossbow Is Not Your Friend.",0
tribute:L7102,dat_file,tribute,7102,,,4,tribute,"""You're a bit young to be sent on this contract, aren't you?"" said Vimes.",0
tribute:L7104,dat_file,tribute,7104,,,4,tribute,"""Not a contract, sir,"" said Jocasta, still paddling.",0
tribute:L7106,dat_file,tribute,7106,,,4,tribute,"""Come now, Miss Wiggs.  The price on my head is at least--""",0
tribute:L7108,dat_file,tribute,7108,,,4,tribute,"""The Guild council put it in abeyance, sir,"" said the patient swimmer.",0
tribute:L7109,dat_file,tribute,7109,,,4,tribute,"""You're off the register.  They're not accepting contracts on you at",0
tribute:L7110,dat_file,tribute,7110,,,4,tribute,"present.""",0
tribute:L7114,dat_file,tribute,7114,,,4,tribute,"""And quite a few of the traps drop you into something deadly,"" said Vimes.",0
tribute:L7116,dat_file,tribute,7116,,,4,tribute,"""Lucky for me that I fell into this one, eh, sir?""",0
tribute:L7118,dat_file,tribute,7118,,,4,tribute,"""Oh, that one's deadly too,"" said Vimes.  ""/Eventually/ deadly.""  He",0
tribute:L7119,dat_file,tribute,7119,,,4,tribute,sighed.  He really wanted to discourage this sort of thing but... they'd,0
tribute:L7120,dat_file,tribute,7120,,,4,tribute,put him off the register?  It wasn't that he'd /liked/ being shot at by,0
tribute:L7121,dat_file,tribute,7121,,,4,tribute,"hooded figures in the temporary employ of his many and varied enemies,",0
tribute:L7122,dat_file,tribute,7122,,,4,tribute,but he'd always looked at it as some kind of vote of confidence.  It,0
tribute:L7123,dat_file,tribute,7123,,,4,tribute,showed that he was annoying the rich and arrogant people who ought to be,0
tribute:L7124,dat_file,tribute,7124,,,4,tribute,annoyed.,0
tribute:L7126,dat_file,tribute,7126,,,4,tribute,"Besides, the Assassin's Guild was easy to outwit.  They had strict rules,",0
tribute:L7127,dat_file,tribute,7127,,,4,tribute,"which they followed quite honorably, and this was fine by Vimes, who, in",0
tribute:L7128,dat_file,tribute,7128,,,4,tribute,"certain practical matters, had no rules whatever.",0
tribute:L7130,dat_file,tribute,7130,,,4,tribute,"Off the register, eh?  The only other person not on it anymore, it was",0
tribute:L7131,dat_file,tribute,7131,,,4,tribute,"rumored, was Lord Vetinari, the Patrician.  The Assassins understood the",0
tribute:L7132,dat_file,tribute,7132,,,4,tribute,"political game in the city better than anyone, and if they took you off",0
tribute:L7133,dat_file,tribute,7133,,,4,tribute,the register it was because they felt that your departure would not only,0
tribute:L7134,dat_file,tribute,7134,,,4,tribute,spoil the game but also smash the board.,0
tribute:L7142,dat_file,tribute,7142,,,4,tribute,"""/Now we sing dis stupid song!/",0
tribute:L7143,dat_file,tribute,7143,,,4,tribute,/Sing it as we run along!/,0
tribute:L7144,dat_file,tribute,7144,,,4,tribute,/Why we sing dis we don't know!/,0
tribute:L7145,dat_file,tribute,7145,,,4,tribute,"/We can't make der words rhyme prop'ly!/""",0
tribute:L7146,dat_file,tribute,7146,,,4,tribute,"""Sound off!""",0
tribute:L7147,dat_file,tribute,7147,,,4,tribute,"""/One!  Two!/""",0
tribute:L7148,dat_file,tribute,7148,,,4,tribute,"""Sound off!""",0
tribute:L7149,dat_file,tribute,7149,,,4,tribute,"""/Many!  Lots!/""",0
tribute:L7150,dat_file,tribute,7150,,,4,tribute,"""Sound off!""",0
tribute:L7151,dat_file,tribute,7151,,,4,tribute,"""/Er... what?/""",0
tribute:L7157,dat_file,tribute,7157,,,4,tribute,Everyone was guilty of something.  Vimes knew that.  Every copper knew it.,0
tribute:L7158,dat_file,tribute,7158,,,4,tribute,"That was how you maintained your authority--everyone, talking to a copper,",0
tribute:L7159,dat_file,tribute,7159,,,4,tribute,was secretly afraid you could see their guilty secret written on their,0
tribute:L7160,dat_file,tribute,7160,,,4,tribute,"forehead.  You couldn't, of course.  But neither were you supposed to drag",0
tribute:L7161,dat_file,tribute,7161,,,4,tribute,someone off the street and smash their fingers with a hammer until they,0
tribute:L7162,dat_file,tribute,7162,,,4,tribute,told you what it was.,0
tribute:L7169,dat_file,tribute,7169,,,4,tribute,tweezers in his hand.,0
tribute:L7171,dat_file,tribute,7171,,,4,tribute,"""Yes?""",0
tribute:L7173,dat_file,tribute,7173,,,4,tribute,"""I'm going out,"" said Vimes.  ""Trouble?""",0
tribute:L7175,dat_file,tribute,7175,,,4,tribute,"""Not too bad.  Slidey Harris was unlucky at cards last night, that's all.",0
tribute:L7176,dat_file,tribute,7176,,,4,tribute,"Played the ace of hearts.""",0
tribute:L7178,dat_file,tribute,7178,,,4,tribute,"""That's an unlucky card?""",0
tribute:L7180,dat_file,tribute,7180,,,4,tribute,"""It is if Big Tony knows he didn't deal it to you.  But I'll soon have it",0
tribute:L7181,dat_file,tribute,7181,,,4,tribute,"removed.  [...]""",0
tribute:L7188,dat_file,tribute,7188,,,4,tribute,"He unfolded it.  In smudged pencil, but still readable, it read:",0
tribute:L7189,dat_file,tribute,7189,,,4,tribute,"/Morphic Street, 9 o'clock tonight.  Password: Swordfish/.",0
tribute:L7191,dat_file,tribute,7191,,,4,tribute,"Swordfish?  Every password was ""swordfish""!  Whenever anyone tried to",0
tribute:L7192,dat_file,tribute,7192,,,4,tribute,"think of a word that no one would ever guess, they /always/ chose",0
tribute:L7193,dat_file,tribute,7193,,,4,tribute,"""swordfish.""  It was just one of those strange quirks of the human mind.",0
tribute:L7199,dat_file,tribute,7199,,,4,tribute,"There were rules.  When you had a Guild of Assassins, there had to be rules",0
tribute:L7200,dat_file,tribute,7200,,,4,tribute,"that everyone knew and that were never, ever broken.(1)",0
tribute:L7202,dat_file,tribute,7202,,,4,tribute,"An Assassin, a real Assassin, had to look like one--black clothes, hood,",0
tribute:L7203,dat_file,tribute,7203,,,4,tribute,"boots, and all.  If they could wear any clothes, any disguise, then what",0
tribute:L7204,dat_file,tribute,7204,,,4,tribute,could anyone do but spend all day sitting in a small room with a loaded,0
tribute:L7205,dat_file,tribute,7205,,,4,tribute,crossbow pointed at the door?,0
tribute:L7207,dat_file,tribute,7207,,,4,tribute,And they couldn't kill a man incapable of defending himself (although a,0
tribute:L7208,dat_file,tribute,7208,,,4,tribute,"man worth more than AM$10,000 a year was considered automatically capable",0
tribute:L7209,dat_file,tribute,7209,,,4,tribute,of defending himself or at least of employing people who were).,0
tribute:L7211,dat_file,tribute,7211,,,4,tribute,And they had to give the target a chance.,0
tribute:L7213,dat_file,tribute,7213,,,4,tribute,"(1) Sometimes, admittedly, for a given value of ""never.""",0
tribute:L7219,dat_file,tribute,7219,,,4,tribute,"""We are here, and this is now.""  Constable Visit, a strict believer in",0
tribute:L7220,dat_file,tribute,7220,,,4,tribute,"the Omnian religion, occasionally quoted from their holy book.  Vimes",0
tribute:L7221,dat_file,tribute,7221,,,4,tribute,"understood it to mean, in less exalted copperspeak, that you have to do",0
tribute:L7222,dat_file,tribute,7222,,,4,tribute,the job that is in front of you.,0
tribute:L7231,dat_file,tribute,7231,,,4,tribute,"""Oh, for heavens' sake, Lu-Tze!  This is completely unauthorized, you",0
tribute:L7232,dat_file,tribute,7232,,,4,tribute,"know!  We're supposed to prune out rogue history loops, not expend vast",0
tribute:L7233,dat_file,tribute,7233,,,4,tribute,"amounts of time keeping them going!""",0
tribute:L7235,dat_file,tribute,7235,,,4,tribute,"""This one's important.  We owe it to the man.  It wasn't his fault we had",0
tribute:L7236,dat_file,tribute,7236,,,4,tribute,"a temporal shattering just as he fell through the dome.""",0
tribute:L7238,dat_file,tribute,7238,,,4,tribute,"""Two timelines running side by side,"" moaned Qu.  ""That's quite",0
tribute:L7239,dat_file,tribute,7239,,,4,tribute,"unacceptable, you know.  I'm having to use techniques that are completely",0
tribute:L7240,dat_file,tribute,7240,,,4,tribute,"untried.""",0
tribute:L7242,dat_file,tribute,7242,,,4,tribute,"""Yes, but it's only a few days.""",0
tribute:L7244,dat_file,tribute,7244,,,4,tribute,"""What about Vimes?  Is he strong enough?  He's got no training for this!""",0
tribute:L7246,dat_file,tribute,7246,,,4,tribute,"""He defaults to being a copper.  A copper's a copper, wherever he is.""",0
tribute:L7254,dat_file,tribute,7254,,,4,tribute,"""Really?  That doesn't sound like Swing.  How much do I owe you.""",0
tribute:L7258,dat_file,tribute,7258,,,4,tribute,"""That's very cheap.""",0
tribute:L7260,dat_file,tribute,7260,,,4,tribute,"""He wasn't worth more.  I should warn you, though.  Soon you may want me",0
tribute:L7261,dat_file,tribute,7261,,,4,tribute,"to deal with Keel.""",0
tribute:L7263,dat_file,tribute,7263,,,4,tribute,"""Surely someone like him wouldn't side with people like Winder and Swing?""",0
tribute:L7265,dat_file,tribute,7265,,,4,tribute,"""He's a side all by himself.  He's a complication.  You may think it best",0
tribute:L7266,dat_file,tribute,7266,,,4,tribute,"if he... ceased to complicate.""",0
tribute:L7268,dat_file,tribute,7268,,,4,tribute,The rattling of the coach underlined the silence this remark caused.  It,0
tribute:L7269,dat_file,tribute,7269,,,4,tribute,"was moving through a richer part of the city now, where there was more",0
tribute:L7270,dat_file,tribute,7270,,,4,tribute,"light and the curfew, being for poorer people, was less rigorously",0
tribute:L7271,dat_file,tribute,7271,,,4,tribute,observed.  The figure opposite the Assassin stroked the cat on her lap.,0
tribute:L7273,dat_file,tribute,7273,,,4,tribute,"""No.  He'll serve some purpose,"" said Madam.  ""Everyone is telling me",0
tribute:L7274,dat_file,tribute,7274,,,4,tribute,about Keel.  In a world where we all move in curves he proceeds in a,0
tribute:L7275,dat_file,tribute,7275,,,4,tribute,straight line.  And going straight in a world of curves makes things,0
tribute:L7276,dat_file,tribute,7276,,,4,tribute,"happen.""",0
tribute:L7285,dat_file,tribute,7285,,,4,tribute,"""Ah.  It contained information of value.  [...]  Will you tell me?""",0
tribute:L7287,dat_file,tribute,7287,,,4,tribute,"""I /could/ tell you.""  Havelock smiled again.  ""But then I would have to",0
tribute:L7288,dat_file,tribute,7288,,,4,tribute,"find someone to pay me to kill you.""",0
tribute:L7294,dat_file,tribute,7294,,,4,tribute,"People on the side of The People always ended up disappointed, in any",0
tribute:L7295,dat_file,tribute,7295,,,4,tribute,case.  They found that The People tended not to be grateful or,0
tribute:L7296,dat_file,tribute,7296,,,4,tribute,appreciative or forward-thinking or obedient.  The People tended to,0
tribute:L7297,dat_file,tribute,7297,,,4,tribute,be small-minded and conservative and not very clever and were even,0
tribute:L7298,dat_file,tribute,7298,,,4,tribute,"distrustful of cleverness.  And so, the children of the revolution",0
tribute:L7299,dat_file,tribute,7299,,,4,tribute,were faced with the age-old problem:  it wasn't that you had the wrong,0
tribute:L7300,dat_file,tribute,7300,,,4,tribute,"kind of government, which was obvious, but that you had the wrong kind",0
tribute:L7301,dat_file,tribute,7301,,,4,tribute,of people.,0
tribute:L7303,dat_file,tribute,7303,,,4,tribute,"As soon as you saw people as things to be measured, they didn't measure",0
tribute:L7304,dat_file,tribute,7304,,,4,tribute,up.,0
tribute:L7319,dat_file,tribute,7319,,,4,tribute,"""Nac Mac Feegle!  The Wee Free Men!  Nae king!  Nae quin!  Nae laird!  Nae",0
tribute:L7320,dat_file,tribute,7320,,,4,tribute,"master!  /We willna be fooled again!/""",0
tribute:L7329,dat_file,tribute,7329,,,4,tribute,"Miss Tick did not look like a witch.  Most witches don't, at least the ones",0
tribute:L7330,dat_file,tribute,7330,,,4,tribute,who wander from place to place.  Looking like a witch can be dangerous when,0
tribute:L7331,dat_file,tribute,7331,,,4,tribute,you walk among the uneducated.  [...],0
tribute:L7333,dat_file,tribute,7333,,,4,tribute,"Everyone in the country carried lucky charms, and Miss Tick had worked out",0
tribute:L7334,dat_file,tribute,7334,,,4,tribute,"that if you didn't have one, people would suspect that you /were/ a witch.",0
tribute:L7335,dat_file,tribute,7335,,,4,tribute,You had to be a bit cunning to be a witch.,0
tribute:L7337,dat_file,tribute,7337,,,4,tribute,"Miss Tick did have a pointy hat, but it was a stealth hat and pointed only",0
tribute:L7338,dat_file,tribute,7338,,,4,tribute,when she wanted it to.,0
tribute:L7340,dat_file,tribute,7340,,,4,tribute,The one thing in her bag that might have made anyone suspicious was a very,0
tribute:L7341,dat_file,tribute,7341,,,4,tribute,"small, grubby booklet entitled /An Introduction to Escapology, by the",0
tribute:L7342,dat_file,tribute,7342,,,4,tribute,Great Williamson/.  If one of the risks of your job is being thrown into a,0
tribute:L7343,dat_file,tribute,7343,,,4,tribute,"pond with your hands tied together, then the ability to swim thirty yards",0
tribute:L7344,dat_file,tribute,7344,,,4,tribute,"underwater, fully clothed, plus the ability to lurk under the weeds",0
tribute:L7345,dat_file,tribute,7345,,,4,tribute,"breathing air through a hollow reed, count as nothing if you aren't also",0
tribute:L7346,dat_file,tribute,7346,,,4,tribute,/amazingly/ good at knots.,0
tribute:L7354,dat_file,tribute,7354,,,4,tribute,"""My name,"" she said at last, ""is Miss Tick.  And I /am/ a witch.  It's a",0
tribute:L7355,dat_file,tribute,7355,,,4,tribute,"good name for a witch, of course.""",0
tribute:L7357,dat_file,tribute,7357,,,4,tribute,"""You mean blood-sucking parasite?"" said Tiffany, wrinkling her forehead.",0
tribute:L7359,dat_file,tribute,7359,,,4,tribute,"""I'm sorry,"" said Miss Tick, coldly.",0
tribute:L7361,dat_file,tribute,7361,,,4,tribute,"""Ticks,"" said Tiffany.  ""Sheep get them.  But if you use turpentine--""",0
tribute:L7363,dat_file,tribute,7363,,,4,tribute,"""I /meant/ that it /sounds/ like 'mystic,'"" said Miss Tick.",0
tribute:L7365,dat_file,tribute,7365,,,4,tribute,"""Oh, you mean a pune, or play on words,"" said Tiffany.(1)  ""In that case it",0
tribute:L7366,dat_file,tribute,7366,,,4,tribute,"would be even better if you were Miss /Teak/, a dense foreign wood, because",0
tribute:L7367,dat_file,tribute,7367,,,4,tribute,"that would sound like 'mystique,' or you could be Miss Take, which would--""",0
tribute:L7369,dat_file,tribute,7369,,,4,tribute,"""I can see we're going to get on like a house on fire,"" said Miss Tick.",0
tribute:L7370,dat_file,tribute,7370,,,4,tribute,"""There may be no survivors.""",0
tribute:L7372,dat_file,tribute,7372,,,4,tribute,(1) Tiffany had read lots of words in the dictionary that she'd never heard,0
tribute:L7373,dat_file,tribute,7373,,,4,tribute,"spoken, so she had to guess at how they were pronounced.",0
tribute:L7379,dat_file,tribute,7379,,,4,tribute,"There was a lot of mist around, but a few stars were visible overhead and",0
tribute:L7380,dat_file,tribute,7380,,,4,tribute,there was a gibbous moon in the sky.  Tiffany knew it was gibbous because,0
tribute:L7381,dat_file,tribute,7381,,,4,tribute,she'd read in the Almanack that /gibbous/ means what the moon looked like,0
tribute:L7382,dat_file,tribute,7382,,,4,tribute,"when it was just a bit fatter than half full, and so she made a point of",0
tribute:L7383,dat_file,tribute,7383,,,4,tribute,paying attention to it around those times just so that she could say to,0
tribute:L7384,dat_file,tribute,7384,,,4,tribute,"herself, ""Ah, I see the moon's very gibbous tonight.""",0
tribute:L7386,dat_file,tribute,7386,,,4,tribute,It's possible that this tells you more about Tiffany than she would want,0
tribute:L7387,dat_file,tribute,7387,,,4,tribute,you to know.,0
tribute:L7395,dat_file,tribute,7395,,,4,tribute,"Granny.  That's rare in a bigjob.""",0
tribute:L7398,dat_file,tribute,7398,,,4,tribute,"ghosts and stuff?""",0
tribute:L7400,dat_file,tribute,7400,,,4,tribute,"""Ach, no.  That's typical bigjob thinking.  /First Sight/ is when you can",0
tribute:L7401,dat_file,tribute,7401,,,4,tribute,"see what's really there, not what your heid tells you /ought/ to be there.",0
tribute:L7403,dat_file,tribute,7403,,,4,tribute,"sight is dull sight, it's seeing only what you expect to see.  Most bigjobs",0
tribute:L7404,dat_file,tribute,7404,,,4,tribute,"ha' that.  Listen to me, because I'm fadin' noo and there's a lot you dinna",0
tribute:L7405,dat_file,tribute,7405,,,4,tribute,ken.  Ye think this is the whole world?  That is a good thought for sheep,0
tribute:L7406,dat_file,tribute,7406,,,4,tribute,and mortals who dinna open their eyes.  Because in truth there are more,0
tribute:L7407,dat_file,tribute,7407,,,4,tribute,"worlds than stars in the sky.  Understand?  They are everywhere, big and",0
tribute:L7408,dat_file,tribute,7408,,,4,tribute,"small, close as your skin.  They are /everywhere/.  Some ye can see an'",0
tribute:L7409,dat_file,tribute,7409,,,4,tribute,"some ye canna, but there are doors, Tiffan.  They might be a hill or a",0
tribute:L7410,dat_file,tribute,7410,,,4,tribute,"tree or a stone or a turn in the road, or they might e'en be a thought in",0
tribute:L7411,dat_file,tribute,7411,,,4,tribute,"yer heid, but they are there, all aroound ye.  You'll have to learn to see",0
tribute:L7412,dat_file,tribute,7412,,,4,tribute,"'em, because you walk among them and dinna know it.  And some of them...",0
tribute:L7413,dat_file,tribute,7413,,,4,tribute,"is poisonous.""",0
tribute:L7420,dat_file,tribute,7420,,,4,tribute,"""They can tak' oour lives but they canna tak' oour troousers!""",0
tribute:L7422,dat_file,tribute,7422,,,4,tribute,"""Ye'll tak' the high road an' I'll tak' yer wallet!""",0
tribute:L7424,dat_file,tribute,7424,,,4,tribute,"""There can only be one t'ousand!""",0
tribute:L7426,dat_file,tribute,7426,,,4,tribute,"""Ach, stick it up yer trakkans!""",0
tribute:L7432,dat_file,tribute,7432,,,4,tribute,"""Them as can do has to do for them as can't.  And someone has to speak up",0
tribute:L7433,dat_file,tribute,7433,,,4,tribute,"for them as has no voices.""",0
tribute:L7440,dat_file,tribute,7440,,,4,tribute,"Tiffany might have been the only person, in all the worlds that there are,",0
tribute:L7441,dat_file,tribute,7441,,,4,tribute,to be happy to hear the sound of the Nac Mac Feegle.,0
tribute:L7444,dat_file,tribute,7444,,,4,tribute,"Some were back in their kilts.  But they were all in a fighting mood and,",0
tribute:L7445,dat_file,tribute,7445,,,4,tribute,"to save time, were fighting with one another to get up to speed.",0
tribute:L7451,dat_file,tribute,7451,,,4,tribute,"""[...]  Can you bring Wentworth?""",0
tribute:L7453,dat_file,tribute,7453,,,4,tribute,"""Aye.""",0
tribute:L7455,dat_file,tribute,7455,,,4,tribute,"""And you won't get lost or--or drunk or anything?""",0
tribute:L7457,dat_file,tribute,7457,,,4,tribute,"Rob Anybody looked offended.  ""We ne'er get lost!"" he said.  ""We always ken",0
tribute:L7458,dat_file,tribute,7458,,,4,tribute,where we are!  It's just sometimes mebbe we aren't sure where everything,0
tribute:L7459,dat_file,tribute,7459,,,4,tribute,"else is, but it's no' our fault if /everything else/ gets lost!  The Nac",0
tribute:L7460,dat_file,tribute,7460,,,4,tribute,"Mac Feegle never get lost!""",0
tribute:L7462,dat_file,tribute,7462,,,4,tribute,"""What about drunk?"" said Tiffany, dragging Roland toward the lighthouse.",0
tribute:L7464,dat_file,tribute,7464,,,4,tribute,"""We've ne'er been lost in oour lives!  Is that no' the case, lads?"" said",0
tribute:L7465,dat_file,tribute,7465,,,4,tribute,"Rob Anybody.  There was a murmur of resentful agreement.  ""The words /lost/",0
tribute:L7466,dat_file,tribute,7466,,,4,tribute,"and /Nac Mac Feegle/ shouldna turn up in the same sentence!""",0
tribute:L7468,dat_file,tribute,7468,,,4,tribute,"""And drunk?"" said Tiffany again, laying Roland down on the beach.",0
tribute:L7470,dat_file,tribute,7470,,,4,tribute,"""Gettin' lost is something that happens to other people!"" declared Rob",0
tribute:L7471,dat_file,tribute,7471,,,4,tribute,"Anybody.  ""I want to make that point perfectly clear!""",0
tribute:L7477,dat_file,tribute,7477,,,4,tribute,The lowlands weren't good to witches.  Miss Tick was making pennies by,0
tribute:L7478,dat_file,tribute,7478,,,4,tribute,"doing bits of medicine and misfortune-telling,(1) and slept in barns",0
tribute:L7479,dat_file,tribute,7479,,,4,tribute,most nights.  She'd twice been thrown into ponds.,0
tribute:L7481,dat_file,tribute,7481,,,4,tribute,(1) Ordinary fortune-tellers tell you what you /want/ to happen; witches,0
tribute:L7482,dat_file,tribute,7482,,,4,tribute,tell you what's going to happen whether you want it to or not.  Strangely,0
tribute:L7483,dat_file,tribute,7483,,,4,tribute,"enough, witches tend to be more accurate but less popular.",0
tribute:L7493,dat_file,tribute,7493,,,4,tribute,"""I'm the Big Man o' the clan, mistress,"" he said.  ""An' my name it is...""",0
tribute:L7494,dat_file,tribute,7494,,,4,tribute,"he swallowed.  ""Rob Anybody Feegle, mistress.  But I beg ye not to use it",0
tribute:L7495,dat_file,tribute,7495,,,4,tribute,"agin me!""",0
tribute:L7497,dat_file,tribute,7497,,,4,tribute,The toad was ready for this.,0
tribute:L7499,dat_file,tribute,7499,,,4,tribute,"""They think names have magic in them,"" he murmured.  ""They don't tell them",0
tribute:L7500,dat_file,tribute,7500,,,4,tribute,"to people in case they are written down.""",0
tribute:L7502,dat_file,tribute,7502,,,4,tribute,"""Aye, an' put upon comp-li-cated documents,"" said a Feegle.",0
tribute:L7504,dat_file,tribute,7504,,,4,tribute,"""An' summonses and such things,"" said another.",0
tribute:L7506,dat_file,tribute,7506,,,4,tribute,"""Or 'Wanted' posters,"" said another.",0
tribute:L7508,dat_file,tribute,7508,,,4,tribute,"""Aye, an' bills an' affidavits,"" said another.",0
tribute:L7510,dat_file,tribute,7510,,,4,tribute,"""Writs of distrainment, even!""  The Feegles looked around in panic at the",0
tribute:L7511,dat_file,tribute,7511,,,4,tribute,very thought of written-down things.,0
tribute:L7513,dat_file,tribute,7513,,,4,tribute,"""They think written words are even more powerful,"" whispered the toad.",0
tribute:L7514,dat_file,tribute,7514,,,4,tribute,"""They think all writing is magic.  Words worry them.  See their swords?",0
tribute:L7515,dat_file,tribute,7515,,,4,tribute,"They glow in the presence of lawyers.""",0
tribute:L7517,dat_file,tribute,7517,,,4,tribute,"""All /right/,"" said Tiffany.  ""We're getting somewhere.  I promise not",0
tribute:L7518,dat_file,tribute,7518,,,4,tribute,"to write his name down.  [...]""",0
tribute:L7524,dat_file,tribute,7524,,,4,tribute,"""Whut's the plan, Rob?"" said one of them.",0
tribute:L7526,dat_file,tribute,7526,,,4,tribute,"""Okay, lads, this is what we'll do.  As soon as we see somethin', we'll",0
tribute:L7527,dat_file,tribute,7527,,,4,tribute,"attack it.  Right?""",0
tribute:L7529,dat_file,tribute,7529,,,4,tribute,This caused a cheer.,0
tribute:L7531,dat_file,tribute,7531,,,4,tribute,"""Ach, 'tis a good plan,"" said Daft Wullie.",0
tribute:L7537,dat_file,tribute,7537,,,4,tribute,"""On your honor as a drunken rowdy thief?"" said Tiffany.",0
tribute:L7539,dat_file,tribute,7539,,,4,tribute,"Rob Anybody beamed.  ""Aye!"" he said.  ""An' I got a lot of good big",0
tribute:L7540,dat_file,tribute,7540,,,4,tribute,"reputation to protect there!  [...]""",0
tribute:L7552,dat_file,tribute,7552,,,4,tribute,'How can you protect yourself by carrying a sword if you don't know how,0
tribute:L7553,dat_file,tribute,7553,,,4,tribute,to use it?',0
tribute:L7555,dat_file,tribute,7555,,,4,tribute,"'Not me, sir.  Other people.  They see the sword and don't attack me,'",0
tribute:L7556,dat_file,tribute,7556,,,4,tribute,said Maladict patiently.,0
tribute:L7558,dat_file,tribute,7558,,,4,tribute,"'Yes, but if they did, lad, you wouldn't be any good with it,' said the",0
tribute:L7559,dat_file,tribute,7559,,,4,tribute,sergeant.,0
tribute:L7561,dat_file,tribute,7561,,,4,tribute,"'No, sir.  I'd probably settle for just ripping their heads off, sir.",0
tribute:L7562,dat_file,tribute,7562,,,4,tribute,"That's what I mean by protection, sir.  Theirs, not mine.  And I'd get",0
tribute:L7563,dat_file,tribute,7563,,,4,tribute,"hell from the League if I did that, sir.'",0
tribute:L7569,dat_file,tribute,7569,,,4,tribute,"/There was always a war./  Usually they were border disputes, the national",0
tribute:L7570,dat_file,tribute,7570,,,4,tribute,equivalent of complaining that the neighbor was letting their hedge grow,0
tribute:L7571,dat_file,tribute,7571,,,4,tribute,too long.  Sometimes they were bigger.  Borogravia was a peace-loving,0
tribute:L7572,dat_file,tribute,7572,,,4,tribute,"country in the midst of treacherous, devious, warlike enemies.  They had",0
tribute:L7573,dat_file,tribute,7573,,,4,tribute,"to be treacherous, devious, and warlike, otherwise we wouldn't be fighting",0
tribute:L7574,dat_file,tribute,7574,,,4,tribute,"them, eh?  There was always a war.",0
tribute:L7582,dat_file,tribute,7582,,,4,tribute,"A pigeon rose over the forests, banked slightly, and headed straight for",0
tribute:L7583,dat_file,tribute,7583,,,4,tribute,the valley of the Kneck.,0
tribute:L7585,dat_file,tribute,7585,,,4,tribute,"Even from here, the black stone bulk of the Keep was visible, rising above",0
tribute:L7586,dat_file,tribute,7586,,,4,tribute,"the sea of trees.  The pigeon sped on, one spark of purpose in the fresh",0
tribute:L7587,dat_file,tribute,7587,,,4,tribute,new morning--,0
tribute:L7589,dat_file,tribute,7589,,,4,tribute,"--and squawked as darkness dropped from the sky, gripping it in talons of",0
tribute:L7590,dat_file,tribute,7590,,,4,tribute,"steel.  Buzzard and pigeon tumbled for a moment, and then the buzzard",0
tribute:L7591,dat_file,tribute,7591,,,4,tribute,gained a little height and flapped onwards.,0
tribute:L7593,dat_file,tribute,7593,,,4,tribute,The pigeon thought: 000000000.  But had it been more capable of coherent,0
tribute:L7594,dat_file,tribute,7594,,,4,tribute,"thought, and knew something about how birds of prey caught pigeons,(1) it",0
tribute:L7595,dat_file,tribute,7595,,,4,tribute,might have wondered why it was being gripped so... kindly.  It was being,0
tribute:L7596,dat_file,tribute,7596,,,4,tribute,"held, not squeezed.  As it was, all it could think was 0000000!",0
tribute:L7598,dat_file,tribute,7598,,,4,tribute,(1) And allowing for the fact that all pigeons who knew how birds of prey,0
tribute:L7599,dat_file,tribute,7599,,,4,tribute,"catch pigeons are dead, and therefore capable of slightly less thought",0
tribute:L7600,dat_file,tribute,7600,,,4,tribute,than a living pigeon.,0
tribute:L7606,dat_file,tribute,7606,,,4,tribute,"""All the food's been taken but there's carrots and parsnips in a little",0
tribute:L7607,dat_file,tribute,7607,,,4,tribute,"garden down the hill a bit,"" Shufti said as they walked away.",0
tribute:L7609,dat_file,tribute,7609,,,4,tribute,"""It'd be s-stealing from the dead,"" said Wazzer.",0
tribute:L7611,dat_file,tribute,7611,,,4,tribute,"""Well, if they object they can hold on, can't they?"" said Shufti.  ""They're",0
tribute:L7612,dat_file,tribute,7612,,,4,tribute,"underground already!""",0
tribute:L7618,dat_file,tribute,7618,,,4,tribute,"""And there you have it, Sergeant Towering,"" said the lieutenant, turning",0
tribute:L7619,dat_file,tribute,7619,,,4,tribute,"to the prisoner.  ""Of course, we all know there is some atrocious behavior",0
tribute:L7621,dat_file,tribute,7621,,,4,tribute,royal prince.(1)  If we are to be pursued because a gallant young soldier,0
tribute:L7622,dat_file,tribute,7622,,,4,tribute,"prevented matters from becoming even more disgusting, then so be it.""",0
tribute:L7624,dat_file,tribute,7624,,,4,tribute,(1) Lieutenant Blouse read only the more technical history books.,0
tribute:L7630,dat_file,tribute,7630,,,4,tribute,There are three things a soldier wants to do when there's a respite on the,0
tribute:L7631,dat_file,tribute,7631,,,4,tribute,"road.  One involves lighting a cigarette, one involves lighting a fire,",0
tribute:L7632,dat_file,tribute,7632,,,4,tribute,"and the other involves no flames at all but does, generally, require a",0
tribute:L7633,dat_file,tribute,7633,,,4,tribute,tree.(1),0
tribute:L7635,dat_file,tribute,7635,,,4,tribute,"(1) Technically, a tree is not required, but seems to be insisted upon for",0
tribute:L7636,dat_file,tribute,7636,,,4,tribute,reasons of style.,0
tribute:L7642,dat_file,tribute,7642,,,4,tribute,"Maladict dropped his crossbow, which fired straight up into the air,(1)",0
tribute:L7643,dat_file,tribute,7643,,,4,tribute,and sat down with his head in his hands.,0
tribute:L7645,dat_file,tribute,7645,,,4,tribute,"(1) And failed to hit anything, especially a duck.  This is so unusual",0
tribute:L7647,dat_file,tribute,7647,,,4,tribute,"regulations.  If it had hit a duck, which quacked and landed on somebody's",0
tribute:L7648,dat_file,tribute,7648,,,4,tribute,"head, this would, of course, have been very droll and would certainly have",0
tribute:L7649,dat_file,tribute,7649,,,4,tribute,"been reported.  Instead, the arrow drifted in the breeze a little on the",0
tribute:L7650,dat_file,tribute,7650,,,4,tribute,"way and landed in an oak tree some thirty feet away, where it missed a",0
tribute:L7651,dat_file,tribute,7651,,,4,tribute,squirrel.,0
tribute:L7658,dat_file,tribute,7658,,,4,tribute,"""Look at this, will you?"" said Shufti, waving a sodden pair of men's long",0
tribute:L7659,dat_file,tribute,7659,,,4,tribute,"pants at her.  ""They keep putting the colors in with the whites.""",0
tribute:L7661,dat_file,tribute,7661,,,4,tribute,"""Well, so what?  These are /enemy/ long johns,"" said Polly.",0
tribute:L7663,dat_file,tribute,7663,,,4,tribute,"""Yes, but there's such a thing as doing it properly!  Look, they put in",0
tribute:L7664,dat_file,tribute,7664,,,4,tribute,"this red pair and all the others are going pink.""",0
tribute:L7666,dat_file,tribute,7666,,,4,tribute,"""And?  I used to love pink when I was about seven.""(1)",0
tribute:L7668,dat_file,tribute,7668,,,4,tribute,"""But pale pink?  On a man?""",0
tribute:L7672,dat_file,tribute,7672,,,4,tribute,"""Yes.  It is /very/ pale, isn't it?  You'd better find a couple more red",0
tribute:L7673,dat_file,tribute,7673,,,4,tribute,"items,"" she said.",0
tribute:L7675,dat_file,tribute,7675,,,4,tribute,"""But that'll make it even worse--"" Shufti began.",0
tribute:L7677,dat_file,tribute,7677,,,4,tribute,"""That was an /order/, soldier,"" Polly whispered in her ear.  ""And add some",0
tribute:L7678,dat_file,tribute,7678,,,4,tribute,"starch.""",0
tribute:L7682,dat_file,tribute,7682,,,4,tribute,"""All you can find.""",0
tribute:L7684,dat_file,tribute,7684,,,4,tribute,"(1) It is an established fact that, despite everything society can do,",0
tribute:L7685,dat_file,tribute,7685,,,4,tribute,girls of seven are magnetically attracted to the color pink.,0
tribute:L7695,dat_file,tribute,7695,,,4,tribute,"""Best of luck, lads,"" he added cheerfully.  ""You'll walk with Death every",0
tribute:L7696,dat_file,tribute,7696,,,4,tribute,"day, but I've seen 'im and he's been known to wink.  And remember:  fill",0
tribute:L7697,dat_file,tribute,7697,,,4,tribute,"your boots with soup!""",0
tribute:L7704,dat_file,tribute,7704,,,4,tribute,"""[...]  You see, the curious thing is that although Ankh-Morpork is probably",0
tribute:L7705,dat_file,tribute,7705,,,4,tribute,"the biggest bully around, in a subtle kind of way, we nevertheless have a",0
tribute:L7706,dat_file,tribute,7706,,,4,tribute,soft spot for people who stand up to bullies.  Especially royal ones.  We,0
tribute:L7707,dat_file,tribute,7707,,,4,tribute,"tend to be on their side, provided it doesn't cost us too much.""",0
tribute:L7713,dat_file,tribute,7713,,,4,tribute,The presence of those seeking the truth is infinitely to be preferred to,0
tribute:L7714,dat_file,tribute,7714,,,4,tribute,the presence of those who think they've found it.,0
tribute:L7720,dat_file,tribute,7720,,,4,tribute,He [Sam Vimes] swore under his breath.  Prince Heinrich had inherited the,0
tribute:L7721,dat_file,tribute,7721,,,4,tribute,throne in a country where the chief export was a kind of hand-painted,0
tribute:L7722,dat_file,tribute,7722,,,4,tribute,"wooden clog, but in ten years, he vowed, his capital city of Rigour would",0
tribute:L7723,dat_file,tribute,7723,,,4,tribute,"be ""the Ankh-Morpork of the mountains!""",0
tribute:L7725,dat_file,tribute,7725,,,4,tribute,"For some reason, he thought Ankh-Morpork would be pleased about this.",0
tribute:L7727,dat_file,tribute,7727,,,4,tribute,"He was anxious, he said, to learn the Ankh-Morpork way of doing things, the",0
tribute:L7728,dat_file,tribute,7728,,,4,tribute,kind of innocent ambition that could well lead to an aspiring leader...,0
tribute:L7729,dat_file,tribute,7729,,,4,tribute,"well, finding out the Ankh-Morpork way of doing things.  Heinrich had a",0
tribute:L7730,dat_file,tribute,7730,,,4,tribute,"reputation locally for cunning, but Ankh-Morpork had overtaken cunning a",0
tribute:L7731,dat_file,tribute,7731,,,4,tribute,"thousand years ago, had sped past devious, had left artful far behind, and",0
tribute:L7732,dat_file,tribute,7732,,,4,tribute,"had now, by a roundabout route, arrived at straightforward.",0
tribute:L7743,dat_file,tribute,7743,,,4,tribute,Why do you go away?  So that you can come back.  So that you can see the,0
tribute:L7744,dat_file,tribute,7744,,,4,tribute,place you came from with new eyes and extra colors.  And the people there,0
tribute:L7745,dat_file,tribute,7745,,,4,tribute,"see you differently, too.  Coming back to where you started is not the",0
tribute:L7746,dat_file,tribute,7746,,,4,tribute,same as never leaving.,0
tribute:L7752,dat_file,tribute,7752,,,4,tribute,Miss Tick was a sort of witch finder.  That seemed to be how witchcraft,0
tribute:L7753,dat_file,tribute,7753,,,4,tribute,"worked.  Some witches kept a magical lookout for girls who showed promise,",0
tribute:L7754,dat_file,tribute,7754,,,4,tribute,and found them an older witch to help them along.  They didn't teach you,0
tribute:L7755,dat_file,tribute,7755,,,4,tribute,how to do it.  They taught you how to know what you were doing.,0
tribute:L7757,dat_file,tribute,7757,,,4,tribute,"Witches were a bit like cats.  They didn't much like one another's company,",0
tribute:L7758,dat_file,tribute,7758,,,4,tribute,"but they /did/ like to know where all the other witches were, just in case",0
tribute:L7759,dat_file,tribute,7759,,,4,tribute,"they needed them.  And what you might need them for was to tell you, as a",0
tribute:L7760,dat_file,tribute,7760,,,4,tribute,"friend, that you were beginning to cackle.",0
tribute:L7766,dat_file,tribute,7766,,,4,tribute,"""Oh,"" said Miss Tick.  But because she was a teacher as well as a witch,",0
tribute:L7767,dat_file,tribute,7767,,,4,tribute,"and probably couldn't help herself, she added, ""The funny thing is, of",0
tribute:L7768,dat_file,tribute,7768,,,4,tribute,"course, that officially there is no such thing as a white horse.  They're",0
tribute:L7769,dat_file,tribute,7769,,,4,tribute,"called gray.""(1)",0
tribute:L7771,dat_file,tribute,7771,,,4,tribute,"(1) She had to say that because she was a witch and a teacher, and that's",0
tribute:L7772,dat_file,tribute,7772,,,4,tribute,a terrible combination.  They want things to be /right/.  They like things,0
tribute:L7773,dat_file,tribute,7773,,,4,tribute,"to be /correct/.  If you want to upset a witch, you don't have to mess",0
tribute:L7774,dat_file,tribute,7774,,,4,tribute,around with charms and spells--you just have to put her in a room with a,0
tribute:L7775,dat_file,tribute,7775,,,4,tribute,picture that's hung slightly crooked and watch her squirm.,0
tribute:L7781,dat_file,tribute,7781,,,4,tribute,"""Oh,"" she said.  ""It's like cat's cradle.""",0
tribute:L7783,dat_file,tribute,7783,,,4,tribute,"""You've played that, have you?"" said Miss Tick vaguely, still",0
tribute:L7784,dat_file,tribute,7784,,,4,tribute,concentrating.,0
tribute:L7786,dat_file,tribute,7786,,,4,tribute,"""I can do all the common shapes,"" said Tiffany.  ""The Jewels and the",0
tribute:L7787,dat_file,tribute,7787,,,4,tribute,"Cradle and the House and the Flock and the Three Old Ladies, One With a",0
tribute:L7788,dat_file,tribute,7788,,,4,tribute,"Squint, Carrying the Bucket of Fish to Market When They Meet the Donkey,",0
tribute:L7789,dat_file,tribute,7789,,,4,tribute,"although you need two people for that one, and I only ever did it once,",0
tribute:L7790,dat_file,tribute,7790,,,4,tribute,and Betsy Tupper scratched her nose at the wrong moment and I had to get,0
tribute:L7791,dat_file,tribute,7791,,,4,tribute,"some scissors to cut her loose...""",0
tribute:L7797,dat_file,tribute,7797,,,4,tribute,"""[...]  It's a bad case o' the thinkin' he's caught, missus.  When a man",0
tribute:L7798,dat_file,tribute,7798,,,4,tribute,"starts messin' wi' the readin' and the writin', then he'll come doon with",0
tribute:L7799,dat_file,tribute,7799,,,4,tribute,a dose o' the thinkin' soon enough.  I'll fetch some o' the lads and we'll,0
tribute:L7800,dat_file,tribute,7800,,,4,tribute,hold his head under water until he stops doin' it--'tis the only cure.  It,0
tribute:L7801,dat_file,tribute,7801,,,4,tribute,"can kill a man, the thinkin'.""",0
tribute:L7807,dat_file,tribute,7807,,,4,tribute,"""I never braked my word yet,"" said Rob.  ""Except to Polis'men and other o'",0
tribute:L7808,dat_file,tribute,7808,,,4,tribute,"that kidney, ye ken, and they dinna count.""",0
tribute:L7818,dat_file,tribute,7818,,,4,tribute,"""[...]  Now lads, ye ken all about hivers.  They cannae be killed!  But",0
tribute:L7819,dat_file,tribute,7819,,,4,tribute,"'tis oor duty to save the big wee hag, so this is, like, a sooey-side",0
tribute:L7820,dat_file,tribute,7820,,,4,tribute,mission and ye'll probably all end up back in the land o' the living,0
tribute:L7821,dat_file,tribute,7821,,,4,tribute,"doin' a borin' wee job.  So... I'm askin' for volunteers!""",0
tribute:L7823,dat_file,tribute,7823,,,4,tribute,Every Feegle over the age of four automatically put his hand up.,0
tribute:L7825,dat_file,tribute,7825,,,4,tribute,"""Oh, come /on/,"" said Rob.  ""You canna /all/ come!  Look, I'll tak'...",0
tribute:L7826,dat_file,tribute,7826,,,4,tribute,"Daft Wullie, Big Yan, and you... Awf'ly Wee Billy Bigchin.  An' I'm takin'",0
tribute:L7827,dat_file,tribute,7827,,,4,tribute,"no weans, so if yez under three inches high, ye're not comin'!  Except",0
tribute:L7828,dat_file,tribute,7828,,,4,tribute,"for ye, o' course, Awf'ly Wee Billy.  As for the rest of youse, we'll",0
tribute:L7829,dat_file,tribute,7829,,,4,tribute,settle this the traditional Feegle way.  I'll tak' the last fifty men,0
tribute:L7830,dat_file,tribute,7830,,,4,tribute,"still standing!""",0
tribute:L7832,dat_file,tribute,7832,,,4,tribute,He beckoned the chosen three to a place in the corner of the mound while,0
tribute:L7833,dat_file,tribute,7833,,,4,tribute,the rest of the crowd squared up cheerfully.  A Feegle liked to face,0
tribute:L7834,dat_file,tribute,7834,,,4,tribute,"enormous odds all by himself, because it meant you didn't have to look",0
tribute:L7835,dat_file,tribute,7835,,,4,tribute,where you were hitting.,0
tribute:L7842,dat_file,tribute,7842,,,4,tribute,and would require tremendous strength and bravery to make it work.,0
tribute:L7844,dat_file,tribute,7844,,,4,tribute,"Put like that, they agreed to it instantly.",0
tribute:L7851,dat_file,tribute,7851,,,4,tribute,"""Oh, aye?"" he said.  ""We looked at her diary loads o' times.  Nae harm",0
tribute:L7852,dat_file,tribute,7852,,,4,tribute,"done.""",0
tribute:L7854,dat_file,tribute,7854,,,4,tribute,"""You /looked/ at her /diary/?"" said Miss Level, horrified.  ""Why?""",0
tribute:L7856,dat_file,tribute,7856,,,4,tribute,"Really, she thought later, she should have expected the answer.",0
tribute:L7858,dat_file,tribute,7858,,,4,tribute,"""Cuz it wuz locked,"" said Daft Wullie.  ""If she didna want anyone tae look",0
tribute:L7859,dat_file,tribute,7859,,,4,tribute,"at it, why'd she keep it at the back o' her sock drawer?  [...]""",0
tribute:L7865,dat_file,tribute,7865,,,4,tribute,"""[...]  All we need tae do is frannit a wheelstone on it and it'll tak' us",0
tribute:L7866,dat_file,tribute,7866,,,4,tribute,"right where she is.""(1)",0
tribute:L7868,dat_file,tribute,7868,,,4,tribute,"(1) If anyone knew what this meant, they'd know a lot more about the Nac",0
tribute:L7869,dat_file,tribute,7869,,,4,tribute,Mac Feegle's way of traveling.,0
tribute:L7876,dat_file,tribute,7876,,,4,tribute,"Tiffany took a deep breath.  This was about words, and she knew about",0
tribute:L7877,dat_file,tribute,7877,,,4,tribute,"words.  ""Here is a story to believe,"" she said.  ""Once we were blobs in",0
tribute:L7878,dat_file,tribute,7878,,,4,tribute,"the sea, and then fishes, and then lizards and rats, and then monkeys,",0
tribute:L7879,dat_file,tribute,7879,,,4,tribute,"and hundreds of things in between.  This hand was once a fin, this hand",0
tribute:L7880,dat_file,tribute,7880,,,4,tribute,once had claws!  In my human mouth I have the pointy teeth of a wolf and,0
tribute:L7881,dat_file,tribute,7881,,,4,tribute,the chisel teeth of a rabbit and the grinding teeth of a cow!  Our blood,0
tribute:L7882,dat_file,tribute,7882,,,4,tribute,"is as salty as the sea we used to live in!  When we're frightened, the",0
tribute:L7883,dat_file,tribute,7883,,,4,tribute,"hair on our skin stands up, just like it did when we had fur.  We /are/",0
tribute:L7884,dat_file,tribute,7884,,,4,tribute,"history!  Everything we've ever been on the way to becoming us, we still",0
tribute:L7885,dat_file,tribute,7885,,,4,tribute,"are.  Would you like to hear the rest of the story?""",0
tribute:L7887,dat_file,tribute,7887,,,4,tribute,"/Tell us/, said the hiver.",0
tribute:L7889,dat_file,tribute,7889,,,4,tribute,"""I'm made up of the memories of my parents and grandparents, all my",0
tribute:L7890,dat_file,tribute,7890,,,4,tribute,"ancestors.  They're in the way I look, in the color of my hair.  And I'm",0
tribute:L7891,dat_file,tribute,7891,,,4,tribute,made up of everyone I've ever met who's changed the way I think.  So who,0
tribute:L7892,dat_file,tribute,7892,,,4,tribute,"is 'me'?""",0
tribute:L7901,dat_file,tribute,7901,,,4,tribute,"""Well, couldn't you help him by magic?""",0
tribute:L7903,dat_file,tribute,7903,,,4,tribute,"""I'll see to it that he's in no pain, yes,"" said Miss Level.",0
tribute:L7905,dat_file,tribute,7905,,,4,tribute,"""But that's just herbs.""",0
tribute:L7907,dat_file,tribute,7907,,,4,tribute,"""It's still magic.  Knowing things is magical, if other people don't know",0
tribute:L7908,dat_file,tribute,7908,,,4,tribute,"them.""",0
tribute:L7914,dat_file,tribute,7914,,,4,tribute,Joy is to fun what the deep sea is to a puddle.  It's a feeling inside that,0
tribute:L7925,dat_file,tribute,7925,,,4,tribute,"What was magic, after all, but something that happened at the snap of",0
tribute:L7926,dat_file,tribute,7926,,,4,tribute,a finger?  Where was the magic in that?  It was mumbled words and weird,0
tribute:L7927,dat_file,tribute,7927,,,4,tribute,"drawings in old books and in the wrong hands it was dangerous as hell,",0
tribute:L7928,dat_file,tribute,7928,,,4,tribute,but not one half as dangerous as it could be in the right hands.,0
tribute:L7934,dat_file,tribute,7934,,,4,tribute,They say that the prospect of being hanged in the morning concentrates,0
tribute:L7935,dat_file,tribute,7935,,,4,tribute,"a man's mind wonderfully; unfortunately, what the mind inevitably",0
tribute:L7936,dat_file,tribute,7936,,,4,tribute,"concentrates on is that, in the morning, it will be in a body that is",0
tribute:L7937,dat_file,tribute,7937,,,4,tribute,going to be hanged.,0
tribute:L7943,dat_file,tribute,7943,,,4,tribute,"There is a saying, ""You can't fool an honest man,"" which is much quoted",0
tribute:L7944,dat_file,tribute,7944,,,4,tribute,by people who make a profitable living by fooling honest men.  Moist,0
tribute:L7945,dat_file,tribute,7945,,,4,tribute,"never tried it, knowingly anyway.  If you did fool an honest man, he",0
tribute:L7946,dat_file,tribute,7946,,,4,tribute,"tended to complain to the local Watch, and these days they were harder",0
tribute:L7947,dat_file,tribute,7947,,,4,tribute,"to buy off.  Fooling dishonest men was a lot safer, and somehow, more",0
tribute:L7948,dat_file,tribute,7948,,,4,tribute,"sporting.  And, of course, there were so many more of them.  You hardly",0
tribute:L7949,dat_file,tribute,7949,,,4,tribute,had to aim.,0
tribute:L7956,dat_file,tribute,7956,,,4,tribute,/What kind of man would put a known criminal in charge of a major branch,0
tribute:L7957,dat_file,tribute,7957,,,4,tribute,"of government?  Apart from, say, the average voter./",0
tribute:L7963,dat_file,tribute,7963,,,4,tribute,"Now he could see the mysterious order clearly.  They were robed, of course,",0
tribute:L7964,dat_file,tribute,7964,,,4,tribute,because you couldn't have a secret order without robes.  They had pushed,0
tribute:L7965,dat_file,tribute,7965,,,4,tribute,"the hoods back now, and each man(1) was wearing a peaked cap with a bird",0
tribute:L7966,dat_file,tribute,7966,,,4,tribute,skeleton wired to it.,0
tribute:L7968,dat_file,tribute,7968,,,4,tribute,(1) Women are always significantly underrepresented in secret orders.,0
tribute:L7975,dat_file,tribute,7975,,,4,tribute,"Virtues:  Patience, Chastity, Silence, Charity, Hope, Tubso, Bissonomy,(1)",0
tribute:L7976,dat_file,tribute,7976,,,4,tribute,and Fortitude.,0
tribute:L7978,dat_file,tribute,7978,,,4,tribute,(1) Many cultures practice neither of these in the hustle and bustle of,0
tribute:L7979,dat_file,tribute,7979,,,4,tribute,"the modern world, because no one can remember what they are.",0
tribute:L7985,dat_file,tribute,7985,,,4,tribute,"She froze, staring over his shoulder.  He saw her right hand scrabble",0
tribute:L7986,dat_file,tribute,7986,,,4,tribute,frantically among the cutlery and grab a knife.,0
tribute:L7988,dat_file,tribute,7988,,,4,tribute,"""That bastard has just walked into the place!"" she hissed.  ""Reacher Gilt!",0
tribute:L7989,dat_file,tribute,7989,,,4,tribute,"I'll just kill him and join you for the pudding...""",0
tribute:L7991,dat_file,tribute,7991,,,4,tribute,"""You can't do that!"" hissed Moist.",0
tribute:L7993,dat_file,tribute,7993,,,4,tribute,"""Oh?  Why not?""",0
tribute:L7995,dat_file,tribute,7995,,,4,tribute,"""You're using the wrong knife!  That's for the fish!  You'll get into",0
tribute:L7996,dat_file,tribute,7996,,,4,tribute,"trouble!""",0
tribute:L7998,dat_file,tribute,7998,,,4,tribute,"She glared at him, but her hand relaxed, and something like a smile",0
tribute:L7999,dat_file,tribute,7999,,,4,tribute,appeared on her face.,0
tribute:L8001,dat_file,tribute,8001,,,4,tribute,"""They don't have a knife for stabbing rich, murdering bastards?"" she said.",0
tribute:L8003,dat_file,tribute,8003,,,4,tribute,"""They bring it to the table when you order one,"" said Moist urgently.",0
tribute:L8004,dat_file,tribute,8004,,,4,tribute,"""Look, this isn't the Drum, they don't just throw the body into the river!",0
tribute:L8005,dat_file,tribute,8005,,,4,tribute,They'll call the Watch!  Get a grip.  Not on a knife!  And get ready to,0
tribute:L8006,dat_file,tribute,8006,,,4,tribute,"run.""",0
tribute:L8008,dat_file,tribute,8008,,,4,tribute,"""Why?""",0
tribute:L8010,dat_file,tribute,8010,,,4,tribute,"""Because I forged his signature on Grand Trunk notepaper to get us in",0
tribute:L8011,dat_file,tribute,8011,,,4,tribute,"here, that's why.""",0
tribute:L8019,dat_file,tribute,8019,,,4,tribute,The vision of Mr. Groat's chest kept bumping insistently against his,0
tribute:L8020,dat_file,tribute,8020,,,4,tribute,imagination.  It looked as though something with claws had taken a swipe,0
tribute:L8021,dat_file,tribute,8021,,,4,tribute,"at him, and only the thick uniform coat prevented him from being opened",0
tribute:L8022,dat_file,tribute,8022,,,4,tribute,like a clam.  But that didn't sound like a vampire.  They weren't messy,0
tribute:L8023,dat_file,tribute,8023,,,4,tribute,like that.  It was a waste of good food.,0
tribute:L8025,dat_file,tribute,8025,,,4,tribute,"Nevertheless, he picked up a piece of smashed chair.  It had splintered",0
tribute:L8026,dat_file,tribute,8026,,,4,tribute,nicely.  And the nice thing about a stake through the heart was that it,0
tribute:L8027,dat_file,tribute,8027,,,4,tribute,also worked on non-vampires.,0
tribute:L8037,dat_file,tribute,8037,,,4,tribute,And after a thought like that is when you realize that however hard you,0
tribute:L8038,dat_file,tribute,8038,,,4,tribute,"try to look behind you, there's a behind you, behind you, where you aren't",0
tribute:L8039,dat_file,tribute,8039,,,4,tribute,looking.  Moist flung his back to the cold stone wall where he slithered,0
tribute:L8046,dat_file,tribute,8046,,,4,tribute,"""Oh, Mr. Lipwig!""",0
tribute:L8048,dat_file,tribute,8048,,,4,tribute,It is not often that a wailing woman rushes into a room and throws herself,0
tribute:L8049,dat_file,tribute,8049,,,4,tribute,"at a man.  It had never happened to Moist before.  Now it happened, and it",0
tribute:L8050,dat_file,tribute,8050,,,4,tribute,seemed such a waste that the woman was Miss Maccalariat.,0
tribute:L8052,dat_file,tribute,8052,,,4,tribute,"She tottered forward and clung to the startled Moist, tears streaming down",0
tribute:L8053,dat_file,tribute,8053,,,4,tribute,her face.,0
tribute:L8055,dat_file,tribute,8055,,,4,tribute,"""Oh, Mr. Lipwig!"" she wailed.  ""Oh, Mr. Lipwig!""",0
tribute:L8057,dat_file,tribute,8057,,,4,tribute,Moist reeled under her weight.  She was dragging at his collar so hard,0
tribute:L8058,dat_file,tribute,8058,,,4,tribute,"that he was likely to end up on the floor, and the thought of being found",0
tribute:L8060,dat_file,tribute,8060,,,4,tribute,be thoughted.  The head would explode before thoughting it.,0
tribute:L8066,dat_file,tribute,8066,,,4,tribute,Always remember that the crowd that applauds your coronation is the same,0
tribute:L8067,dat_file,tribute,8067,,,4,tribute,crowd that will applaud your beheading.  People like a show.,0
tribute:L8076,dat_file,tribute,8076,,,4,tribute,"Miss Dearheart stubbed out her cigarette.  ""Go up there tonight, Mr. Lipwig.",0
tribute:L8077,dat_file,tribute,8077,,,4,tribute,Get yourself a little bit closer to heaven.  And then get down on your,0
tribute:L8078,dat_file,tribute,8078,,,4,tribute,"knees and pray.  You know how to pray, don't you?  You just put your hands",0
tribute:L8079,dat_file,tribute,8079,,,4,tribute,"together--and hope.""",0
tribute:L8086,dat_file,tribute,8086,,,4,tribute,"It was a little like stealing.  It was exactly like stealing.  It was, in",0
tribute:L8087,dat_file,tribute,8087,,,4,tribute,"fact, stealing.  But there was no law against it, because no one knew the",0
tribute:L8088,dat_file,tribute,8088,,,4,tribute,"crime existed, so is it really stealing if what's stolen isn't missed?",0
tribute:L8089,dat_file,tribute,8089,,,4,tribute,"And is it stealing if you're stealing from thieves?  Anyway, all property",0
tribute:L8090,dat_file,tribute,8090,,,4,tribute,"is theft, except mine.",0
tribute:L8101,dat_file,tribute,8101,,,4,tribute,"""Why mess about with a cunning plan when a simple one will do?""",0
tribute:L8107,dat_file,tribute,8107,,,4,tribute,He wanted to sleep.  He'd never felt this tired before.  Vimes slumped to,0
tribute:L8108,dat_file,tribute,8108,,,4,tribute,"his knees, and then fell sideways on to the sand.",0
tribute:L8110,dat_file,tribute,8110,,,4,tribute,"When he forced his eyes open, he saw pale stars above him, and had, once",0
tribute:L8111,dat_file,tribute,8111,,,4,tribute,"again, the sensation that there was someone else present.",0
tribute:L8113,dat_file,tribute,8113,,,4,tribute,"He turned his head, wincing at the stab of pain, and saw a small but",0
tribute:L8114,dat_file,tribute,8114,,,4,tribute,brightly lit folding chair on the sand.  A robed figure was reclining in,0
tribute:L8115,dat_file,tribute,8115,,,4,tribute,"it, reading a book.  A scythe was stuck in the sand beside it.",0
tribute:L8117,dat_file,tribute,8117,,,4,tribute,"A white, skeletal hand turned a page.",0
tribute:L8119,dat_file,tribute,8119,,,4,tribute,"'You'll be Death, then?' said Vimes, after a while.",0
tribute:L8121,dat_file,tribute,8121,,,4,tribute,"AH, MISTER VIMES, ASTUTE AS EVER.  GOT IT IN ONE, said Death, shutting the",0
tribute:L8122,dat_file,tribute,8122,,,4,tribute,book on his finger to keep the place.,0
tribute:L8124,dat_file,tribute,8124,,,4,tribute,'I've seen you before.',0
tribute:L8126,dat_file,tribute,8126,,,4,tribute,"I HAVE WALKED WITH YOU MANY TIMES, MISTER VIMES.",0
tribute:L8128,dat_file,tribute,8128,,,4,tribute,"'And this is /it/, is it?'",0
tribute:L8130,dat_file,tribute,8130,,,4,tribute,HAS IT NEVER STRUCK YOU THAT THE CONCEPT OF A WRITTEN NARRATIVE IS SOMEWHAT,0
tribute:L8131,dat_file,tribute,8131,,,4,tribute,STRANGE? said Death.,0
tribute:L8133,dat_file,tribute,8133,,,4,tribute,Vimes could tell when people were trying to avoid something they really,0
tribute:L8136,dat_file,tribute,8136,,,4,tribute,'Is it?' he insisted.  'Is this it?  This time I die?',0
tribute:L8138,dat_file,tribute,8138,,,4,tribute,COULD BE.,0
tribute:L8140,dat_file,tribute,8140,,,4,tribute,'Could be?  What sort of answer is that?' said Vimes.,0
tribute:L8142,dat_file,tribute,8142,,,4,tribute,"A VERY ACCURATE ONE.  YOU SEE, YOU ARE HAVING A NEAR-DEATH EXPERIENCE,",0
tribute:L8143,dat_file,tribute,8143,,,4,tribute,WHICH INESCAPABLY MEANS THAT I MUST UNDERGO A NEAR-/VIMES/ EXPERIENCE.,0
tribute:L8144,dat_file,tribute,8144,,,4,tribute,DON'T MIND ME.  CARRY ON WITH WHATEVER YOU WERE DOING.  I HAVE A BOOK.,0
tribute:L8146,dat_file,tribute,8146,,,4,tribute,"Vimes rolled over on to his stomach, gritted his teeth, and pushed himself",0
tribute:L8148,dat_file,tribute,8148,,,4,tribute,back down.,0
tribute:L8150,dat_file,tribute,8150,,,4,tribute,He heard the sound of a chair being moved.,0
tribute:L8152,dat_file,tribute,8152,,,4,tribute,'Shouldn't you be somewhere else?' he said.,0
tribute:L8154,dat_file,tribute,8154,,,4,tribute,"I AM, said Death, sitting down again.",0
tribute:L8156,dat_file,tribute,8156,,,4,tribute,'But you're here!',0
tribute:L8158,dat_file,tribute,8158,,,4,tribute,"AS WELL.  Death turned a page and, for a person without breath, managed a",0
tribute:L8159,dat_file,tribute,8159,,,4,tribute,pretty good sigh.  IT APPEARS THAT THE BUTLER DID IT.,0
tribute:L8161,dat_file,tribute,8161,,,4,tribute,'Did what?',0
tribute:L8163,dat_file,tribute,8163,,,4,tribute,IT IS A MADE-UP STORY.  VERY STRANGE.  ALL ONE NEEDS TO DO IS TURN TO THE,0
tribute:L8164,dat_file,tribute,8164,,,4,tribute,"LAST PAGE AND THE ANSWER IS THERE.  WHAT, THEREFORE, IS THE POINT OF",0
tribute:L8165,dat_file,tribute,8165,,,4,tribute,DELIBERATELY NOT KNOWING?,0
tribute:L8167,dat_file,tribute,8167,,,4,tribute,"It sounded like gibberish to Vimes, so he ignored it.  Some of the aches",0
tribute:L8168,dat_file,tribute,8168,,,4,tribute,"had gone, although his head still hammered.  There was an empty feeling",0
tribute:L8169,dat_file,tribute,8169,,,4,tribute,everywhere.  He just wanted to sleep.,0
tribute:L8175,dat_file,tribute,8175,,,4,tribute,"And I'm going home, Vimes repeated to himself.  Everyone wants something",0
tribute:L8176,dat_file,tribute,8176,,,4,tribute,"from Vimes, even though I'm not the sharpest knife in the drawer.  Hell,",0
tribute:L8177,dat_file,tribute,8177,,,4,tribute,"I'm probably a spoon.  Well I'm going to be Vimes, and Vimes reads",0
tribute:L8178,dat_file,tribute,8178,,,4,tribute,/Where's My Cow?/ to Young Sam at six o'clock.  With the noises done right.,0
tribute:L8184,dat_file,tribute,8184,,,4,tribute,"Fred Colon peered through the bars.  He was, on the whole, a pretty good",0
tribute:L8185,dat_file,tribute,8185,,,4,tribute,"jailer; he always had a pot of tea on the go, he was, as a general rule,",0
tribute:L8186,dat_file,tribute,8186,,,4,tribute,"amiably disposed to most people, he was too slow to be easily fooled, and",0
tribute:L8187,dat_file,tribute,8187,,,4,tribute,"he kept the cell keys in a box in the bottom drawer of his desk, a long",0
tribute:L8189,dat_file,tribute,8189,,,4,tribute,trained Klatchian monkey spider.(1),0
tribute:L8191,dat_file,tribute,8191,,,4,tribute,(1) Making Fred Colon possibly unique in the annals of jail history.,0
tribute:L8197,dat_file,tribute,8197,,,4,tribute,Brushing aside cobwebs with one hand and holding up a lantern with the,0
tribute:L8198,dat_file,tribute,8198,,,4,tribute,"other, Sybil led the way past boxes of MEN'S BOOTS, VARIOUS; RISIBLE",0
tribute:L8199,dat_file,tribute,8199,,,4,tribute,"PUPPETS, STRING & GLOVE; MODEL THEATER AND SCENERY.  Maybe that was the",0
tribute:L8200,dat_file,tribute,8200,,,4,tribute,"reason for their wealth: they bought things that were built to last, and",0
tribute:L8201,dat_file,tribute,8201,,,4,tribute,"now they seldom had to buy anything at all.  Except food, of course, and",0
tribute:L8202,dat_file,tribute,8202,,,4,tribute,even then Vimes would not have been surprised to see boxes labeled APPLE,0
tribute:L8203,dat_file,tribute,8203,,,4,tribute,"CORES, VARIOUS, or LEFTOVERS, NEED EATING UP.(1)",0
tribute:L8205,dat_file,tribute,8205,,,4,tribute,"(1) That was a phrase of Sybil's that got to him.  She'd announce at lunch,",0
tribute:L8206,dat_file,tribute,8206,,,4,tribute,"""we must have the pork tonight, it needs eating up.""  Vimes never had an",0
tribute:L8207,dat_file,tribute,8207,,,4,tribute,"actual problem with this, because he'd been raised to eat what was put in",0
tribute:L8208,dat_file,tribute,8208,,,4,tribute,"front of him, and do it quickly, too, before someone else snatched it away.",0
tribute:L8209,dat_file,tribute,8209,,,4,tribute,He was just puzzled at the suggestion that he was there to do the food a,0
tribute:L8210,dat_file,tribute,8210,,,4,tribute,favor.,0
tribute:L8216,dat_file,tribute,8216,,,4,tribute,"""Tell me Drumknott, are you a betting man at all?""",0
tribute:L8218,dat_file,tribute,8218,,,4,tribute,"""I have been know to have the occasional 'little flutter,' sir.""",0
tribute:L8220,dat_file,tribute,8220,,,4,tribute,"""Given, then, a contest between an invisible and very powerful quasidemonic",0
tribute:L8221,dat_file,tribute,8221,,,4,tribute,"/thing/ of pure vengeance on the one hand, and the commander on the other,",0
tribute:L8222,dat_file,tribute,8222,,,4,tribute,"where would you wager, say... one dollar?""",0
tribute:L8224,dat_file,tribute,8224,,,4,tribute,"""I wouldn't, sir.  That looks like one that would go to the judges.""",0
tribute:L8226,dat_file,tribute,8226,,,4,tribute,"""Yes,"" said Vetinari, staring thoughtfully at the closed door.  ""Yes,",0
tribute:L8227,dat_file,tribute,8227,,,4,tribute,"/indeed/.""",0
tribute:L8233,dat_file,tribute,8233,,,4,tribute,Vimes reached up and took a mug of water from Angua.  It was teeth-aching,0
tribute:L8234,dat_file,tribute,8234,,,4,tribute,"cold and the best drink he'd ever tasted.  And his mind worked fast, flying",0
tribute:L8236,dat_file,tribute,8236,,,4,tribute,huge anchor in sanity and prove that what happened hadn't really happened,0
tribute:L8237,dat_file,tribute,8237,,,4,tribute,"and, if it had happened, hadn't happened very much.",0
tribute:L8239,dat_file,tribute,8239,,,4,tribute,"It was all mystic, that's what it was.  Oh, it /might/ all be true, but how",0
tribute:L8240,dat_file,tribute,8240,,,4,tribute,could you ever tell?  You had to stick to the things you can see.  And you,0
tribute:L8241,dat_file,tribute,8241,,,4,tribute,"had to keep reminding yourself of that, too.",0
tribute:L8243,dat_file,tribute,8243,,,4,tribute,"Yeah, that was it.  What had really happened, eh?  A few signs?  Well,",0
tribute:L8244,dat_file,tribute,8244,,,4,tribute,"anything can look like you want it to, if you're worried and confused",0
tribute:L8245,dat_file,tribute,8245,,,4,tribute,"enough, yes?  A sheep can look like a cow, right?  Ha!",0
tribute:L8256,dat_file,tribute,8256,,,4,tribute,That's Third Thoughts for you.  When a huge rock is going to land on your,0
tribute:L8257,dat_file,tribute,8257,,,4,tribute,"head, they're the thoughts that think:  Is that an igneous rock, such as",0
tribute:L8258,dat_file,tribute,8258,,,4,tribute,"granite, or is it sandstone?",0
tribute:L8262,dat_file,tribute,8262,,,4,tribute,p. 113,0
tribute:L8264,dat_file,tribute,8264,,,4,tribute,"They say that there can never be two snowflakes that are exactly alike, but",0
tribute:L8265,dat_file,tribute,8265,,,4,tribute,has anyone checked lately?,0
tribute:L8271,dat_file,tribute,8271,,,4,tribute,"All witches are a bit odd.  Tiffany had got used to odd, so that odd seemed",0
tribute:L8272,dat_file,tribute,8272,,,4,tribute,"quite normal.  There was Miss Level, for example, who had two bodies,",0
tribute:L8273,dat_file,tribute,8273,,,4,tribute,"although one of them was imaginary.  Mistress Pullunder, who bred pedigreed",0
tribute:L8275,dat_file,tribute,8275,,,4,tribute,"a bit peculiar, and anyway earthworms were quite interesting in a basically",0
tribute:L8276,dat_file,tribute,8276,,,4,tribute,"uninteresting kind of way.  And there had been Old Mother Dismass, who",0
tribute:L8277,dat_file,tribute,8277,,,4,tribute,"suffered from bouts of temporal confusion, which can be quite strange when",0
tribute:L8278,dat_file,tribute,8278,,,4,tribute,"it happens to a witch; her mouth never moved in time with her words, and",0
tribute:L8279,dat_file,tribute,8279,,,4,tribute,sometimes her footsteps came down the stairs ten minutes before she did.,0
tribute:L8281,dat_file,tribute,8281,,,4,tribute,"But when it came to odd, Miss Treason didn't just take the cake, but a",0
tribute:L8282,dat_file,tribute,8282,,,4,tribute,"packet of biscuits too, with sprinkles on the top, and also a candle.",0
tribute:L8288,dat_file,tribute,8288,,,4,tribute,Then there was her clock.  It was heavy and made of rusty iron by someone,0
tribute:L8289,dat_file,tribute,8289,,,4,tribute,"who was more blacksmith than watchmaker, which was why it went",0
tribute:L8290,dat_file,tribute,8290,,,4,tribute,*clonk-clank* instead of /tick-tock/.  She wore it on her belt and could,0
tribute:L8291,dat_file,tribute,8291,,,4,tribute,tell the time by feeling the stubby little hands.,0
tribute:L8293,dat_file,tribute,8293,,,4,tribute,"There was a story in the villages that the clock was Miss Treason's heart,",0
tribute:L8294,dat_file,tribute,8294,,,4,tribute,which she'd used ever since her first heart died.  But there were lots of,0
tribute:L8295,dat_file,tribute,8295,,,4,tribute,stories about Miss Treason.,0
tribute:L8303,dat_file,tribute,8303,,,4,tribute,Thoughts to check that they were thinking right.  Then there were the,0
tribute:L8304,dat_file,tribute,8304,,,4,tribute,"Third Thoughts, which Tiffany had never heard discussed and therefore kept",0
tribute:L8305,dat_file,tribute,8305,,,4,tribute,"quiet about; they were odd, seemed to think for themselves, and didn't",0
tribute:L8306,dat_file,tribute,8306,,,4,tribute,turn up very often.  And they were telling her that there was more to Miss,0
tribute:L8307,dat_file,tribute,8307,,,4,tribute,Treason than met the eye.,0
tribute:L8315,dat_file,tribute,8315,,,4,tribute,"It was in fact Miss Tick who had written /Witch Hunting for Dumb People/,",0
tribute:L8316,dat_file,tribute,8316,,,4,tribute,and she made sure that copies of it found their way into those areas where,0
tribute:L8317,dat_file,tribute,8317,,,4,tribute,people still believed that witches should be burned or drowned.,0
tribute:L8319,dat_file,tribute,8319,,,4,tribute,Since the only witch ever likely to pass through these days was Miss Tick,0
tribute:L8320,dat_file,tribute,8320,,,4,tribute,"herself, it meant that if things did go wrong, she'd get a good night's",0
tribute:L8321,dat_file,tribute,8321,,,4,tribute,sleep and a decent meal before being thrown into the water.  The water was,0
tribute:L8322,dat_file,tribute,8322,,,4,tribute,"no problem at all for Miss Tick, who had been to the Quirm College for",0
tribute:L8323,dat_file,tribute,8323,,,4,tribute,"Young Ladies, where you had to have an icy dip every morning to build Moral",0
tribute:L8324,dat_file,tribute,8324,,,4,tribute,"Fiber.  And a No. 1 Bosun's knot was very easy to undo with your teeth,",0
tribute:L8325,dat_file,tribute,8325,,,4,tribute,even underwater.,0
tribute:L8331,dat_file,tribute,8331,,,4,tribute,"Working quickly, she emptied her pockets and started a shamble.",0
tribute:L8333,dat_file,tribute,8333,,,4,tribute,Shambles worked.  That was about all you could say about them for certain.,0
tribute:L8335,dat_file,tribute,8335,,,4,tribute,had in your pocket at the time.  They were a witch's equivalent of those,0
tribute:L8336,dat_file,tribute,8336,,,4,tribute,knives with fifteen blades and three screwdrivers and a tiny magnifying,0
tribute:L8337,dat_file,tribute,8337,,,4,tribute,glass and a thing for extracting earwax from chickens.,0
tribute:L8339,dat_file,tribute,8339,,,4,tribute,"You couldn't even say precisely what they did, although Miss Tick thought",0
tribute:L8340,dat_file,tribute,8340,,,4,tribute,that they were a way of finding out what things the hidden bits of your,0
tribute:L8341,dat_file,tribute,8341,,,4,tribute,"own mind already knew.  You had to make a shamble from scratch every time,",0
tribute:L8342,dat_file,tribute,8342,,,4,tribute,and only from things in your pockets.  There was no harm in having,0
tribute:L8349,dat_file,tribute,8349,,,4,tribute,A witch didn't do things because they seemed like a good idea at the time!,0
tribute:L8350,dat_file,tribute,8350,,,4,tribute,That was practically cackling!  You had to deal every day with people who,0
tribute:L8351,dat_file,tribute,8351,,,4,tribute,"were foolish and lazy and untruthful and downright unpleasant, and you",0
tribute:L8352,dat_file,tribute,8352,,,4,tribute,could certainly end up thinking that the world would be considerably,0
tribute:L8353,dat_file,tribute,8353,,,4,tribute,"improved if you gave them a slap.  But you didn't because, as Miss Tick",0
tribute:L8354,dat_file,tribute,8354,,,4,tribute,had once explained: a) it would make the world a better place for only a,0
tribute:L8355,dat_file,tribute,8355,,,4,tribute,very short period of time; b) it would then make the world a slightly,0
tribute:L8356,dat_file,tribute,8356,,,4,tribute,worse place; and c) you're not supposed to be as stupid as they are.,0
tribute:L8367,dat_file,tribute,8367,,,4,tribute,"""Aye, but the boy willna be interested in marryin',"" said Slightly Mad",0
tribute:L8368,dat_file,tribute,8368,,,4,tribute,Angus.,0
tribute:L8370,dat_file,tribute,8370,,,4,tribute,"""He might be one day,"" said Billy Bigchin, who'd made a hobby of watching",0
tribute:L8371,dat_file,tribute,8371,,,4,tribute,"humans.  ""Most bigjob men get married.""",0
tribute:L8373,dat_file,tribute,8373,,,4,tribute,"""They do?"" said a Feegle in astonishment.",0
tribute:L8375,dat_file,tribute,8375,,,4,tribute,"""Oh, aye.""",0
tribute:L8377,dat_file,tribute,8377,,,4,tribute,"""They want tae get married?""",0
tribute:L8379,dat_file,tribute,8379,,,4,tribute,"""A lot o' them do, aye,"" said Billy.",0
tribute:L8381,dat_file,tribute,8381,,,4,tribute,"""So there's nae more drinkin', and stealin', and fightin'?""",0
tribute:L8383,dat_file,tribute,8383,,,4,tribute,"""Hey, ah'm still allowed some drinkin' and stealin' and fightin'!"" said",0
tribute:L8384,dat_file,tribute,8384,,,4,tribute,Rob Anybody.,0
tribute:L8386,dat_file,tribute,8386,,,4,tribute,"""Aye, Rob, but we canna help noticin' ye also have tae do the Explainin',",0
tribute:L8387,dat_file,tribute,8387,,,4,tribute,"too."" said Daft Wullie.",0
tribute:L8389,dat_file,tribute,8389,,,4,tribute,"There was a general nodding from the crowd.  To Feegles, Explaining was a",0
tribute:L8390,dat_file,tribute,8390,,,4,tribute,dark art.  It was just so /hard/.,0
tribute:L8397,dat_file,tribute,8397,,,4,tribute,"""[...]  We shall hold the funeral tomorrow afternoon.""",0
tribute:L8399,dat_file,tribute,8399,,,4,tribute,"""Sorry?  You mean /before/ you die?"" said Tiffany.",0
tribute:L8401,dat_file,tribute,8401,,,4,tribute,"""Why, of course!  I don't see why I shouldn't have some fun!""",0
tribute:L8403,dat_file,tribute,8403,,,4,tribute,"""Good thinkin'!"" said Rob Anybody.  ""That's the kind o' sensible detail",0
tribute:L8404,dat_file,tribute,8404,,,4,tribute,"people usually fails tae consider.""",0
tribute:L8406,dat_file,tribute,8406,,,4,tribute,"""We call it a going-away party,"" said Miss Treason.  ""Just for witches, of",0
tribute:L8407,dat_file,tribute,8407,,,4,tribute,course.  Other people tend to get a bit nervous--I can't think why.  And,0
tribute:L8409,dat_file,tribute,8409,,,4,tribute,"last week for settling the ownership of the chestnut tree, and I'd love to",0
tribute:L8410,dat_file,tribute,8410,,,4,tribute,"try it.""",0
tribute:L8416,dat_file,tribute,8416,,,4,tribute,"Some people think that ""coven"" is a word for a group of witches, and it's",0
tribute:L8417,dat_file,tribute,8417,,,4,tribute,true that's what the dictionary says.  But the real word for a group of,0
tribute:L8418,dat_file,tribute,8418,,,4,tribute,"witches is an ""argument.""",0
tribute:L8425,dat_file,tribute,8425,,,4,tribute,"""[...]  And now I shall tell you something vitally important.  It is the",0
tribute:L8426,dat_file,tribute,8426,,,4,tribute,"secret of my long life.""",0
tribute:L8428,dat_file,tribute,8428,,,4,tribute,"Ah, thought Tiffany, and she leaned forward.",0
tribute:L8431,dat_file,tribute,8431,,,4,tribute,wind.  You should avoid rumbustious fruits and vegetables.  Beans are the,0
tribute:L8432,dat_file,tribute,8432,,,4,tribute,"worst, take it from me.""",0
tribute:L8434,dat_file,tribute,8434,,,4,tribute,"""I don't think I understand--"" Tiffany began.",0
tribute:L8436,dat_file,tribute,8436,,,4,tribute,"""Try not to fart, in a nutshell.""",0
tribute:L8438,dat_file,tribute,8438,,,4,tribute,"""In a nutshell, I imagine it would be pretty unpleasant!"" said Tiffany",0
tribute:L8439,dat_file,tribute,8439,,,4,tribute,nervously.  She couldn't believe she was being told this.,0
tribute:L8441,dat_file,tribute,8441,,,4,tribute,"""This is no joking matter,"" said Miss Treason.  ""The human body has only",0
tribute:L8442,dat_file,tribute,8442,,,4,tribute,so much air in it.  You have to make it last.  One plate of beans can take,0
tribute:L8443,dat_file,tribute,8443,,,4,tribute,a year off your life.  I have avoided rumbustiousness all my days.  I am,0
tribute:L8444,dat_file,tribute,8444,,,4,tribute,"an old person and that means what I say is wisdom!""  She gave the",0
tribute:L8445,dat_file,tribute,8445,,,4,tribute,"bewildered Tiffany a stern look.  ""Do you understand, child?""",0
tribute:L8447,dat_file,tribute,8447,,,4,tribute,"Tiffany's mind raced.  Everything is a test!  ""No,"" she said.  ""I'm not a",0
tribute:L8448,dat_file,tribute,8448,,,4,tribute,"child and that's nonsense, not wisdom!""",0
tribute:L8450,dat_file,tribute,8450,,,4,tribute,"The stern look cracked into a smile.  ""Yes,"" said Miss Treason.  ""Total",0
tribute:L8451,dat_file,tribute,8451,,,4,tribute,"gibberish.  But you've got to admit it's a corker, all the same, right?",0
tribute:L8452,dat_file,tribute,8452,,,4,tribute,"You definitely believed it, just for a moment?  The villagers did last",0
tribute:L8453,dat_file,tribute,8453,,,4,tribute,year.  You should have seen the way they walked about for a few weeks!,0
tribute:L8454,dat_file,tribute,8454,,,4,tribute,"The strained looks on their faces quite cheered me up!  [...]""",0
tribute:L8460,dat_file,tribute,8460,,,4,tribute,"MISS EUMENIDES TREASON, AGED ONE HUNDRED AND ELEVEN?",0
tribute:L8462,dat_file,tribute,8462,,,4,tribute,Tiffany heard the voice inside her head.  It didn't seem to have come,0
tribute:L8463,dat_file,tribute,8463,,,4,tribute,"through her ears.  And she'd heard it before, making her quite unusual.",0
tribute:L8464,dat_file,tribute,8464,,,4,tribute,Most people hear the voice of Death only once.,0
tribute:L8470,dat_file,tribute,8470,,,4,tribute,"Tiffany had looked up ""strumpet"" in the Unexpurgated Dictionary, and found",0
tribute:L8471,dat_file,tribute,8471,,,4,tribute,"it meant ""a woman who is no better than she should be"" and ""a lady of easy",0
tribute:L8472,dat_file,tribute,8472,,,4,tribute,"virtue.""  This, she decided after some working out, meant that Mrs. Gytha",0
tribute:L8473,dat_file,tribute,8473,,,4,tribute,"Ogg, known as Nanny, was a very respectable person.  She found virtue easy,",0
tribute:L8475,dat_file,tribute,8475,,,4,tribute,as good as she ought to be.,0
tribute:L8481,dat_file,tribute,8481,,,4,tribute,"""An heroic effect, Mr. Anybody,"" said Granny.  ""The first thing a hero must",0
tribute:L8482,dat_file,tribute,8482,,,4,tribute,"conquer is his fear, and when it comes to fightin', the Nac Mac Feegle",0
tribute:L8483,dat_file,tribute,8483,,,4,tribute,"don't know the meanin' of the word.""",0
tribute:L8485,dat_file,tribute,8485,,,4,tribute,"""Aye, true enough,"" Rob grunted.  ""We dinna ken the meanin' o' thousands",0
tribute:L8486,dat_file,tribute,8486,,,4,tribute,"o' wurds!""",0
tribute:L8492,dat_file,tribute,8492,,,4,tribute,"At the back of the Feegles' chalk pit, more chalk had been carved out of",0
tribute:L8493,dat_file,tribute,8493,,,4,tribute,the wall to make a tunnel about five feet high and perhaps as long.,0
tribute:L8496,dat_file,tribute,8496,,,4,tribute,"ancestors had been knights, and they had come to own the Chalk by killing",0
tribute:L8497,dat_file,tribute,8497,,,4,tribute,"the kings who thought they did.  Swords, that's what it had all been about.",0
tribute:L8498,dat_file,tribute,8498,,,4,tribute,"Swords and cutting off heads.  That was how you got land in the old days,",0
tribute:L8499,dat_file,tribute,8499,,,4,tribute,and then the rules were changed so that you didn't need a sword to own,0
tribute:L8500,dat_file,tribute,8500,,,4,tribute,"land anymore, you just needed the right piece of paper.  But his ancestors",0
tribute:L8501,dat_file,tribute,8501,,,4,tribute,"had still hung on to their swords, just in case people thought that the",0
tribute:L8502,dat_file,tribute,8502,,,4,tribute,"whole thing with the bits of paper had been unfair, it being a fact that",0
tribute:L8503,dat_file,tribute,8503,,,4,tribute,you can't please everybody.,0
tribute:L8505,dat_file,tribute,8505,,,4,tribute,"He'd always wanted to be good with a sword, and it had come as a shock to",0
tribute:L8506,dat_file,tribute,8506,,,4,tribute,find that they were so /heavy/.  He was great at air sword.  In front of a,0
tribute:L8507,dat_file,tribute,8507,,,4,tribute,mirror he could fence against his reflection and win nearly all the time.,0
tribute:L8508,dat_file,tribute,8508,,,4,tribute,Real swords didn't allow that.  You tried to swing them and they ended up,0
tribute:L8509,dat_file,tribute,8509,,,4,tribute,swinging you.  He'd realized that maybe he was more cut out for bits of,0
tribute:L8510,dat_file,tribute,8510,,,4,tribute,"paper.  Besides, he needed glasses, which could be a bit tricky under a",0
tribute:L8511,dat_file,tribute,8511,,,4,tribute,"helmet, especially if someone was hitting /you/ with a sword.",0
tribute:L8522,dat_file,tribute,8522,,,4,tribute,"""I'm an Igor, thur.  We don't athk quethtionth.""",0
tribute:L8524,dat_file,tribute,8524,,,4,tribute,"""Really?  Why not?""",0
tribute:L8526,dat_file,tribute,8526,,,4,tribute,"""I don't know, thur.  I didn't athk.""",0
tribute:L8534,dat_file,tribute,8534,,,4,tribute,The Watch armor he'd lifted from the bank's locker room fitted like a,0
tribute:L8535,dat_file,tribute,8535,,,4,tribute,glove.  He'd have preferred it to fit like a helmet and breastplate.,0
tribute:L8536,dat_file,tribute,8536,,,4,tribute,"But, in truth, it probably didn't look any better on its owner, currently",0
tribute:L8537,dat_file,tribute,8537,,,4,tribute,swanking along the corridors in the bank's own shiny but impractical armor.,0
tribute:L8538,dat_file,tribute,8538,,,4,tribute,It was common knowledge that the Watch's approach to uniforms was one-size-,0
tribute:L8539,dat_file,tribute,8539,,,4,tribute,"doesn't-exactly-fit-anybody, and that Commander Vimes disapproved of armor",0
tribute:L8540,dat_file,tribute,8540,,,4,tribute,that didn't have that kicked-by-trolls look.  He liked armor to state,0
tribute:L8541,dat_file,tribute,8541,,,4,tribute,clearly that it had been doing its job.,0
tribute:L8547,dat_file,tribute,8547,,,4,tribute,"""[...]  The world is full of things worth more than gold.  But we dig the",0
tribute:L8548,dat_file,tribute,8548,,,4,tribute,damn stuff up and then bury it in a different hole.  Where's the sense in,0
tribute:L8549,dat_file,tribute,8549,,,4,tribute,"that?  What are we, magpies?  Good heavens, /potatoes/ are worth more than",0
tribute:L8550,dat_file,tribute,8550,,,4,tribute,"gold!""",0
tribute:L8552,dat_file,tribute,8552,,,4,tribute,"""Surely not!""",0
tribute:L8554,dat_file,tribute,8554,,,4,tribute,"""If you were shipwrecked on a desert island, what would you prefer, a bag",0
tribute:L8555,dat_file,tribute,8555,,,4,tribute,"of potatoes or a bag of gold?""",0
tribute:L8557,dat_file,tribute,8557,,,4,tribute,"""Yes, but a desert island isn't Ankh-Morpork!""",0
tribute:L8559,dat_file,tribute,8559,,,4,tribute,"""And that proves gold is only valuable because we agree it is, right?",0
tribute:L8560,dat_file,tribute,8560,,,4,tribute,"It's just a dream.  But a potato is always worth a potato, anywhere.  Add",0
tribute:L8561,dat_file,tribute,8561,,,4,tribute,"a knob of butter and a pinch of salt and you've got a meal, /anywhere/.",0
tribute:L8562,dat_file,tribute,8562,,,4,tribute,Bury gold in the ground and you'll be worrying about thieves forever.,0
tribute:L8563,dat_file,tribute,8563,,,4,tribute,Bury a potato and in due season you could be looking at a dividend of a,0
tribute:L8564,dat_file,tribute,8564,,,4,tribute,"thousand per cent.""",0
tribute:L8571,dat_file,tribute,8571,,,4,tribute,"""Let us talk about angels,"" said Lord Vetinari.",0
tribute:L8573,dat_file,tribute,8573,,,4,tribute,"""Oh yes, I know that one,"" said Moist bitterly.  ""I've heard that one.",0
tribute:L8574,dat_file,tribute,8574,,,4,tribute,"That's the one you got me with after I was hanged--""",0
tribute:L8576,dat_file,tribute,8576,,,4,tribute,"Vetinari raised an eyebrow.  ""Only mostly hanged, I think you'll find.  To",0
tribute:L8577,dat_file,tribute,8577,,,4,tribute,"within an inch of your life.""",0
tribute:L8579,dat_file,tribute,8579,,,4,tribute,"""Whatever!  I was hanged!  And the worst part of that was finding out I",0
tribute:L8580,dat_file,tribute,8580,,,4,tribute,"only got two paragraphs in the /Tanty Bugle/!(1)  Two paragraphs, may I",0
tribute:L8581,dat_file,tribute,8581,,,4,tribute,"say, for a life of ingenious, inventive, and strictly nonviolent crime?",0
tribute:L8582,dat_file,tribute,8582,,,4,tribute,I could have been an example to the youngsters!  Page one got hogged by,0
tribute:L8583,dat_file,tribute,8583,,,4,tribute,"the Dyslectic Alphabet Killer, and he only managed A and W!""",0
tribute:L8585,dat_file,tribute,8585,,,4,tribute,"""I confess the editor does appear to believe that it is not a proper crime",0
tribute:L8586,dat_file,tribute,8586,,,4,tribute,"unless someone is found in three alleys at once, but that is the price of",0
tribute:L8587,dat_file,tribute,8587,,,4,tribute,"a free press.  And it suits us both, does it not, that Albert Spangler's",0
tribute:L8588,dat_file,tribute,8588,,,4,tribute,"passage from this world was... unmemorable?""",0
tribute:L8590,dat_file,tribute,8590,,,4,tribute,"""Yes, but I wasn't expecting an afterlife like this!  I have to do what",0
tribute:L8591,dat_file,tribute,8591,,,4,tribute,"I'm told for the rest of my life?""",0
tribute:L8593,dat_file,tribute,8593,,,4,tribute,"""Correction, your new life.  That is a crude summary, yes,"" said Vetinari.",0
tribute:L8594,dat_file,tribute,8594,,,4,tribute,"""Let me rephrase things, however.  Ahead of you, Mr. Lipwig, is a life of",0
tribute:L8595,dat_file,tribute,8595,,,4,tribute,"respectable quiet contentment, of civic dignity, and, of course, in the",0
tribute:L8596,dat_file,tribute,8596,,,4,tribute,"fullness of time, a pension.  Not to mention, of course, the proud gold-ish",0
tribute:L8597,dat_file,tribute,8597,,,4,tribute,"chain.""",0
tribute:L8599,dat_file,tribute,8599,,,4,tribute,"Moist winced at this.  ""And if I /don't/ do what you say?""",0
tribute:L8601,dat_file,tribute,8601,,,4,tribute,"""Hmm?  Oh, you misunderstand me, Mr. Lipwig.  That is what will happen to",0
tribute:L8602,dat_file,tribute,8602,,,4,tribute,"you if you decline my offer.  If you accept it, you will survive on your",0
tribute:L8603,dat_file,tribute,8603,,,4,tribute,"wits against powerful and dangerous enemies, with every day presenting",0
tribute:L8604,dat_file,tribute,8604,,,4,tribute,"fresh challenges.  Someone may even try to kill you.""",0
tribute:L8606,dat_file,tribute,8606,,,4,tribute,"""What?  Why?""",0
tribute:L8608,dat_file,tribute,8608,,,4,tribute,"""You annoy people.  A hat goes with the job, incidentally.""",0
tribute:L8610,dat_file,tribute,8610,,,4,tribute,"(1) A periodical published throughout the Plains, noted for its coverage",0
tribute:L8611,dat_file,tribute,8611,,,4,tribute,"of murder (preferably 'orrible) trials, prison escapes, and the world that",0
tribute:L8618,dat_file,tribute,8618,,,4,tribute,"When he got back to the Post Office, Moist looked up the Lavish family in",0
tribute:L8619,dat_file,tribute,8619,,,4,tribute,"/Whom's Whom/.  They were indeed what was known of as ""old money,"" which",0
tribute:L8620,dat_file,tribute,8620,,,4,tribute,meant that it had been made so long ago that the black deeds which had,0
tribute:L8621,dat_file,tribute,8621,,,4,tribute,"originally filled the coffers were now historically irrelevant.  Funny,",0
tribute:L8622,dat_file,tribute,8622,,,4,tribute,"that:  a brigand for a father was something you kept quiet about, but a",0
tribute:L8623,dat_file,tribute,8623,,,4,tribute,slave-taking pirate for a great-great-great-grandfather was something to,0
tribute:L8624,dat_file,tribute,8624,,,4,tribute,"boast of over the port.  Time turned the evil bastards into rogues, and",0
tribute:L8625,dat_file,tribute,8625,,,4,tribute,/rogue/ was a word with a twinkle in its eye and nothing to be ashamed of.,0
tribute:L8631,dat_file,tribute,8631,,,4,tribute,He spotted the flimsy pink clacks among the other stuff and tugged it out,0
tribute:L8632,dat_file,tribute,8632,,,4,tribute,quickly.,0
tribute:L8634,dat_file,tribute,8634,,,4,tribute,It was from Spike!,0
tribute:L8636,dat_file,tribute,8636,,,4,tribute,He read:,0
tribute:L8638,dat_file,tribute,8638,,,4,tribute,SUCCESS.  RETURNING DAY AFTER TOMORROW.,0
tribute:L8639,dat_file,tribute,8639,,,4,tribute,ALL WILL BE REVEALED.  S.,0
tribute:L8641,dat_file,tribute,8641,,,4,tribute,Moist put it down carefully.,0
tribute:L8643,dat_file,tribute,8643,,,4,tribute,"Obviously she'd missed him terribly and was desperate to see him again, but",0
tribute:L8644,dat_file,tribute,8644,,,4,tribute,"she was stingy about spending Golem Trust money.  Also, she'd probably run",0
tribute:L8645,dat_file,tribute,8645,,,4,tribute,out of cigarettes.,0
tribute:L8647,dat_file,tribute,8647,,,4,tribute,Moist drummed his fingers on the desk.  A year ago he'd asked Adora Belle,0
tribute:L8648,dat_file,tribute,8648,,,4,tribute,"Dearheart to be his wife, and she'd explained that, in fact, he was going",0
tribute:L8649,dat_file,tribute,8649,,,4,tribute,to be her husband.,0
tribute:L8651,dat_file,tribute,8651,,,4,tribute,"It was going to be... well, it was going to be sometime in the near future,",0
tribute:L8652,dat_file,tribute,8652,,,4,tribute,when Mrs. Dearheart finally lost patience with her daughter's busy schedule,0
tribute:L8653,dat_file,tribute,8653,,,4,tribute,and arranged the wedding herself.,0
tribute:L8655,dat_file,tribute,8655,,,4,tribute,"But he was a nearly married man, however you looked at it.  And nearly",0
tribute:L8656,dat_file,tribute,8656,,,4,tribute,married men didn't get mixed up with the Lavish family.  A nearly married,0
tribute:L8657,dat_file,tribute,8657,,,4,tribute,man was steadfast and dependable and always ready to hand his nearly wife,0
tribute:L8658,dat_file,tribute,8658,,,4,tribute,"an ashtray.  He had to be there for his oneday children, and make sure",0
tribute:L8659,dat_file,tribute,8659,,,4,tribute,they slept in a well-ventilated nursery.,0
tribute:L8665,dat_file,tribute,8665,,,4,tribute,"""[...]  Now what, Mr. Death?""",0
tribute:L8667,dat_file,tribute,8667,,,4,tribute,"NOW? said Death.  NOW, YOU COULD SAY, COMES... THE AUDIT.",0
tribute:L8669,dat_file,tribute,8669,,,4,tribute,"""Oh.  There is one, is there?  Well, I'm not ashamed.""",0
tribute:L8671,dat_file,tribute,8671,,,4,tribute,THAT COUNTS.,0
tribute:L8677,dat_file,tribute,8677,,,4,tribute,Moist lit the lamp and walked over to the battered wreckage of his wardrobe.,0
tribute:L8678,dat_file,tribute,8678,,,4,tribute,Once again he selected the tatty gray suit.  It had sentimental value; he,0
tribute:L8679,dat_file,tribute,8679,,,4,tribute,had been hanged in it.  And it was an unmemorable suit for an unmemorable,0
tribute:L8680,dat_file,tribute,8680,,,4,tribute,"man, with the additional advantage, unlike black, of not showing up in the",0
tribute:L8681,dat_file,tribute,8681,,,4,tribute,dark.(1)  [...],0
tribute:L8683,dat_file,tribute,8683,,,4,tribute,"(1) Every assassin knew that real black often stood out in the dark,",0
tribute:L8684,dat_file,tribute,8684,,,4,tribute,"because the night in the city is usually never full black, and that gray",0
tribute:L8685,dat_file,tribute,8685,,,4,tribute,"or green merge much better.  But they wore black anyway, because style",0
tribute:L8686,dat_file,tribute,8686,,,4,tribute,trumps utility every time.,0
tribute:L8692,dat_file,tribute,8692,,,4,tribute,"""All right, then,"" said Moist, ""/what does it do/?""",0
tribute:L8694,dat_file,tribute,8694,,,4,tribute,"""We don't know.""",0
tribute:L8696,dat_file,tribute,8696,,,4,tribute,"""How does it work?""",0
tribute:L8698,dat_file,tribute,8698,,,4,tribute,"""We don't know.""",0
tribute:L8700,dat_file,tribute,8700,,,4,tribute,"""Where did it come from?""",0
tribute:L8702,dat_file,tribute,8702,,,4,tribute,"""We don't know.""",0
tribute:L8704,dat_file,tribute,8704,,,4,tribute,"""Well, that seems to be all,"" said Moist sarcastically.  ""Oh no, one last",0
tribute:L8705,dat_file,tribute,8705,,,4,tribute,"one:  what is it?  And let me tell you, I'm agog.""",0
tribute:L8707,dat_file,tribute,8707,,,4,tribute,"""That may be the wrong sort of question to ask,"" said Ponder, shaking his",0
tribute:L8708,dat_file,tribute,8708,,,4,tribute,"head.  ""Technically it appears to be a classic Bag of Holding but with /n/",0
tribute:L8709,dat_file,tribute,8709,,,4,tribute,"mouths, where /n/ is the number of items in an eleven-dimensional universe,",0
tribute:L8710,dat_file,tribute,8710,,,4,tribute,"which are not currently alive, not pink, and can fit in a cubical drawer",0
tribute:L8711,dat_file,tribute,8711,,,4,tribute,"14.14 inches on a side, divided by P.""",0
tribute:L8713,dat_file,tribute,8713,,,4,tribute,"""What's P?""",0
tribute:L8715,dat_file,tribute,8715,,,4,tribute,"""That may be the wrong sort of question.""",0
tribute:L8721,dat_file,tribute,8721,,,4,tribute,"""[...]  I'll talk to Dr. Hicks.  He's the head of the Department of",0
tribute:L8722,dat_file,tribute,8722,,,4,tribute,"Postmortem Communications.""",0
tribute:L8724,dat_file,tribute,8724,,,4,tribute,"""Postmortem Com..."" Moist began.  ""Isn't that the same as necroman--""",0
tribute:L8726,dat_file,tribute,8726,,,4,tribute,"""I said the /Department of Postmortem Communications/,"" said Ponder very",0
tribute:L8727,dat_file,tribute,8727,,,4,tribute,firmly.  [...],0
tribute:L8733,dat_file,tribute,8733,,,4,tribute,"""Necromancy is a fine art?"" said Moist.",0
tribute:L8735,dat_file,tribute,8735,,,4,tribute,"""None finer, young man.  Get things just a tiny bit wrong and the spirits",0
tribute:L8736,dat_file,tribute,8736,,,4,tribute,of the vengeful dead may enter your head via your ears and blow your brains,0
tribute:L8737,dat_file,tribute,8737,,,4,tribute,"out down your nose.""",0
tribute:L8739,dat_file,tribute,8739,,,4,tribute,The eyes of Moist and Adora Belle focused on Dr. Hicks like those of an,0
tribute:L8740,dat_file,tribute,8740,,,4,tribute,"archer on his target.  He waved his hands frantically and mouthed, ""Not",0
tribute:L8741,dat_file,tribute,8741,,,4,tribute,"very often!""",0
tribute:L8747,dat_file,tribute,8747,,,4,tribute,"""If you can't stand the heat, get off the pot, that's what I always say,""",0
tribute:L8748,dat_file,tribute,8748,,,4,tribute,"said a senior clerk, and there was a general murmur of agreement.",0
tribute:L8755,dat_file,tribute,8755,,,4,tribute,"so was ""as below, so above""...",0
tribute:L8761,dat_file,tribute,8761,,,4,tribute,"""In the Old Country we have a thaying,"" Igor volunteered.",0
tribute:L8763,dat_file,tribute,8763,,,4,tribute,"""A what?""",0
tribute:L8765,dat_file,tribute,8765,,,4,tribute,"""A thaying.  We thay, 'if you don't want the monthter you don't pull the",0
tribute:L8766,dat_file,tribute,8766,,,4,tribute,"lever.'""",0
tribute:L8768,dat_file,tribute,8768,,,4,tribute,"""You don't think I've gone mad, do you, Igor?""",0
tribute:L8770,dat_file,tribute,8770,,,4,tribute,"""Many great men have been conthidered mad, Mr. Hubert.  Even Dr. Hanth",0
tribute:L8772,dat_file,tribute,8772,,,4,tribute,"a revolutionary living-brain extractor?""",0
tribute:L8778,dat_file,tribute,8778,,,4,tribute,"There was a saying:  ""Old necromancers never die.""  When he told them this,",0
tribute:L8779,dat_file,tribute,8779,,,4,tribute,"people would say ""... and?"" and Hicks would have to reply, ""That's all of",0
tribute:L8780,dat_file,tribute,8780,,,4,tribute,"it, I'm afraid.  Just 'Old necromancers never die.'""",0
tribute:L8787,dat_file,tribute,8787,,,4,tribute,"Lord Vetinari; it was only slightly more expensive,(1) far less messy,",0
tribute:L8788,dat_file,tribute,8788,,,4,tribute,"considerably more efficient, and, best of all, you had to /force/ people",0
tribute:L8789,dat_file,tribute,8789,,,4,tribute,to climb inside the iron maiden.,0
tribute:L8791,dat_file,tribute,8791,,,4,tribute,"(1) The only real expense was tea and biscuits halfway through, which",0
tribute:L8792,dat_file,tribute,8792,,,4,tribute,seldom happened with the iron maiden.,0
tribute:L8798,dat_file,tribute,8798,,,4,tribute,"""Mrs. Lavish, a lady many of us were privileged to know, recently confided",0
tribute:L8800,dat_file,tribute,8800,,,4,tribute,"future of the bank, given that her obvious heirs were, in her words, 'as",0
tribute:L8801,dat_file,tribute,8801,,,4,tribute,"nasty a bunch of weasels as you could ever hope not to meet--'""",0
tribute:L8803,dat_file,tribute,8803,,,4,tribute,"All thirty-one of the Lavish lawyers stood up and spoke at once, incuring",0
tribute:L8804,dat_file,tribute,8804,,,4,tribute,a total cost to clients of $AM119.28p.,0
tribute:L8806,dat_file,tribute,8806,,,4,tribute,Mr. Slant glared at them.,0
tribute:L8808,dat_file,tribute,8808,,,4,tribute,"Mr. Slant did not, despite what had been said, have the respect of Ankh-",0
tribute:L8809,dat_file,tribute,8809,,,4,tribute,Morpork's legal profession.  He commanded its fear.  Death had not,0
tribute:L8810,dat_file,tribute,8810,,,4,tribute,"diminished his encyclopedic memory, his guile, his talent for corkscrew",0
tribute:L8811,dat_file,tribute,8811,,,4,tribute,"reasoning, and the vitriol of his stare.  Do not cross me this day, it",0
tribute:L8812,dat_file,tribute,8812,,,4,tribute,"advised the lawyers.  Do not cross me, for if you do I will have the flesh",0
tribute:L8813,dat_file,tribute,8813,,,4,tribute,from your very bones and the marrow therein.  You know those leather-bound,0
tribute:L8814,dat_file,tribute,8814,,,4,tribute,tomes you have on the wall behind your desks to impress your clients?  I,0
tribute:L8815,dat_file,tribute,8815,,,4,tribute,"have read them all, and wrote half of them.  Do not try me.  I am not in a",0
tribute:L8816,dat_file,tribute,8816,,,4,tribute,good mood.,0
tribute:L8818,dat_file,tribute,8818,,,4,tribute,"One by one, they sat down.(1)",0
tribute:L8820,dat_file,tribute,8820,,,4,tribute,"(1) Total cost, including time and disbursements: $AM253.16p.",0
tribute:L8831,dat_file,tribute,8831,,,4,tribute,"Be one of the crowd?  It went against everything a wizard stood for,",0
tribute:L8832,dat_file,tribute,8832,,,4,tribute,"and a wizard would not stand for anything if he could sit down for it,",0
tribute:L8833,dat_file,tribute,8833,,,4,tribute,"but even sitting down, you had to stand out.",0
tribute:L8839,dat_file,tribute,8839,,,4,tribute,"Technically, the city of Ankh-Morpork is a Tyranny, which is not always",0
tribute:L8840,dat_file,tribute,8840,,,4,tribute,"the same thing as a monarchy, and in fact even the post of Tyrant has been",0
tribute:L8841,dat_file,tribute,8841,,,4,tribute,"somewhat redefined by the incumbent, Lord Vetinari, as the only form of",0
tribute:L8842,dat_file,tribute,8842,,,4,tribute,"democracy that works.  Everyone is entitled to vote, unless disqualified",0
tribute:L8843,dat_file,tribute,8843,,,4,tribute,by reason of age or not being Lord Vetinari.,0
tribute:L8845,dat_file,tribute,8845,,,4,tribute,"And yet it does work.  This has annoyed a number of people who feel,",0
tribute:L8846,dat_file,tribute,8846,,,4,tribute,"somehow, that it should not work, and who want a monarch instead, thus",0
tribute:L8847,dat_file,tribute,8847,,,4,tribute,"replacing a man who has achieved his position by cunning, a deep",0
tribute:L8848,dat_file,tribute,8848,,,4,tribute,"understanding of the realities of the human psyche, breathtaking",0
tribute:L8849,dat_file,tribute,8849,,,4,tribute,"diplomancy, a certain prowess with the stiletto dagger, and, all agree,",0
tribute:L8850,dat_file,tribute,8850,,,4,tribute,"a mind like a finely balanced circular saw, with a man who has got there",0
tribute:L8851,dat_file,tribute,8851,,,4,tribute,by being born.(1),0
tribute:L8853,dat_file,tribute,8853,,,4,tribute,"However, the crown has hung on anyway, as crowns do--on the Post Office",0
tribute:L8854,dat_file,tribute,8854,,,4,tribute,"and the Royal Bank and the Mint and, not least, in the sprawling,",0
tribute:L8855,dat_file,tribute,8855,,,4,tribute,"brawling, squalling consciousness of the city itself.  Lots of things",0
tribute:L8856,dat_file,tribute,8856,,,4,tribute,"live in that darkness.  There are all kinds of darkness, and all kinds",0
tribute:L8857,dat_file,tribute,8857,,,4,tribute,"of things can be found in them, imprisoned, banished, lost or hidden.",0
tribute:L8858,dat_file,tribute,8858,,,4,tribute,Sometimes they escape.  Sometimes they simply fall out.  Sometimes they,0
tribute:L8859,dat_file,tribute,8859,,,4,tribute,just can't take it any more.,0
tribute:L8861,dat_file,tribute,8861,,,4,tribute,"(1) A third proposition, that the city be governed by a choice of",0
tribute:L8862,dat_file,tribute,8862,,,4,tribute,respectable members of the community who would promise not to give,0
tribute:L8863,dat_file,tribute,8863,,,4,tribute,"themselves airs or betray the public trust at every turn, was instantly",0
tribute:L8864,dat_file,tribute,8864,,,4,tribute,the subject of music hall jokes all over the city.,0
tribute:L8870,dat_file,tribute,8870,,,4,tribute,"A wizard could do what he liked in his own study, and in the old days that",0
tribute:L8871,dat_file,tribute,8871,,,4,tribute,had largely meant smoking anything he fancied and farting hugely without,0
tribute:L8872,dat_file,tribute,8872,,,4,tribute,apologizing.  These days it meant building out into a congruent set of,0
tribute:L8873,dat_file,tribute,8873,,,4,tribute,"dimensions.  Even the Archchancellor was doing it, which made it hard for",0
tribute:L8874,dat_file,tribute,8874,,,4,tribute,"Ponder to protest:  he had half a mile of trout stream in his bathroom,",0
tribute:L8875,dat_file,tribute,8875,,,4,tribute,and claimed that messin' about in his study was what kept a wizard out,0
tribute:L8876,dat_file,tribute,8876,,,4,tribute,"of mischief.  And, as everyone knew, it did.  It generally got him into",0
tribute:L8877,dat_file,tribute,8877,,,4,tribute,trouble instead.,0
tribute:L8884,dat_file,tribute,8884,,,4,tribute,"""Remuneration?  Since when did a wizard work for wages?  We are pure",0
tribute:L8885,dat_file,tribute,8885,,,4,tribute,"academics, Mister Stibbons!  We do not care for mere money!""",0
tribute:L8888,dat_file,tribute,8888,,,4,tribute,"confusion, fell back on reason and honesty, which, when dealing with an",0
tribute:L8889,dat_file,tribute,8889,,,4,tribute,"angry Archchancellor, were, to use the proper academic term, unhelpful.",0
tribute:L8890,dat_file,tribute,8890,,,4,tribute,"And he neglected to think strategically, always a mistake when talking to",0
tribute:L8891,dat_file,tribute,8891,,,4,tribute,"fellow academics, and as a result made the mistake of employing, as at",0
tribute:L8892,dat_file,tribute,8892,,,4,tribute,"this point, common sense.",0
tribute:L8894,dat_file,tribute,8894,,,4,tribute,"""That's because we never actually pay for anything very much,"" he said,",0
tribute:L8895,dat_file,tribute,8895,,,4,tribute,"""and if anyone needs any petty cash they just help themselves from the",0
tribute:L8896,dat_file,tribute,8896,,,4,tribute,"big jar--""",0
tribute:L8898,dat_file,tribute,8898,,,4,tribute,"""We are part of the very fabric of the university, Mister Stibbons!  We",0
tribute:L8899,dat_file,tribute,8899,,,4,tribute,take only what we require!  We do not seek wealth!  And most certainly,0
tribute:L8900,dat_file,tribute,8900,,,4,tribute,we do not accept a 'post of vital importance which includes an attractive,0
tribute:L8901,dat_file,tribute,8901,,,4,tribute,"package of remuneration,' whatever the hells that means, 'and other",0
tribute:L8902,dat_file,tribute,8902,,,4,tribute,"benefits including a generous pension!'  A pension, mark you!  When has a",0
tribute:L8903,dat_file,tribute,8903,,,4,tribute,"wizard ever retired?""",0
tribute:L8909,dat_file,tribute,8909,,,4,tribute,"She was, in fact, quite a pleasant looking girl, even if her bosom had",0
tribute:L8910,dat_file,tribute,8910,,,4,tribute,clearly been intended for a girl two feet taller; but she was not Her.(1),0
tribute:L8912,dat_file,tribute,8912,,,4,tribute,(1) The Egregious Professor of Grammar and Usage would have corrected,0
tribute:L8913,dat_file,tribute,8913,,,4,tribute,"this to ""she was not she,"" which would have caused the Professor of Logic",0
tribute:L8914,dat_file,tribute,8914,,,4,tribute,to spit out his drink.,0
tribute:L8921,dat_file,tribute,8921,,,4,tribute,"He'd tried wandering around the other cellars, but there was nothing much",0
tribute:L8922,dat_file,tribute,8922,,,4,tribute,"happening at night, and people gave him funny looks.  Ladyship did not",0
tribute:L8923,dat_file,tribute,8923,,,4,tribute,rule here.  But wizards are a messy lot and nobody tidied up much and,0
tribute:L8924,dat_file,tribute,8924,,,4,tribute,"lived to tell the tale, so all sorts of old storerooms and junk-filled",0
tribute:L8925,dat_file,tribute,8925,,,4,tribute,workshops became his for the use of.  And there was so much for a lad with,0
tribute:L8926,dat_file,tribute,8926,,,4,tribute,keen night vision to find.  He had already seen some luminous spoon ants,0
tribute:L8927,dat_file,tribute,8927,,,4,tribute,"carrying a fork, and, to his surprise, the forgotten mazes were home to",0
tribute:L8928,dat_file,tribute,8928,,,4,tribute,"that very rare indoorovore, the Uncommon Sock Eater.  There were some",0
tribute:L8929,dat_file,tribute,8929,,,4,tribute,"things living up in the pipes, too, which periodically murmured ""Awk! Awk!""",0
tribute:L8930,dat_file,tribute,8930,,,4,tribute,Who knew what strange monsters made their home here?,0
tribute:L8936,dat_file,tribute,8936,,,4,tribute,"Truth is female, since truth is beauty rather than handsomeness; this,",0
tribute:L8937,dat_file,tribute,8937,,,4,tribute,"Ridcully reflected as the Council grumbled in, would certainly explain",0
tribute:L8938,dat_file,tribute,8938,,,4,tribute,"the saying that a lie could run around the world before Truth got its,",0
tribute:L8939,dat_file,tribute,8939,,,4,tribute,"correction, /her/ boots on, and since she would have to choose which",0
tribute:L8941,dat_file,tribute,8941,,,4,tribute,"one pair of boots being beyond rational belief.  Indeed, as a goddess she",0
tribute:L8942,dat_file,tribute,8942,,,4,tribute,"would have lots of shoes, and thus many choices:  comfy shoes for home",0
tribute:L8943,dat_file,tribute,8943,,,4,tribute,"truths, hobnail boots for unpleasant truths, simple clogs for universal",0
tribute:L8944,dat_file,tribute,8944,,,4,tribute,truths and possibly some kind of slipper for self-evident truth.  More,0
tribute:L8945,dat_file,tribute,8945,,,4,tribute,important right now was what kind of truth he was going to have to impart,0
tribute:L8946,dat_file,tribute,8946,,,4,tribute,"to his colleagues, and he decided not on the whole truth, but instead on",0
tribute:L8947,dat_file,tribute,8947,,,4,tribute,"nothing but the truth, which dispensed with the need for honesty.",0
tribute:L8956,dat_file,tribute,8956,,,4,tribute,"""Yes, sir?"" said Ponder wearily.",0
tribute:L8958,dat_file,tribute,8958,,,4,tribute,"""Promote him.  Whatever level he is, move him up one.""",0
tribute:L8960,dat_file,tribute,8960,,,4,tribute,"""I think that'll send the wrong kind of signal,"" Ponder tried.",0
tribute:L8962,dat_file,tribute,8962,,,4,tribute,"""On the contrary, Mister Stibbons.  It will send exactly the right kind of",0
tribute:L8963,dat_file,tribute,8963,,,4,tribute,"message to the student body.""",0
tribute:L8965,dat_file,tribute,8965,,,4,tribute,"""But he disobeyed an express order, may I point out?""",0
tribute:L8967,dat_file,tribute,8967,,,4,tribute,"""That's right.  He showed independent thinking and a certain amount of",0
tribute:L8968,dat_file,tribute,8968,,,4,tribute,"pluck, and in the course of so doing added valuable data to our",0
tribute:L8969,dat_file,tribute,8969,,,4,tribute,"understanding of the Cabinet.""",0
tribute:L8971,dat_file,tribute,8971,,,4,tribute,"""But he might have destroyed the whole university, sir.""",0
tribute:L8973,dat_file,tribute,8973,,,4,tribute,"""Right, in which case he would have been vigorously disciplined, if we'd",0
tribute:L8974,dat_file,tribute,8974,,,4,tribute,been able to find anything left of him.  But he didn't and he was lucky,0
tribute:L8975,dat_file,tribute,8975,,,4,tribute,"and we need lucky wizards.  Promote him, on the direct order of me, not",0
tribute:L8976,dat_file,tribute,8976,,,4,tribute,"pp'd at all.  Incidentally, how loud were his screams?""",0
tribute:L8982,dat_file,tribute,8982,,,4,tribute,"""You will arrange yourself into two teams, set up goals, and strive to win!",0
tribute:L8983,dat_file,tribute,8983,,,4,tribute,No man will leave the field of play unless injured!  The hands are not to,0
tribute:L8984,dat_file,tribute,8984,,,4,tribute,"be used, is that clear?  Any questions?""  A hand went up.  Ridcully sought",0
tribute:L8985,dat_file,tribute,8985,,,4,tribute,the attached face.,0
tribute:L8987,dat_file,tribute,8987,,,4,tribute,"""Ah, Rincewind,"" he said, and, because he was not a determinedly unpleasant",0
tribute:L8988,dat_file,tribute,8988,,,4,tribute,"man, amended this to, ""Professor Rincewind, of course.""",0
tribute:L8990,dat_file,tribute,8990,,,4,tribute,"""I would like permission to fetch a note from my mother, sir.""",0
tribute:L8992,dat_file,tribute,8992,,,4,tribute,"Ridcully sighed.  ""Rincewind, you once informed me, to my everlasting",0
tribute:L8993,dat_file,tribute,8993,,,4,tribute,"puzzlement, that you never knew your mother because she ran away before",0
tribute:L8994,dat_file,tribute,8994,,,4,tribute,you were born.  Distinctly remember writing it down in my diary.  Would,0
tribute:L8995,dat_file,tribute,8995,,,4,tribute,"you like another try?""",0
tribute:L8997,dat_file,tribute,8997,,,4,tribute,"""Permission to go and find my mother?""",0
tribute:L8999,dat_file,tribute,8999,,,4,tribute,Ridcully hesitated.  The Professor of Cruel and Unusual Geography had no,0
tribute:L9001,dat_file,tribute,9001,,,4,tribute,"Ridcully would never admit it, it was against all reason an emeritus",0
tribute:L9002,dat_file,tribute,9002,,,4,tribute,"position.  Rincewind was a coward and an unwitting clown, but he had",0
tribute:L9003,dat_file,tribute,9003,,,4,tribute,several times saved the world in slightly puzzling circumstances.  He was,0
tribute:L9004,dat_file,tribute,9004,,,4,tribute,"a luck sink, the Archchancellor decided, doomed to being a lightning rod",0
tribute:L9005,dat_file,tribute,9005,,,4,tribute,for the fates so that everyone else didn't have to.  Such a person was,0
tribute:L9006,dat_file,tribute,9006,,,4,tribute,worth all his meals and laundry (including an above-average level of,0
tribute:L9007,dat_file,tribute,9007,,,4,tribute,"soiled pants) and a bucket of coal every day even if he was, in Ridcully's",0
tribute:L9008,dat_file,tribute,9008,,,4,tribute,"opinion, a bit of a whiner.  However, he was fast, and therefore useful.",0
tribute:L9010,dat_file,tribute,9010,,,4,tribute,"""Look,"" said Rincewind, ""a mysterious urn turns up and suddenly it's all",0
tribute:L9011,dat_file,tribute,9011,,,4,tribute,about football.  That bodes.  It means that something bad is going to,0
tribute:L9012,dat_file,tribute,9012,,,4,tribute,"happen.""",0
tribute:L9014,dat_file,tribute,9014,,,4,tribute,"""Come now, it could be something wonderful,"" Ridcully protested.",0
tribute:L9016,dat_file,tribute,9016,,,4,tribute,"Rincewind appeared to give this due consideration.  ""Could be wonderful,",0
tribute:L9017,dat_file,tribute,9017,,,4,tribute,"will be dreadful.  Sorry, that's how it goes.""",0
tribute:L9019,dat_file,tribute,9019,,,4,tribute,"""This is Unseen University, Rincewind.  What is there to fear?"" Ridcully",0
tribute:L9020,dat_file,tribute,9020,,,4,tribute,"said.  ""Apart from me, of course.  Good heavens, this is a sport.""  He",0
tribute:L9021,dat_file,tribute,9021,,,4,tribute,"raised his voice.  ""Arrange yourselves into two teams and play football!""",0
tribute:L9028,dat_file,tribute,9028,,,4,tribute,"Juliet's version of cleanliness was next to godliness, which was to say",0
tribute:L9029,dat_file,tribute,9029,,,4,tribute,"it was erratic, past all understanding and seldom seen.",0
tribute:L9035,dat_file,tribute,9035,,,4,tribute,"""Well, big day, lads!"" said Ridcully.  ""Looks like there's going to be a",0
tribute:L9036,dat_file,tribute,9036,,,4,tribute,nice day for it as well.  They're all over there waiting for us to give,0
tribute:L9037,dat_file,tribute,9037,,,4,tribute,them a show.  I want you to approach this in the best traditions of Unseen,0
tribute:L9038,dat_file,tribute,9038,,,4,tribute,"University sportsmanship, which is to cheat whenever you are unobserved,",0
tribute:L9039,dat_file,tribute,9039,,,4,tribute,though I fear that the chance of anyone being unobserved today is remote.,0
tribute:L9040,dat_file,tribute,9040,,,4,tribute,"But in any case, I want you to give it one hundred and ten percent.""",0
tribute:L9042,dat_file,tribute,9042,,,4,tribute,"""Excuse me, Archchancellor,"" said Ponder Stibbons.  ""I understand the",0
tribute:L9043,dat_file,tribute,9043,,,4,tribute,"sense of what you are saying, but there is only one hundred percent.""",0
tribute:L9045,dat_file,tribute,9045,,,4,tribute,"""Well, they could give it one hundred and ten percent if they tried",0
tribute:L9046,dat_file,tribute,9046,,,4,tribute,"harder,"" said Ridcully.",0
tribute:L9049,dat_file,tribute,9049,,,4,tribute,made the one hundred percent bigger while it would still be one hundred,0
tribute:L9050,dat_file,tribute,9050,,,4,tribute,"percent.  Besides, there is only so fast a man can run, only so high a man",0
tribute:L9051,dat_file,tribute,9051,,,4,tribute,"can jump.  I just wanted to make the point.""",0
tribute:L9053,dat_file,tribute,9053,,,4,tribute,"""Good point, well made,"" said Ridcully, dismissing it instantly.  [...]",0
tribute:L9060,dat_file,tribute,9060,,,4,tribute,"The singing of the National Anthem was always a ragged affair, the good",0
tribute:L9061,dat_file,tribute,9061,,,4,tribute,people of Ankh-Morpork feeling that it was unpatriotic to sing songs about,0
tribute:L9062,dat_file,tribute,9062,,,4,tribute,"how patriotic you were, taking the view that someone singing a song about",0
tribute:L9063,dat_file,tribute,9063,,,4,tribute,how patriotic they were was either up to something or a Head of State.(1),0
tribute:L9065,dat_file,tribute,9065,,,4,tribute,"An additional problem today lay in the acoustics of the arena, which were",0
tribute:L9066,dat_file,tribute,9066,,,4,tribute,"rather too good, coupled with the fact that the speed of sound at one end",0
tribute:L9067,dat_file,tribute,9067,,,4,tribute,"of the stadium was slightly offbeat compared with the other end, a",0
tribute:L9068,dat_file,tribute,9068,,,4,tribute,drawback exacerbated when both sides tried to recover the gap.,0
tribute:L9070,dat_file,tribute,9070,,,4,tribute,These acoustical anomalies did not count for much if you were standing,0
tribute:L9071,dat_file,tribute,9071,,,4,tribute,"next to Mustrum Ridcully, as the Archchancellor was one of those gentleman",0
tribute:L9072,dat_file,tribute,9072,,,4,tribute,"who will sing it beautifully, correctly enunciated and very, very loudly.",0
tribute:L9074,dat_file,tribute,9074,,,4,tribute,"""'When dragons belch and hippos flee, my thoughts, Ankh-Morpork, are of",0
tribute:L9075,dat_file,tribute,9075,,,4,tribute,"thee.'"" he began.",0
tribute:L9077,dat_file,tribute,9077,,,4,tribute,"(1) i.e., up to something.",0
tribute:L9092,dat_file,tribute,9092,,,4,tribute,"It is important that we know where we come from, because if you do not",0
tribute:L9093,dat_file,tribute,9093,,,4,tribute,"know where you come from, then you don't know where you are, and if you",0
tribute:L9094,dat_file,tribute,9094,,,4,tribute,"don't know where you are, you don't know where you're going.  And if you",0
tribute:L9095,dat_file,tribute,9095,,,4,tribute,"don't know where you're going, you're probably going wrong.",0
tribute:L9101,dat_file,tribute,9101,,,4,tribute,"""[...]  There have been times, lately, when I dearly wished that I could",0
tribute:L9102,dat_file,tribute,9102,,,4,tribute,"change the past.  Well, I can't, but I can change the present, so that",0
tribute:L9103,dat_file,tribute,9103,,,4,tribute,"when it becomes the past it will turn out to be a past worth having. [...]""",0
tribute:L9111,dat_file,tribute,9111,,,4,tribute,"were the thieves and pickpockets, who went about their business with",0
tribute:L9112,dat_file,tribute,9112,,,4,tribute,"commendable silence, and they didn't come near Tiffany; who would pick a",0
tribute:L9113,dat_file,tribute,9113,,,4,tribute,witch's pocket?  You would be lucky to get all your fingers back.  At,0
tribute:L9114,dat_file,tribute,9114,,,4,tribute,"least, that's what they feared, and a sensible witch would encourage them",0
tribute:L9121,dat_file,tribute,9121,,,4,tribute,/The hare runs into the fire./,0
tribute:L9123,dat_file,tribute,9123,,,4,tribute,Had she seen that written down anywhere?  Had she heard it as part of a,0
tribute:L9124,dat_file,tribute,9124,,,4,tribute,song?  A nursery rhyme?  What had the hare got to do with anything?  But,0
tribute:L9125,dat_file,tribute,9125,,,4,tribute,"she was a witch, after all, and there was a job to do.  Mysterious omens",0
tribute:L9126,dat_file,tribute,9126,,,4,tribute,could wait.  Witches knew that mysterious omens were around all the time.,0
tribute:L9128,dat_file,tribute,9128,,,4,tribute,had to pick the one that was convenient.,0
tribute:L9134,dat_file,tribute,9134,,,4,tribute,"That was the thing about thoughts.  They thought themselves, and then",0
tribute:L9135,dat_file,tribute,9135,,,4,tribute,dropped into your head in the hope that you would think so too.  You had,0
tribute:L9136,dat_file,tribute,9136,,,4,tribute,"to slap them down, thoughts like that; they would take a witch over if she",0
tribute:L9137,dat_file,tribute,9137,,,4,tribute,"let them.  And then it would all break down, and nothing would be left but",0
tribute:L9138,dat_file,tribute,9138,,,4,tribute,the cackling.,0
tribute:L9144,dat_file,tribute,9144,,,4,tribute,"""[...]  It just so happens that I was passing by, ye ken, and not",0
tribute:L9145,dat_file,tribute,9145,,,4,tribute,"following ye at all.  One of them coincidences.""",0
tribute:L9147,dat_file,tribute,9147,,,4,tribute,"""There have been a lot of those coincidences lately,"" said Tiffany.",0
tribute:L9149,dat_file,tribute,9149,,,4,tribute,"""Aye,"" said Rob, grinning, ""it must be another coincidence.""",0
tribute:L9155,dat_file,tribute,9155,,,4,tribute,"Tiffany cleared her throat.  ""Well,"" she said, ""I suppose Rob Anybody would",0
tribute:L9156,dat_file,tribute,9156,,,4,tribute,tell you that there are times when promises should be kept and times when,0
tribute:L9157,dat_file,tribute,9157,,,4,tribute,"promises should be broken, and it takes a Feegle to know the difference.""",0
tribute:L9159,dat_file,tribute,9159,,,4,tribute,"Mrs. Proust grinned hugely.  ""You could almost be from the city, Miss",0
tribute:L9160,dat_file,tribute,9160,,,4,tribute,"Tiffany Aching.""",0
tribute:L9168,dat_file,tribute,9168,,,4,tribute,"Despite himself, Wee Mad Arthur was grinning.  ""Have you boys got no shame?""",0
tribute:L9170,dat_file,tribute,9170,,,4,tribute,"Rob Anybody matched him grin for grin.  ""I couldna say,"" he replied, ""but",0
tribute:L9171,dat_file,tribute,9171,,,4,tribute,"if we have, it probably belonged tae somebody else.""",0
tribute:L9177,dat_file,tribute,9177,,,4,tribute,"There is a lot of folklore about equestrian statues, especially the ones",0
tribute:L9178,dat_file,tribute,9178,,,4,tribute,with riders on them.  There is said to be a code in the number and,0
tribute:L9179,dat_file,tribute,9179,,,4,tribute,placement of the horse's hooves:  If one of the horse's hooves is in the,0
tribute:L9180,dat_file,tribute,9180,,,4,tribute,"air, the rider was wounded in battle; two legs in the air means that the",0
tribute:L9181,dat_file,tribute,9181,,,4,tribute,rider was killed in battle; three legs in the air indicates that the,0
tribute:L9182,dat_file,tribute,9182,,,4,tribute,rider got lost on the way to the battle; and four legs in the air means,0
tribute:L9183,dat_file,tribute,9183,,,4,tribute,"that the sculptor was very, very clever.  Five legs in the air means that",0
tribute:L9184,dat_file,tribute,9184,,,4,tribute,there's probably at least one other horse standing behind the one you're,0
tribute:L9185,dat_file,tribute,9185,,,4,tribute,looking at; and the rider lying on the ground with his horse lying on top,0
tribute:L9186,dat_file,tribute,9186,,,4,tribute,of him with all four legs in the air means that the rider was either a,0
tribute:L9187,dat_file,tribute,9187,,,4,tribute,very incompetent horseman or owned a very bad-tempered horse.,0
tribute:L9194,dat_file,tribute,9194,,,4,tribute,"mass, and mass changes time and space."" [...]",0
tribute:L9203,dat_file,tribute,9203,,,4,tribute,"they clout you around the ear.'""",0
tribute:L9209,dat_file,tribute,9209,,,4,tribute,"Tiffany crawled a little farther, well aware of the sheer drop an inch",0
tribute:L9210,dat_file,tribute,9210,,,4,tribute,"away from her hand.  ""Preston has gone to fetch a rope.  Do you have a",0
tribute:L9211,dat_file,tribute,9211,,,4,tribute,"broomstick?""",0
tribute:L9213,dat_file,tribute,9213,,,4,tribute,"""A sheep crashed into it,"" said Mrs. Proust.",0
tribute:L9215,dat_file,tribute,9215,,,4,tribute,"Tiffany could just make her out now.  ""You crashed into a sheep in",0
tribute:L9216,dat_file,tribute,9216,,,4,tribute,"/the air/?""",0
tribute:L9218,dat_file,tribute,9218,,,4,tribute,"""Maybe it was a cow, or something.  What are those things that go",0
tribute:L9219,dat_file,tribute,9219,,,4,tribute,"/snuffle snuffle/?""",0
tribute:L9221,dat_file,tribute,9221,,,4,tribute,"""You ran into a flying hedgehog?""",0
tribute:L9224,dat_file,tribute,9224,,,4,tribute,"Happenstance.""  There was a sigh in the gloom.  ""It's because of her",0
tribute:L9225,dat_file,tribute,9225,,,4,tribute,"trouble, poor soul.  We've stopped at a lot of bushes on the way here,",0
tribute:L9226,dat_file,tribute,9226,,,4,tribute,believe me!  And do you know what?  Inside every single one of them is,0
tribute:L9227,dat_file,tribute,9227,,,4,tribute,"something that stings, bites, kicks, screams, howls, squelches, farts",0
tribute:L9228,dat_file,tribute,9228,,,4,tribute,"enormously, goes all spiky, tries to knock you over, or does an enormous",0
tribute:L9229,dat_file,tribute,9229,,,4,tribute,"pile of poo!  Haven't you people up here ever heard of porcelain?""",0
tribute:L9231,dat_file,tribute,9231,,,4,tribute,"Tiffany was taken aback.  ""Well, yes, but not in the fields!""",0
tribute:L9233,dat_file,tribute,9233,,,4,tribute,"""They would be all the better for it,"" said Mrs. Proust.  ""I've ruined",0
tribute:L9234,dat_file,tribute,9234,,,4,tribute,"a decent pair of boots, I have.""",0
tribute:L9243,dat_file,tribute,9243,,,4,tribute,"""Nae king, nae quin, nae laird!  One baron--and underrr mutually",0
tribute:L9244,dat_file,tribute,9244,,,4,tribute,"ag-rreeeed arr-angement, ye ken!""",0
tribute:L9255,dat_file,tribute,9255,,,4,tribute,"They were crude weapons, to be sure, but a flint axe hitting your head does",0
tribute:L9256,dat_file,tribute,9256,,,4,tribute,not need a degree in physics.,0
tribute:L9261,dat_file,tribute,9261,,,4,tribute,It is a strange thing to find yourself doing something you have apparently,0
tribute:L9262,dat_file,tribute,9262,,,4,tribute,"always wanted to do, when in fact up until that moment you had never known",0
tribute:L9263,dat_file,tribute,9263,,,4,tribute,that you always wanted to do it...,0
tribute:L9269,dat_file,tribute,9269,,,4,tribute,"At this point, Lord Vetinari, Patrician of Ankh-Morpork, stopped reading",0
tribute:L9270,dat_file,tribute,9270,,,4,tribute,"and stared at nothing.  After a few seconds, nothing was eclipsed by the",0
tribute:L9271,dat_file,tribute,9271,,,4,tribute,"form of Drumknott, his secretary (who, it must be said, had spent a career",0
tribute:L9272,dat_file,tribute,9272,,,4,tribute,turning himself as much like nothing as anything).,0
tribute:L9274,dat_file,tribute,9274,,,4,tribute,"Drumknott said, ""You look pensive, my lord,"" to which observation he",0
tribute:L9275,dat_file,tribute,9275,,,4,tribute,"appended a most delicate question mark, which gradually evaporated.",0
tribute:L9277,dat_file,tribute,9277,,,4,tribute,"""Awash with tears, Drumknott, awash with tears.""",0
tribute:L9279,dat_file,tribute,9279,,,4,tribute,Drumknott stopped dusting the impeccably shiny black lacquered desk.,0
tribute:L9280,dat_file,tribute,9280,,,4,tribute,"""Pastor Oats is a very persuasive writer, isn't he, sir...?""",0
tribute:L9282,dat_file,tribute,9282,,,4,tribute,"""Indeed he is, Drumknott, but the basic problem remains and it is this:",0
tribute:L9283,dat_file,tribute,9283,,,4,tribute,"humanity may come to terms with the dwarf, the troll and even the orc,",0
tribute:L9284,dat_file,tribute,9284,,,4,tribute,"terrifying though all these have proved to be at times, and you know why",0
tribute:L9285,dat_file,tribute,9285,,,4,tribute,"this is, Drumknott?""",0
tribute:L9287,dat_file,tribute,9287,,,4,tribute,The secretary carefully folded the duster he had been using and looked at,0
tribute:L9288,dat_file,tribute,9288,,,4,tribute,"the ceiling.  ""I would venture to suggest, my lord, that in their violence",0
tribute:L9289,dat_file,tribute,9289,,,4,tribute,"we recognize ourselves?""",0
tribute:L9291,dat_file,tribute,9291,,,4,tribute,"""Oh, well done, Drumknott, I shall make a cynic of you yet!  Predators",0
tribute:L9292,dat_file,tribute,9292,,,4,tribute,"respect other predators, do they not?  They may perhaps even respect the",0
tribute:L9293,dat_file,tribute,9293,,,4,tribute,"prey:  the lion may lie down with the lamb, even if only the lion is",0
tribute:L9294,dat_file,tribute,9294,,,4,tribute,"likely to get up again, but the lion will not lie down with the rat.",0
tribute:L9295,dat_file,tribute,9295,,,4,tribute,"Vermin, Drumknott, an entire race reduced to vermin!""",0
tribute:L9301,dat_file,tribute,9301,,,4,tribute,"Vimes grunted.  ""Where there are policemen there's crime, sergeant,",0
tribute:L9302,dat_file,tribute,9302,,,4,tribute,"remember that.""",0
tribute:L9304,dat_file,tribute,9304,,,4,tribute,"""Yes, I do, sir, although I think it sounds better with a little reordering",0
tribute:L9305,dat_file,tribute,9305,,,4,tribute,"of the words.""",0
tribute:L9312,dat_file,tribute,9312,,,4,tribute,"""[...]  The third earl, 'Mad' Jack Ramkin, had a brother called",0
tribute:L9313,dat_file,tribute,9313,,,4,tribute,"Woolsthorpe, probably for his sins.  He was something of a scholar and",0
tribute:L9314,dat_file,tribute,9314,,,4,tribute,would have been sent to the university to become a wizard were it not for,0
tribute:L9315,dat_file,tribute,9315,,,4,tribute,the fact that his brother let it be known that any male sibling of his who,0
tribute:L9316,dat_file,tribute,9316,,,4,tribute,took up a profession that involved wearing a dress would be disinherited,0
tribute:L9319,dat_file,tribute,9319,,,4,tribute,"""Nevertheless, young Woolsthorpe persevered in his studies in natural",0
tribute:L9320,dat_file,tribute,9320,,,4,tribute,"philosophy in the way a gentleman should, by digging into any suspicious-",0
tribute:L9321,dat_file,tribute,9321,,,4,tribute,"looking burial mounds he could find in the neighborhood, filling up his",0
tribute:L9322,dat_file,tribute,9322,,,4,tribute,"lizard press with as many rare species as he could collect, and drying",0
tribute:L9323,dat_file,tribute,9323,,,4,tribute,samples of any flowers he could find before they became extinct.  The,0
tribute:L9324,dat_file,tribute,9324,,,4,tribute,"story runs that, on one warm summer day, he dozed off under an apple tree",0
tribute:L9325,dat_file,tribute,9325,,,4,tribute,"and was awakened when an apple fell on his head.  A lesser man, as his",0
tribute:L9326,dat_file,tribute,9326,,,4,tribute,"biographer put it, would have seen nothing untoward about this, but",0
tribute:L9327,dat_file,tribute,9327,,,4,tribute,"Woolsthorpe surmised that, since apples and practically everything else",0
tribute:L9328,dat_file,tribute,9328,,,4,tribute,"always fell down, then the world would eventually become dangerously",0
tribute:L9329,dat_file,tribute,9329,,,4,tribute,unbalanced... unless there was another agency involved that natural,0
tribute:L9331,dat_file,tribute,9331,,,4,tribute,"footmen to the orchard and ordering him, on the pain of dismissal, to lie",0
tribute:L9332,dat_file,tribute,9332,,,4,tribute,under the tree until an apple hit him on the head!  The possibility of,0
tribute:L9333,dat_file,tribute,9333,,,4,tribute,this happening was increased by another footman who had been told by,0
tribute:L9334,dat_file,tribute,9334,,,4,tribute,Woolsthorpe to shake the tree vigorously until the required apple fell.,0
tribute:L9335,dat_file,tribute,9335,,,4,tribute,Woolsthorpe was ready to observe this from a distance.,0
tribute:L9338,dat_file,tribute,9338,,,4,tribute,was seen rising from the tree and disappearing at speed into the vaults of,0
tribute:L9339,dat_file,tribute,9339,,,4,tribute,"heaven, proving the hypothesis that what goes up must come down, provided",0
tribute:L9341,dat_file,tribute,9341,,,4,tribute,"Universe.  Regrettably, this only works with apples and, amazingly, only",0
tribute:L9342,dat_file,tribute,9342,,,4,tribute,"the apples on this one tree, /Malus equilibria/!  I hear that someone has",0
tribute:L9343,dat_file,tribute,9343,,,4,tribute,worked out that the apples at the top of the tree fill with gas and fly up,0
tribute:L9344,dat_file,tribute,9344,,,4,tribute,when the tree is disturbed so that it can set its seeds some way off.,0
tribute:L9345,dat_file,tribute,9345,,,4,tribute,"Wonderful thing, nature, shame the fruit tastes like dog's business,""",0
tribute:L9346,dat_file,tribute,9346,,,4,tribute,Willikins added as Young Sam spat some out.  [...],0
tribute:L9352,dat_file,tribute,9352,,,4,tribute,"""Look, Willikins, I don't like to involve you in all this.  It's only a",0
tribute:L9353,dat_file,tribute,9353,,,4,tribute,"hunch, after all.""",0
tribute:L9356,dat_file,tribute,9356,,,4,tribute,"clock, sir, because all this is tickling my fancy as well.  I shall lay",0
tribute:L9357,dat_file,tribute,9357,,,4,tribute,"out a selection of cutting edges for you in your dressing room, sir, and I",0
tribute:L9358,dat_file,tribute,9358,,,4,tribute,"myself will go up to the copse half an hour before you're due to be there,",0
tribute:L9359,dat_file,tribute,9359,,,4,tribute,with my trusty bow and an assortment of favorite playthings.  It's nearly,0
tribute:L9360,dat_file,tribute,9360,,,4,tribute,"full moon, clear skies, there'll be shadows everywhere, and I'll be",0
tribute:L9361,dat_file,tribute,9361,,,4,tribute,"standing in the darkest one of them.""",0
tribute:L9363,dat_file,tribute,9363,,,4,tribute,"Vimes looked at him for a moment and said, ""Could I please amend that",0
tribute:L9365,dat_file,tribute,9365,,,4,tribute,"before midnight, to see who steps into the darkest shadow?""",0
tribute:L9367,dat_file,tribute,9367,,,4,tribute,"""Ah yes, that's why you command the watch, sir,"" said Willikins, and to",0
tribute:L9368,dat_file,tribute,9368,,,4,tribute,"Vimes's shock there was a hint of a tear in the man's voice.  ""You're",0
tribute:L9369,dat_file,tribute,9369,,,4,tribute,"listening to the street, aren't you, sir, yes?""",0
tribute:L9371,dat_file,tribute,9371,,,4,tribute,"Vimes shrugged.  ""No streets here, Willikins.""",0
tribute:L9373,dat_file,tribute,9373,,,4,tribute,"Willikins shook his head.  ""Once a street boy, always a street boy, sir.",0
tribute:L9374,dat_file,tribute,9374,,,4,tribute,"It comes with us, in the pinch.  Mothers go, fathers go--if we ever knew",0
tribute:L9375,dat_file,tribute,9375,,,4,tribute,"who they were--but the Street, well, the Street looks after us.  In the",0
tribute:L9376,dat_file,tribute,9376,,,4,tribute,"pinch it keeps us alive.""",0
tribute:L9382,dat_file,tribute,9382,,,4,tribute,"Well, we live and learn, Vimes thought, or perhaps more importantly, we",0
tribute:L9383,dat_file,tribute,9383,,,4,tribute,learn and live.  [...],0
tribute:L9390,dat_file,tribute,9390,,,4,tribute,"sped along.  Well, there was always somebody watching you in the city, too,",0
tribute:L9391,dat_file,tribute,9391,,,4,tribute,but that was generally in the hope that you might drop dead and they could,0
tribute:L9392,dat_file,tribute,9392,,,4,tribute,run off with your wallet.  They were never /interested/.  But here he,0
tribute:L9393,dat_file,tribute,9393,,,4,tribute,thought he could feel many eyes on him.  Maybe they belonged to squirrels,0
tribute:L9394,dat_file,tribute,9394,,,4,tribute,"or badgers, or whatever the damn things were that Vimes heard at night;",0
tribute:L9395,dat_file,tribute,9395,,,4,tribute,"gorillas, possibly.",0
tribute:L9401,dat_file,tribute,9401,,,4,tribute,"""Well, sir, it looks as though they're pleased to see us, yes?""",0
tribute:L9403,dat_file,tribute,9403,,,4,tribute,Feeney's relief and hope should have been bottled and sold to despairing,0
tribute:L9404,dat_file,tribute,9404,,,4,tribute,"people everywhere.  Vimes just nodded, because the ranks were pulling",0
tribute:L9405,dat_file,tribute,9405,,,4,tribute,"apart, leaving a pathway of sorts, at the end of which there was,",0
tribute:L9406,dat_file,tribute,9406,,,4,tribute,"inarguably, a corpse.  It was a mild relief to see that it was a goblin",0
tribute:L9407,dat_file,tribute,9407,,,4,tribute,"corpse, but no corpse is good news, particularly when seen in a grimy low",0
tribute:L9409,dat_file,tribute,9409,,,4,tribute,"and cried /Hallelujah!/, because here was a corpse and he was a copper",0
tribute:L9410,dat_file,tribute,9410,,,4,tribute,and this was a crime and this place was smoky and dirty and full of,0
tribute:L9411,dat_file,tribute,9411,,,4,tribute,"suspicious-looking goblins and here was a /crime/.  His world.  Yes, here",0
tribute:L9412,dat_file,tribute,9412,,,4,tribute,was /his/ world.,0
tribute:L9418,dat_file,tribute,9418,,,4,tribute,"Vimes lay back in the bed, enjoying the wonderful sensation of gradually",0
tribute:L9419,dat_file,tribute,9419,,,4,tribute,"being eaten by the pillows, and said to Sybil, ""Do the Rust family have a",0
tribute:L9420,dat_file,tribute,9420,,,4,tribute,"place down here?""",0
tribute:L9422,dat_file,tribute,9422,,,4,tribute,Too late he reflected that this might be a bad move because she might well,0
tribute:L9423,dat_file,tribute,9423,,,4,tribute,"have told him all about it on one of those occasions when, so unusually for",0
tribute:L9424,dat_file,tribute,9424,,,4,tribute,"a married man, he was not paying much attention to what his wife was",0
tribute:L9425,dat_file,tribute,9425,,,4,tribute,"saying, and therefore he might be the cause of grumpiness in those",0
tribute:L9426,dat_file,tribute,9426,,,4,tribute,"precious, warm minutes before sleep.  All he could see of her right now",0
tribute:L9427,dat_file,tribute,9427,,,4,tribute,"was the very tip of her nose, as the pillows claimed her, but she mumbled,",0
tribute:L9428,dat_file,tribute,9428,,,4,tribute,"drowsily, ""Oh, they bought Hangnail Manor ten years or so ago, after the",0
tribute:L9429,dat_file,tribute,9429,,,4,tribute,Marquis of Fantailer murdered his wife with a pruning knife in the,0
tribute:L9430,dat_file,tribute,9430,,,4,tribute,pineapple house.  Don't you remember?  You spent weeks searching the city,0
tribute:L9431,dat_file,tribute,9431,,,4,tribute,for him.  In the end everybody seemed to think he'd gone off to Fourecks,0
tribute:L9432,dat_file,tribute,9432,,,4,tribute,"and disguised himself by not calling himself the Marquis of Fantailer.""",0
tribute:L9434,dat_file,tribute,9434,,,4,tribute,"""Oh yes,"" said Vimes, ""and I remember that a lot of his chums were quite",0
tribute:L9435,dat_file,tribute,9435,,,4,tribute,"indignant about the investigation!  They said he'd only done one murder,",0
tribute:L9436,dat_file,tribute,9436,,,4,tribute,and it was his wife's fault for having the bad taste to die after just one,0
tribute:L9437,dat_file,tribute,9437,,,4,tribute,"little stab!""",0
tribute:L9444,dat_file,tribute,9444,,,4,tribute,drinking champagne.(1)  [...],0
tribute:L9446,dat_file,tribute,9446,,,4,tribute,"(1) This is, of course, absolutely true.",0
tribute:L9452,dat_file,tribute,9452,,,4,tribute,"""[...] and the Summoning Dark is /real/.  It's not all in your head,",0
tribute:L9453,dat_file,tribute,9453,,,4,tribute,"commander:  no matter what you hear, I sometimes hear it too.  Oh dear,",0
tribute:L9454,dat_file,tribute,9454,,,4,tribute,you of all people must recognize a substition when you're possessed by it?,0
tribute:L9455,dat_file,tribute,9455,,,4,tribute,It's the opposite of superstition:  it's real even if you don't believe,0
tribute:L9462,dat_file,tribute,9462,,,4,tribute,Vimes frowned.  He couldn't remember ever going into a church or a temple,0
tribute:L9463,dat_file,tribute,9463,,,4,tribute,or one of the numerous other places of more or less spirituality for any,0
tribute:L9464,dat_file,tribute,9464,,,4,tribute,other reason than the occasional requirements of the job.  These days he,0
tribute:L9465,dat_file,tribute,9465,,,4,tribute,"tended to go in for reasons of Sybil, i.e., his wife dragging him along",0
tribute:L9466,dat_file,tribute,9466,,,4,tribute,"so that he could be seen, and, if possible, seen remaining awake.",0
tribute:L9468,dat_file,tribute,9468,,,4,tribute,"No, the world of next worlds, afterlives, and purgatorial destinations",0
tribute:L9469,dat_file,tribute,9469,,,4,tribute,"simply did not fit into his head.  Whether you wanted it or not, you were",0
tribute:L9470,dat_file,tribute,9470,,,4,tribute,"born, you did the best you could, and then, whether you really wanted to",0
tribute:L9471,dat_file,tribute,9471,,,4,tribute,"or not, you died.  They were the only certainties, and so the best thing",0
tribute:L9472,dat_file,tribute,9472,,,4,tribute,for a copper to do was to get on with the job.  And it was about time,0
tribute:L9473,dat_file,tribute,9473,,,4,tribute,that Sam Vimes got back to doing his.,0
tribute:L9480,dat_file,tribute,9480,,,4,tribute,that my mum can live in a place where you don't lie awake at night,0
tribute:L9481,dat_file,tribute,9481,,,4,tribute,listening to the mice fighting the cockroaches--hooray!(1),0
tribute:L9483,dat_file,tribute,9483,,,4,tribute,"(1) Regrettably, Constable Upshot was overly hopeful:  in Ankh-Morpork the",0
tribute:L9484,dat_file,tribute,9484,,,4,tribute,mice and cockroaches had decided to forget their differences and gang up,0
tribute:L9491,dat_file,tribute,9491,,,4,tribute,"""[...]  And I remember reading somewhere that you would arrest the gods",0
tribute:L9492,dat_file,tribute,9492,,,4,tribute,"for doing it wrong.""",0
tribute:L9494,dat_file,tribute,9494,,,4,tribute,"Vimes shook his head.  ""I'm sure I never said anything of the sort!  But",0
tribute:L9495,dat_file,tribute,9495,,,4,tribute,law is order and order is law and it must be the highest thing.  The world,0
tribute:L9497,dat_file,tribute,9497,,,4,tribute,"cannot follow another.""",0
tribute:L9503,dat_file,tribute,9503,,,4,tribute,The sound of the gentle rattle of china cup on china saucer drives away,0
tribute:L9504,dat_file,tribute,9504,,,4,tribute,"all demons, a little-known fact.",0
tribute:L9516,dat_file,tribute,9516,,,4,tribute,know what you would do without it.  That was what the technology was doing.,0
tribute:L9517,dat_file,tribute,9517,,,4,tribute,"It was your slave but, in a sense, it might be the other way round.",0
tribute:L9524,dat_file,tribute,9524,,,4,tribute,"""If you take enough precautions, you never need to take precautions.""",0
tribute:L9530,dat_file,tribute,9530,,,4,tribute,"Rhys Rhysson, Low King of the dwarfs, was a dwarf of keen intelligence,",0
tribute:L9531,dat_file,tribute,9531,,,4,tribute,but he sometimes wondered why someone with that intelligence would go into,0
tribute:L9532,dat_file,tribute,9532,,,4,tribute,"dwarfish politics, let alone be King of the Dwarfs.  Lord Vetinari had it",0
tribute:L9533,dat_file,tribute,9533,,,4,tribute,so easy he must hardly know he was born!  The King thought that humans,0
tribute:L9534,dat_file,tribute,9534,,,4,tribute,"were, well, reasonably sensible, whereas there was an old dwarf proverb",0
tribute:L9535,dat_file,tribute,9535,,,4,tribute,"which, translated, said, ""Any three dwarfs having a sensible conversation",0
tribute:L9536,dat_file,tribute,9536,,,4,tribute,"will always end up having four points of view.""",0
tribute:L9542,dat_file,tribute,9542,,,4,tribute,"Curious, the Patrician thought, as Drumknott hurried away to dispatch a",0
tribute:L9543,dat_file,tribute,9543,,,4,tribute,"clacks to the editor of the /Times/, that people in Ankh-Morpork professed",0
tribute:L9544,dat_file,tribute,9544,,,4,tribute,not to like change while at the same time fixating on every new,0
tribute:L9545,dat_file,tribute,9545,,,4,tribute,entertainment and diversion that came their way.  There was nothing the,0
tribute:L9546,dat_file,tribute,9546,,,4,tribute,mob liked better than novelty.  Lord Vetinari sighed again.  Did they,0
tribute:L9548,dat_file,tribute,9548,,,4,tribute,ladies who used it to send him clacks messages complaining about all,0
tribute:L9549,dat_file,tribute,9549,,,4,tribute,"these newfangled ideas, totally missing the irony.  And in this doleful",0
tribute:L9550,dat_file,tribute,9550,,,4,tribute,mood he ventured to wonder if they ever thought back to when things were,0
tribute:L9551,dat_file,tribute,9551,,,4,tribute,just old-fangled or not fangled at all as against the modern day when,0
tribute:L9552,dat_file,tribute,9552,,,4,tribute,"fangled had reached its apogee.  Fangling was indeed, he thought, here",0
tribute:L9553,dat_file,tribute,9553,,,4,tribute,to stay.  Then he wondered: had anyone ever thought of themselves as a,0
tribute:L9554,dat_file,tribute,9554,,,4,tribute,fangler?,0
tribute:L9561,dat_file,tribute,9561,,,4,tribute,"""Mister Lipwig, you know what they say about dwarfs?""",0
tribute:L9563,dat_file,tribute,9563,,,4,tribute,"Moist looked blank.  ""Very small people?""",0
tribute:L9565,dat_file,tribute,9565,,,4,tribute,"""'Two dwarfs is an argument, three dwarfs is a war,' Mister Lipwig.  It's",0
tribute:L9566,dat_file,tribute,9566,,,4,tribute,"squabble, squabble, squabble.  It's built into their culture.  [...]""",0
tribute:L9572,dat_file,tribute,9572,,,4,tribute,There clearly has been magic at work in the Netherglades and its future as,0
tribute:L9573,dat_file,tribute,9573,,,4,tribute,the pharmacopoeia of the world is being tested by Professor Rincewind of,0
tribute:L9574,dat_file,tribute,9574,,,4,tribute,Unseen University.  A dispatch from him reveals that the juice pressed from,0
tribute:L9575,dat_file,tribute,9575,,,4,tribute,a certain little yellow flower induces certainty in the patient for up to,0
tribute:L9576,dat_file,tribute,9576,,,4,tribute,"fifteen minutes.  About what they are certain they cannot specify, but the",0
tribute:L9577,dat_file,tribute,9577,,,4,tribute,"patient is, in that short time, completely certain about /everything/.  And",0
tribute:L9578,dat_file,tribute,9578,,,4,tribute,further research has found that a floating water hyacinth yields in its,0
tribute:L9579,dat_file,tribute,9579,,,4,tribute,juices total /un/certainty about anything for half a hour.  Philosophers,0
tribute:L9580,dat_file,tribute,9580,,,4,tribute,"are excited about the uses for these potions, and the search continues for",0
tribute:L9581,dat_file,tribute,9581,,,4,tribute,"a plant that combines the qualities of both, thereby being of great use to",0
tribute:L9582,dat_file,tribute,9582,,,4,tribute,theologians.,0
tribute:L9588,dat_file,tribute,9588,,,4,tribute,"The town of Big Cabbage, theoretically the last place any sensible person",0
tribute:L9589,dat_file,tribute,9589,,,4,tribute,"would want to visit, was nevertheless popular throughout the summer because",0
tribute:L9590,dat_file,tribute,9590,,,4,tribute,"of the attractions of Brassica World and the Cabbage Research Institute,",0
tribute:L9591,dat_file,tribute,9591,,,4,tribute,whose students were the first to get a cabbage to a height of five hundred,0
tribute:L9592,dat_file,tribute,9592,,,4,tribute,yards propelled entirely by its own juices.  Nobody asked why they felt it,0
tribute:L9593,dat_file,tribute,9593,,,4,tribute,"was necessary to do this, but that was science for you, and, of course,",0
tribute:L9594,dat_file,tribute,9594,,,4,tribute,students.,0
tribute:L9601,dat_file,tribute,9601,,,4,tribute,"A few weeks later, Drumknott persuaded Lord Vetinari to accompany him to",0
tribute:L9602,dat_file,tribute,9602,,,4,tribute,the area behind the palace where a jungle of drain pipes emptied and,0
tribute:L9604,dat_file,tribute,9604,,,4,tribute,necessary functions without which a modern palace could not operate.(1),0
tribute:L9606,dat_file,tribute,9606,,,4,tribute,"There was a young goblin waiting there, rather nervous, clasping what",0
tribute:L9607,dat_file,tribute,9607,,,4,tribute,looked like two wheels held together by not very much.  The wheels were,0
tribute:L9608,dat_file,tribute,9608,,,4,tribute,spinning.,0
tribute:L9610,dat_file,tribute,9610,,,4,tribute,"Drumknott cleared his throat.  ""Show his lordship your new invention,",0
tribute:L9611,dat_file,tribute,9611,,,4,tribute,"Mister Of the Wheel the Spoke.""",0
tribute:L9613,dat_file,tribute,9613,,,4,tribute,(1) Frankly most palaces are just like this.  Their backsides do not bear,0
tribute:L9614,dat_file,tribute,9614,,,4,tribute,looking at.,0
tribute:L9623,dat_file,tribute,9623,,,4,tribute,Moist Von Lipwig had done some heavy work once and couldn't see any future,0
tribute:L9625,dat_file,tribute,9625,,,4,tribute,"it, of course, and clearly some of them liked what they were doing, and so",0
tribute:L9626,dat_file,tribute,9626,,,4,tribute,he shrugged and felt happy that Crisp was happy being a handyman whilst,0
tribute:L9627,dat_file,tribute,9627,,,4,tribute,Moist was happy not picking up anything that was heavier than a glass.,0
tribute:L9628,dat_file,tribute,9628,,,4,tribute,"After all, his work was unseen and depended on words, which were",0
tribute:L9629,dat_file,tribute,9629,,,4,tribute,fortunately not very heavy and didn't need grease.  In his career as a,0
tribute:L9630,dat_file,tribute,9630,,,4,tribute,crook they had served him well and now he felt somewhat smug at using them,0
tribute:L9631,dat_file,tribute,9631,,,4,tribute,to the benefit of the citizenry.,0
tribute:L9633,dat_file,tribute,9633,,,4,tribute,"There was a difference between a banker and a crook, there really was, and",0
tribute:L9634,dat_file,tribute,9634,,,4,tribute,"although it was very, very teeny Moist felt that he should point out that",0
tribute:L9635,dat_file,tribute,9635,,,4,tribute,"it did exist and, besides, Lord Vetinari always had his eye on him.",0
tribute:L9637,dat_file,tribute,9637,,,4,tribute,So everybody was happy and Moist went to work in very clean clothes and,0
tribute:L9644,dat_file,tribute,9644,,,4,tribute,"Harry, red-faced and impatient, looked over his desk and said to him, ""Lad,",0
tribute:L9645,dat_file,tribute,9645,,,4,tribute,time is money and I'm a busy man.  You told Nancy down on reception that,0
tribute:L9646,dat_file,tribute,9646,,,4,tribute,you've got something I might like.  Now stop fidgeting and look me in the,0
tribute:L9647,dat_file,tribute,9647,,,4,tribute,face square like.  If you're another chancer wanting to bamboozle me I'll,0
tribute:L9648,dat_file,tribute,9648,,,4,tribute,"have you down the Effing stairs(1) before you know it.""",0
tribute:L9650,dat_file,tribute,9650,,,4,tribute,(1) The wonderfully colored oak wood of the Effing Forest was much in,0
tribute:L9651,dat_file,tribute,9651,,,4,tribute,demand for high-class joinery.,0
tribute:L9657,dat_file,tribute,9657,,,4,tribute,"Moist knew about the zeitgeist, he tasted it in the wind, and sometimes it",0
tribute:L9658,dat_file,tribute,9658,,,4,tribute,"allowed him to play with it.  He understood it, and now it hinted at speed,",0
tribute:L9659,dat_file,tribute,9659,,,4,tribute,"escape, something wonderfully new, the very bones of the land awakening,",0
tribute:L9660,dat_file,tribute,9660,,,4,tribute,"and suddenly it seemed to cry out for motion, new horizons, faraway places,",0
tribute:L9661,dat_file,tribute,9661,,,4,tribute,"/anywhere that is not here/!  No doubt about it, the railway was going to",0
tribute:L9662,dat_file,tribute,9662,,,4,tribute,turn coal into gold.,0
tribute:L9668,dat_file,tribute,9668,,,4,tribute,And the trouble with madness was that the mad didn't know they were mad.,0
tribute:L9674,dat_file,tribute,9674,,,4,tribute,"""[...]  That's the trouble, you see.  When you've had hatred on your tongue",0
tribute:L9675,dat_file,tribute,9675,,,4,tribute,"for such a long time, you don't know how to spit it out.""",0
tribute:L9690,dat_file,tribute,9690,,,4,tribute,"""It's an inconvenience, true enough, and I don't like it at all, but I",0
tribute:L9691,dat_file,tribute,9691,,,4,tribute,"know that you do it for everyone, Mr. Death.  Is there any other way?""",0
tribute:L9693,dat_file,tribute,9693,,,4,tribute,"NO, THERE ISN'T, I'M AFRAID.  WE ARE ALL FLOATING IN THE WINDS OF TIME.",0
tribute:L9694,dat_file,tribute,9694,,,4,tribute,"BUT YOUR CANDLE, MISTRESS WEATHERWAX, WILL FLICKER FOR SOME TIME BEFORE",0
tribute:L9695,dat_file,tribute,9695,,,4,tribute,IT GOES OUT--A LITTLE REWARD FOR A LIFE WELL LIVED.  FOR I CAN SEE THE,0
tribute:L9696,dat_file,tribute,9696,,,4,tribute,"BALANCE AND YOU HAVE LEFT THE WORLD MUCH BETTER THAN YOU FOUND IT, AND",0
tribute:L9697,dat_file,tribute,9697,,,4,tribute,"IF YOU ASK ME, said Death, NOBODY COULD DO ANY BETTER THAN THAT....",0
tribute:L9704,dat_file,tribute,9704,,,4,tribute,She sighed.  It was such a shame when old customs disappeared.  A good,0
tribute:L9705,dat_file,tribute,9705,,,4,tribute,witch-ducking was something she had liked doing in the bad old days--she,0
tribute:L9706,dat_file,tribute,9706,,,4,tribute,"had even /trained/ for it.  All those swimming lessons, and practice with",0
tribute:L9707,dat_file,tribute,9707,,,4,tribute,knots at the Quirm College for Young Ladies.  She had been able to defeat,0
tribute:L9708,dat_file,tribute,9708,,,4,tribute,the mobs under water if necessary.  Or at least work at breaking her own,0
tribute:L9709,dat_file,tribute,9709,,,4,tribute,record for untying the simple knots they all thought worked on the nasty,0
tribute:L9710,dat_file,tribute,9710,,,4,tribute,witch.,0
tribute:L9712,dat_file,tribute,9712,,,4,tribute,"Now, a bit of pond-dipping had become more like a hobby, and she had a",0
tribute:L9713,dat_file,tribute,9713,,,4,tribute,nasty feeling that others were copying her after she passed through their,0
tribute:L9714,dat_file,tribute,9714,,,4,tribute,villages.  She'd even heard talk of a swimming club being started in one,0
tribute:L9715,dat_file,tribute,9715,,,4,tribute,small hamlet over by Ham-on-Rye.(1),0
tribute:L9717,dat_file,tribute,9717,,,4,tribute,"(1) A popular idea among the young lads, since they felt that everyone--",0
tribute:L9718,dat_file,tribute,9718,,,4,tribute,"and ""everyone"" definitely included the young ladies--should swim without",0
tribute:L9719,dat_file,tribute,9719,,,4,tribute,their clothes.,0
tribute:L9725,dat_file,tribute,9725,,,4,tribute,"Not for the first time, she wondered how it was that cats seemed to be",0
tribute:L9726,dat_file,tribute,9726,,,4,tribute,"able to be in one place one moment, and then /almost at the same time/,",0
tribute:L9727,dat_file,tribute,9727,,,4,tribute,reappear somewhere else.(1),0
tribute:L9729,dat_file,tribute,9729,,,4,tribute,"(1) She did not know it, but a keen young philosopher in Ephebe had",0
tribute:L9730,dat_file,tribute,9730,,,4,tribute,"pondered exactly that same conumdrum, until he was found one morning--",0
tribute:L9731,dat_file,tribute,9731,,,4,tribute,"most of him, anyway--surrounded by a number of purring, and very well fed,",0
tribute:L9732,dat_file,tribute,9732,,,4,tribute,cats.  No one had seemed keen to continue his experiments after that.,0
tribute:L9738,dat_file,tribute,9738,,,4,tribute,"Roland de Chumsfanleigh,(1) the young Baron on the Chalk /did/ want to be",0
tribute:L9739,dat_file,tribute,9739,,,4,tribute,like his father in many ways.  He knew the old man had been popular--what,0
tribute:L9740,dat_file,tribute,9740,,,4,tribute,"was known as an ""old-school Baron,"" which meant that everyone knew what",0
tribute:L9741,dat_file,tribute,9741,,,4,tribute,"to expect and the guards polished up their armor and saluted, and did",0
tribute:L9742,dat_file,tribute,9742,,,4,tribute,"what was expected of /them/, while the Baron did what was expected of him,",0
tribute:L9743,dat_file,tribute,9743,,,4,tribute,and pretty much left them alone.,0
tribute:L9745,dat_file,tribute,9745,,,4,tribute,But his father had also been a bit of a bad-tempered bully at times.  And,0
tribute:L9746,dat_file,tribute,9746,,,4,tribute,/that/ bit Roland wanted to forget about.  He particularly wanted to sound,0
tribute:L9748,dat_file,tribute,9748,,,4,tribute,"For they had once been good friends, and to Roland's alarm, Tiffany was",0
tribute:L9749,dat_file,tribute,9749,,,4,tribute,thought of as a good friend by his wife Letitia.  Any man with sense was,0
tribute:L9750,dat_file,tribute,9750,,,4,tribute,wise to be fearful of a wife's best friends.  For who knew what ... little,0
tribute:L9751,dat_file,tribute,9751,,,4,tribute,"secrets might be shared.  Roland, having been educated at home and with",0
tribute:L9752,dat_file,tribute,9752,,,4,tribute,"limited knowledge of the world outside the Chalk, feared that ""little""",0
tribute:L9753,dat_file,tribute,9753,,,4,tribute,might be /exactly/ the kind of comment Letitia might share with Tiffany.,0
tribute:L9755,dat_file,tribute,9755,,,4,tribute,"(1) Pronounced ""Chuffley"" under the strange rule that the more gentrified",0
tribute:L9756,dat_file,tribute,9756,,,4,tribute,"a family is, the more peculiar the pronunciation of their name becomes.",0
tribute:L9758,dat_file,tribute,9758,,,4,tribute,(/Pwt/) refer to Roland as /Chf/.  She wondered how they managed at dinner,0
tribute:L9759,dat_file,tribute,9759,,,4,tribute,when /Pwt/ introduced /Chf/ to /Wm/ or /Hmpfh/.  Surely it could lead to,0
tribute:L9760,dat_file,tribute,9760,,,4,tribute,misunderstandings?,0
tribute:L9766,dat_file,tribute,9766,,,4,tribute,"He kicked the helmet of his chief, the Big Man of the clan, and shouted,",0
tribute:L9767,dat_file,tribute,9767,,,4,tribute,"""There's elves here!  I can smell it, ye ken!""",0
tribute:L9769,dat_file,tribute,9769,,,4,tribute,"And from every hole in turn, the clan of the Nac Mac Feegle poured out in",0
tribute:L9770,dat_file,tribute,9770,,,4,tribute,"their hundreds to deal with the ancient enemy, waving claymores and swords,",0
tribute:L9771,dat_file,tribute,9771,,,4,tribute,yodeling their war cries:,0
tribute:L9773,dat_file,tribute,9773,,,4,tribute,"""Ach, stickit yer trakkans!""",0
tribute:L9775,dat_file,tribute,9775,,,4,tribute,"""Nac Mac Feegle wha hae!""",0
tribute:L9777,dat_file,tribute,9777,,,4,tribute,"""Gae awa' wi' ye, yer bogle!""",0
tribute:L9779,dat_file,tribute,9779,,,4,tribute,"""Gi'e you sich a guid kickin'!""",0
tribute:L9781,dat_file,tribute,9781,,,4,tribute,"""Nae king!  Nae quin!  We will nae be fooled agin!""",0
tribute:L9783,dat_file,tribute,9783,,,4,tribute,"There is a concept known as a hustle and bustle, and the Feegles were very",0
tribute:L9784,dat_file,tribute,9784,,,4,tribute,"good at it, cheerfully getting in one another's way in the drive to be the",0
tribute:L9785,dat_file,tribute,9785,,,4,tribute,"first into battle, and it seemed as if each small warrior had a battle cry",0
tribute:L9786,dat_file,tribute,9786,,,4,tribute,of his own--and he was very ready to fight anyone who tried to take it,0
tribute:L9787,dat_file,tribute,9787,,,4,tribute,away from him.,0
tribute:L9789,dat_file,tribute,9789,,,4,tribute,"""How many elves?"" asked Rob Anybody, trying to adjust his spog.",0
tribute:L9791,dat_file,tribute,9791,,,4,tribute,There was a pause.,0
tribute:L9793,dat_file,tribute,9793,,,4,tribute,"""One,"" said Big Yan sheepishly.",0
tribute:L9799,dat_file,tribute,9799,,,4,tribute,"""This elf is oor prisoner.  A hostage, ye ken.  That means ye are nae tae",0
tribute:L9800,dat_file,tribute,9800,,,4,tribute,"kill it until ye are told.""  He ignored the grumbles from the clan.  ""As",0
tribute:L9801,dat_file,tribute,9801,,,4,tribute,"tae the rest o' ye, tak guard around yon stones.  And if they come in",0
tribute:L9802,dat_file,tribute,9802,,,4,tribute,"force, show them what the Feegles can dae!""",0
tribute:L9804,dat_file,tribute,9804,,,4,tribute,"Daft Wullie said, ""I can play the harmonica.""",0
tribute:L9806,dat_file,tribute,9806,,,4,tribute,"Rob Anybody sighed.  ""Aye, weel, I suppose that puts the willies up me,",0
tribute:L9807,dat_file,tribute,9807,,,4,tribute,"so wud likely keep them awa'.""",0
tribute:L9813,dat_file,tribute,9813,,,4,tribute,"Sometimes, Tiffany thought, I am so /fed up/ with being young.(1)",0
tribute:L9815,dat_file,tribute,9815,,,4,tribute,"(1) A thought that she would most certainly grow out of, assuming she",0
tribute:L9816,dat_file,tribute,9816,,,4,tribute,survived long enough.,0
tribute:L9832,dat_file,tribute,9832,,,4,tribute,"WHERE THE FIRST PRIMAL CELL WAS, THERE WAS I ALSO.  WHERE MAN IS, THERE AM I.  WHEN THE LAST LIFE CRAWLS UNDER FREEZING STARS, THERE WILL I BE.",0
tribute:L9836,dat_file,tribute,9836,,,4,tribute,"I AM DEATH, NOT TAXES.  /I/ TURN UP ONLY ONCE.",0
tribute:L9840,dat_file,tribute,9840,,,4,tribute,THINK OF IT MORE AS BEING ... DIMENSIONALLY DISADVANTAGED.,0
tribute:L9849,dat_file,tribute,9849,,,4,tribute,HAVE YOU SPOKEN TO RONNIE LATELY?,0
tribute:L9853,dat_file,tribute,9853,,,4,tribute,PLEASE DO NOT PANIC.  YOU ARE MERELY DEAD.,0
tribute:L9857,dat_file,tribute,9857,,,4,tribute,THERE IS A LITTLE CONFUSION AT FIRST.  IT IS ONLY TO BE EXPECTED.,0
tribute:L9867,dat_file,tribute,9867,,,4,tribute,MUSTARD IS ALWAYS TRICKY.,0
tribute:L9869,dat_file,tribute,9869,,,4,tribute,PICKLES OF ALL SORTS DON'T SEEM TO MAKE IT.  I'M SORRY.,0
tribute:L9872,dat_file,tribute,9872,,,4,tribute,IT WON'T HURT A BIT.,0
tribute:L9875,dat_file,tribute,9875,,,4,tribute,SHALL WE GO?,0
tribute:L9878,dat_file,tribute,9878,,,4,tribute,I HAVE COME FOR THEE.,0
tribute:L9884,dat_file,tribute,9884,,,4,tribute,"DARK IN HERE, ISN'T IT?",0
tribute:L9888,dat_file,tribute,9888,,,4,tribute,THERE IS NO GOING BACK.  THERE IS NO GOING BACK.,0
tribute:L9892,dat_file,tribute,9892,,,4,tribute,"I HAVEN'T GOT ALL DAY, YOU KNOW.",0
tribute:L9895,dat_file,tribute,9895,,,4,tribute,LIFE IS FOR THE LIVING.,0
tribute:L9898,dat_file,tribute,9898,,,4,tribute,NO-ONE EVER WANTED TO TALK TO ME BEFORE.,0
tribute:L9901,dat_file,tribute,9901,,,4,tribute,I HAVEN'T GOT A SINGLE FRIEND.  EVEN CATS FIND ME AMUSING.,0
tribute:L9904,dat_file,tribute,9904,,,4,tribute,YOU'RE ONLY PUTTING OFF THE INEVITABLE.,0
tribute:L9910,dat_file,tribute,9910,,,4,tribute,DON'T LET IT UPSET YOU.,0
tribute:L9913,dat_file,tribute,9913,,,4,tribute,I CAN SEE THAT YOU HAVE GOT A LOT TO THINK ABOUT.,0
tribute:L9916,dat_file,tribute,9916,,,4,tribute,PERHAPS IT'S TIME TO CALL IT A DAY.,0
tribute:L9919,dat_file,tribute,9919,,,4,tribute,I KNOW WHEN EVERYONE'S HAD ENOUGH.,0
tribute:L9922,dat_file,tribute,9922,,,4,tribute,I HAVE ALWAYS DONE MY DUTY AS I SAW FIT.,0
tribute:L9925,dat_file,tribute,9925,,,4,tribute,I AM NOT KNOWN FOR MY SENSE OF FUN.,0
tribute:L9928,dat_file,tribute,9928,,,4,tribute,I MEAN THAT THERE IS A TIME FOR EVERYONE TO DIE.,0
tribute:L9931,dat_file,tribute,9931,,,4,tribute,JUST BECAUSE SOMETHING IS A METAPHOR DOESN'T MEAN IT CAN'T BE REAL.,0
tribute:L9934,dat_file,tribute,9934,,,4,tribute,I AM ALWAYS ALONE.  BUT JUST NOW I WANT TO BE ALONE BY MYSELF.,0
tribute:L9938,dat_file,tribute,9938,,,4,tribute,I HAD AN APPOINTMENT WITH YOU TONIGHT.,0
help:L4,dat_file,help,4,,,4,help,"descend into the depths of the dungeon in search of the Amulet of Yendor,",0
help:L5,dat_file,help,5,,,4,help,reputed to be hidden somewhere below the twentieth level.  You begin your,0
help:L6,dat_file,help,6,,,4,help,"adventure with a pet that can help you in many ways, and can be trained",0
help:L8,dat_file,help,8,,,4,help,"items, quite possibly with magic properties, and assorted monsters.  You can",0
help:L9,dat_file,help,9,,,4,help,attack a monster by trying to move onto the space a monster is on (but often,0
help:L10,dat_file,help,10,,,4,help,it is much wiser to leave it alone).,0
help:L12,dat_file,help,12,,,4,help,"Unlike most adventure games, which give you a verbal description of",0
help:L13,dat_file,help,13,,,4,help,"your location, NetHack gives you a visual image of the dungeon level you are",0
help:L14,dat_file,help,14,,,4,help,on.,0
help:L16,dat_file,help,16,,,4,help,NetHack uses the following symbols:,0
help:L18,dat_file,help,18,,,4,help,"- and |  The walls of a room, possibly also open doors or a grave.",0
help:L19,dat_file,help,19,,,4,help,.        The floor of a room or a doorway.,0
help:L21,dat_file,help,21,,,4,help,"sink (if your dungeon has sinks), or a drawbridge.",0
help:L22,dat_file,help,22,,,4,help,>        Stairs down: a way to the next level.,0
help:L23,dat_file,help,23,,,4,help,<        Stairs up: a way to the previous level.,0
help:L24,dat_file,help,24,,,4,help,"@        You (usually), or another human.",0
help:L25,dat_file,help,25,,,4,help,)        A weapon of some sort.,0
help:L26,dat_file,help,26,,,4,help,[        A suit or piece of armor.,0
help:L27,dat_file,help,27,,,4,help,%        Something edible (not necessarily healthy).,0
help:L28,dat_file,help,28,,,4,help,/        A wand.,0
help:L29,dat_file,help,29,,,4,help,=        A ring.,0
help:L30,dat_file,help,30,,,4,help,?        A scroll.,0
help:L31,dat_file,help,31,,,4,help,!        A potion.,0
help:L33,dat_file,help,33,,,4,help,$        A pile of gold.,0
help:L35,dat_file,help,35,,,4,help,"+        A closed door, or a spellbook containing a spell",0
help:L36,dat_file,help,36,,,4,help,you can learn.,0
help:L37,dat_file,help,37,,,4,help,^        A trap (once you detect it).,0
help:L38,dat_file,help,38,,,4,help,"""        An amulet, or a spider web.",0
help:L39,dat_file,help,39,,,4,help,0        An iron ball.,0
help:L40,dat_file,help,40,,,4,help,"_        An altar, or an iron chain.",0
help:L41,dat_file,help,41,,,4,help,{        A fountain.,0
help:L42,dat_file,help,42,,,4,help,}        A pool of water or moat or a pool of lava.,0
help:L43,dat_file,help,43,,,4,help,\        An opulent throne.,0
help:L44,dat_file,help,44,,,4,help,`        A boulder or statue.,0
help:L45,dat_file,help,45,,,4,help,"A to Z, a to z, and several others:  Monsters.",0
help:L46,dat_file,help,46,,,4,help,I        Invisible or unseen monster's last known location,0
help:L48,dat_file,help,48,,,4,help,You can find out what a symbol represents by typing,0
help:L49,dat_file,help,49,,,4,help,'/' and following the directions to move the cursor,0
help:L50,dat_file,help,50,,,4,help,"to the symbol in question.  For instance, a 'd' may",0
help:L51,dat_file,help,51,,,4,help,turn out to be a dog.,0
help:L54,dat_file,help,54,,,4,help,y k u   7 8 9   Move commands:,0
help:L55,dat_file,help,55,,,4,help,\|/     \|/            yuhjklbn: go one step in specified direction,0
help:L56,dat_file,help,56,,,4,help,h-.-l   4-.-6           YUHJKLBN: go in specified direction until you,0
help:L57,dat_file,help,57,,,4,help,/|\     /|\                        hit a wall or run into something,0
help:L58,dat_file,help,58,,,4,help,b j n   1 2 3           g<dir>:   run in direction <dir> until something,0
help:L59,dat_file,help,59,,,4,help,numberpad                     interesting is seen,0
help:L60,dat_file,help,60,,,4,help,"G<dir>,   same, except a branching corridor isn't",0
help:L61,dat_file,help,61,,,4,help,<  up                  ^<dir>:     considered interesting (the ^ in this,0
help:L62,dat_file,help,62,,,4,help,"case means the Control key, not a caret)",0
help:L63,dat_file,help,63,,,4,help,>  down                m<dir>:   move without picking up objects,0
help:L64,dat_file,help,64,,,4,help,F<dir>:   fight even if you don't sense a monster,0
help:L65,dat_file,help,65,,,4,help,"If the number_pad option is set, the number keys move instead.",0
help:L66,dat_file,help,66,,,4,help,"Depending on the platform, Shift number (on the numberpad),",0
help:L67,dat_file,help,67,,,4,help,"Meta number, or Alt number will invoke the YUHJKLBN commands.",0
help:L68,dat_file,help,68,,,4,help,"Control <dir> may or may not work when number_pad is enabled,",0
help:L69,dat_file,help,69,,,4,help,depending on the platform's capabilities.,0
help:L70,dat_file,help,70,,,4,help,"Digit '5' acts as 'G' prefix, unless number_pad is set to 2",0
help:L72,dat_file,help,72,,,4,help,"If number_pad is set to 3, the roles of 1,2,3 and 7,8,9 are",0
help:L73,dat_file,help,73,,,4,help,"reversed; when set to 4, behaves same as 3 combined with 2.",0
help:L74,dat_file,help,74,,,4,help,"If number_pad is set to -1, alphabetic movement commands are",0
help:L75,dat_file,help,75,,,4,help,used but 'y' and 'z' are swapped.,0
help:L77,dat_file,help,77,,,4,help,Commands:,0
help:L78,dat_file,help,78,,,4,help,NetHack knows the following commands:,0
help:L79,dat_file,help,79,,,4,help,?       Help menu.,0
help:L80,dat_file,help,80,,,4,help,"/       What-is, tell what a symbol represents.  You may choose to",0
help:L81,dat_file,help,81,,,4,help,specify a location or give a symbol argument.  Enabling the,0
help:L82,dat_file,help,82,,,4,help,autodescribe option will give information about the symbol,0
help:L83,dat_file,help,83,,,4,help,at each location you move the cursor onto.,0
help:L84,dat_file,help,84,,,4,help,&       Tell what a command does.,0
help:L85,dat_file,help,85,,,4,help,<       Go up a staircase (if you are standing on it).,0
help:L86,dat_file,help,86,,,4,help,>       Go down a staircase (if you are standing on it).,0
help:L87,dat_file,help,87,,,4,help,".       Rest, do nothing for one turn.",0
help:L88,dat_file,help,88,,,4,help,_       Travel via a shortest-path algorithm to a point on the map.,0
help:L89,dat_file,help,89,,,4,help,"a       Apply (use) a tool (pick-axe, key, lamp...).",0
help:L90,dat_file,help,90,,,4,help,A       Remove all armor.,0
help:L91,dat_file,help,91,,,4,help,^A      Redo the previous command.,0
help:L92,dat_file,help,92,,,4,help,c       Close a door.,0
help:L93,dat_file,help,93,,,4,help,"C       Call (name) monster, individual object, or type of object.",0
help:L94,dat_file,help,94,,,4,help,d       Drop something.  d7a:  drop seven items of object a.,0
help:L95,dat_file,help,95,,,4,help,D       Drop multiple items.  This command is implemented in two,0
help:L96,dat_file,help,96,,,4,help,different ways.  One way is:,0
help:L97,dat_file,help,97,,,4,help,"""D"" displays a list of all of your items, from which you can",0
help:L98,dat_file,help,98,,,4,help,"pick and choose what to drop.  A ""+"" next to an item means",0
help:L99,dat_file,help,99,,,4,help,"that it will be dropped, a ""-"" means that it will not be",0
help:L100,dat_file,help,100,,,4,help,dropped.  Toggle an item to be selected/deselected by typing,0
help:L101,dat_file,help,101,,,4,help,the letter adjacent to its description.  Select all items,0
help:L102,dat_file,help,102,,,4,help,"with ""+"", deselect all items with ""="".  The <SPACEBAR> moves",0
help:L103,dat_file,help,103,,,4,help,you from one page of the listing to the next.,0
help:L104,dat_file,help,104,,,4,help,The other way is:,0
help:L105,dat_file,help,105,,,4,help,"""D"" will ask the question ""What kinds of things do you want",0
help:L106,dat_file,help,106,,,4,help,"to drop? [!%= au]"".  You should type zero or more object",0
help:L107,dat_file,help,107,,,4,help,symbols possibly followed by 'a' and/or 'u'.,0
help:L110,dat_file,help,110,,,4,help,D%u - drop only unpaid food.,0
help:L111,dat_file,help,111,,,4,help,"^D      Kick (for doors, usually).",0
help:L112,dat_file,help,112,,,4,help,e       Eat food.,0
help:L113,dat_file,help,113,,,4,help,E       Engrave a message on the floor.,0
help:L114,dat_file,help,114,,,4,help,E- - write in the dust with your fingers.,0
help:L115,dat_file,help,115,,,4,help,f       Fire ammunition from quiver.,0
help:L116,dat_file,help,116,,,4,help,"F       Followed by direction, fight a monster (even if you don't",0
help:L117,dat_file,help,117,,,4,help,sense it).,0
help:L118,dat_file,help,118,,,4,help,i       Display your inventory.,0
help:L119,dat_file,help,119,,,4,help,"I       Display selected parts of your inventory, as in",0
help:L120,dat_file,help,120,,,4,help,I* - list all gems in inventory.,0
help:L124,dat_file,help,124,,,4,help,o       Open a door.,0
help:L125,dat_file,help,125,,,4,help,O       Review current options and possibly change them.,0
help:L126,dat_file,help,126,,,4,help,A menu displaying the option settings will be displayed,0
help:L127,dat_file,help,127,,,4,help,and most can be changed by simply selecting their entry.,0
help:L128,dat_file,help,128,,,4,help,Options are usually set before the game with NETHACKOPTIONS,0
help:L129,dat_file,help,129,,,4,help,"environment variable or via a configuration file (defaults.nh,",0
help:L130,dat_file,help,130,,,4,help,"NetHack Defaults, nethack.cnf, ~/.nethackrc, etc.) rather",0
help:L131,dat_file,help,131,,,4,help,than with the 'O' command.,0
help:L132,dat_file,help,132,,,4,help,p       Pay your shopping bill.,0
help:L133,dat_file,help,133,,,4,help,"P       Put on an accessory (ring, amulet, etc).",0
help:L134,dat_file,help,134,,,4,help,^P      Repeat last message (subsequent ^P's repeat earlier messages).,0
help:L135,dat_file,help,135,,,4,help,The behavior can be varied via the msg_window option.,0
help:L136,dat_file,help,136,,,4,help,"q       Drink (quaff) something (potion, water, etc).",0
help:L137,dat_file,help,137,,,4,help,Q       Select ammunition for quiver.,0
help:L139,dat_file,help,139,,,4,help,r       Read a scroll or spellbook.,0
help:L140,dat_file,help,140,,,4,help,"R       Remove an accessory (ring, amulet, etc).",0
help:L141,dat_file,help,141,,,4,help,^R      Redraw the screen.,0
help:L142,dat_file,help,142,,,4,help,s       Search for secret doors and traps around you.,0
help:L143,dat_file,help,143,,,4,help,S       Save the game.  Also exits the program.,0
help:L144,dat_file,help,144,,,4,help,"[To restore, just play again and use the same character name.]",0
help:L145,dat_file,help,145,,,4,help,"[There is no ""save current data but keep playing"" capability.]",0
help:L146,dat_file,help,146,,,4,help,t       Throw an object or shoot a projectile.,0
help:L147,dat_file,help,147,,,4,help,T       Take off armor.,0
help:L148,dat_file,help,148,,,4,help,"^T      Teleport, if you are able.",0
help:L149,dat_file,help,149,,,4,help,v       Displays the version number.,0
help:L150,dat_file,help,150,,,4,help,"V       Display a longer identification of the version, including the",0
help:L151,dat_file,help,151,,,4,help,history of the game.,0
help:L152,dat_file,help,152,,,4,help,"w       Wield weapon.  w- means wield nothing, use bare hands.",0
help:L153,dat_file,help,153,,,4,help,W       Wear armor.,0
help:L154,dat_file,help,154,,,4,help,x       Swap wielded and secondary weapons.,0
help:L155,dat_file,help,155,,,4,help,X       Toggle two-weapon combat.,0
help:L156,dat_file,help,156,,,4,help,^X      Show your attributes.,0
help:L158,dat_file,help,158,,,4,help,deleting the save file during restore can both be overridden.,0
help:L162,dat_file,help,162,,,4,help,"[To resume, use the shell command 'fg'.]",0
help:L163,dat_file,help,163,,,4,help,:       Look at what is here.,0
help:L164,dat_file,help,164,,,4,help,;       Look at what is somewhere else.,0
help:L165,dat_file,help,165,,,4,help,",       Pick up some things.",0
help:L166,dat_file,help,166,,,4,help,@       Toggle the pickup option.,0
help:L167,dat_file,help,167,,,4,help,^       Ask for the type of a trap you found earlier.,0
help:L168,dat_file,help,168,,,4,help,)       Tell what weapon you are wielding.,0
help:L169,dat_file,help,169,,,4,help,[       Tell what armor you are wearing.,0
help:L170,dat_file,help,170,,,4,help,=       Tell what rings you are wearing.,0
help:L171,dat_file,help,171,,,4,help,"""       Tell what amulet you are wearing.",0
help:L172,dat_file,help,172,,,4,help,(       Tell what tools you are using.,0
help:L174,dat_file,help,174,,,4,help,$       Count your gold pieces.,0
help:L175,dat_file,help,175,,,4,help,+       List the spells you know; also rearrange them if desired.,0
help:L176,dat_file,help,176,,,4,help,\       Show what types of objects have been discovered.,0
help:L177,dat_file,help,177,,,4,help,`       Show discovered types for one class of objects.,0
help:L179,dat_file,help,179,,,4,help,"[To resume play, terminate the shell subprocess via 'exit'.]",0
help:L181,dat_file,help,181,,,4,help,"the commands you can use with ""#"" type ""#?"".  The extended",0
help:L182,dat_file,help,182,,,4,help,commands you can use depends upon what options the game was,0
help:L183,dat_file,help,183,,,4,help,"compiled with, along with your class and what type of monster",0
help:L184,dat_file,help,184,,,4,help,you most closely resemble at a given moment.  If your keyboard,0
help:L185,dat_file,help,185,,,4,help,"has a meta key (which, when pressed in combination with another",0
help:L186,dat_file,help,186,,,4,help,"key, modifies it by setting the 'meta' (8th, or 'high') bit),",0
help:L187,dat_file,help,187,,,4,help,these extended commands can be invoked by meta-ing the first,0
help:L188,dat_file,help,188,,,4,help,letter of the command.  An alt key may have a similar effect.,0
help:L190,dat_file,help,190,,,4,help,"If the ""number_pad"" option is on, some additional letter commands",0
help:L191,dat_file,help,191,,,4,help,are available:,0
help:L193,dat_file,help,193,,,4,help,"h       displays the help menu, like '?'",0
help:L194,dat_file,help,194,,,4,help,j       Jump to another location.,0
help:L195,dat_file,help,195,,,4,help,"k       Kick (for doors, usually).",0
help:L196,dat_file,help,196,,,4,help,l       Loot a box on the floor.,0
help:L197,dat_file,help,197,,,4,help,n       followed by number of times to repeat the next command.,0
help:L198,dat_file,help,198,,,4,help,"N       Name a monster, an individual object, or a type of object.",0
help:L199,dat_file,help,199,,,4,help,u       Untrap a trapped object or door.,0
help:L201,dat_file,help,201,,,4,help,"You can put a number before a command to repeat it that many times,",0
help:L202,dat_file,help,202,,,4,help,"as in ""40."" or ""20s"".  If you have the number_pad option set, you",0
help:L203,dat_file,help,203,,,4,help,"must type 'n' to prefix the count, as in ""n40."" or ""n20s"".",0
help:L206,dat_file,help,206,,,4,help,Some information is displayed on the bottom line or perhaps in a,0
help:L207,dat_file,help,207,,,4,help,"box, depending on the platform you are using.  You see your",0
help:L208,dat_file,help,208,,,4,help,"attributes, your alignment, what dungeon level you are on, how many",0
help:L209,dat_file,help,209,,,4,help,"hit points you have now (and will have when fully recovered), what",0
help:L210,dat_file,help,210,,,4,help,"your armor class is (the lower the better), your experience level,",0
help:L211,dat_file,help,211,,,4,help,"and the state of your stomach.  Optionally, you may or may not see",0
help:L212,dat_file,help,212,,,4,help,"other information such as spell points, how much gold you have, etc.",0
help:L214,dat_file,help,214,,,4,help,"Have Fun, and Happy Hacking!",0
hh:L1,dat_file,hh,1,,,4,help,y k u   7 8 9   Move commands:,0
hh:L2,dat_file,hh,2,,,4,help,\|/     \|/            yuhjklbn: go one step in specified direction,0
hh:L3,dat_file,hh,3,,,4,help,h-.-l   4-.-6           YUHJKLBN: go in specified direction until you,0
hh:L4,dat_file,hh,4,,,4,help,/|\     /|\                        hit a wall or run into something,0
hh:L5,dat_file,hh,5,,,4,help,b j n   1 2 3           g<dir>:   run in direction <dir> until something,0
hh:L6,dat_file,hh,6,,,4,help,numberpad                     interesting is seen,0
hh:L7,dat_file,hh,7,,,4,help,"G<dir>,   same, except a branching corridor isn't",0
hh:L8,dat_file,hh,8,,,4,help,<  up                  ^<dir>:     considered interesting (the ^ in this,0
hh:L9,dat_file,hh,9,,,4,help,"case means the Control key, not a caret)",0
hh:L10,dat_file,hh,10,,,4,help,>  down                m<dir>:   move without picking up objects/fighting,0
hh:L11,dat_file,hh,11,,,4,help,F<dir>:   fight even if you don't sense a monster,0
hh:L12,dat_file,hh,12,,,4,help,"If the number_pad option is set, the digit keys move instead.",0
hh:L13,dat_file,hh,13,,,4,help,"Depending on the platform, Shift digit (on the numberpad),",0
hh:L14,dat_file,hh,14,,,4,help,"Meta digit, or Alt digit will invoke the YUHJKLBN commands.",0
hh:L15,dat_file,hh,15,,,4,help,"Control <dir> may or may not work when number_pad is enabled,",0
hh:L16,dat_file,hh,16,,,4,help,depending on the platform's capabilities.,0
hh:L17,dat_file,hh,17,,,4,help,"Digit '5' acts as 'G' prefix, unless number_pad is set to 2",0
hh:L19,dat_file,hh,19,,,4,help,"If number_pad is set to 3, the roles of 1,2,3 and 7,8,9 are",0
hh:L20,dat_file,hh,20,,,4,help,"reversed; when set to 4, behaves same as 3 combined with 2.",0
hh:L21,dat_file,hh,21,,,4,help,"If number_pad is set to -1, alphabetic movement commands are",0
hh:L22,dat_file,hh,22,,,4,help,used but 'y' and 'z' are swapped.,0
hh:L24,dat_file,hh,24,,,4,help,General commands:,0
hh:L25,dat_file,hh,25,,,4,help,?     help      display one of several informative texts,0
hh:L27,dat_file,hh,27,,,4,help,S     save      save the game (to be continued later) and exit,0
hh:L28,dat_file,hh,28,,,4,help,"[to restore, play again and use the same character name;",0
hh:L29,dat_file,hh,29,,,4,help,use #quit to quit without saving],0
hh:L32,dat_file,hh,32,,,4,help,"[on UNIX(tm)-based systems, use the 'fg' command to resume]",0
hh:L33,dat_file,hh,33,,,4,help,O     options   set options,0
hh:L34,dat_file,hh,34,,,4,help,/     what-is   tell what a map symbol represents,0
hh:L35,dat_file,hh,35,,,4,help,\     known     display list of what's been discovered,0
hh:L36,dat_file,hh,36,,,4,help,|     perminv   interact with persistent inventory window instead of hero+map,0
hh:L37,dat_file,hh,37,,,4,help,v     chronicle display a list of important events,0
hh:L38,dat_file,hh,38,,,4,help,V     version   display version number,0
hh:L39,dat_file,hh,39,,,4,help,^A    again     redo the previous command,0
hh:L40,dat_file,hh,40,,,4,help,^R    redraw    redraw the screen,0
hh:L43,dat_file,hh,43,,,4,help,&     what-does describe the command a keystroke invokes,0
hh:L45,dat_file,hh,45,,,4,help,Control characters are depicted as '^' followed by a letter.  Depress Ctrl,0
hh:L46,dat_file,hh,46,,,4,help,or Control like a shift key then type the letter.  Control characters are,0
hh:L47,dat_file,hh,47,,,4,help,"case-insensitive; ^D is the same as ^d, Ctrl+d is same as Ctrl+Shift+d.",0
hh:L48,dat_file,hh,48,,,4,help,There are a few non-letter control characters; nethack uses ^[ as a synonym,0
hh:L49,dat_file,hh,49,,,4,help,for Escape (or vice versa) and ^_ for #retravel but none of the others.,0
hh:L51,dat_file,hh,51,,,4,help,Game commands:,0
hh:L54,dat_file,hh,54,,,4,help,^X    show      show your attributes,0
hh:L56,dat_file,hh,56,,,4,help,"A     takeoffall  choose multiple items of armor, accessories, and weapons",0
hh:L57,dat_file,hh,57,,,4,help,"to take off, remove, unwield (uses same amount of game time",0
hh:L58,dat_file,hh,58,,,4,help,"as removing them individually with T,R,w- would take)",0
hh:L59,dat_file,hh,59,,,4,help,c     close     close a door,0
hh:L60,dat_file,hh,60,,,4,help,"C     call      name a monster, an individual object, or a type of object",0
hh:L61,dat_file,hh,61,,,4,help,d     drop      drop an object.  d7a:  drop seven items of object 'a',0
hh:L62,dat_file,hh,62,,,4,help,D     Drop      drop selected types of objects,0
hh:L63,dat_file,hh,63,,,4,help,e     eat       eat something,0
hh:L65,dat_file,hh,65,,,4,help,f     fire      fire ammunition from quiver,0
hh:L66,dat_file,hh,66,,,4,help,"F     fight     followed by direction, fight a monster",0
hh:L68,dat_file,hh,68,,,4,help,I     Invent    list selected parts of your inventory; for example,0
hh:L69,dat_file,hh,69,,,4,help,"I(  list all tools, or  I""  list all amulets",0
hh:L70,dat_file,hh,70,,,4,help,IB  list all items known to be blessed,0
hh:L71,dat_file,hh,71,,,4,help,"IU  uncursed, or  IC  cursed, or  IX  unknown bless state",0
hh:L72,dat_file,hh,72,,,4,help,"Iu  when in a shop, list unpaid objects being carried",0
hh:L73,dat_file,hh,73,,,4,help,"Ix  in a shop, list any fees and used-up shop-owned items",0
hh:L74,dat_file,hh,74,,,4,help,o     open      open a door,0
hh:L76,dat_file,hh,76,,,4,help,"P     puton     put on an accessory (ring, amulet, etc; can be used to wear",0
hh:L77,dat_file,hh,77,,,4,help,"armor too, but armor items aren't listed as likely candidates)",0
hh:L81,dat_file,hh,81,,,4,help,"R     remove    remove an accessory (ring, amulet, etc; can be used to take",0
hh:L82,dat_file,hh,82,,,4,help,off armor too),0
hh:L83,dat_file,hh,83,,,4,help,"s     search    search for secret doors, hidden traps and monsters",0
hh:L84,dat_file,hh,84,,,4,help,t     throw     throw or shoot a weapon,0
hh:L85,dat_file,hh,85,,,4,help,"T     takeoff   take off some armor; can be used to remove accessories too,",0
hh:L86,dat_file,hh,86,,,4,help,but those aren't listed as likely candidates),0
hh:L88,dat_file,hh,88,,,4,help,"W     wear      wear an item of armor; can be used to put on accessories too,",0
hh:L89,dat_file,hh,89,,,4,help,but those aren't listed as likely candidates),0
hh:L90,dat_file,hh,90,,,4,help,x     xchange   swap wielded and secondary weapons,0
hh:L91,dat_file,hh,91,,,4,help,X     twoweapon toggle two-weapon combat if role allows that,0
hh:L94,dat_file,hh,94,,,4,help,<     up        go up the stairs,0
hh:L95,dat_file,hh,95,,,4,help,>     down      go down the stairs,0
hh:L96,dat_file,hh,96,,,4,help,^     trap_id   identify a previously found trap,0
hh:L97,dat_file,hh,97,,,4,help,"),[,=,"",(       show current items of specified symbol in use",0
hh:L99,dat_file,hh,99,,,4,help,$     gold      count your gold,0
hh:L100,dat_file,hh,100,,,4,help,+     spells    list the spells you know; also rearrange them if desired,0
hh:L101,dat_file,hh,101,,,4,help,`     classkn   display known items for one class of objects,0
hh:L102,dat_file,hh,102,,,4,help,_     travel    move via a shortest-path algorithm to a point on the map,0
hh:L103,dat_file,hh,103,,,4,help,^_    retravel  resume travelling toward previously specified destination,0
hh:L104,dat_file,hh,104,,,4,help,.     rest      wait a moment,0
hh:L105,dat_file,hh,105,,,4,help,",     pickup    pick up all you can carry",0
hh:L106,dat_file,hh,106,,,4,help,"@               toggle ""pickup"" (auto pickup) option on and off",0
hh:L107,dat_file,hh,107,,,4,help,:     look      look at what is here,0
hh:L108,dat_file,hh,108,,,4,help,;     farlook   look at what is somewhere else by selecting a map location,0
hh:L109,dat_file,hh,109,,,4,help,"(for a monster on top of one or more objects, only describes",0
hh:L110,dat_file,hh,110,,,4,help,"that monster; for a pile of objects, only describes top one)",0
hh:L112,dat_file,hh,112,,,4,help,"Keyboards that have a meta key (some use Alt for that, so typing Alt as a",0
hh:L113,dat_file,hh,113,,,4,help,shift plus 'e' would generate 'M-e') can also use these extended commands,0
hh:L114,dat_file,hh,114,,,4,help,via the meta modifier as an alternative to using the # prefix.  Unlike,0
hh:L115,dat_file,hh,115,,,4,help,"control characters, meta characters are case-sensitive so M-a is different",0
hh:L116,dat_file,hh,116,,,4,help,"from M-A.  Type the latter with two keys used as shifts, Meta+Shift+a.",0
hh:L120,dat_file,hh,120,,,4,help,M-a   adjust    adjust inventory letters,0
hh:L122,dat_file,hh,122,,,4,help,M-c   chat      talk to someone,0
hh:L123,dat_file,hh,123,,,4,help,M-C   conduct   view optional challenges,0
hh:L124,dat_file,hh,124,,,4,help,M-d   dip       dip an object into something,0
hh:L125,dat_file,hh,125,,,4,help,"M-e   enhance   show weapon and spell skills, can improve them if eligible",0
hh:L126,dat_file,hh,126,,,4,help,M-f   force     force a lock,0
hh:L127,dat_file,hh,127,,,4,help,"M-g   genocided list genocided and extinct monster types, if any",0
hh:L128,dat_file,hh,128,,,4,help,M-i   invoke    invoke an object's special powers,0
hh:L129,dat_file,hh,129,,,4,help,M-j   jump      jump to another location,0
hh:L130,dat_file,hh,130,,,4,help,M-l   loot      loot a box on the floor,0
hh:L131,dat_file,hh,131,,,4,help,"M-m   monster   when polymorphed, use monster's special ability",0
hh:L132,dat_file,hh,132,,,4,help,"M-n   name      name a monster, an individual object, or a type of object",0
hh:L134,dat_file,hh,134,,,4,help,M-o   offer     offer a sacrifice to the gods,0
hh:L135,dat_file,hh,135,,,4,help,M-O   overview  display information about visited levels and annotations,0
hh:L136,dat_file,hh,136,,,4,help,M-p   pray      pray to the gods for help,0
hh:L139,dat_file,hh,139,,,4,help,M-R   ride      mount or dismount saddled steed,0
hh:L140,dat_file,hh,140,,,4,help,M-s   sit       sit down,0
hh:L141,dat_file,hh,141,,,4,help,M-t   turn      turn undead if role allows that,0
hh:L142,dat_file,hh,142,,,4,help,M-T   tip       upend a container to dump out its contents,0
hh:L143,dat_file,hh,143,,,4,help,M-u   untrap    untrap something,0
hh:L144,dat_file,hh,144,,,4,help,M-V   vanquished list number and type of vanquished monsters,0
hh:L145,dat_file,hh,145,,,4,help,M-v   version   print compile time options for this version,0
hh:L146,dat_file,hh,146,,,4,help,M-w   wipe      wipe off your face,0
hh:L147,dat_file,hh,147,,,4,help,M-X   explore   switch from regular play to non-scoring explore mode,0
hh:L149,dat_file,hh,149,,,4,help,"If the 'number_pad' option is on, keys usually used for movement can be",0
hh:L150,dat_file,hh,150,,,4,help,used for various commands:,0
hh:L152,dat_file,hh,152,,,4,help,n               followed by number of times to repeat the next command,0
hh:L153,dat_file,hh,153,,,4,help,"h     help      display one of several informative texts, like '?'",0
hh:L154,dat_file,hh,154,,,4,help,j     jump      jump to another location,0
hh:L156,dat_file,hh,156,,,4,help,l     loot      loot a box on the floor,0
hh:L157,dat_file,hh,157,,,4,help,N     name      name an item or type of object,0
hh:L160,dat_file,hh,160,,,4,help,Additional commands are available in debug mode (also known as wizard mode).,0
cmdhelp:L1,dat_file,cmdhelp,1,,,4,help,&# cmdhelp - became obsolete when 'BINDINGS=key:command' got added,0
cmdhelp:L2,dat_file,cmdhelp,2,,,4,help,&	Tell what command a keystroke invokes,0
cmdhelp:L3,dat_file,cmdhelp,3,,,4,help,^	Show the type of an adjacent trap,0
cmdhelp:L5,dat_file,cmdhelp,5,,,4,help,&? debug,0
cmdhelp:L6,dat_file,cmdhelp,6,,,4,help,"^E	Search for nearby traps, secret doors, and unseen monsters",0
cmdhelp:L7,dat_file,cmdhelp,7,,,4,help,^F	Map level; reveals traps and secret corridors but not secret doors,0
cmdhelp:L8,dat_file,cmdhelp,8,,,4,help,^G	Create a monster by name or class,0
cmdhelp:L9,dat_file,cmdhelp,9,,,4,help,^I	View inventory with all items identified,0
cmdhelp:L10,dat_file,cmdhelp,10,,,4,help,^O	List special level locations,0
cmdhelp:L11,dat_file,cmdhelp,11,,,4,help,^V	Teleport between levels,0
cmdhelp:L12,dat_file,cmdhelp,12,,,4,help,^W	Wish for something,0
cmdhelp:L13,dat_file,cmdhelp,13,,,4,help,&: #!debug,0
cmdhelp:L14,dat_file,cmdhelp,14,,,4,help,^E	unavailable debugging command,0
cmdhelp:L15,dat_file,cmdhelp,15,,,4,help,^F	unavailable debugging command,0
cmdhelp:L16,dat_file,cmdhelp,16,,,4,help,^G	unavailable debugging command,0
cmdhelp:L17,dat_file,cmdhelp,17,,,4,help,^I	unavailable debugging command,0
cmdhelp:L18,dat_file,cmdhelp,18,,,4,help,^O	Shortcut for '#overview': list interesting levels you have visited,0
cmdhelp:L19,dat_file,cmdhelp,19,,,4,help,^V	unavailable debugging command,0
cmdhelp:L20,dat_file,cmdhelp,20,,,4,help,^W	unavailable debugging command,0
cmdhelp:L21,dat_file,cmdhelp,21,,,4,help,&. #?debug,0
cmdhelp:L22,dat_file,cmdhelp,22,,,4,help,"&? number_pad=0,-1",0
cmdhelp:L23,dat_file,cmdhelp,23,,,4,help,b	Go southwest 1 space,0
cmdhelp:L24,dat_file,cmdhelp,24,,,4,help,B	Go southwest until you are on top of something,0
cmdhelp:L25,dat_file,cmdhelp,25,,,4,help,h	Go west 1 space,0
cmdhelp:L26,dat_file,cmdhelp,26,,,4,help,H	Go west until you are on top of something,0
cmdhelp:L27,dat_file,cmdhelp,27,,,4,help,j	Go south 1 space,0
cmdhelp:L28,dat_file,cmdhelp,28,,,4,help,J	Go south until you are on top of something,0
cmdhelp:L29,dat_file,cmdhelp,29,,,4,help,k	Go north 1 space,0
cmdhelp:L30,dat_file,cmdhelp,30,,,4,help,K	Go north until you are on top of something,0
cmdhelp:L31,dat_file,cmdhelp,31,,,4,help,l	Go east 1 space,0
cmdhelp:L32,dat_file,cmdhelp,32,,,4,help,L	Go east until you are on top of something,0
cmdhelp:L33,dat_file,cmdhelp,33,,,4,help,n	Go southeast 1 space,0
cmdhelp:L34,dat_file,cmdhelp,34,,,4,help,N	Go southeast until you are on something,0
cmdhelp:L35,dat_file,cmdhelp,35,,,4,help,u	Go northeast 1 space,0
cmdhelp:L36,dat_file,cmdhelp,36,,,4,help,U	Go northeast until you are on top of something,0
cmdhelp:L37,dat_file,cmdhelp,37,,,4,help,"&# y,Y handled below",0
cmdhelp:L38,dat_file,cmdhelp,38,,,4,help,"&: #number_pad=1,2,3,4",0
cmdhelp:L39,dat_file,cmdhelp,39,,,4,help,h	Help: synonym for '?',0
cmdhelp:L40,dat_file,cmdhelp,40,,,4,help,j	Jump: shortcut for '#jump',0
cmdhelp:L41,dat_file,cmdhelp,41,,,4,help,k	Kick: synonym for '^D',0
cmdhelp:L42,dat_file,cmdhelp,42,,,4,help,l	Loot: shortcut for '#loot',0
cmdhelp:L43,dat_file,cmdhelp,43,,,4,help,n	Start a count; continue with digit(s),0
cmdhelp:L44,dat_file,cmdhelp,44,,,4,help,N	Name: shortcut for '#name',0
cmdhelp:L45,dat_file,cmdhelp,45,,,4,help,u	Untrap: shortcut for '#untrap',0
cmdhelp:L46,dat_file,cmdhelp,46,,,4,help,"&. #0,-1 vs 1,2,3,4",0
cmdhelp:L47,dat_file,cmdhelp,47,,,4,help,a	Apply (use) a tool or break a wand,0
cmdhelp:L48,dat_file,cmdhelp,48,,,4,help,A	Remove all armor and/or all accessories and/or unwield weapons,0
cmdhelp:L49,dat_file,cmdhelp,49,,,4,help,^A	Redo the previous command,0
cmdhelp:L50,dat_file,cmdhelp,50,,,4,help,^B	Go southwest until you are near something,0
cmdhelp:L51,dat_file,cmdhelp,51,,,4,help,c	Close a door,0
cmdhelp:L52,dat_file,cmdhelp,52,,,4,help,"C	Call (name) a monster, an individual object, or a type of object",0
cmdhelp:L53,dat_file,cmdhelp,53,,,4,help,^C	Interrupt: quit the game,0
cmdhelp:L54,dat_file,cmdhelp,54,,,4,help,d	Drop an item,0
cmdhelp:L55,dat_file,cmdhelp,55,,,4,help,D	Drop specific item types,0
cmdhelp:L57,dat_file,cmdhelp,57,,,4,help,e	Eat something,0
cmdhelp:L58,dat_file,cmdhelp,58,,,4,help,E	Engrave writing on the floor,0
cmdhelp:L59,dat_file,cmdhelp,59,,,4,help,f	Fire ammunition from quiver,0
cmdhelp:L61,dat_file,cmdhelp,61,,,4,help,"g	Followed by direction, move until you are near something",0
cmdhelp:L62,dat_file,cmdhelp,62,,,4,help,"G	Followed by direction, same as control-direction",0
cmdhelp:L63,dat_file,cmdhelp,63,,,4,help,^H	Go west until you are near something,0
cmdhelp:L64,dat_file,cmdhelp,64,,,4,help,i	Show your inventory,0
cmdhelp:L65,dat_file,cmdhelp,65,,,4,help,I	Inventory specific item types,0
cmdhelp:L66,dat_file,cmdhelp,66,,,4,help,^J	Go south until you are near something,0
cmdhelp:L67,dat_file,cmdhelp,67,,,4,help,^K	Go north until you are near something,0
cmdhelp:L68,dat_file,cmdhelp,68,,,4,help,^L	Go east until you are near something,0
cmdhelp:L69,dat_file,cmdhelp,69,,,4,help,"m	Followed by direction, move without picking anything up or fighting",0
cmdhelp:L70,dat_file,cmdhelp,70,,,4,help,"M	Followed by direction, move a distance without picking anything up",0
cmdhelp:L71,dat_file,cmdhelp,71,,,4,help,^N	Go southeast until you are near something,0
cmdhelp:L72,dat_file,cmdhelp,72,,,4,help,o	Open a door,0
cmdhelp:L73,dat_file,cmdhelp,73,,,4,help,"O	Show option settings, possibly change them",0
cmdhelp:L74,dat_file,cmdhelp,74,,,4,help,p	Pay your shopping bill,0
cmdhelp:L76,dat_file,cmdhelp,76,,,4,help,^P	Toggle through previously displayed game messages,0
cmdhelp:L81,dat_file,cmdhelp,81,,,4,help,^R	Redraw screen,0
cmdhelp:L82,dat_file,cmdhelp,82,,,4,help,s	Search all immediately adjacent locations for traps and secret doors,0
cmdhelp:L86,dat_file,cmdhelp,86,,,4,help,^T	Teleport around level,0
cmdhelp:L87,dat_file,cmdhelp,87,,,4,help,^U	Go northeast until you are near something,0
cmdhelp:L89,dat_file,cmdhelp,89,,,4,help,V	Show history of game's development,0
cmdhelp:L92,dat_file,cmdhelp,92,,,4,help,x	Swap wielded and secondary weapons,0
cmdhelp:L93,dat_file,cmdhelp,93,,,4,help,X	Toggle two-weapon combat,0
cmdhelp:L95,dat_file,cmdhelp,95,,,4,help,"&? number_pad=0,1,2,3,4",0
cmdhelp:L96,dat_file,cmdhelp,96,,,4,help,&? number_pad=0,0
cmdhelp:L97,dat_file,cmdhelp,97,,,4,help,y	Go northwest 1 space,0
cmdhelp:L98,dat_file,cmdhelp,98,,,4,help,Y	Go northwest until you are on top of something,0
cmdhelp:L99,dat_file,cmdhelp,99,,,4,help,&.,0
cmdhelp:L100,dat_file,cmdhelp,100,,,4,help,^Y	Go northwest until you are near something,0
cmdhelp:L102,dat_file,cmdhelp,102,,,4,help,Z	Zap (cast) a spell,0
cmdhelp:L103,dat_file,cmdhelp,103,,,4,help,&? suspend,0
cmdhelp:L104,dat_file,cmdhelp,104,,,4,help,^Z	Suspend game; 'fg' (foreground) to resume,0
cmdhelp:L105,dat_file,cmdhelp,105,,,4,help,&:,0
cmdhelp:L106,dat_file,cmdhelp,106,,,4,help,^Z	unavailable command: suspend,0
cmdhelp:L107,dat_file,cmdhelp,107,,,4,help,&.,0
cmdhelp:L108,dat_file,cmdhelp,108,,,4,help,&: number_pad=-1,0
cmdhelp:L110,dat_file,cmdhelp,110,,,4,help,Y	Zap (cast) a spell,0
cmdhelp:L111,dat_file,cmdhelp,111,,,4,help,&? suspend,0
cmdhelp:L112,dat_file,cmdhelp,112,,,4,help,^Y	Suspend game; 'fg' (foreground) to resume,0
cmdhelp:L113,dat_file,cmdhelp,113,,,4,help,&:,0
cmdhelp:L114,dat_file,cmdhelp,114,,,4,help,^Y	unavailable command: suspend,0
cmdhelp:L115,dat_file,cmdhelp,115,,,4,help,&.,0
cmdhelp:L116,dat_file,cmdhelp,116,,,4,help,z	Go northwest 1 space,0
cmdhelp:L117,dat_file,cmdhelp,117,,,4,help,Z	Go northwest until you are on top of something,0
cmdhelp:L118,dat_file,cmdhelp,118,,,4,help,^Z	Go northwest until you are near something,0
cmdhelp:L119,dat_file,cmdhelp,119,,,4,help,"&. #0,1..4 vs -1",0
cmdhelp:L120,dat_file,cmdhelp,120,,,4,help,<	Go up a staircase,0
cmdhelp:L121,dat_file,cmdhelp,121,,,4,help,>	Go down a staircase,0
cmdhelp:L122,dat_file,cmdhelp,122,,,4,help,/	Show what type of thing a symbol corresponds to,0
cmdhelp:L123,dat_file,cmdhelp,123,,,4,help,?	Give a help message,0
cmdhelp:L124,dat_file,cmdhelp,124,,,4,help,&? shell,0
cmdhelp:L125,dat_file,cmdhelp,125,,,4,help,!	Do a shell escape; 'exit' shell to come back,0
cmdhelp:L126,dat_file,cmdhelp,126,,,4,help,&:,0
cmdhelp:L127,dat_file,cmdhelp,127,,,4,help,!	unavailable command: shell,0
cmdhelp:L128,dat_file,cmdhelp,128,,,4,help,&.,0
cmdhelp:L129,dat_file,cmdhelp,129,,,4,help,\	Show what object types have been discovered,0
cmdhelp:L130,dat_file,cmdhelp,130,,,4,help,`	Show discovered types for one class of objects,0
cmdhelp:L131,dat_file,cmdhelp,131,,,4,help,_	Travel via a shortest-path algorithm to a point on the map,0
cmdhelp:L132,dat_file,cmdhelp,132,,,4,help,.	Rest one move while doing nothing,0
cmdhelp:L133,dat_file,cmdhelp,133,,,4,help,&? rest_on_space,0
cmdhelp:L134,dat_file,cmdhelp,134,,,4,help,Rest one move while doing nothing,0
cmdhelp:L135,dat_file,cmdhelp,135,,,4,help,&.,0
cmdhelp:L136,dat_file,cmdhelp,136,,,4,help,:	Look at what is on the floor,0
cmdhelp:L137,dat_file,cmdhelp,137,,,4,help,;	Show what type of thing a map symbol on the level corresponds to,0
cmdhelp:L138,dat_file,cmdhelp,138,,,4,help,",	Pick up things at the current location",0
cmdhelp:L139,dat_file,cmdhelp,139,,,4,help,@	Toggle the pickup option on/off,0
cmdhelp:L140,dat_file,cmdhelp,140,,,4,help,)	Show the weapon(s) currently wielded or readied,0
cmdhelp:L141,dat_file,cmdhelp,141,,,4,help,[	Show the armor currently worn,0
cmdhelp:L142,dat_file,cmdhelp,142,,,4,help,=	Show the ring(s) currently worn,0
cmdhelp:L143,dat_file,cmdhelp,143,,,4,help,"""	Show the amulet currently worn",0
cmdhelp:L144,dat_file,cmdhelp,144,,,4,help,(	Show the tools currently in use,0
cmdhelp:L146,dat_file,cmdhelp,146,,,4,help,$	Count your gold,0
cmdhelp:L147,dat_file,cmdhelp,147,,,4,help,+	List known spells,0
cmdhelp:L148,dat_file,cmdhelp,148,,,4,help,Del	Display map without monsters or objects obstructing the view.,0
cmdhelp:L150,dat_file,cmdhelp,150,,,4,help,&# number_pad:,0
cmdhelp:L153,dat_file,cmdhelp,153,,,4,help,"&#   1 = numpad on, normal keypad layout, '5'->'g'",0
cmdhelp:L154,dat_file,cmdhelp,154,,,4,help,"&#   2 = numpad on, normal keypad layout, '5'->'G'",0
cmdhelp:L155,dat_file,cmdhelp,155,,,4,help,"&#   3 = numpad on, phone keypad layout, '5'->'g'",0
cmdhelp:L156,dat_file,cmdhelp,156,,,4,help,"&#   4 = numpad on, phone keypad layout, '5'->'G'",0
cmdhelp:L157,dat_file,cmdhelp,157,,,4,help,"&? number_pad = 1,2,3,4",0
cmdhelp:L158,dat_file,cmdhelp,158,,,4,help,0	Show inventory,0
cmdhelp:L159,dat_file,cmdhelp,159,,,4,help,4	Move west,0
cmdhelp:L160,dat_file,cmdhelp,160,,,4,help,6	Move east,0
cmdhelp:L161,dat_file,cmdhelp,161,,,4,help,-	'F' prefix; force fight,0
cmdhelp:L162,dat_file,cmdhelp,162,,,4,help,"&: #-1,0",0
cmdhelp:L163,dat_file,cmdhelp,163,,,4,help,0	Continue a count,0
cmdhelp:L164,dat_file,cmdhelp,164,,,4,help,4	Start or continue a count,0
cmdhelp:L165,dat_file,cmdhelp,165,,,4,help,6	Start or continue a count,0
cmdhelp:L166,dat_file,cmdhelp,166,,,4,help,"&. #1,2,3,4 vs -1,0",0
cmdhelp:L167,dat_file,cmdhelp,167,,,4,help,"&? number_pad=1,2",0
cmdhelp:L168,dat_file,cmdhelp,168,,,4,help,7	Move northwest,0
cmdhelp:L169,dat_file,cmdhelp,169,,,4,help,8	Move north,0
cmdhelp:L170,dat_file,cmdhelp,170,,,4,help,9	Move northeast,0
cmdhelp:L171,dat_file,cmdhelp,171,,,4,help,1	Move southwest,0
cmdhelp:L172,dat_file,cmdhelp,172,,,4,help,2	Move south,0
cmdhelp:L173,dat_file,cmdhelp,173,,,4,help,3	Move southeast,0
cmdhelp:L174,dat_file,cmdhelp,174,,,4,help,"&: number_pad=3,4",0
cmdhelp:L175,dat_file,cmdhelp,175,,,4,help,1	Move northwest,0
cmdhelp:L176,dat_file,cmdhelp,176,,,4,help,2	Move north,0
cmdhelp:L177,dat_file,cmdhelp,177,,,4,help,3	Move northeast,0
cmdhelp:L178,dat_file,cmdhelp,178,,,4,help,7	Move southwest,0
cmdhelp:L179,dat_file,cmdhelp,179,,,4,help,8	Move south,0
cmdhelp:L180,dat_file,cmdhelp,180,,,4,help,9	Move southeast,0
cmdhelp:L181,dat_file,cmdhelp,181,,,4,help,"&: #-1,0",0
cmdhelp:L182,dat_file,cmdhelp,182,,,4,help,1	Start or continue a count,0
cmdhelp:L183,dat_file,cmdhelp,183,,,4,help,2	Start or continue a count,0
cmdhelp:L184,dat_file,cmdhelp,184,,,4,help,3	Start or continue a count,0
cmdhelp:L185,dat_file,cmdhelp,185,,,4,help,7	Start or continue a count,0
cmdhelp:L186,dat_file,cmdhelp,186,,,4,help,8	Start or continue a count,0
cmdhelp:L187,dat_file,cmdhelp,187,,,4,help,9	Start or continue a count,0
cmdhelp:L188,dat_file,cmdhelp,188,,,4,help,"&. #1,2 vs 3,4 vs -1,0",0
cmdhelp:L189,dat_file,cmdhelp,189,,,4,help,"&? number_pad=1,3",0
cmdhelp:L190,dat_file,cmdhelp,190,,,4,help,5	'g' movement prefix,0
cmdhelp:L191,dat_file,cmdhelp,191,,,4,help,M-5	'G' movement prefix,0
cmdhelp:L192,dat_file,cmdhelp,192,,,4,help,"&: number_pad=2,4",0
cmdhelp:L193,dat_file,cmdhelp,193,,,4,help,5	'G' movement prefix,0
cmdhelp:L194,dat_file,cmdhelp,194,,,4,help,M-5	'g' movement prefix,0
cmdhelp:L195,dat_file,cmdhelp,195,,,4,help,M-0	Inventory specific item types,0
cmdhelp:L196,dat_file,cmdhelp,196,,,4,help,"&: #-1,0",0
cmdhelp:L197,dat_file,cmdhelp,197,,,4,help,5	Start or continue a count,0
cmdhelp:L198,dat_file,cmdhelp,198,,,4,help,M-2	Toggle two-weapon combat,0
cmdhelp:L199,dat_file,cmdhelp,199,,,4,help,"&. #1,3 vs 2,4 vs -1,0",0
cmdhelp:L201,dat_file,cmdhelp,201,,,4,help,M-a	Adjust inventory letters,0
cmdhelp:L202,dat_file,cmdhelp,202,,,4,help,M-A	Annotate: supply a name for the current dungeon level,0
cmdhelp:L203,dat_file,cmdhelp,203,,,4,help,M-c	Chat: talk to an adjacent creature,0
cmdhelp:L204,dat_file,cmdhelp,204,,,4,help,M-C	Conduct: list voluntary challenges you have maintained,0
cmdhelp:L205,dat_file,cmdhelp,205,,,4,help,M-d	Dip an object into something,0
cmdhelp:L206,dat_file,cmdhelp,206,,,4,help,"M-e	Enhance: check weapons skills, advance them if eligible",0
cmdhelp:L207,dat_file,cmdhelp,207,,,4,help,M-f	Force a lock,0
cmdhelp:L208,dat_file,cmdhelp,208,,,4,help,M-i	Invoke an object's special powers,0
cmdhelp:L209,dat_file,cmdhelp,209,,,4,help,M-j	Jump to a nearby location,0
cmdhelp:L210,dat_file,cmdhelp,210,,,4,help,M-l	Loot a box on the floor,0
cmdhelp:L211,dat_file,cmdhelp,211,,,4,help,"M-m	When polymorphed, use a monster's special ability",0
cmdhelp:L212,dat_file,cmdhelp,212,,,4,help,"M-n	Name a monster, an individual object, or a type of object",0
cmdhelp:L213,dat_file,cmdhelp,213,,,4,help,"M-N	Name a monster, an individual object, or a type of object",0
cmdhelp:L214,dat_file,cmdhelp,214,,,4,help,M-o	Offer a sacrifice to the gods,0
cmdhelp:L215,dat_file,cmdhelp,215,,,4,help,M-O	Overview: show a summary of the explored dungeon,0
cmdhelp:L216,dat_file,cmdhelp,216,,,4,help,M-p	Pray to the gods for help,0
cmdhelp:L218,dat_file,cmdhelp,218,,,4,help,M-r	Rub a lamp or a touchstone,0
cmdhelp:L219,dat_file,cmdhelp,219,,,4,help,M-R	Ride: mount or dismount a saddled steed,0
cmdhelp:L220,dat_file,cmdhelp,220,,,4,help,M-s	Sit down,0
cmdhelp:L221,dat_file,cmdhelp,221,,,4,help,M-t	Turn undead,0
cmdhelp:L222,dat_file,cmdhelp,222,,,4,help,M-T	Tip: empty a container,0
cmdhelp:L224,dat_file,cmdhelp,224,,,4,help,M-v	Print compile time options for this version of NetHack,0
cmdhelp:L225,dat_file,cmdhelp,225,,,4,help,M-w	Wipe off your face,0
cmdhelp:L226,dat_file,cmdhelp,226,,,4,help,M-X	Switch from normal play to explore mode,0
keyhelp:L1,dat_file,keyhelp,1,,,4,help,"Depending upon hardware or operating system or NetHack's interface,",0
keyhelp:L2,dat_file,keyhelp,2,,,4,help,some keystrokes may be off-limits.,0
keyhelp:L4,dat_file,keyhelp,4,,,4,help,"For example, ^S and ^Q are often used for XON/XOFF flow-control,",0
keyhelp:L5,dat_file,keyhelp,5,,,4,help,meaning that ^S suspends output and subsequent ^Q resumes suspended,0
keyhelp:L6,dat_file,keyhelp,6,,,4,help,"output.  When that is the case, neither of those characters will",0
keyhelp:L7,dat_file,keyhelp,7,,,4,help,reach NetHack when it is waiting for a command keystroke.  So they,0
keyhelp:L8,dat_file,keyhelp,8,,,4,help,"aren't used as commands, but 'whatdoes' might not be able to tell",0
keyhelp:L9,dat_file,keyhelp,9,,,4,help,you that if they don't get passed through to NetHack.,0
keyhelp:L11,dat_file,keyhelp,11,,,4,help,^M or <return> or <enter> is likely to be transformed into ^J or,0
keyhelp:L12,dat_file,keyhelp,12,,,4,help,<linefeed> or 'newline' before being passed to NetHack for handling.,0
keyhelp:L13,dat_file,keyhelp,13,,,4,help,"So it isn't used as a command, and 'whatdoes' might seem as if it",0
keyhelp:L14,dat_file,keyhelp,14,,,4,help,is reporting the wrong character but will be operating correctly if,0
keyhelp:L15,dat_file,keyhelp,15,,,4,help,it describes ^J when you type ^M.,0
keyhelp:L17,dat_file,keyhelp,17,,,4,help,"A NUL character, which is typed as ^<space> on some keyboards,",0
keyhelp:L18,dat_file,keyhelp,18,,,4,help,"^@ on others, and maybe not typeable at all on yet others, is not",0
keyhelp:L19,dat_file,keyhelp,19,,,4,help,"used as a command, and will be converted into ESC before reaching",0
keyhelp:L20,dat_file,keyhelp,20,,,4,help,"'whatdoes'.  Unlike ^M, this transformation is performed within",0
keyhelp:L21,dat_file,keyhelp,21,,,4,help,"NetHack.  But like ^M, if you type NUL and get feedback about ESC,",0
keyhelp:L22,dat_file,keyhelp,22,,,4,help,the situation is expected.,0
keyhelp:L24,dat_file,keyhelp,24,,,4,help,"ESC itself is a synonym for ^[, and is another source of oddity.",0
keyhelp:L25,dat_file,keyhelp,25,,,4,help,"Various function keys, including cursor arrow keys, may transmit",0
keyhelp:L26,dat_file,keyhelp,26,,,4,help,"an ""escape sequence"" of ESC + [ + other stuff, confusing NetHack",0
keyhelp:L27,dat_file,keyhelp,27,,,4,help,as to what command was intended since the ESC will be processed,0
keyhelp:L28,dat_file,keyhelp,28,,,4,help,and then whatever follows will seem to NetHack like--and be used,0
keyhelp:L29,dat_file,keyhelp,29,,,4,help,as--something typed by the user.  (If you press a function key and,0
keyhelp:L30,dat_file,keyhelp,30,,,4,help,"a menu of the armor your hero is wearing appears, what happened",0
keyhelp:L31,dat_file,keyhelp,31,,,4,help,"was that an escape sequence was sent to NetHack, its ESC aborted",0
keyhelp:L32,dat_file,keyhelp,32,,,4,help,"any pending key operation, its '[' was then treated as a command",0
keyhelp:L33,dat_file,keyhelp,33,,,4,help,"to show worn armor, and the ""other stuff"" probably got silently",0
keyhelp:L34,dat_file,keyhelp,34,,,4,help,discarded as invalid choices while you dismissed the menu.),0
keyhelp:L36,dat_file,keyhelp,36,,,4,help,"If you have NetHack's 'altmeta' option enabled, meaning that the",0
keyhelp:L37,dat_file,keyhelp,37,,,4,help,"<alt> or <option> key, when used as shift while typing some other",0
keyhelp:L38,dat_file,keyhelp,38,,,4,help,"character, transmits ESC and then the other character so NetHack",0
keyhelp:L39,dat_file,keyhelp,39,,,4,help,"should treat that other character as a meta-character, then ESC",0
keyhelp:L40,dat_file,keyhelp,40,,,4,help,takes on added potential for confusion.  Implicit in the handling,0
keyhelp:L41,dat_file,keyhelp,41,,,4,help,of a two character sequence ESC + something is the fact that when,0
keyhelp:L42,dat_file,keyhelp,42,,,4,help,"NetHack sees ESC, it needs to wait for another character before",0
keyhelp:L43,dat_file,keyhelp,43,,,4,help,"it can decide what to do.  So if you type ESC manually, you'll",0
keyhelp:L45,dat_file,keyhelp,45,,,4,help,(It will then be treated as if you typed ESC rather than M-ESC.),0
keyhelp:L48,dat_file,keyhelp,48,,,4,help,"process, probably killing it and possibly causing it to save a",0
keyhelp:L49,dat_file,keyhelp,49,,,4,help,"core dump.  It is not used for any NetHack command, so don't type",0
keyhelp:L50,dat_file,keyhelp,50,,,4,help,that character.,0
keyhelp:L52,dat_file,keyhelp,52,,,4,help,One last note:  characters shown as ^x mean that you should hold,0
keyhelp:L53,dat_file,keyhelp,53,,,4,help,down the <control> or <ctrl> key as a shift and then type 'x'.,0
keyhelp:L54,dat_file,keyhelp,54,,,4,help,"Control characters are all implicitly uppercase, but you don't",0
keyhelp:L55,dat_file,keyhelp,55,,,4,help,need to press the shift key while typing them.  The opposite is,0
keyhelp:L56,dat_file,keyhelp,56,,,4,help,"true for meta-characters:  they can be either case, so you need",0
keyhelp:L57,dat_file,keyhelp,57,,,4,help,to use shift as well as <meta> or <alt> to generate an uppercase,0
keyhelp:L58,dat_file,keyhelp,58,,,4,help,letter meta-character.,0
wizhelp:L1,dat_file,wizhelp,1,,,4,help,Debug-Mode Quick Reference:,0
wizhelp:L3,dat_file,wizhelp,3,,,4,help,^E  ==  detect secret doors and traps nearby,0
wizhelp:L4,dat_file,wizhelp,4,,,4,help,^F  ==  map level; reveals traps and secret corridors but not secret doors,0
wizhelp:L5,dat_file,wizhelp,5,,,4,help,^G  ==  create monster by name or class,0
wizhelp:L6,dat_file,wizhelp,6,,,4,help,^I  ==  identify items in pack,0
wizhelp:L7,dat_file,wizhelp,7,,,4,help,^T  ==  do intra-level teleport,0
wizhelp:L8,dat_file,wizhelp,8,,,4,help,^V  ==  do trans-level teleport; '?' yields menu of special destinations,0
wizhelp:L9,dat_file,wizhelp,9,,,4,help,^W  ==  make a wish for an item or a trap or a limited subset of terrain,0
wizhelp:L13,dat_file,wizhelp,13,,,4,help,escalates impossible warnings to panic,0
wizhelp:L35,dat_file,wizhelp,35,,,4,help,"random engravings, epitaphs, and hallucinatory monsters",0
wizhelp:L42,dat_file,wizhelp,42,,,4,help,Options:,0
wizhelp:L43,dat_file,wizhelp,43,,,4,help,debug_hunger    == disable hero's hunger,0
wizhelp:L44,dat_file,wizhelp,44,,,4,help,debug_mongen    == disable random monster generation,0
wizhelp:L45,dat_file,wizhelp,45,,,4,help,debug_overwrite_stairs,0
wizhelp:L46,dat_file,wizhelp,46,,,4,help,== allows stairs to be replaced by other terrain,0
wizhelp:L47,dat_file,wizhelp,47,,,4,help,monpolycontrol  == prompt for new form whenever any monster changes shape,0
wizhelp:L48,dat_file,wizhelp,48,,,4,help,"sanity_check    == evaluate monsters, objects, and map prior to each turn",0
wizhelp:L49,dat_file,wizhelp,49,,,4,help,wizweight       == augment object descriptions with their objects' weight,0
wizhelp:L51,dat_file,wizhelp,51,,,4,help,[Opt] = conditionally available depending upon build-time settings,0
usagehlp:L1,dat_file,usagehlp,1,,,4,help,This is a terse description of nethack's command line arguments.,0
usagehlp:L3,dat_file,usagehlp,3,,,4,help,and might not be accurate for other platforms.,0
usagehlp:L5,dat_file,usagehlp,5,,,4,help,"When starting play, if there is a save file for the chosen character name",0
usagehlp:L6,dat_file,usagehlp,6,,,4,help,"then it will be restored, otherwise a new game using that name will begin.",0
usagehlp:L8,dat_file,usagehlp,8,,,4,help,nethack,0
usagehlp:L9,dat_file,usagehlp,9,,,4,help,with no arguments; uses character name from run-time configuration file's,0
usagehlp:L10,dat_file,usagehlp,10,,,4,help,"OPTIONS=name:character-name entry, or player's username if none.",0
usagehlp:L12,dat_file,usagehlp,12,,,4,help,nethack -u character-name [-X or -D],0
usagehlp:L13,dat_file,usagehlp,13,,,4,help,'-u character-name' specifies the name to use for this game's character;,0
usagehlp:L14,dat_file,usagehlp,14,,,4,help,-u must be lowercase; the space between it and character-name may,0
usagehlp:L15,dat_file,usagehlp,15,,,4,help,be omitted;,0
usagehlp:L16,dat_file,usagehlp,16,,,4,help,'-X' play in non-scoring explore mode also known as discovery mode;,0
usagehlp:L17,dat_file,usagehlp,17,,,4,help,-X must be uppercase; character starts with a wand of wishing and,0
usagehlp:L18,dat_file,usagehlp,18,,,4,help,player may opt to be life-saved and keep going if character dies;,0
usagehlp:L19,dat_file,usagehlp,19,,,4,help,'-D' run in debug mode also known as wizard mode; -D must be uppercase;,0
usagehlp:L20,dat_file,usagehlp,20,,,4,help,if player is not allowed then nethack will switch to -X; if player,0
usagehlp:L21,dat_file,usagehlp,21,,,4,help,"is allowed, character name will be changed to ""wizard"".",0
usagehlp:L23,dat_file,usagehlp,23,,,4,help,"A character name may have a suffix specifying any or all of role, race,",0
usagehlp:L24,dat_file,usagehlp,24,,,4,help,"gender, and alignment such as -u Conan-Bar-Hum-Mal-Neu or -u Tim-Wiz.",0
usagehlp:L25,dat_file,usagehlp,25,,,4,help,The components present must be at least three letters long but can be,0
usagehlp:L26,dat_file,usagehlp,26,,,4,help,"longer; their case doesn't matter.  See also -p and -r, next,",0
usagehlp:L28,dat_file,usagehlp,28,,,4,help,nethack -p Ppp -r Rrr [-@],0
usagehlp:L29,dat_file,usagehlp,29,,,4,help,"'-p Ppp' specify role; p for ""profession"" is used because -r is in use;",0
usagehlp:L30,dat_file,usagehlp,30,,,4,help,'Ppp' is three or more letters of the role name such as Val for,0
usagehlp:L31,dat_file,usagehlp,31,,,4,help,"Valkyrie; unlike -p itself, upper/lower case of Ppp doesn't matter",0
usagehlp:L32,dat_file,usagehlp,32,,,4,help,"'-r Rrr' specify race or species: Hum[an], Elf, Orc, Dwa[rf], Gno[me];",0
usagehlp:L33,dat_file,usagehlp,33,,,4,help,"'-@' force non-interactive start; any of role, race, gender, and",0
usagehlp:L34,dat_file,usagehlp,34,,,4,help,alignment that is not specified on the command line or in the,0
usagehlp:L35,dat_file,usagehlp,35,,,4,help,run-time configuration file gets chosen randomly without prompting;,0
usagehlp:L36,dat_file,usagehlp,36,,,4,help,the at-sign might need to be quoted by preceding it with backslash.,0
usagehlp:L38,dat_file,usagehlp,38,,,4,help,"The old form for role is also still accepted:  -A or -Arc[heologist],",0
usagehlp:L39,dat_file,usagehlp,39,,,4,help,"-B or -Bar[barian], -C or -Cav[eman] or -Cavew[oman], -H or -Hea[ler],",0
usagehlp:L40,dat_file,usagehlp,40,,,4,help,"-K or -Kni[ght], -M or -Mon[k], -P or -Pri[est] or -Prieste[ss],",0
usagehlp:L41,dat_file,usagehlp,41,,,4,help,"-Ran[ger], -R or -Rog[ue], -S or -Sam[urai], -T or -Tou[rist],",0
usagehlp:L42,dat_file,usagehlp,42,,,4,help,"-V or -Val[kyrie], -W or -Wiz[ard].  The single-letter form must be in",0
usagehlp:L43,dat_file,usagehlp,43,,,4,help,"uppercase, the three or more letter form can be in any case.  There is",0
usagehlp:L44,dat_file,usagehlp,44,,,4,help,no single-letter option for the Ranger role.,0
usagehlp:L46,dat_file,usagehlp,46,,,4,help,nethack -DEC[graphics],0
usagehlp:L47,dat_file,usagehlp,47,,,4,help,nethack -IBM[graphics],0
usagehlp:L48,dat_file,usagehlp,48,,,4,help,selects the DEC or IBM symbol set to use line-drawing characters on a,0
usagehlp:L49,dat_file,usagehlp,49,,,4,help,"text map; might be ignored depending on interface, or ineffective or",0
usagehlp:L50,dat_file,usagehlp,50,,,4,help,even scrambled depending on display capability; -DECgraphics and,0
usagehlp:L51,dat_file,usagehlp,51,,,4,help,-IBMgraphics are mutually exclusive; they can be any case but must use,0
usagehlp:L52,dat_file,usagehlp,52,,,4,help,at least three letters.,0
usagehlp:L54,dat_file,usagehlp,54,,,4,help,nethack -wIii,0
usagehlp:L55,dat_file,usagehlp,55,,,4,help,nethack --windowtype:Iii,0
usagehlp:L56,dat_file,usagehlp,56,,,4,help,"where 'Iii' represents an interface designation:  tty, curses, X11, or",0
usagehlp:L57,dat_file,usagehlp,57,,,4,help,Qt; only useful if the program was built to support more than one,0
usagehlp:L58,dat_file,usagehlp,58,,,4,help,interface (the game's '#version' command will disclose that); overrides,0
usagehlp:L59,dat_file,usagehlp,59,,,4,help,OPTIONS=windowtype:Iii in run-time configuration file and build-time,0
usagehlp:L60,dat_file,usagehlp,60,,,4,help,"default; '-w' or '--windowtype' must be lowercase, the interface",0
usagehlp:L61,dat_file,usagehlp,61,,,4,help,designation itself may be any case; variations '--windowtype Iii' and,0
usagehlp:L62,dat_file,usagehlp,62,,,4,help,'-w Iii' work too.,0
usagehlp:L65,dat_file,usagehlp,65,,,4,help,settings at the time the program is built from source; nethackW.exe,0
usagehlp:L66,dat_file,usagehlp,66,,,4,help,supports mswin (also referred to as Win GUI) and optionally curses.,0
usagehlp:L67,dat_file,usagehlp,67,,,4,help,"For MS-DOS, the program supports tty or curses or both.",0
usagehlp:L69,dat_file,usagehlp,69,,,4,help,nethack -n,0
usagehlp:L70,dat_file,usagehlp,70,,,4,help,don't show the 'news' file if one is present in nethack's directory.,0
usagehlp:L72,dat_file,usagehlp,72,,,4,help,nethack --nethackrc:RC-file,0
usagehlp:L73,dat_file,usagehlp,73,,,4,help,use RC-file instead of the default run-time configuration file (which is,0
usagehlp:L74,dat_file,usagehlp,74,,,4,help,usually '~/.nethackrc'); the file name should include full path unless,0
usagehlp:L75,dat_file,usagehlp,75,,,4,help,located in nethack's directory;,0
usagehlp:L76,dat_file,usagehlp,76,,,4,help,nethack --no-nethackrc,0
usagehlp:L77,dat_file,usagehlp,77,,,4,help,don't use any run-time configuration file; equivalent to,0
usagehlp:L78,dat_file,usagehlp,78,,,4,help,--nethackrc:/dev/null which behaves as if an empty file.,0
usagehlp:L80,dat_file,usagehlp,80,,,4,help,nethack -dDir,0
usagehlp:L81,dat_file,usagehlp,81,,,4,help,nethack --directory:Dir,0
usagehlp:L82,dat_file,usagehlp,82,,,4,help,could be used to override the build-time value of NETHACKDIR with,0
usagehlp:L83,dat_file,usagehlp,83,,,4,help,"location Dir; if used, it should precede other command line arguments.",0
usagehlp:L85,dat_file,usagehlp,85,,,4,help,The assorted options above can be combined on a single command line;,0
usagehlp:L86,dat_file,usagehlp,86,,,4,help,they're listed separately for readability.,0
usagehlp:L88,dat_file,usagehlp,88,,,4,help,*******,0
usagehlp:L90,dat_file,usagehlp,90,,,4,help,Other options which perform some action and then exit rather than play,0
usagehlp:L91,dat_file,usagehlp,91,,,4,help,the game:,0
usagehlp:L93,dat_file,usagehlp,93,,,4,help,nethack -s,0
usagehlp:L94,dat_file,usagehlp,94,,,4,help,nethack --scores,0
usagehlp:L95,dat_file,usagehlp,95,,,4,help,show scores for the default character; optional additional arguments:,0
usagehlp:L96,dat_file,usagehlp,96,,,4,help,nethack -s -v,0
usagehlp:L98,dat_file,usagehlp,98,,,4,help,"if it contains scores for any older versions; by default, only scores",0
usagehlp:L99,dat_file,usagehlp,99,,,4,help,"for current version of nethack are shown; when '-v' is used, it should",0
usagehlp:L100,dat_file,usagehlp,100,,,4,help,"immediately follow -s or --scores, preceding any name(s) or -p or -r;",0
usagehlp:L101,dat_file,usagehlp,101,,,4,help,nethack -s character-name [character-name2 [character-name3 [...]]],0
usagehlp:L102,dat_file,usagehlp,102,,,4,help,show scores for one or more specific character names (might not be,0
usagehlp:L103,dat_file,usagehlp,103,,,4,help,effective if PERS_IS_UID=1 is specified in nethack's sysconf file);,0
usagehlp:L104,dat_file,usagehlp,104,,,4,help,character names may be preceded by '-u' but that isn't required;,0
usagehlp:L105,dat_file,usagehlp,105,,,4,help,"special character-name ""all"" is used to display all scores that pass",0
usagehlp:L106,dat_file,usagehlp,106,,,4,help,other criteria;,0
usagehlp:L107,dat_file,usagehlp,107,,,4,help,nethack -s -p Ppp -r Rrr,0
usagehlp:L108,dat_file,usagehlp,108,,,4,help,show scores for specific roles or races; multiple instances can be used;,0
usagehlp:L109,dat_file,usagehlp,109,,,4,help,"if both '-p' and '-r' are used, scores that match either will be shown",0
usagehlp:L110,dat_file,usagehlp,110,,,4,help,rather than scores that match both;,0
usagehlp:L111,dat_file,usagehlp,111,,,4,help,nethack -dDir -s,0
usagehlp:L112,dat_file,usagehlp,112,,,4,help,nethack --directory:Dir -s,0
usagehlp:L113,dat_file,usagehlp,113,,,4,help,"as above; alternate directory, if specified, should come first.",0
usagehlp:L115,dat_file,usagehlp,115,,,4,help,nethack --version or --version:copy or --version:dump or --version:show,0
usagehlp:L116,dat_file,usagehlp,116,,,4,help,'--version' display the program's version number plus the date and,0
usagehlp:L117,dat_file,usagehlp,117,,,4,help,"time it was built from source code, then exit;",0
usagehlp:L118,dat_file,usagehlp,118,,,4,help,'--version:copy' display version number and also copy it into system,0
usagehlp:L119,dat_file,usagehlp,119,,,4,help,pasteboard (should work on macOS and Windows; might not work on other,0
usagehlp:L120,dat_file,usagehlp,120,,,4,help,systems) so that it could be pasted from there into a subsequent email,0
usagehlp:L121,dat_file,usagehlp,121,,,4,help,"or web contact form, then exit;",0
usagehlp:L122,dat_file,usagehlp,122,,,4,help,"'--version:dump' display several internal values, then exit;",0
usagehlp:L123,dat_file,usagehlp,123,,,4,help,'--version:show' same as '--version'.,0
usagehlp:L125,dat_file,usagehlp,125,,,4,help,nethack --showpaths,0
usagehlp:L126,dat_file,usagehlp,126,,,4,help,"list expected locations for various files and directories, then exit;",0
usagehlp:L127,dat_file,usagehlp,127,,,4,help,includes the name and location for the run-time configuration file which,0
usagehlp:L130,dat_file,usagehlp,130,,,4,help,nethack --usage,0
usagehlp:L131,dat_file,usagehlp,131,,,4,help,nethack --help,0
usagehlp:L132,dat_file,usagehlp,132,,,4,help,show this text; 'nethack -?' and 'nethack ?' also work but the question,0
usagehlp:L133,dat_file,usagehlp,133,,,4,help,mark may need to be quoted to prevent the shell from intercepting it.,0
usagehlp:L135,dat_file,usagehlp,135,,,4,help,*******,0
usagehlp:L137,dat_file,usagehlp,137,,,4,help,This text is available during play in the menu for the game's '?' command,0
usagehlp:L138,dat_file,usagehlp,138,,,4,help,or can be viewed via 'nethack --usage | more' at the shell prompt.,0
opthelp:L1,dat_file,opthelp,1,,,4,help,Boolean options not under specific compile flags (with default values in []):,0
opthelp:L2,dat_file,opthelp,2,,,4,help,(You can learn which options exist in your version by checking your current,0
opthelp:L3,dat_file,opthelp,3,,,4,help,"option setting, which is reached via the 'O' command.)",0
opthelp:L5,dat_file,opthelp,5,,,4,help,acoustics      can your character hear anything                    [True],0
opthelp:L6,dat_file,opthelp,6,,,4,help,armorstatus    show extra status field summarizing worn armor     [False],0
opthelp:L7,dat_file,opthelp,7,,,4,help,autodescribe   describe the terrain under cursor                  [False],0
opthelp:L8,dat_file,opthelp,8,,,4,help,autodig        dig if moving and wielding digging tool            [False],0
opthelp:L9,dat_file,opthelp,9,,,4,help,autoopen       walking into a door attempts to open it             [True],0
opthelp:L10,dat_file,opthelp,10,,,4,help,autopickup     automatically pick up objects you move over         [True],0
opthelp:L11,dat_file,opthelp,11,,,4,help,"autoquiver     when firing with an empty quiver, select some      [False]",0
opthelp:L12,dat_file,opthelp,12,,,4,help,suitable inventory weapon to fill the quiver,0
opthelp:L13,dat_file,opthelp,13,,,4,help,BIOS           allow the use of IBM ROM BIOS calls                [False],0
opthelp:L14,dat_file,opthelp,14,,,4,help,blind          your character is permanently blind                [False],0
opthelp:L15,dat_file,opthelp,15,,,4,help,bones          allow loading bones files                           [True],0
opthelp:L16,dat_file,opthelp,16,,,4,help,clicklook      look at map by clicking right mouse button         [False],0
opthelp:L17,dat_file,opthelp,17,,,4,help,cmdassist      give help for errors on direction & other commands  [True],0
opthelp:L18,dat_file,opthelp,18,,,4,help,color          use different colors for objects on screen  [True for micros],0
opthelp:L19,dat_file,opthelp,19,,,4,help,confirm        ask before hitting tame or peaceful monsters        [True],0
opthelp:L20,dat_file,opthelp,20,,,4,help,dark_room      show floor not in sight in different color          [True],0
opthelp:L21,dat_file,opthelp,21,,,4,help,dropped_nopick exclude dropped objects from autopickup             [True],0
opthelp:L22,dat_file,opthelp,22,,,4,help,eight_bit_tty  send 8-bit characters straight to terminal         [False],0
opthelp:L23,dat_file,opthelp,23,,,4,help,"extmenu        tty, curses: use menu for # (extended commands)    [False]",0
opthelp:L25,dat_file,opthelp,25,,,4,help,female         deprecated; use compound option gender:female      [False],0
opthelp:L26,dat_file,opthelp,26,,,4,help,fixinv         try to retain the same letter for the same object   [True],0
opthelp:L27,dat_file,opthelp,27,,,4,help,force_invmenu  commands asking for inventory item show a menu     [False],0
opthelp:L28,dat_file,opthelp,28,,,4,help,"goldX          when filtering objects by bless/curse state,       [False]",0
opthelp:L30,dat_file,opthelp,30,,,4,help,help           print all available info when using the / command   [True],0
opthelp:L31,dat_file,opthelp,31,,,4,help,herecmd_menu   show menu of some possible commands when clicking,0
opthelp:L33,dat_file,opthelp,33,,,4,help,hilite_pet     display pets in a highlighted manner               [False],0
opthelp:L34,dat_file,opthelp,34,,,4,help,hilite_pile    display item piles in a highlighted manner         [False],0
opthelp:L35,dat_file,opthelp,35,,,4,help,"ignintr        ignore interrupt signal, including breaks          [False]",0
opthelp:L36,dat_file,opthelp,36,,,4,help,"implicit_uncursed  omit ""uncursed"" from inventory, if possible     [True]",0
opthelp:L37,dat_file,opthelp,37,,,4,help,legacy         print introductory message                          [True],0
opthelp:L38,dat_file,opthelp,38,,,4,help,lit_corridor   show a dark corridor as lit if in sight            [False],0
opthelp:L39,dat_file,opthelp,39,,,4,help,lootabc        use a/b/c rather than o/i/b when looting           [False],0
opthelp:L40,dat_file,opthelp,40,,,4,help,mail           enable the mail daemon                              [True],0
opthelp:L41,dat_file,opthelp,41,,,4,help,"mention_decor  give feedback when walking across stairs, altars,  [False]",0
opthelp:L42,dat_file,opthelp,42,,,4,help,"fountains, and such even when not obscured by objects",0
opthelp:L43,dat_file,opthelp,43,,,4,help,mention_walls  give feedback when walking against a wall          [False],0
opthelp:L44,dat_file,opthelp,44,,,4,help,menu_overlay   overlay menus on the screen and align to right      [True],0
opthelp:L45,dat_file,opthelp,45,,,4,help,menucolors     enable MENUCOLOR pattern matching to highlight     [False],0
opthelp:L46,dat_file,opthelp,46,,,4,help,lines in object menus like inventory; might highlight with,0
opthelp:L47,dat_file,opthelp,47,,,4,help,"bold, inverse, &c even when color is unavailable or toggled off",0
opthelp:L48,dat_file,opthelp,48,,,4,help,nudist         start your character without armor                 [False],0
opthelp:L49,dat_file,opthelp,49,,,4,help,null           allow nulls to be sent to your terminal             [True],0
opthelp:L50,dat_file,opthelp,50,,,4,help,try turning this option off (forcing NetHack to use its own,0
opthelp:L51,dat_file,opthelp,51,,,4,help,delay code) if moving objects seem to teleport across rooms,0
opthelp:L52,dat_file,opthelp,52,,,4,help,pauper         start your character with no possessions           [False],0
opthelp:L53,dat_file,opthelp,53,,,4,help,perm_invent    keep inventory in a permanent window               [False],0
opthelp:L54,dat_file,opthelp,54,,,4,help,pickup_stolen  override pickup_types for stolen objects            [True],0
opthelp:L55,dat_file,opthelp,55,,,4,help,pickup_thrown  override pickup_types for thrown objects            [True],0
opthelp:L56,dat_file,opthelp,56,,,4,help,price_quotes   show remembered price quotes for unIDed items      [False],0
opthelp:L57,dat_file,opthelp,57,,,4,help,"pushweapon     when wielding a new weapon, put your previously    [False]",0
opthelp:L58,dat_file,opthelp,58,,,4,help,wielded weapon into the secondary weapon slot,0
opthelp:L59,dat_file,opthelp,59,,,4,help,quick_farsight usually skip the chance to browse the map when     [False],0
opthelp:L60,dat_file,opthelp,60,,,4,help,randomly triggered clairvoyance takes place,0
opthelp:L61,dat_file,opthelp,61,,,4,help,rawio          allow the use of raw I/O                           [False],0
opthelp:L62,dat_file,opthelp,62,,,4,help,reroll         allow rerolling of starting inventory              [False],0
opthelp:L63,dat_file,opthelp,63,,,4,help,rest_on_space  count the space bar as a rest character            [False],0
opthelp:L64,dat_file,opthelp,64,,,4,help,safe_pet       prevent you from (knowingly) attacking your pet(s)  [True],0
opthelp:L65,dat_file,opthelp,65,,,4,help,safe_wait      require use of 'm' prefix before '.' or 's' to      [True],0
opthelp:L66,dat_file,opthelp,66,,,4,help,wait or search when adjacent to a hostile monster,0
opthelp:L67,dat_file,opthelp,67,,,4,help,sanity_check   perform data sanity checks                         [False],0
opthelp:L68,dat_file,opthelp,68,,,4,help,showexp        display your accumulated experience points         [False],0
opthelp:L69,dat_file,opthelp,69,,,4,help,showrace       show yourself by your race rather than by role     [False],0
opthelp:L70,dat_file,opthelp,70,,,4,help,showvers       show version number on status lines                [False],0
opthelp:L71,dat_file,opthelp,71,,,4,help,silent         don't use your terminal's bell sound                [True],0
opthelp:L72,dat_file,opthelp,72,,,4,help,sortpack       group similar kinds of objects in inventory         [True],0
opthelp:L73,dat_file,opthelp,73,,,4,help,sparkle        display sparkly effect for resisted magical         [True],0
opthelp:L75,dat_file,opthelp,75,,,4,help,standout       use standout mode for --More-- on messages         [False],0
opthelp:L76,dat_file,opthelp,76,,,4,help,status_updates update the status lines                             [True],0
opthelp:L77,dat_file,opthelp,77,,,4,help,terrainstatus  show extra status field describing current location  [False],0
opthelp:L78,dat_file,opthelp,78,,,4,help,"time           display elapsed game time, in moves                [False]",0
opthelp:L79,dat_file,opthelp,79,,,4,help,tips           show some helpful tips during gameplay              [True],0
opthelp:L80,dat_file,opthelp,80,,,4,help,tombstone      print tombstone when you die                        [True],0
opthelp:L81,dat_file,opthelp,81,,,4,help,toptenwin      print topten in a window rather than stdout        [False],0
opthelp:L82,dat_file,opthelp,82,,,4,help,travel         enables travelling via mouse click if supported;    [True],0
opthelp:L83,dat_file,opthelp,83,,,4,help,can be toggled off to prevent mouse clicks on the map from,0
opthelp:L84,dat_file,opthelp,84,,,4,help,attempting to move the hero; does not affect travel via '_',0
opthelp:L85,dat_file,opthelp,85,,,4,help,use_darkgray   use bold black instead of blue for black glyphs.    [True],0
opthelp:L86,dat_file,opthelp,86,,,4,help,use_inverse    display detected monsters in highlighted manner    [False],0
opthelp:L87,dat_file,opthelp,87,,,4,help,verbose        print more commentary during the game               [True],0
opthelp:L88,dat_file,opthelp,88,,,4,help,weaponstatus   show extra status field listing wielded weapon(s)  [False],0
opthelp:L89,dat_file,opthelp,89,,,4,help,whatis_menu    show menu when getting a map location              [False],0
opthelp:L90,dat_file,opthelp,90,,,4,help,whatis_moveskip skip same glyphs when getting a map location      [False],0
opthelp:L93,dat_file,opthelp,93,,,4,help,There are further boolean options controlled by compilation flags.,0
opthelp:L95,dat_file,opthelp,95,,,4,help,Boolean option if INSURANCE was set at compile time:,0
opthelp:L96,dat_file,opthelp,96,,,4,help,"checkpoint     save game state after each level change, for        [True]",0
opthelp:L97,dat_file,opthelp,97,,,4,help,possible recovery after program crash,0
opthelp:L99,dat_file,opthelp,99,,,4,help,Boolean option if NEWS was set at compile time:,0
opthelp:L100,dat_file,opthelp,100,,,4,help,news           print any news from game administrator on startup   [True],0
opthelp:L102,dat_file,opthelp,102,,,4,help,Boolean option if SCORE_ON_BOTL was set at compile time:,0
opthelp:L103,dat_file,opthelp,103,,,4,help,showscore      display your approximate accumulated score         [False],0
opthelp:L105,dat_file,opthelp,105,,,4,help,Boolean option if TIMED_DELAY was set at compile time (tty or curses only):,0
opthelp:L106,dat_file,opthelp,106,,,4,help,"timed_delay    on unix and VMS, use a timer instead of sending     [True]",0
opthelp:L107,dat_file,opthelp,107,,,4,help,extra screen output when attempting to pause for,0
opthelp:L108,dat_file,opthelp,108,,,4,help,display effect.  on MSDOS without the termcap,0
opthelp:L109,dat_file,opthelp,109,,,4,help,"lib, whether or not to pause for visual effect.",0
opthelp:L111,dat_file,opthelp,111,,,4,help,Boolean option if ALTMETA was set at compile time:,0
opthelp:L112,dat_file,opthelp,112,,,4,help,"altmeta        For unix and VMS, treat two character sequence",0
opthelp:L113,dat_file,opthelp,113,,,4,help,"""ESC c"" as M-c (Meta+c, 8th bit set) when nethack  [False]",0
opthelp:L114,dat_file,opthelp,114,,,4,help,obtains a command from player's keyboard.,0
opthelp:L116,dat_file,opthelp,116,,,4,help,Boolean option if TILES_IN_GLYPHMAP set at compile time (MSDOS):,0
opthelp:L117,dat_file,opthelp,117,,,4,help,preload_tiles  control whether tiles get pre-loaded into RAM at    [True],0
opthelp:L118,dat_file,opthelp,118,,,4,help,the start of the game.  Doing so enhances performance,0
opthelp:L119,dat_file,opthelp,119,,,4,help,"of the tile graphics, but uses more memory.",0
opthelp:L121,dat_file,opthelp,121,,,4,help,Boolean option if TTY_TILES_ESCCODES was set at compile time (tty only):,0
opthelp:L122,dat_file,opthelp,122,,,4,help,vt_tiledata    insert extra data escape code markers into output  [False],0
opthelp:L124,dat_file,opthelp,124,,,4,help,Boolean option if TTY_SOUND_ESCCODES was set at compile time (tty only):,0
opthelp:L125,dat_file,opthelp,125,,,4,help,vt_sounddata   insert sound data escape code markers into output  [False],0
opthelp:L127,dat_file,opthelp,127,,,4,help,Boolean options which may be available depending upon which interfaces,0
opthelp:L128,dat_file,opthelp,128,,,4,help,"the program has been built to support.  If it supports multiple such,",0
opthelp:L129,dat_file,opthelp,129,,,4,help,some of these may show as available for setting but not do anything if,0
opthelp:L130,dat_file,opthelp,130,,,4,help,you happen to be using a different interface than the one(s) they're for:,0
opthelp:L132,dat_file,opthelp,132,,,4,help,guicolor       curses,0
opthelp:L133,dat_file,opthelp,133,,,4,help,"hitpointbar    curses, tty, Windows GUI if statushilites enabled;",0
opthelp:L134,dat_file,opthelp,134,,,4,help,Qt without statushilites; X11 if 'fancy_status' disabled,0
opthelp:L135,dat_file,opthelp,135,,,4,help,(via X application defaults) and statushilities enabled,0
opthelp:L136,dat_file,opthelp,136,,,4,help,"popup_dialog   curses, Qt, Windows GUI",0
opthelp:L138,dat_file,opthelp,138,,,4,help,"splash_screen  curses, Qt, Windows GUI",0
opthelp:L141,dat_file,opthelp,141,,,4,help,Boolean options available when running in debug mode (aka wizard mode):,0
opthelp:L142,dat_file,opthelp,142,,,4,help,menu_tab_sep   menu formatting--do not touch,0
opthelp:L143,dat_file,opthelp,143,,,4,help,monpolycontrol have player choose shape-changing monsters' new shapes,0
opthelp:L144,dat_file,opthelp,144,,,4,help,montelecontrol let player choose destination for teleported monsters,0
opthelp:L145,dat_file,opthelp,145,,,4,help,travel_debug   show state of travel pathfinding algorithm on the map,0
opthelp:L146,dat_file,opthelp,146,,,4,help,wizweight      include item weights in inventory display,0
opthelp:L148,dat_file,opthelp,148,,,4,help,Any Boolean option can be set to True by including it among options being,0
opthelp:L149,dat_file,opthelp,149,,,4,help,"set, or negated (set to False) by prefixing its name with a '!' or 'no'.",0
opthelp:L150,dat_file,opthelp,150,,,4,help,"Alternatively, the compound option syntax can be used: 'optname:true' and",0
opthelp:L151,dat_file,opthelp,151,,,4,help,'optname:false'.,0
opthelp:L153,dat_file,opthelp,153,,,4,help,- - - - -,0
opthelp:L155,dat_file,opthelp,155,,,4,help,Compound options are written as option_name:option_value.,0
opthelp:L157,dat_file,opthelp,157,,,4,help,Compound options which can be set during the game are:,0
opthelp:L159,dat_file,opthelp,159,,,4,help,autounlock    when attempting to open a locked door or loot     [Apply-Key],0
opthelp:L160,dat_file,opthelp,160,,,4,help,"a locked container, specifies an action to take: can be",0
opthelp:L161,dat_file,opthelp,161,,,4,help,"None, or one or more of Untrap + Apply-Key + Kick + Force;",0
opthelp:L162,dat_file,opthelp,162,,,4,help,"if Untrap is included, it will be handled first; the",0
opthelp:L163,dat_file,opthelp,163,,,4,help,"others apply if you answer ""no"" to ""check for traps?"";",0
opthelp:L164,dat_file,opthelp,164,,,4,help,"for ""yes"", it won't necessary find anything even when a",0
opthelp:L165,dat_file,opthelp,165,,,4,help,trap happens to be present and will use up the rest of,0
opthelp:L166,dat_file,opthelp,166,,,4,help,the current move regardless of whether it finds anything;,0
opthelp:L167,dat_file,opthelp,167,,,4,help,Kick is only useful for doors and Force is only useful for,0
opthelp:L168,dat_file,opthelp,168,,,4,help,containers; either will only be attempted if Untrap is,0
opthelp:L169,dat_file,opthelp,169,,,4,help,omitted or skipped and Apply-Key is omitted or you aren't,0
opthelp:L170,dat_file,opthelp,170,,,4,help,carrying an unlocking tool or you decline to use one,0
opthelp:L171,dat_file,opthelp,171,,,4,help,boulder       override the default boulder symbol                       [`],0
opthelp:L172,dat_file,opthelp,172,,,4,help,crash_email   email address to use when filling in crash reports         [],0
opthelp:L173,dat_file,opthelp,173,,,4,help,crash_name    name to use when filling in crash reports                  [],0
opthelp:L174,dat_file,opthelp,174,,,4,help,crash_urlmax  length of longest url we can generate for a crash report   [],0
opthelp:L175,dat_file,opthelp,175,,,4,help,disclose      the types of information you want         [ni na nv ng nc no],0
opthelp:L176,dat_file,opthelp,176,,,4,help,offered at the end of the game,0
opthelp:L177,dat_file,opthelp,177,,,4,help,(space separated list of two-character values;,0
opthelp:L178,dat_file,opthelp,178,,,4,help,"prefix: '+' always disclose, '-' never disclose,",0
opthelp:L179,dat_file,opthelp,179,,,4,help,"'n' prompt with default ""no"", 'y' prompt with default ""yes"",",0
opthelp:L180,dat_file,opthelp,180,,,4,help,'a' prompt to select sorting order (for suffix 'v' only);,0
opthelp:L181,dat_file,opthelp,181,,,4,help,"suffix: 'i' inventory, 'a' attributes, 'v' vanquished",0
opthelp:L182,dat_file,opthelp,182,,,4,help,"monsters, 'g' genocided and extinct monsters, 'c' conduct",0
opthelp:L183,dat_file,opthelp,183,,,4,help,"and achievements, 'o' dungeon overview)",0
opthelp:L184,dat_file,opthelp,184,,,4,help,fruit         the name of a fruit you enjoy eating             [slime mold],0
opthelp:L185,dat_file,opthelp,185,,,4,help,(basically a whimsy which NetHack uses from time to time).,0
opthelp:L186,dat_file,opthelp,186,,,4,help,hilite_status specifies a rule for highlighting a status field           [],0
opthelp:L187,dat_file,opthelp,187,,,4,help,(multiple instances are allowed),0
opthelp:L188,dat_file,opthelp,188,,,4,help,menustyle     user interface for selection of multiple objects:      [Full],0
opthelp:L189,dat_file,opthelp,189,,,4,help,"Traditional -- prompt for classes of interest, then",0
opthelp:L190,dat_file,opthelp,190,,,4,help,prompt item-by-item for those classes;,0
opthelp:L191,dat_file,opthelp,191,,,4,help,"Combination -- prompt for classes of interest, then",0
opthelp:L192,dat_file,opthelp,192,,,4,help,use a menu for choosing items;,0
opthelp:L193,dat_file,opthelp,193,,,4,help,"Full        -- menu for classes of interest, then item menu;",0
opthelp:L194,dat_file,opthelp,194,,,4,help,"Partial     -- skip class filtering, use menu of all items;",0
opthelp:L195,dat_file,opthelp,195,,,4,help,"only the first letter ('T','C','F','P') matters",0
opthelp:L196,dat_file,opthelp,196,,,4,help,"(With Traditional, many actions allow pseudo-class 'm' to",0
opthelp:L197,dat_file,opthelp,197,,,4,help,request a menu for choosing items: one-shot Combination.),0
opthelp:L198,dat_file,opthelp,198,,,4,help,menu_objsyms  whether to include object class symbols in menus:         [4],0
opthelp:L199,dat_file,opthelp,199,,,4,help,0 - none    -- don't add object symbols to menus;,0
opthelp:L200,dat_file,opthelp,200,,,4,help,1 - headers -- append object class symbol to menu header lines;,0
opthelp:L201,dat_file,opthelp,201,,,4,help,2 - entries -- show object glyphs (same as class symbol,0
opthelp:L202,dat_file,opthelp,202,,,4,help,for ASCII interfaces) on each menu entry line;,0
opthelp:L203,dat_file,opthelp,203,,,4,help,3 - both    -- 1 and 2 combined;,0
opthelp:L204,dat_file,opthelp,204,,,4,help,4 - conditional  -- as 2 but only if no headers are present;,0
opthelp:L205,dat_file,opthelp,205,,,4,help,5 - one-or-other -- 1 and 4 combined;,0
opthelp:L206,dat_file,opthelp,206,,,4,help,choices 0 and 1 should work with any interface; 2 through 5,0
opthelp:L207,dat_file,opthelp,207,,,4,help,are supported by tty and curses,0
opthelp:L208,dat_file,opthelp,208,,,4,help,msg_window    behavior of ^P message recall for tty interface:          [s],0
opthelp:L209,dat_file,opthelp,209,,,4,help,single      -- one message at a time,0
opthelp:L210,dat_file,opthelp,210,,,4,help,full        -- full window with all saved top line messages,0
opthelp:L211,dat_file,opthelp,211,,,4,help,reverse     -- full with messages printed most-recent-first,0
opthelp:L212,dat_file,opthelp,212,,,4,help,combination -- first two of consecutive ^P commands show,0
opthelp:L213,dat_file,opthelp,213,,,4,help,"single messages, third yields full set",0
opthelp:L214,dat_file,opthelp,214,,,4,help,msg_window    behavior of ^P message recall for curses interface:       [r],0
opthelp:L215,dat_file,opthelp,215,,,4,help,"reverse     -- full window, most recent first",0
opthelp:L216,dat_file,opthelp,216,,,4,help,"full        -- full with messages printed least recent first,",0
opthelp:L217,dat_file,opthelp,217,,,4,help,initially positioned on last page to start,0
opthelp:L218,dat_file,opthelp,218,,,4,help,with most recent messages in view,0
opthelp:L219,dat_file,opthelp,219,,,4,help,number_pad    alphabetic versus numeric control over movement:          [0],0
opthelp:L220,dat_file,opthelp,220,,,4,help,0 -- traditional hjkl + yubn movement (default);,0
opthelp:L221,dat_file,opthelp,221,,,4,help,"1 -- digits control movement, for use with numeric keypad;",0
opthelp:L222,dat_file,opthelp,222,,,4,help,"2 -- same as 1, but '5' works as 'g' prefix rather than 'G';",0
opthelp:L223,dat_file,opthelp,223,,,4,help,"3 -- numeric for phone keypad (1,2,3 above, 7,8,9 below);",0
opthelp:L224,dat_file,opthelp,224,,,4,help,4 -- phone keypad (3) combined with '5' preference (2);,0
opthelp:L225,dat_file,opthelp,225,,,4,help,"-1 -- ""qwertz""; alphabetic movement but 'z' swapped with 'y'.",0
opthelp:L226,dat_file,opthelp,226,,,4,help,Setting number_pad (to a positive value) affects how all,0
opthelp:L227,dat_file,opthelp,227,,,4,help,"digit keys are handled, not just those on numeric keypad.",0
opthelp:L228,dat_file,opthelp,228,,,4,help,"packorder     a list of default symbols for kinds of       ["")[%?+!=/(*`0_]",0
opthelp:L229,dat_file,opthelp,229,,,4,help,objects that gives the order in which your inventory (and,0
opthelp:L230,dat_file,opthelp,230,,,4,help,some other things) gets shown if the 'sortpack' option is on,0
opthelp:L231,dat_file,opthelp,231,,,4,help,"(If you specify only some kinds of items, the others from the",0
opthelp:L232,dat_file,opthelp,232,,,4,help,default order will be appended to the end.),0
opthelp:L233,dat_file,opthelp,233,,,4,help,paranoid_confirmation  space separated list    [paranoid_confirm:pray swim],0
opthelp:L234,dat_file,opthelp,234,,,4,help,of situations where alternate prompting is desired,0
opthelp:L235,dat_file,opthelp,235,,,4,help,"Confirm -- when requiring ""yes"", also require ""no"" to reject;",0
opthelp:L236,dat_file,opthelp,236,,,4,help,"also requires yes rather than y for pray, trap, Autoall",0
opthelp:L237,dat_file,opthelp,237,,,4,help,quit    -- yes vs y to confirm quitting or to enter explore mode,0
opthelp:L239,dat_file,opthelp,239,,,4,help,bones   -- yes vs y to confirm saving bones data in debug mode,0
opthelp:L240,dat_file,opthelp,240,,,4,help,attack  -- yes vs y to confirm attacking a peaceful monster,0
opthelp:L243,dat_file,opthelp,243,,,4,help,Were-change -- yes vs y to confirm changing form due to,0
opthelp:L244,dat_file,opthelp,244,,,4,help,lycanthropy when hero has polymorph control;,0
opthelp:L245,dat_file,opthelp,245,,,4,help,pray    -- y to confirm an attempt to pray; on by default,0
opthelp:L246,dat_file,opthelp,246,,,4,help,trap    -- y to enter a known trap unless it is harmless;,0
opthelp:L247,dat_file,opthelp,247,,,4,help,swim    -- require m prefix to move into water or lava when,0
opthelp:L248,dat_file,opthelp,248,,,4,help,hero has seen it and isn't impaired; on by default;,0
opthelp:L249,dat_file,opthelp,249,,,4,help,AutoAll -- y to confirm if using menustyle:Full and choice 'A',0
opthelp:L251,dat_file,opthelp,251,,,4,help,Remove  -- always pick from inventory for 'R' and 'T' even when,0
opthelp:L252,dat_file,opthelp,252,,,4,help,wearing just one applicable item to remove or take off,0
opthelp:L253,dat_file,opthelp,253,,,4,help,perminv_mode  if the interface supports a persistent inventory window   [a],0
opthelp:L254,dat_file,opthelp,254,,,4,help,"and the perm_invent option is true, this controls what",0
opthelp:L255,dat_file,opthelp,255,,,4,help,will be shown:,0
opthelp:L256,dat_file,opthelp,256,,,4,help,none/off -- behave as if perm_invent is false,0
opthelp:L258,dat_file,opthelp,258,,,4,help,full     -- show inventory including gold,0
opthelp:L259,dat_file,opthelp,259,,,4,help,in-use   -- only show worn and wielded items,0
opthelp:L260,dat_file,opthelp,260,,,4,help,(the tty interface's optional perm_invent support includes,0
opthelp:L261,dat_file,opthelp,261,,,4,help,a couple of additional choices that vary all and full),0
opthelp:L262,dat_file,opthelp,262,,,4,help,pickup_burden when you pick up an item that exceeds this encumbrance    [S],0
opthelp:L264,dat_file,opthelp,264,,,4,help,"or overLoaded), you will be asked if you want to continue.",0
opthelp:L265,dat_file,opthelp,265,,,4,help,pickup_types  a list of default symbols for kinds of objects to          [],0
opthelp:L266,dat_file,opthelp,266,,,4,help,"autopickup when that option is on; empty list means ""all""",0
opthelp:L267,dat_file,opthelp,267,,,4,help,"pile_limit    for feedback when walking across floor objects,           [5]",0
opthelp:L268,dat_file,opthelp,268,,,4,help,"threshold at which ""there are objects here"" is displayed",0
opthelp:L270,dat_file,opthelp,270,,,4,help,runmode       controls how often the map window is updated for        [run],0
opthelp:L271,dat_file,opthelp,271,,,4,help,multi-step movement (various running modes or travel command):,0
opthelp:L272,dat_file,opthelp,272,,,4,help,teleport -- don't update map until movement stops;,0
opthelp:L273,dat_file,opthelp,273,,,4,help,run      -- periodically update map (interval is seven steps);,0
opthelp:L274,dat_file,opthelp,274,,,4,help,walk     -- update map after every step;,0
opthelp:L275,dat_file,opthelp,275,,,4,help,"crawl    -- like walk, but delay after making each step.",0
opthelp:L276,dat_file,opthelp,276,,,4,help,"(This only affects screen display, not actual movement.)",0
opthelp:L277,dat_file,opthelp,277,,,4,help,scores        the parts of the score list you wish    [!own/3 top/2 around],0
opthelp:L278,dat_file,opthelp,278,,,4,help,to see when the game ends.  You choose a combination of,0
opthelp:L279,dat_file,opthelp,279,,,4,help,"top scores, scores around the top scores, and all of your",0
opthelp:L280,dat_file,opthelp,280,,,4,help,own scores.,0
opthelp:L281,dat_file,opthelp,281,,,4,help,sortdiscoveries preferred order when viewing list of discovered objects [o],0
opthelp:L282,dat_file,opthelp,282,,,4,help,o -- in order of discovery within each class,0
opthelp:L283,dat_file,opthelp,283,,,4,help,"s -- sortloot's ""loot"" order",0
opthelp:L284,dat_file,opthelp,284,,,4,help,c -- alphabetized within each class,0
opthelp:L285,dat_file,opthelp,285,,,4,help,a -- alphabetized across all classes,0
opthelp:L286,dat_file,opthelp,286,,,4,help,sortloot      preferred order when examining a set of objects           [n],0
opthelp:L287,dat_file,opthelp,287,,,4,help,none -- no sorting,0
opthelp:L288,dat_file,opthelp,288,,,4,help,loot -- sort piles of objects on floor and in containers,0
opthelp:L289,dat_file,opthelp,289,,,4,help,full -- 'loot' plus objects in inventory,0
opthelp:L290,dat_file,opthelp,290,,,4,help,sortvanquished preferred order when viewing vanquished monsters list    [t],0
opthelp:L291,dat_file,opthelp,291,,,4,help,"t -- traditional, order by monster level",0
opthelp:L292,dat_file,opthelp,292,,,4,help,d -- order by monster difficulty rating,0
opthelp:L293,dat_file,opthelp,293,,,4,help,"a -- alphabetical, first any unique monsters then others",0
opthelp:L294,dat_file,opthelp,294,,,4,help,"c -- order by class, low to high level within each class",0
opthelp:L295,dat_file,opthelp,295,,,4,help,"n -- order by count, high to low",0
opthelp:L296,dat_file,opthelp,296,,,4,help,"z -- order by count, low to high",0
opthelp:L297,dat_file,opthelp,297,,,4,help,statushilites whether to display status highlights (when non-zero) and  [0],0
opthelp:L298,dat_file,opthelp,298,,,4,help,also how many turns to display temporary highlights (for,0
opthelp:L299,dat_file,opthelp,299,,,4,help,"'up', 'down', and 'changed' hilite_status rules)",0
opthelp:L300,dat_file,opthelp,300,,,4,help,statuslines   whether to use expanded (3) or condensed (2) status       [2],0
opthelp:L301,dat_file,opthelp,301,,,4,help,"(for tty and curses; 2 is traditional, 3 is recommended;",0
opthelp:L302,dat_file,opthelp,302,,,4,help,"also for Qt, where 3 is traditional and 2 is recommended)",0
opthelp:L303,dat_file,opthelp,303,,,4,help,suppress_alert disable various version-specific warnings about changes   [],0
opthelp:L305,dat_file,opthelp,305,,,4,help,for the 'Q' command that quitting is now done via #quit,0
opthelp:L306,dat_file,opthelp,306,,,4,help,"(e.g., use suppress_alert:3.3.1 to stop that and any other",0
opthelp:L307,dat_file,opthelp,307,,,4,help,notifications added in that version or earlier),0
opthelp:L308,dat_file,opthelp,308,,,4,help,versinfo      selects what information is displayed when showvers  [1 or 4],0
opthelp:L310,dat_file,opthelp,310,,,4,help,whatis_coord  controls whether to include map coordinates when          [n],0
opthelp:L311,dat_file,opthelp,311,,,4,help,autodescribe is active for the '/' and ';' commands.,0
opthelp:L312,dat_file,opthelp,312,,,4,help,Value is the first letter of one of,0
opthelp:L317,dat_file,opthelp,317,,,4,help,none         -- no coordinates shown.,0
opthelp:L318,dat_file,opthelp,318,,,4,help,whatis_filter controls how to filter eligible map coordinates when      [n],0
opthelp:L319,dat_file,opthelp,319,,,4,help,getting a map location for eg. the travel command.,0
opthelp:L320,dat_file,opthelp,320,,,4,help,Value is the one of,0
opthelp:L325,dat_file,opthelp,325,,,4,help,Compound options which may be set only on startup are:,0
opthelp:L327,dat_file,opthelp,327,,,4,help,"align      Your starting alignment (lawful, neutral, chaotic,      [random]",0
opthelp:L328,dat_file,opthelp,328,,,4,help,or random).  Many roles restrict the choice to a subset.,0
opthelp:L329,dat_file,opthelp,329,,,4,help,You may specify just the first letter.,0
opthelp:L330,dat_file,opthelp,330,,,4,help,catname    name of your starting pet if it is a kitten               [none],0
opthelp:L331,dat_file,opthelp,331,,,4,help,dogname    name of your starting pet if it is a little dog           [none],0
opthelp:L332,dat_file,opthelp,332,,,4,help,Several roles who start with a dog have one whose name is,0
opthelp:L333,dat_file,opthelp,333,,,4,help,"pre-set (for example, ""Hachi"" for Samurai), but that name",0
opthelp:L334,dat_file,opthelp,334,,,4,help,will be overridden if you specify dogname.,0
opthelp:L335,dat_file,opthelp,335,,,4,help,"gender     Your starting gender (male, female, or random).         [random]",0
opthelp:L336,dat_file,opthelp,336,,,4,help,You may specify just the first letter.  Although you can,0
opthelp:L337,dat_file,opthelp,337,,,4,help,"still denote your gender using the old ""male"" and ""female""",0
opthelp:L338,dat_file,opthelp,338,,,4,help,"boolean options, the ""gender"" option will take precedence.",0
opthelp:L339,dat_file,opthelp,339,,,4,help,horsename  name of your starting pet if it is a pony                 [none],0
opthelp:L340,dat_file,opthelp,340,,,4,help,menu_*     specify single character accelerators for menu commands.,0
opthelp:L341,dat_file,opthelp,341,,,4,help,Here is a list of all commands with their default keystroke,0
opthelp:L342,dat_file,opthelp,342,,,4,help,followed by a list of window-ports that implement them:,0
opthelp:L343,dat_file,opthelp,343,,,4,help,"(t is tty, c is curses, w is Windows GUI, x is X11, q is Qt)",0
opthelp:L344,dat_file,opthelp,344,,,4,help,menu_first_page    jump to the first page in a menu     [^](tcwxq),0
opthelp:L345,dat_file,opthelp,345,,,4,help,menu_last_page     jump to the last page in a menu      [|](tcwxq),0
opthelp:L346,dat_file,opthelp,346,,,4,help,menu_next_page     advance to the next menu page        [>](tcwxq),0
opthelp:L347,dat_file,opthelp,347,,,4,help,menu_previous_page back up to the previous menu page    [<](tcwxq),0
opthelp:L350,dat_file,opthelp,350,,,4,help,menu_select_all    select all items in a menu           [.](tcwxq),0
opthelp:L351,dat_file,opthelp,351,,,4,help,"menu_select_page   select all items on this menu page   [,](tcwq)",0
opthelp:L352,dat_file,opthelp,352,,,4,help,menu_deselect_all  deselect all items in a menu         [-](tcwxq),0
opthelp:L353,dat_file,opthelp,353,,,4,help,menu_deselect_page deselect all items on this menu page [\](tcwq),0
opthelp:L354,dat_file,opthelp,354,,,4,help,menu_invert_all    invert all items in a menu           [@](tcwxq),0
opthelp:L355,dat_file,opthelp,355,,,4,help,menu_invert_page   invert all items on this menu page   [~](tcwq),0
opthelp:L356,dat_file,opthelp,356,,,4,help,menu_search        prompt for target text and invert    [:](tcwxq),0
opthelp:L357,dat_file,opthelp,357,,,4,help,items which match that,0
opthelp:L358,dat_file,opthelp,358,,,4,help,msghistory number of top line messages to save                         [20],0
opthelp:L359,dat_file,opthelp,359,,,4,help,name       the name of your character      [defaults to username on multi-,0
opthelp:L360,dat_file,opthelp,360,,,4,help,"user systems, asks ""who are you?"" on single-user systems or if",0
opthelp:L361,dat_file,opthelp,361,,,4,help,"the username is classified as generic like ""games""]",0
opthelp:L362,dat_file,opthelp,362,,,4,help,MS Windows is treated as single-user even though it supports,0
opthelp:L363,dat_file,opthelp,363,,,4,help,usernames.  If character name is specified on the command,0
opthelp:L364,dat_file,opthelp,364,,,4,help,line (typically via 'nethack -u myname' depending upon type,0
opthelp:L365,dat_file,opthelp,365,,,4,help,"of system and method of access to it), that name overrides",0
opthelp:L366,dat_file,opthelp,366,,,4,help,'name' from your options.,0
opthelp:L367,dat_file,opthelp,367,,,4,help,"pettype    your preferred type of pet (cat, dog, horse, random,    [random]",0
opthelp:L368,dat_file,opthelp,368,,,4,help,"or none), if your role allows more than one type (or if you",0
opthelp:L369,dat_file,opthelp,369,,,4,help,want to avoid a starting pet).  Most roles allow dog or cat,0
opthelp:L370,dat_file,opthelp,370,,,4,help,"but not horse.  For roles which force a particular type,",0
opthelp:L371,dat_file,opthelp,371,,,4,help,pettype is ignored unless it specifies 'none'.,0
opthelp:L372,dat_file,opthelp,372,,,4,help,playmode   normal play or non-scoring explore mode or debug mode   [normal],0
opthelp:L373,dat_file,opthelp,373,,,4,help,"race       Your starting race (e.g., race:Human, race:Elf).        [random]",0
opthelp:L374,dat_file,opthelp,374,,,4,help,Most roles restrict race choice to a subset.,0
opthelp:L375,dat_file,opthelp,375,,,4,help,"role       Your starting role (e.g., role:Barbarian, role:Valk).   [random]",0
opthelp:L376,dat_file,opthelp,376,,,4,help,"Although you can specify just the first letter(s), it will",0
opthelp:L377,dat_file,opthelp,377,,,4,help,"choose only the first role it finds that matches; thus, it",0
opthelp:L378,dat_file,opthelp,378,,,4,help,is recommended that you spell out as much of the role name,0
opthelp:L379,dat_file,opthelp,379,,,4,help,as possible.  You can also still denote your role by,0
opthelp:L380,dat_file,opthelp,380,,,4,help,"appending it to the ""name"" option (e.g., name:Vic-V), but",0
opthelp:L381,dat_file,opthelp,381,,,4,help,"the ""role"" option will take precedence.",0
opthelp:L382,dat_file,opthelp,382,,,4,help,windowtype windowing system to be used    [depends on operating system and,0
opthelp:L383,dat_file,opthelp,383,,,4,help,compile-time setup]    if more than one choice is available.,0
opthelp:L384,dat_file,opthelp,384,,,4,help,Some instances of the program support only one window-type;,0
opthelp:L385,dat_file,opthelp,385,,,4,help,"when that is the case, you don't need to specify anything.",0
opthelp:L386,dat_file,opthelp,386,,,4,help,The list of supported window-types in your program can be,0
opthelp:L387,dat_file,opthelp,387,,,4,help,seen while the program is running by using the #version,0
opthelp:L388,dat_file,opthelp,388,,,4,help,command or from outside the program by examining the text file,0
opthelp:L391,dat_file,opthelp,391,,,4,help,Some sample options lists are:,0
opthelp:L392,dat_file,opthelp,392,,,4,help,"!autopickup,!tombstone,name:Gandalf,scores:own/3 top/2 around",0
opthelp:L393,dat_file,opthelp,393,,,4,help,"female,nonews,dogname:Rover,rest_on_space,!verbose,menustyle:traditional",0
optmenu:L1,dat_file,optmenu,1,,,4,help,How dynamically setting options works:,0
optmenu:L3,dat_file,optmenu,3,,,4,help,The simple options menu shows a relatively small subset of options,0
optmenu:L4,dat_file,optmenu,4,,,4,help,"and operates on each choice you make immediately, then is put back",0
optmenu:L5,dat_file,optmenu,5,,,4,help,up to allow further changes.,0
optmenu:L7,dat_file,optmenu,7,,,4,help,The full options menu shows the current value for all options and,0
optmenu:L8,dat_file,optmenu,8,,,4,help,lets you pick ones that you'd like to change.  Picking them doesn't,0
optmenu:L9,dat_file,optmenu,9,,,4,help,make any changes though.  That will take place once you close the,0
optmenu:L10,dat_file,optmenu,10,,,4,help,"menu.  For most of NetHack's interfaces, closing the menu is done",0
optmenu:L11,dat_file,optmenu,11,,,4,help,by pressing the <enter> key or <return> key; others might require,0
optmenu:L12,dat_file,optmenu,12,,,4,help,clicking on [ok].  Pressing the <escape> key or clicking on [cancel],0
optmenu:L13,dat_file,optmenu,13,,,4,help,will close the menu and discard any pending changes.,0
optmenu:L15,dat_file,optmenu,15,,,4,help,The options menu is too long to fit on one screen.  Some interfaces,0
optmenu:L16,dat_file,optmenu,16,,,4,help,paginate menus; use the '>' key to advance a page or '<' to back,0
optmenu:L17,dat_file,optmenu,17,,,4,help,up.  They typically re-use selection letters (a-z) on each page.,0
optmenu:L18,dat_file,optmenu,18,,,4,help,Others use one long page and you need to use a scrollbar; once past,0
optmenu:L19,dat_file,optmenu,19,,,4,help,a-z and A-Z they'll have entries without selection letters.  Those,0
optmenu:L22,dat_file,optmenu,22,,,4,help,"For toggling boolean (True/False or On/Off) options, selecting them",0
optmenu:L23,dat_file,optmenu,23,,,4,help,"is all that is needed.  For compound options (which take a number,",0
optmenu:L24,dat_file,optmenu,24,,,4,help,"a choice of several particular values, or something more complex,",0
optmenu:L26,dat_file,optmenu,26,,,4,help,be prompted to supply a new value.,0
optmenu:L28,dat_file,optmenu,28,,,4,help,At the start of each of the two sections are the values of some,0
optmenu:L29,dat_file,optmenu,29,,,4,help,unselectable options which can only be set before the game starts.,0
optmenu:L30,dat_file,optmenu,30,,,4,help,"After the compound section are some ""other"" options which take a set",0
optmenu:L31,dat_file,optmenu,31,,,4,help,of multiple values and tend to be more complicated to deal with.,0
optmenu:L33,dat_file,optmenu,33,,,4,help,Some changes will only last until you save (or quit) the current,0
optmenu:L34,dat_file,optmenu,34,,,4,help,game.  Usually those are for things that might not be appropriate,0
optmenu:L35,dat_file,optmenu,35,,,4,help,if you were to restore the saved game on another computer with,0
optmenu:L36,dat_file,optmenu,36,,,4,help,different capabilities.  Other options will be included in this,0
optmenu:L37,dat_file,optmenu,37,,,4,help,game's save file and retain their settings after restore.  None set,0
optmenu:L39,dat_file,optmenu,39,,,4,help,"new ones.  For that, you need to update your run-time configuration",0
optmenu:L40,dat_file,optmenu,40,,,4,help,"file and specify the desired options settings there.  Even then,",0
optmenu:L41,dat_file,optmenu,41,,,4,help,restoring existing games that contain saved option values will use,0
optmenu:L42,dat_file,optmenu,42,,,4,help,those saved ones.,0
